version,1.3.0
info,team,South Africa
info,team,Sri Lanka
info,gender,male
info,season,2017
info,date,2017/06/03
info,competition,ICC Champions Trophy
info,match_number,3
info,venue,Kennington Oval
info,city,London
info,neutralvenue,true
info,toss_winner,Sri Lanka
info,toss_decision,field
info,player_of_match,Imran Tahir
info,umpire,Aleem Dar
info,umpire,IJ Gould
info,reserve_umpire,BNJ Oxenford
info,tv_umpire,PR Reiffel
info,match_referee,DC Boon
info,winner,South Africa
info,winner_runs,96
ball,1,0.1,South Africa,HM Amla,Q de Kock,SL Malinga,0,0,"",""
ball,1,0.2,South Africa,HM Amla,Q de Kock,SL Malinga,1,0,"",""
ball,1,0.3,South Africa,Q de Kock,HM Amla,SL Malinga,0,1,"",""
ball,1,0.4,South Africa,Q de Kock,HM Amla,SL Malinga,0,0,"",""
ball,1,0.5,South Africa,Q de Kock,HM Amla,SL Malinga,0,0,"",""
ball,1,0.6,South Africa,Q de Kock,HM Amla,SL Malinga,0,1,"",""
ball,1,0.7,South Africa,Q de Kock,HM Amla,SL Malinga,0,0,"",""
ball,1,0.8,South Africa,Q de Kock,HM Amla,SL Malinga,0,0,"",""
ball,1,1.1,South Africa,HM Amla,Q de Kock,RAS Lakmal,0,0,"",""
ball,1,1.2,South Africa,HM Amla,Q de Kock,RAS Lakmal,3,0,"",""
ball,1,1.3,South Africa,Q de Kock,HM Amla,RAS Lakmal,0,0,"",""
ball,1,1.4,South Africa,Q de Kock,HM Amla,RAS Lakmal,0,0,"",""
ball,1,1.5,South Africa,Q de Kock,HM Amla,RAS Lakmal,0,0,"",""
ball,1,1.6,South Africa,Q de Kock,HM Amla,RAS Lakmal,0,0,"",""
ball,1,2.1,South Africa,HM Amla,Q de Kock,SL Malinga,0,0,"",""
ball,1,2.2,South Africa,HM Amla,Q de Kock,SL Malinga,1,0,"",""
ball,1,2.3,South Africa,Q de Kock,HM Amla,SL Malinga,1,0,"",""
ball,1,2.4,South Africa,HM Amla,Q de Kock,SL Malinga,1,0,"",""
ball,1,2.5,South Africa,Q de Kock,HM Amla,SL Malinga,1,0,"",""
ball,1,2.6,South Africa,HM Amla,Q de Kock,SL Malinga,0,0,"",""
ball,1,3.1,South Africa,Q de Kock,HM Amla,RAS Lakmal,0,0,"",""
ball,1,3.2,South Africa,Q de Kock,HM Amla,RAS Lakmal,0,0,"",""
ball,1,3.3,South Africa,Q de Kock,HM Amla,RAS Lakmal,0,0,"",""
ball,1,3.4,South Africa,Q de Kock,HM Amla,RAS Lakmal,0,0,"",""
ball,1,3.5,South Africa,Q de Kock,HM Amla,RAS Lakmal,1,0,"",""
ball,1,3.6,South Africa,HM Amla,Q de Kock,RAS Lakmal,0,0,"",""
ball,1,4.1,South Africa,Q de Kock,HM Amla,SL Malinga,0,0,"",""
ball,1,4.2,South Africa,Q de Kock,HM Amla,SL Malinga,0,0,"",""
ball,1,4.3,South Africa,Q de Kock,HM Amla,SL Malinga,0,0,"",""
ball,1,4.4,South Africa,Q de Kock,HM Amla,SL Malinga,0,0,"",""
ball,1,4.5,South Africa,Q de Kock,HM Amla,SL Malinga,1,0,"",""
ball,1,4.6,South Africa,HM Amla,Q de Kock,SL Malinga,0,0,"",""
ball,1,5.1,South Africa,Q de Kock,HM Amla,RAS Lakmal,1,0,"",""
ball,1,5.2,South Africa,HM Amla,Q de Kock,RAS Lakmal,2,0,"",""
ball,1,5.3,South Africa,HM Amla,Q de Kock,RAS Lakmal,1,0,"",""
ball,1,5.4,South Africa,Q de Kock,HM Amla,RAS Lakmal,0,0,"",""
ball,1,5.5,South Africa,Q de Kock,HM Amla,RAS Lakmal,0,1,"",""
ball,1,5.6,South Africa,Q de Kock,HM Amla,RAS Lakmal,1,0,"",""
ball,1,5.7,South Africa,HM Amla,Q de Kock,RAS Lakmal,0,0,"",""
ball,1,6.1,South Africa,Q de Kock,HM Amla,SL Malinga,4,0,"",""
ball,1,6.2,South Africa,Q de Kock,HM Amla,SL Malinga,0,0,"",""
ball,1,6.3,South Africa,Q de Kock,HM Amla,SL Malinga,0,0,"",""
ball,1,6.4,South Africa,Q de Kock,HM Amla,SL Malinga,1,0,"",""
ball,1,6.5,South Africa,HM Amla,Q de Kock,SL Malinga,1,0,"",""
ball,1,6.6,South Africa,Q de Kock,HM Amla,SL Malinga,0,0,"",""
ball,1,7.1,South Africa,HM Amla,Q de Kock,RAS Lakmal,0,0,"",""
ball,1,7.2,South Africa,HM Amla,Q de Kock,RAS Lakmal,0,0,"",""
ball,1,7.3,South Africa,HM Amla,Q de Kock,RAS Lakmal,1,0,"",""
ball,1,7.4,South Africa,Q de Kock,HM Amla,RAS Lakmal,1,0,"",""
ball,1,7.5,South Africa,HM Amla,Q de Kock,RAS Lakmal,0,0,"",""
ball,1,7.6,South Africa,HM Amla,Q de Kock,RAS Lakmal,1,0,"",""
ball,1,8.1,South Africa,HM Amla,Q de Kock,N Pradeep,0,0,"",""
ball,1,8.2,South Africa,HM Amla,Q de Kock,N Pradeep,0,0,"",""
ball,1,8.3,South Africa,HM Amla,Q de Kock,N Pradeep,0,0,"",""
ball,1,8.4,South Africa,HM Amla,Q de Kock,N Pradeep,1,0,"",""
ball,1,8.5,South Africa,Q de Kock,HM Amla,N Pradeep,0,0,"",""
ball,1,8.6,South Africa,Q de Kock,HM Amla,N Pradeep,0,0,"",""
ball,1,9.1,South Africa,HM Amla,Q de Kock,RAS Lakmal,0,0,"",""
ball,1,9.2,South Africa,HM Amla,Q de Kock,RAS Lakmal,0,0,"",""
ball,1,9.3,South Africa,HM Amla,Q de Kock,RAS Lakmal,0,0,"",""
ball,1,9.4,South Africa,HM Amla,Q de Kock,RAS Lakmal,0,0,"",""
ball,1,9.5,South Africa,HM Amla,Q de Kock,RAS Lakmal,4,0,"",""
ball,1,9.6,South Africa,HM Amla,Q de Kock,RAS Lakmal,0,0,"",""
ball,1,10.1,South Africa,Q de Kock,HM Amla,N Pradeep,0,0,"",""
ball,1,10.2,South Africa,Q de Kock,HM Amla,N Pradeep,0,0,"",""
ball,1,10.3,South Africa,Q de Kock,HM Amla,N Pradeep,2,0,"",""
ball,1,10.4,South Africa,Q de Kock,HM Amla,N Pradeep,4,0,"",""
ball,1,10.5,South Africa,Q de Kock,HM Amla,N Pradeep,0,0,"",""
ball,1,10.6,South Africa,Q de Kock,HM Amla,N Pradeep,1,0,"",""
ball,1,11.1,South Africa,Q de Kock,HM Amla,DAS Gunaratne,0,0,"",""
ball,1,11.2,South Africa,Q de Kock,HM Amla,DAS Gunaratne,2,0,"",""
ball,1,11.3,South Africa,Q de Kock,HM Amla,DAS Gunaratne,1,0,"",""
ball,1,11.4,South Africa,HM Amla,Q de Kock,DAS Gunaratne,0,0,"",""
ball,1,11.5,South Africa,HM Amla,Q de Kock,DAS Gunaratne,1,0,"",""
ball,1,11.6,South Africa,Q de Kock,HM Amla,DAS Gunaratne,1,0,"",""
ball,1,12.1,South Africa,Q de Kock,HM Amla,N Pradeep,0,0,caught,Q de Kock
ball,1,12.2,South Africa,F du Plessis,HM Amla,N Pradeep,0,0,"",""
ball,1,12.3,South Africa,F du Plessis,HM Amla,N Pradeep,0,0,"",""
ball,1,12.4,South Africa,F du Plessis,HM Amla,N Pradeep,0,0,"",""
ball,1,12.5,South Africa,F du Plessis,HM Amla,N Pradeep,0,0,"",""
ball,1,12.6,South Africa,F du Plessis,HM Amla,N Pradeep,1,0,"",""
ball,1,13.1,South Africa,F du Plessis,HM Amla,S Prasanna,0,0,"",""
ball,1,13.2,South Africa,F du Plessis,HM Amla,S Prasanna,0,1,"",""
ball,1,13.3,South Africa,F du Plessis,HM Amla,S Prasanna,1,0,"",""
ball,1,13.4,South Africa,HM Amla,F du Plessis,S Prasanna,0,0,"",""
ball,1,13.5,South Africa,HM Amla,F du Plessis,S Prasanna,0,0,"",""
ball,1,13.6,South Africa,HM Amla,F du Plessis,S Prasanna,4,0,"",""
ball,1,13.7,South Africa,HM Amla,F du Plessis,S Prasanna,0,0,"",""
ball,1,14.1,South Africa,F du Plessis,HM Amla,N Pradeep,2,0,"",""
ball,1,14.2,South Africa,F du Plessis,HM Amla,N Pradeep,0,0,"",""
ball,1,14.3,South Africa,F du Plessis,HM Amla,N Pradeep,0,0,"",""
ball,1,14.4,South Africa,F du Plessis,HM Amla,N Pradeep,0,0,"",""
ball,1,14.5,South Africa,F du Plessis,HM Amla,N Pradeep,2,0,"",""
ball,1,14.6,South Africa,F du Plessis,HM Amla,N Pradeep,0,0,"",""
ball,1,15.1,South Africa,HM Amla,F du Plessis,S Prasanna,1,0,"",""
ball,1,15.2,South Africa,F du Plessis,HM Amla,S Prasanna,1,0,"",""
ball,1,15.3,South Africa,HM Amla,F du Plessis,S Prasanna,0,0,"",""
ball,1,15.4,South Africa,HM Amla,F du Plessis,S Prasanna,1,0,"",""
ball,1,15.5,South Africa,F du Plessis,HM Amla,S Prasanna,0,0,"",""
ball,1,15.6,South Africa,F du Plessis,HM Amla,S Prasanna,1,0,"",""
ball,1,16.1,South Africa,F du Plessis,HM Amla,N Pradeep,0,0,"",""
ball,1,16.2,South Africa,F du Plessis,HM Amla,N Pradeep,2,0,"",""
ball,1,16.3,South Africa,F du Plessis,HM Amla,N Pradeep,0,0,"",""
ball,1,16.4,South Africa,F du Plessis,HM Amla,N Pradeep,1,0,"",""
ball,1,16.5,South Africa,HM Amla,F du Plessis,N Pradeep,1,0,"",""
ball,1,16.6,South Africa,F du Plessis,HM Amla,N Pradeep,4,0,"",""
ball,1,17.1,South Africa,HM Amla,F du Plessis,S Prasanna,1,0,"",""
ball,1,17.2,South Africa,F du Plessis,HM Amla,S Prasanna,2,0,"",""
ball,1,17.3,South Africa,F du Plessis,HM Amla,S Prasanna,0,0,"",""
ball,1,17.4,South Africa,F du Plessis,HM Amla,S Prasanna,0,0,"",""
ball,1,17.5,South Africa,F du Plessis,HM Amla,S Prasanna,0,0,"",""
ball,1,17.6,South Africa,F du Plessis,HM Amla,S Prasanna,0,0,"",""
ball,1,18.1,South Africa,HM Amla,F du Plessis,DAS Gunaratne,2,0,"",""
ball,1,18.2,South Africa,HM Amla,F du Plessis,DAS Gunaratne,0,0,"",""
ball,1,18.3,South Africa,HM Amla,F du Plessis,DAS Gunaratne,1,0,"",""
ball,1,18.4,South Africa,F du Plessis,HM Amla,DAS Gunaratne,1,0,"",""
ball,1,18.5,South Africa,HM Amla,F du Plessis,DAS Gunaratne,6,0,"",""
ball,1,18.6,South Africa,HM Amla,F du Plessis,DAS Gunaratne,1,0,"",""
ball,1,19.1,South Africa,HM Amla,F du Plessis,S Prasanna,1,0,"",""
ball,1,19.2,South Africa,F du Plessis,HM Amla,S Prasanna,1,0,"",""
ball,1,19.3,South Africa,HM Amla,F du Plessis,S Prasanna,1,0,"",""
ball,1,19.4,South Africa,F du Plessis,HM Amla,S Prasanna,4,0,"",""
ball,1,19.5,South Africa,F du Plessis,HM Amla,S Prasanna,1,0,"",""
ball,1,19.6,South Africa,HM Amla,F du Plessis,S Prasanna,1,0,"",""
ball,1,20.1,South Africa,HM Amla,F du Plessis,DAS Gunaratne,1,0,"",""
ball,1,20.2,South Africa,F du Plessis,HM Amla,DAS Gunaratne,2,0,"",""
ball,1,20.3,South Africa,F du Plessis,HM Amla,DAS Gunaratne,1,0,"",""
ball,1,20.4,South Africa,HM Amla,F du Plessis,DAS Gunaratne,1,0,"",""
ball,1,20.5,South Africa,F du Plessis,HM Amla,DAS Gunaratne,1,0,"",""
ball,1,20.6,South Africa,HM Amla,F du Plessis,DAS Gunaratne,1,0,"",""
ball,1,21.1,South Africa,HM Amla,F du Plessis,S Prasanna,1,0,"",""
ball,1,21.2,South Africa,F du Plessis,HM Amla,S Prasanna,1,0,"",""
ball,1,21.3,South Africa,HM Amla,F du Plessis,S Prasanna,0,0,"",""
ball,1,21.4,South Africa,HM Amla,F du Plessis,S Prasanna,2,0,"",""
ball,1,21.5,South Africa,HM Amla,F du Plessis,S Prasanna,4,0,"",""
ball,1,21.6,South Africa,HM Amla,F du Plessis,S Prasanna,1,0,"",""
ball,1,22.1,South Africa,HM Amla,F du Plessis,SL Malinga,4,0,"",""
ball,1,22.2,South Africa,HM Amla,F du Plessis,SL Malinga,0,0,"",""
ball,1,22.3,South Africa,HM Amla,F du Plessis,SL Malinga,2,0,"",""
ball,1,22.4,South Africa,HM Amla,F du Plessis,SL Malinga,1,0,"",""
ball,1,22.5,South Africa,F du Plessis,HM Amla,SL Malinga,0,0,"",""
ball,1,22.6,South Africa,F du Plessis,HM Amla,SL Malinga,1,0,"",""
ball,1,23.1,South Africa,F du Plessis,HM Amla,S Prasanna,0,0,"",""
ball,1,23.2,South Africa,F du Plessis,HM Amla,S Prasanna,4,0,"",""
ball,1,23.3,South Africa,F du Plessis,HM Amla,S Prasanna,1,0,"",""
ball,1,23.4,South Africa,HM Amla,F du Plessis,S Prasanna,0,0,"",""
ball,1,23.5,South Africa,HM Amla,F du Plessis,S Prasanna,0,0,"",""
ball,1,23.6,South Africa,HM Amla,F du Plessis,S Prasanna,6,0,"",""
ball,1,24.1,South Africa,F du Plessis,HM Amla,SL Malinga,0,0,"",""
ball,1,24.2,South Africa,F du Plessis,HM Amla,SL Malinga,0,0,"",""
ball,1,24.3,South Africa,F du Plessis,HM Amla,SL Malinga,0,1,"",""
ball,1,24.4,South Africa,F du Plessis,HM Amla,SL Malinga,1,0,"",""
ball,1,24.5,South Africa,HM Amla,F du Plessis,SL Malinga,1,0,"",""
ball,1,24.6,South Africa,F du Plessis,HM Amla,SL Malinga,1,0,"",""
ball,1,24.7,South Africa,HM Amla,F du Plessis,SL Malinga,1,0,"",""
ball,1,25.1,South Africa,HM Amla,F du Plessis,DAS Gunaratne,1,0,"",""
ball,1,25.2,South Africa,F du Plessis,HM Amla,DAS Gunaratne,0,0,"",""
ball,1,25.3,South Africa,F du Plessis,HM Amla,DAS Gunaratne,2,0,"",""
ball,1,25.4,South Africa,F du Plessis,HM Amla,DAS Gunaratne,1,0,"",""
ball,1,25.5,South Africa,HM Amla,F du Plessis,DAS Gunaratne,1,0,"",""
ball,1,25.6,South Africa,F du Plessis,HM Amla,DAS Gunaratne,1,0,"",""
ball,1,26.1,South Africa,F du Plessis,HM Amla,RAS Lakmal,4,0,"",""
ball,1,26.2,South Africa,F du Plessis,HM Amla,RAS Lakmal,1,0,"",""
ball,1,26.3,South Africa,HM Amla,F du Plessis,RAS Lakmal,0,0,"",""
ball,1,26.4,South Africa,HM Amla,F du Plessis,RAS Lakmal,1,0,"",""
ball,1,26.5,South Africa,F du Plessis,HM Amla,RAS Lakmal,2,0,"",""
ball,1,26.6,South Africa,F du Plessis,HM Amla,RAS Lakmal,1,0,"",""
ball,1,27.1,South Africa,F du Plessis,HM Amla,DAS Gunaratne,1,0,"",""
ball,1,27.2,South Africa,HM Amla,F du Plessis,DAS Gunaratne,1,0,"",""
ball,1,27.3,South Africa,F du Plessis,HM Amla,DAS Gunaratne,1,0,"",""
ball,1,27.4,South Africa,HM Amla,F du Plessis,DAS Gunaratne,1,0,"",""
ball,1,27.5,South Africa,F du Plessis,HM Amla,DAS Gunaratne,1,0,"",""
ball,1,27.6,South Africa,HM Amla,F du Plessis,DAS Gunaratne,1,0,"",""
ball,1,28.1,South Africa,HM Amla,F du Plessis,RAS Lakmal,1,0,"",""
ball,1,28.2,South Africa,F du Plessis,HM Amla,RAS Lakmal,2,0,"",""
ball,1,28.3,South Africa,F du Plessis,HM Amla,RAS Lakmal,0,0,"",""
ball,1,28.4,South Africa,F du Plessis,HM Amla,RAS Lakmal,2,0,"",""
ball,1,28.5,South Africa,F du Plessis,HM Amla,RAS Lakmal,1,0,"",""
ball,1,28.6,South Africa,HM Amla,F du Plessis,RAS Lakmal,0,0,"",""
ball,1,29.1,South Africa,F du Plessis,HM Amla,DAS Gunaratne,1,0,"",""
ball,1,29.2,South Africa,HM Amla,F du Plessis,DAS Gunaratne,2,0,"",""
ball,1,29.3,South Africa,HM Amla,F du Plessis,DAS Gunaratne,1,0,"",""
ball,1,29.4,South Africa,F du Plessis,HM Amla,DAS Gunaratne,1,0,"",""
ball,1,29.5,South Africa,HM Amla,F du Plessis,DAS Gunaratne,0,0,"",""
ball,1,29.6,South Africa,HM Amla,F du Plessis,DAS Gunaratne,1,0,"",""
ball,1,30.1,South Africa,HM Amla,F du Plessis,S Prasanna,0,0,"",""
ball,1,30.2,South Africa,HM Amla,F du Plessis,S Prasanna,1,0,"",""
ball,1,30.3,South Africa,F du Plessis,HM Amla,S Prasanna,4,0,"",""
ball,1,30.4,South Africa,F du Plessis,HM Amla,S Prasanna,2,0,"",""
ball,1,30.5,South Africa,F du Plessis,HM Amla,S Prasanna,1,0,"",""
ball,1,30.6,South Africa,HM Amla,F du Plessis,S Prasanna,0,0,"",""
ball,1,31.1,South Africa,F du Plessis,HM Amla,DAS Gunaratne,1,0,"",""
ball,1,31.2,South Africa,HM Amla,F du Plessis,DAS Gunaratne,0,0,"",""
ball,1,31.3,South Africa,HM Amla,F du Plessis,DAS Gunaratne,4,0,"",""
ball,1,31.4,South Africa,HM Amla,F du Plessis,DAS Gunaratne,1,0,"",""
ball,1,31.5,South Africa,F du Plessis,HM Amla,DAS Gunaratne,1,0,"",""
ball,1,31.6,South Africa,HM Amla,F du Plessis,DAS Gunaratne,1,0,"",""
ball,1,32.1,South Africa,HM Amla,F du Plessis,S Prasanna,1,0,"",""
ball,1,32.2,South Africa,F du Plessis,HM Amla,S Prasanna,1,0,"",""
ball,1,32.3,South Africa,HM Amla,F du Plessis,S Prasanna,0,0,"",""
ball,1,32.4,South Africa,HM Amla,F du Plessis,S Prasanna,0,0,"",""
ball,1,32.5,South Africa,HM Amla,F du Plessis,S Prasanna,1,0,"",""
ball,1,32.6,South Africa,F du Plessis,HM Amla,S Prasanna,1,0,"",""
ball,1,33.1,South Africa,F du Plessis,HM Amla,N Pradeep,1,0,"",""
ball,1,33.2,South Africa,HM Amla,F du Plessis,N Pradeep,1,0,"",""
ball,1,33.3,South Africa,F du Plessis,HM Amla,N Pradeep,4,0,"",""
ball,1,33.4,South Africa,F du Plessis,HM Amla,N Pradeep,0,0,caught,F du Plessis
ball,1,33.5,South Africa,AB de Villiers,HM Amla,N Pradeep,1,0,"",""
ball,1,33.6,South Africa,HM Amla,AB de Villiers,N Pradeep,0,0,"",""
ball,1,34.1,South Africa,AB de Villiers,HM Amla,S Prasanna,1,0,"",""
ball,1,34.2,South Africa,HM Amla,AB de Villiers,S Prasanna,1,0,"",""
ball,1,34.3,South Africa,AB de Villiers,HM Amla,S Prasanna,2,0,"",""
ball,1,34.4,South Africa,AB de Villiers,HM Amla,S Prasanna,0,0,caught,AB de Villiers
ball,1,34.5,South Africa,DA Miller,HM Amla,S Prasanna,4,0,"",""
ball,1,34.6,South Africa,DA Miller,HM Amla,S Prasanna,0,0,"",""
ball,1,35.1,South Africa,HM Amla,DA Miller,N Pradeep,1,0,"",""
ball,1,35.2,South Africa,DA Miller,HM Amla,N Pradeep,0,0,"",""
ball,1,35.3,South Africa,DA Miller,HM Amla,N Pradeep,0,0,"",""
ball,1,35.4,South Africa,DA Miller,HM Amla,N Pradeep,0,0,"",""
ball,1,35.5,South Africa,DA Miller,HM Amla,N Pradeep,1,0,"",""
ball,1,35.6,South Africa,HM Amla,DA Miller,N Pradeep,0,1,"",""
ball,1,35.7,South Africa,HM Amla,DA Miller,N Pradeep,1,0,"",""
ball,1,36.1,South Africa,HM Amla,DA Miller,S Prasanna,1,0,"",""
ball,1,36.2,South Africa,DA Miller,HM Amla,S Prasanna,1,0,"",""
ball,1,36.3,South Africa,HM Amla,DA Miller,S Prasanna,1,0,"",""
ball,1,36.4,South Africa,DA Miller,HM Amla,S Prasanna,6,0,"",""
ball,1,36.5,South Africa,DA Miller,HM Amla,S Prasanna,0,0,"",""
ball,1,36.6,South Africa,DA Miller,HM Amla,S Prasanna,1,0,"",""
ball,1,37.1,South Africa,DA Miller,HM Amla,N Pradeep,0,0,"",""
ball,1,37.2,South Africa,DA Miller,HM Amla,N Pradeep,1,0,"",""
ball,1,37.3,South Africa,HM Amla,DA Miller,N Pradeep,0,0,"",""
ball,1,37.4,South Africa,HM Amla,DA Miller,N Pradeep,1,0,"",""
ball,1,37.5,South Africa,DA Miller,HM Amla,N Pradeep,0,0,"",""
ball,1,37.6,South Africa,DA Miller,HM Amla,N Pradeep,0,0,"",""
ball,1,38.1,South Africa,HM Amla,DA Miller,DAS Gunaratne,1,0,"",""
ball,1,38.2,South Africa,DA Miller,HM Amla,DAS Gunaratne,1,0,"",""
ball,1,38.3,South Africa,HM Amla,DA Miller,DAS Gunaratne,1,0,"",""
ball,1,38.4,South Africa,DA Miller,HM Amla,DAS Gunaratne,1,0,"",""
ball,1,38.5,South Africa,HM Amla,DA Miller,DAS Gunaratne,0,0,"",""
ball,1,38.6,South Africa,HM Amla,DA Miller,DAS Gunaratne,1,0,"",""
ball,1,39.1,South Africa,HM Amla,DA Miller,SL Malinga,0,0,"",""
ball,1,39.2,South Africa,HM Amla,DA Miller,SL Malinga,1,0,"",""
ball,1,39.3,South Africa,DA Miller,HM Amla,SL Malinga,0,0,"",""
ball,1,39.4,South Africa,DA Miller,HM Amla,SL Malinga,1,0,"",""
ball,1,39.5,South Africa,HM Amla,DA Miller,SL Malinga,0,0,"",""
ball,1,39.6,South Africa,HM Amla,DA Miller,SL Malinga,0,0,"",""
ball,1,40.1,South Africa,DA Miller,HM Amla,DAS Gunaratne,0,0,"",""
ball,1,40.2,South Africa,DA Miller,HM Amla,DAS Gunaratne,1,0,"",""
ball,1,40.3,South Africa,HM Amla,DA Miller,DAS Gunaratne,0,0,"",""
ball,1,40.4,South Africa,HM Amla,DA Miller,DAS Gunaratne,2,0,"",""
ball,1,40.5,South Africa,HM Amla,DA Miller,DAS Gunaratne,1,0,"",""
ball,1,40.6,South Africa,DA Miller,HM Amla,DAS Gunaratne,0,0,"",""
ball,1,41.1,South Africa,HM Amla,DA Miller,RAS Lakmal,0,0,"",""
ball,1,41.2,South Africa,HM Amla,DA Miller,RAS Lakmal,0,0,"",""
ball,1,41.3,South Africa,HM Amla,DA Miller,RAS Lakmal,1,0,"",""
ball,1,41.4,South Africa,DA Miller,HM Amla,RAS Lakmal,0,0,caught,DA Miller
ball,1,41.5,South Africa,HM Amla,JP Duminy,RAS Lakmal,2,0,"",""
ball,1,41.6,South Africa,HM Amla,JP Duminy,RAS Lakmal,0,0,"",""
ball,1,42.1,South Africa,JP Duminy,HM Amla,DAS Gunaratne,2,0,"",""
ball,1,42.2,South Africa,JP Duminy,HM Amla,DAS Gunaratne,1,0,"",""
ball,1,42.3,South Africa,HM Amla,JP Duminy,DAS Gunaratne,1,0,run out,HM Amla
ball,1,42.4,South Africa,CH Morris,JP Duminy,DAS Gunaratne,0,0,"",""
ball,1,42.5,South Africa,CH Morris,JP Duminy,DAS Gunaratne,0,1,"",""
ball,1,42.6,South Africa,CH Morris,JP Duminy,DAS Gunaratne,0,0,"",""
ball,1,42.7,South Africa,CH Morris,JP Duminy,DAS Gunaratne,1,0,"",""
ball,1,43.1,South Africa,CH Morris,JP Duminy,RAS Lakmal,4,0,"",""
ball,1,43.2,South Africa,CH Morris,JP Duminy,RAS Lakmal,0,0,"",""
ball,1,43.3,South Africa,CH Morris,JP Duminy,RAS Lakmal,0,0,"",""
ball,1,43.4,South Africa,CH Morris,JP Duminy,RAS Lakmal,1,0,"",""
ball,1,43.5,South Africa,JP Duminy,CH Morris,RAS Lakmal,1,0,"",""
ball,1,43.6,South Africa,CH Morris,JP Duminy,RAS Lakmal,4,0,"",""
ball,1,44.1,South Africa,JP Duminy,CH Morris,SL Malinga,1,0,"",""
ball,1,44.2,South Africa,CH Morris,JP Duminy,SL Malinga,0,0,"",""
ball,1,44.3,South Africa,CH Morris,JP Duminy,SL Malinga,4,0,"",""
ball,1,44.4,South Africa,CH Morris,JP Duminy,SL Malinga,1,0,"",""
ball,1,44.5,South Africa,JP Duminy,CH Morris,SL Malinga,4,0,"",""
ball,1,44.6,South Africa,JP Duminy,CH Morris,SL Malinga,1,0,"",""
ball,1,45.1,South Africa,JP Duminy,CH Morris,RAS Lakmal,4,0,"",""
ball,1,45.2,South Africa,JP Duminy,CH Morris,RAS Lakmal,1,0,"",""
ball,1,45.3,South Africa,CH Morris,JP Duminy,RAS Lakmal,0,0,"",""
ball,1,45.4,South Africa,CH Morris,JP Duminy,RAS Lakmal,0,1,"",""
ball,1,45.5,South Africa,JP Duminy,CH Morris,RAS Lakmal,0,0,"",""
ball,1,45.6,South Africa,JP Duminy,CH Morris,RAS Lakmal,0,1,"",""
ball,1,45.7,South Africa,JP Duminy,CH Morris,RAS Lakmal,0,0,"",""
ball,1,46.1,South Africa,CH Morris,JP Duminy,SL Malinga,0,1,"",""
ball,1,46.2,South Africa,CH Morris,JP Duminy,SL Malinga,1,0,"",""
ball,1,46.3,South Africa,JP Duminy,CH Morris,SL Malinga,1,0,"",""
ball,1,46.4,South Africa,CH Morris,JP Duminy,SL Malinga,0,1,"",""
ball,1,46.5,South Africa,CH Morris,JP Duminy,SL Malinga,1,0,"",""
ball,1,46.6,South Africa,JP Duminy,CH Morris,SL Malinga,1,0,"",""
ball,1,46.7,South Africa,CH Morris,JP Duminy,SL Malinga,1,0,"",""
ball,1,46.8,South Africa,JP Duminy,CH Morris,SL Malinga,4,0,"",""
ball,1,47.1,South Africa,CH Morris,JP Duminy,N Pradeep,1,0,"",""
ball,1,47.2,South Africa,JP Duminy,CH Morris,N Pradeep,1,0,"",""
ball,1,47.3,South Africa,CH Morris,JP Duminy,N Pradeep,1,0,"",""
ball,1,47.4,South Africa,JP Duminy,CH Morris,N Pradeep,1,0,"",""
ball,1,47.5,South Africa,CH Morris,JP Duminy,N Pradeep,0,0,run out,CH Morris
ball,1,47.6,South Africa,JP Duminy,WD Parnell,N Pradeep,4,0,"",""
ball,1,48.1,South Africa,WD Parnell,JP Duminy,SL Malinga,2,0,"",""
ball,1,48.2,South Africa,WD Parnell,JP Duminy,SL Malinga,0,0,"",""
ball,1,48.3,South Africa,WD Parnell,JP Duminy,SL Malinga,0,0,"",""
ball,1,48.4,South Africa,WD Parnell,JP Duminy,SL Malinga,0,0,"",""
ball,1,48.5,South Africa,WD Parnell,JP Duminy,SL Malinga,2,0,"",""
ball,1,48.6,South Africa,WD Parnell,JP Duminy,SL Malinga,2,0,"",""
ball,1,49.1,South Africa,JP Duminy,WD Parnell,N Pradeep,0,0,"",""
ball,1,49.2,South Africa,JP Duminy,WD Parnell,N Pradeep,1,0,"",""
ball,1,49.3,South Africa,WD Parnell,JP Duminy,N Pradeep,0,0,"",""
ball,1,49.4,South Africa,WD Parnell,JP Duminy,N Pradeep,1,0,"",""
ball,1,49.5,South Africa,JP Duminy,WD Parnell,N Pradeep,4,0,"",""
ball,1,49.6,South Africa,JP Duminy,WD Parnell,N Pradeep,6,0,"",""
ball,2,0.1,Sri Lanka,N Dickwella,WU Tharanga,K Rabada,0,0,"",""
ball,2,0.2,Sri Lanka,N Dickwella,WU Tharanga,K Rabada,0,0,"",""
ball,2,0.3,Sri Lanka,N Dickwella,WU Tharanga,K Rabada,1,0,"",""
ball,2,0.4,Sri Lanka,WU Tharanga,N Dickwella,K Rabada,1,0,"",""
ball,2,0.5,Sri Lanka,N Dickwella,WU Tharanga,K Rabada,0,0,"",""
ball,2,0.6,Sri Lanka,N Dickwella,WU Tharanga,K Rabada,1,0,"",""
ball,2,1.1,Sri Lanka,N Dickwella,WU Tharanga,WD Parnell,0,0,"",""
ball,2,1.2,Sri Lanka,N Dickwella,WU Tharanga,WD Parnell,0,0,"",""
ball,2,1.3,Sri Lanka,N Dickwella,WU Tharanga,WD Parnell,0,0,"",""
ball,2,1.4,Sri Lanka,N Dickwella,WU Tharanga,WD Parnell,1,0,"",""
ball,2,1.5,Sri Lanka,WU Tharanga,N Dickwella,WD Parnell,1,0,"",""
ball,2,1.6,Sri Lanka,N Dickwella,WU Tharanga,WD Parnell,4,0,"",""
ball,2,2.1,Sri Lanka,WU Tharanga,N Dickwella,K Rabada,0,0,"",""
ball,2,2.2,Sri Lanka,WU Tharanga,N Dickwella,K Rabada,0,0,"",""
ball,2,2.3,Sri Lanka,WU Tharanga,N Dickwella,K Rabada,0,0,"",""
ball,2,2.4,Sri Lanka,WU Tharanga,N Dickwella,K Rabada,0,1,"",""
ball,2,2.5,Sri Lanka,WU Tharanga,N Dickwella,K Rabada,0,0,"",""
ball,2,2.6,Sri Lanka,WU Tharanga,N Dickwella,K Rabada,0,0,"",""
ball,2,2.7,Sri Lanka,WU Tharanga,N Dickwella,K Rabada,0,0,"",""
ball,2,3.1,Sri Lanka,N Dickwella,WU Tharanga,WD Parnell,0,0,"",""
ball,2,3.2,Sri Lanka,N Dickwella,WU Tharanga,WD Parnell,4,0,"",""
ball,2,3.3,Sri Lanka,N Dickwella,WU Tharanga,WD Parnell,0,1,"",""
ball,2,3.4,Sri Lanka,N Dickwella,WU Tharanga,WD Parnell,1,0,"",""
ball,2,3.5,Sri Lanka,WU Tharanga,N Dickwella,WD Parnell,1,0,"",""
ball,2,3.6,Sri Lanka,N Dickwella,WU Tharanga,WD Parnell,4,0,"",""
ball,2,3.7,Sri Lanka,N Dickwella,WU Tharanga,WD Parnell,1,0,"",""
ball,2,4.1,Sri Lanka,N Dickwella,WU Tharanga,K Rabada,4,0,"",""
ball,2,4.2,Sri Lanka,N Dickwella,WU Tharanga,K Rabada,0,0,"",""
ball,2,4.3,Sri Lanka,N Dickwella,WU Tharanga,K Rabada,2,0,"",""
ball,2,4.4,Sri Lanka,N Dickwella,WU Tharanga,K Rabada,1,1,"",""
ball,2,4.5,Sri Lanka,WU Tharanga,N Dickwella,K Rabada,1,0,"",""
ball,2,4.6,Sri Lanka,N Dickwella,WU Tharanga,K Rabada,0,1,"",""
ball,2,4.7,Sri Lanka,WU Tharanga,N Dickwella,K Rabada,0,0,"",""
ball,2,5.1,Sri Lanka,N Dickwella,WU Tharanga,WD Parnell,2,0,"",""
ball,2,5.2,Sri Lanka,N Dickwella,WU Tharanga,WD Parnell,0,4,"",""
ball,2,5.3,Sri Lanka,N Dickwella,WU Tharanga,WD Parnell,0,0,"",""
ball,2,5.4,Sri Lanka,N Dickwella,WU Tharanga,WD Parnell,1,0,"",""
ball,2,5.5,Sri Lanka,WU Tharanga,N Dickwella,WD Parnell,4,0,"",""
ball,2,5.6,Sri Lanka,WU Tharanga,N Dickwella,WD Parnell,0,0,"",""
ball,2,6.1,Sri Lanka,N Dickwella,WU Tharanga,K Rabada,0,1,"",""
ball,2,6.2,Sri Lanka,N Dickwella,WU Tharanga,K Rabada,0,0,"",""
ball,2,6.3,Sri Lanka,N Dickwella,WU Tharanga,K Rabada,0,0,"",""
ball,2,6.4,Sri Lanka,N Dickwella,WU Tharanga,K Rabada,2,0,"",""
ball,2,6.5,Sri Lanka,N Dickwella,WU Tharanga,K Rabada,6,0,"",""
ball,2,6.6,Sri Lanka,N Dickwella,WU Tharanga,K Rabada,4,0,"",""
ball,2,6.7,Sri Lanka,N Dickwella,WU Tharanga,K Rabada,0,1,"",""
ball,2,6.8,Sri Lanka,N Dickwella,WU Tharanga,K Rabada,1,0,"",""
ball,2,7.1,Sri Lanka,N Dickwella,WU Tharanga,WD Parnell,1,0,"",""
ball,2,7.2,Sri Lanka,WU Tharanga,N Dickwella,WD Parnell,0,0,"",""
ball,2,7.3,Sri Lanka,WU Tharanga,N Dickwella,WD Parnell,4,0,"",""
ball,2,7.4,Sri Lanka,WU Tharanga,N Dickwella,WD Parnell,4,0,"",""
ball,2,7.5,Sri Lanka,WU Tharanga,N Dickwella,WD Parnell,1,0,"",""
ball,2,7.6,Sri Lanka,N Dickwella,WU Tharanga,WD Parnell,0,0,"",""
ball,2,8.1,Sri Lanka,WU Tharanga,N Dickwella,M Morkel,1,0,"",""
ball,2,8.2,Sri Lanka,N Dickwella,WU Tharanga,M Morkel,0,0,caught,N Dickwella
ball,2,8.3,Sri Lanka,BKG Mendis,WU Tharanga,M Morkel,0,0,"",""
ball,2,8.4,Sri Lanka,BKG Mendis,WU Tharanga,M Morkel,0,0,"",""
ball,2,8.5,Sri Lanka,BKG Mendis,WU Tharanga,M Morkel,4,0,"",""
ball,2,8.6,Sri Lanka,BKG Mendis,WU Tharanga,M Morkel,4,0,"",""
ball,2,9.1,Sri Lanka,WU Tharanga,BKG Mendis,WD Parnell,0,0,"",""
ball,2,9.2,Sri Lanka,WU Tharanga,BKG Mendis,WD Parnell,4,0,"",""
ball,2,9.3,Sri Lanka,WU Tharanga,BKG Mendis,WD Parnell,0,0,"",""
ball,2,9.4,Sri Lanka,WU Tharanga,BKG Mendis,WD Parnell,0,0,"",""
ball,2,9.5,Sri Lanka,WU Tharanga,BKG Mendis,WD Parnell,2,0,"",""
ball,2,9.6,Sri Lanka,WU Tharanga,BKG Mendis,WD Parnell,4,0,"",""
ball,2,10.1,Sri Lanka,BKG Mendis,WU Tharanga,M Morkel,1,0,"",""
ball,2,10.2,Sri Lanka,WU Tharanga,BKG Mendis,M Morkel,1,0,"",""
ball,2,10.3,Sri Lanka,BKG Mendis,WU Tharanga,M Morkel,0,0,"",""
ball,2,10.4,Sri Lanka,BKG Mendis,WU Tharanga,M Morkel,1,0,"",""
ball,2,10.5,Sri Lanka,WU Tharanga,BKG Mendis,M Morkel,0,0,"",""
ball,2,10.6,Sri Lanka,WU Tharanga,BKG Mendis,M Morkel,1,0,"",""
ball,2,11.1,Sri Lanka,WU Tharanga,BKG Mendis,CH Morris,1,0,"",""
ball,2,11.2,Sri Lanka,BKG Mendis,WU Tharanga,CH Morris,0,0,"",""
ball,2,11.3,Sri Lanka,BKG Mendis,WU Tharanga,CH Morris,1,0,"",""
ball,2,11.4,Sri Lanka,WU Tharanga,BKG Mendis,CH Morris,1,0,"",""
ball,2,11.5,Sri Lanka,BKG Mendis,WU Tharanga,CH Morris,0,0,caught,BKG Mendis
ball,2,11.6,Sri Lanka,LD Chandimal,WU Tharanga,CH Morris,1,0,"",""
ball,2,12.1,Sri Lanka,LD Chandimal,WU Tharanga,M Morkel,0,0,"",""
ball,2,12.2,Sri Lanka,LD Chandimal,WU Tharanga,M Morkel,0,0,"",""
ball,2,12.3,Sri Lanka,LD Chandimal,WU Tharanga,M Morkel,0,0,"",""
ball,2,12.4,Sri Lanka,LD Chandimal,WU Tharanga,M Morkel,1,0,"",""
ball,2,12.5,Sri Lanka,WU Tharanga,LD Chandimal,M Morkel,1,0,"",""
ball,2,12.6,Sri Lanka,LD Chandimal,WU Tharanga,M Morkel,0,0,"",""
ball,2,13.1,Sri Lanka,WU Tharanga,LD Chandimal,CH Morris,0,0,"",""
ball,2,13.2,Sri Lanka,WU Tharanga,LD Chandimal,CH Morris,0,0,"",""
ball,2,13.3,Sri Lanka,WU Tharanga,LD Chandimal,CH Morris,1,0,"",""
ball,2,13.4,Sri Lanka,LD Chandimal,WU Tharanga,CH Morris,0,0,"",""
ball,2,13.5,Sri Lanka,LD Chandimal,WU Tharanga,CH Morris,2,0,"",""
ball,2,13.6,Sri Lanka,LD Chandimal,WU Tharanga,CH Morris,0,0,"",""
ball,2,14.1,Sri Lanka,WU Tharanga,LD Chandimal,M Morkel,1,0,"",""
ball,2,14.2,Sri Lanka,LD Chandimal,WU Tharanga,M Morkel,4,0,"",""
ball,2,14.3,Sri Lanka,LD Chandimal,WU Tharanga,M Morkel,0,0,"",""
ball,2,14.4,Sri Lanka,LD Chandimal,WU Tharanga,M Morkel,0,0,"",""
ball,2,14.5,Sri Lanka,LD Chandimal,WU Tharanga,M Morkel,0,0,"",""
ball,2,14.6,Sri Lanka,LD Chandimal,WU Tharanga,M Morkel,0,0,"",""
ball,2,15.1,Sri Lanka,WU Tharanga,LD Chandimal,CH Morris,2,0,"",""
ball,2,15.2,Sri Lanka,WU Tharanga,LD Chandimal,CH Morris,1,0,"",""
ball,2,15.3,Sri Lanka,LD Chandimal,WU Tharanga,CH Morris,0,1,"",""
ball,2,15.4,Sri Lanka,LD Chandimal,WU Tharanga,CH Morris,0,0,"",""
ball,2,15.5,Sri Lanka,LD Chandimal,WU Tharanga,CH Morris,1,0,"",""
ball,2,15.6,Sri Lanka,WU Tharanga,LD Chandimal,CH Morris,0,0,"",""
ball,2,15.7,Sri Lanka,WU Tharanga,LD Chandimal,CH Morris,1,0,"",""
ball,2,16.1,Sri Lanka,WU Tharanga,LD Chandimal,M Morkel,0,0,"",""
ball,2,16.2,Sri Lanka,WU Tharanga,LD Chandimal,M Morkel,0,0,"",""
ball,2,16.3,Sri Lanka,WU Tharanga,LD Chandimal,M Morkel,0,1,"",""
ball,2,16.4,Sri Lanka,WU Tharanga,LD Chandimal,M Morkel,1,0,"",""
ball,2,16.5,Sri Lanka,LD Chandimal,WU Tharanga,M Morkel,2,0,"",""
ball,2,16.6,Sri Lanka,LD Chandimal,WU Tharanga,M Morkel,0,0,"",""
ball,2,16.7,Sri Lanka,LD Chandimal,WU Tharanga,M Morkel,1,0,"",""
ball,2,17.1,Sri Lanka,LD Chandimal,WU Tharanga,Imran Tahir,0,0,"",""
ball,2,17.2,Sri Lanka,LD Chandimal,WU Tharanga,Imran Tahir,0,0,run out,LD Chandimal
ball,2,17.3,Sri Lanka,WU Tharanga,CK Kapugedera,Imran Tahir,0,0,"",""
ball,2,17.4,Sri Lanka,WU Tharanga,CK Kapugedera,Imran Tahir,1,0,"",""
ball,2,17.5,Sri Lanka,CK Kapugedera,WU Tharanga,Imran Tahir,0,0,lbw,CK Kapugedera
ball,2,17.6,Sri Lanka,MDKJ Perera,WU Tharanga,Imran Tahir,0,0,"",""
ball,2,18.1,Sri Lanka,WU Tharanga,MDKJ Perera,M Morkel,0,0,"",""
ball,2,18.2,Sri Lanka,WU Tharanga,MDKJ Perera,M Morkel,0,1,"",""
ball,2,18.3,Sri Lanka,WU Tharanga,MDKJ Perera,M Morkel,1,0,"",""
ball,2,18.4,Sri Lanka,MDKJ Perera,WU Tharanga,M Morkel,1,0,"",""
ball,2,18.5,Sri Lanka,WU Tharanga,MDKJ Perera,M Morkel,0,0,"",""
ball,2,18.6,Sri Lanka,WU Tharanga,MDKJ Perera,M Morkel,2,0,"",""
ball,2,18.7,Sri Lanka,WU Tharanga,MDKJ Perera,M Morkel,1,0,"",""
ball,2,19.1,Sri Lanka,WU Tharanga,MDKJ Perera,Imran Tahir,0,0,"",""
ball,2,19.2,Sri Lanka,WU Tharanga,MDKJ Perera,Imran Tahir,0,0,"",""
ball,2,19.3,Sri Lanka,WU Tharanga,MDKJ Perera,Imran Tahir,0,0,"",""
ball,2,19.4,Sri Lanka,WU Tharanga,MDKJ Perera,Imran Tahir,1,0,"",""
ball,2,19.5,Sri Lanka,MDKJ Perera,WU Tharanga,Imran Tahir,0,0,"",""
ball,2,19.6,Sri Lanka,MDKJ Perera,WU Tharanga,Imran Tahir,0,0,"",""
ball,2,20.1,Sri Lanka,WU Tharanga,MDKJ Perera,JP Duminy,1,0,"",""
ball,2,20.2,Sri Lanka,MDKJ Perera,WU Tharanga,JP Duminy,1,0,"",""
ball,2,20.3,Sri Lanka,WU Tharanga,MDKJ Perera,JP Duminy,0,0,"",""
ball,2,20.4,Sri Lanka,WU Tharanga,MDKJ Perera,JP Duminy,0,0,"",""
ball,2,20.5,Sri Lanka,WU Tharanga,MDKJ Perera,JP Duminy,0,1,"",""
ball,2,20.6,Sri Lanka,WU Tharanga,MDKJ Perera,JP Duminy,0,0,"",""
ball,2,20.7,Sri Lanka,WU Tharanga,MDKJ Perera,JP Duminy,0,0,"",""
ball,2,21.1,Sri Lanka,MDKJ Perera,WU Tharanga,Imran Tahir,1,0,"",""
ball,2,21.2,Sri Lanka,WU Tharanga,MDKJ Perera,Imran Tahir,1,0,"",""
ball,2,21.3,Sri Lanka,MDKJ Perera,WU Tharanga,Imran Tahir,0,0,"",""
ball,2,21.4,Sri Lanka,MDKJ Perera,WU Tharanga,Imran Tahir,0,0,"",""
ball,2,21.5,Sri Lanka,MDKJ Perera,WU Tharanga,Imran Tahir,1,0,"",""
ball,2,21.6,Sri Lanka,WU Tharanga,MDKJ Perera,Imran Tahir,2,0,"",""
ball,2,22.1,Sri Lanka,MDKJ Perera,WU Tharanga,JP Duminy,0,0,"",""
ball,2,22.2,Sri Lanka,MDKJ Perera,WU Tharanga,JP Duminy,4,0,"",""
ball,2,22.3,Sri Lanka,MDKJ Perera,WU Tharanga,JP Duminy,0,0,"",""
ball,2,22.4,Sri Lanka,MDKJ Perera,WU Tharanga,JP Duminy,0,0,"",""
ball,2,22.5,Sri Lanka,MDKJ Perera,WU Tharanga,JP Duminy,0,0,"",""
ball,2,22.6,Sri Lanka,MDKJ Perera,WU Tharanga,JP Duminy,0,0,"",""
ball,2,23.1,Sri Lanka,WU Tharanga,MDKJ Perera,Imran Tahir,4,0,"",""
ball,2,23.2,Sri Lanka,WU Tharanga,MDKJ Perera,Imran Tahir,1,0,"",""
ball,2,23.3,Sri Lanka,MDKJ Perera,WU Tharanga,Imran Tahir,1,0,"",""
ball,2,23.4,Sri Lanka,WU Tharanga,MDKJ Perera,Imran Tahir,0,0,"",""
ball,2,23.5,Sri Lanka,WU Tharanga,MDKJ Perera,Imran Tahir,0,0,"",""
ball,2,23.6,Sri Lanka,WU Tharanga,MDKJ Perera,Imran Tahir,1,0,"",""
ball,2,24.1,Sri Lanka,WU Tharanga,MDKJ Perera,WD Parnell,0,0,"",""
ball,2,24.2,Sri Lanka,WU Tharanga,MDKJ Perera,WD Parnell,0,0,"",""
ball,2,24.3,Sri Lanka,WU Tharanga,MDKJ Perera,WD Parnell,0,0,"",""
ball,2,24.4,Sri Lanka,WU Tharanga,MDKJ Perera,WD Parnell,1,0,"",""
ball,2,24.5,Sri Lanka,MDKJ Perera,WU Tharanga,WD Parnell,0,0,"",""
ball,2,24.6,Sri Lanka,MDKJ Perera,WU Tharanga,WD Parnell,1,0,"",""
ball,2,25.1,Sri Lanka,MDKJ Perera,WU Tharanga,Imran Tahir,1,0,"",""
ball,2,25.2,Sri Lanka,WU Tharanga,MDKJ Perera,Imran Tahir,0,0,caught,WU Tharanga
ball,2,25.3,Sri Lanka,MDKJ Perera,DAS Gunaratne,Imran Tahir,0,0,"",""
ball,2,25.4,Sri Lanka,MDKJ Perera,DAS Gunaratne,Imran Tahir,0,0,"",""
ball,2,25.5,Sri Lanka,MDKJ Perera,DAS Gunaratne,Imran Tahir,1,0,"",""
ball,2,25.6,Sri Lanka,DAS Gunaratne,MDKJ Perera,Imran Tahir,0,0,"",""
ball,2,26.1,Sri Lanka,MDKJ Perera,DAS Gunaratne,WD Parnell,0,0,"",""
ball,2,26.2,Sri Lanka,MDKJ Perera,DAS Gunaratne,WD Parnell,1,0,"",""
ball,2,26.3,Sri Lanka,DAS Gunaratne,MDKJ Perera,WD Parnell,0,0,"",""
ball,2,26.4,Sri Lanka,DAS Gunaratne,MDKJ Perera,WD Parnell,1,0,"",""
ball,2,26.5,Sri Lanka,MDKJ Perera,DAS Gunaratne,WD Parnell,0,0,"",""
ball,2,26.6,Sri Lanka,MDKJ Perera,DAS Gunaratne,WD Parnell,0,0,"",""
ball,2,27.1,Sri Lanka,DAS Gunaratne,MDKJ Perera,Imran Tahir,0,0,"",""
ball,2,27.2,Sri Lanka,DAS Gunaratne,MDKJ Perera,Imran Tahir,0,0,"",""
ball,2,27.3,Sri Lanka,DAS Gunaratne,MDKJ Perera,Imran Tahir,1,0,"",""
ball,2,27.4,Sri Lanka,MDKJ Perera,DAS Gunaratne,Imran Tahir,1,0,"",""
ball,2,27.5,Sri Lanka,DAS Gunaratne,MDKJ Perera,Imran Tahir,0,0,"",""
ball,2,27.6,Sri Lanka,DAS Gunaratne,MDKJ Perera,Imran Tahir,0,0,"",""
ball,2,28.1,Sri Lanka,MDKJ Perera,DAS Gunaratne,WD Parnell,0,1,"",""
ball,2,28.2,Sri Lanka,DAS Gunaratne,MDKJ Perera,WD Parnell,0,0,"",""
ball,2,28.3,Sri Lanka,DAS Gunaratne,MDKJ Perera,WD Parnell,1,0,"",""
ball,2,28.4,Sri Lanka,MDKJ Perera,DAS Gunaratne,WD Parnell,0,0,"",""
ball,2,28.5,Sri Lanka,MDKJ Perera,DAS Gunaratne,WD Parnell,1,0,"",""
ball,2,28.6,Sri Lanka,DAS Gunaratne,MDKJ Perera,WD Parnell,1,0,"",""
ball,2,29.1,Sri Lanka,DAS Gunaratne,MDKJ Perera,Imran Tahir,0,0,"",""
ball,2,29.2,Sri Lanka,DAS Gunaratne,MDKJ Perera,Imran Tahir,0,0,caught,DAS Gunaratne
ball,2,29.3,Sri Lanka,S Prasanna,MDKJ Perera,Imran Tahir,1,0,"",""
ball,2,29.4,Sri Lanka,MDKJ Perera,S Prasanna,Imran Tahir,0,0,"",""
ball,2,29.5,Sri Lanka,MDKJ Perera,S Prasanna,Imran Tahir,0,0,"",""
ball,2,29.6,Sri Lanka,MDKJ Perera,S Prasanna,Imran Tahir,1,0,"",""
ball,2,30.1,Sri Lanka,MDKJ Perera,S Prasanna,WD Parnell,0,0,"",""
ball,2,30.2,Sri Lanka,MDKJ Perera,S Prasanna,WD Parnell,1,0,"",""
ball,2,30.3,Sri Lanka,S Prasanna,MDKJ Perera,WD Parnell,0,0,"",""
ball,2,30.4,Sri Lanka,S Prasanna,MDKJ Perera,WD Parnell,0,0,"",""
ball,2,30.5,Sri Lanka,S Prasanna,MDKJ Perera,WD Parnell,0,0,"",""
ball,2,30.6,Sri Lanka,S Prasanna,MDKJ Perera,WD Parnell,0,0,"",""
ball,2,31.1,Sri Lanka,MDKJ Perera,S Prasanna,Imran Tahir,1,0,"",""
ball,2,31.2,Sri Lanka,S Prasanna,MDKJ Perera,Imran Tahir,1,0,"",""
ball,2,31.3,Sri Lanka,MDKJ Perera,S Prasanna,Imran Tahir,4,0,"",""
ball,2,31.4,Sri Lanka,MDKJ Perera,S Prasanna,Imran Tahir,0,0,"",""
ball,2,31.5,Sri Lanka,MDKJ Perera,S Prasanna,Imran Tahir,0,0,"",""
ball,2,31.6,Sri Lanka,MDKJ Perera,S Prasanna,Imran Tahir,1,0,"",""
ball,2,32.1,Sri Lanka,MDKJ Perera,S Prasanna,WD Parnell,0,0,"",""
ball,2,32.2,Sri Lanka,MDKJ Perera,S Prasanna,WD Parnell,1,0,"",""
ball,2,32.3,Sri Lanka,S Prasanna,MDKJ Perera,WD Parnell,0,0,"",""
ball,2,32.4,Sri Lanka,S Prasanna,MDKJ Perera,WD Parnell,0,0,"",""
ball,2,32.5,Sri Lanka,S Prasanna,MDKJ Perera,WD Parnell,0,0,"",""
ball,2,32.6,Sri Lanka,S Prasanna,MDKJ Perera,WD Parnell,0,0,"",""
ball,2,33.1,Sri Lanka,MDKJ Perera,S Prasanna,CH Morris,0,0,"",""
ball,2,33.2,Sri Lanka,MDKJ Perera,S Prasanna,CH Morris,0,0,"",""
ball,2,33.3,Sri Lanka,MDKJ Perera,S Prasanna,CH Morris,4,0,"",""
ball,2,33.4,Sri Lanka,MDKJ Perera,S Prasanna,CH Morris,0,0,"",""
ball,2,33.5,Sri Lanka,MDKJ Perera,S Prasanna,CH Morris,1,0,"",""
ball,2,33.6,Sri Lanka,S Prasanna,MDKJ Perera,CH Morris,0,0,"",""
ball,2,34.1,Sri Lanka,MDKJ Perera,S Prasanna,K Rabada,1,0,"",""
ball,2,34.2,Sri Lanka,S Prasanna,MDKJ Perera,K Rabada,1,0,"",""
ball,2,34.3,Sri Lanka,MDKJ Perera,S Prasanna,K Rabada,1,0,"",""
ball,2,34.4,Sri Lanka,S Prasanna,MDKJ Perera,K Rabada,1,0,"",""
ball,2,34.5,Sri Lanka,MDKJ Perera,S Prasanna,K Rabada,1,0,"",""
ball,2,34.6,Sri Lanka,S Prasanna,MDKJ Perera,K Rabada,0,0,"",""
ball,2,35.1,Sri Lanka,MDKJ Perera,S Prasanna,CH Morris,1,0,"",""
ball,2,35.2,Sri Lanka,S Prasanna,MDKJ Perera,CH Morris,6,0,"",""
ball,2,35.3,Sri Lanka,S Prasanna,MDKJ Perera,CH Morris,1,0,"",""
ball,2,35.4,Sri Lanka,MDKJ Perera,S Prasanna,CH Morris,1,0,"",""
ball,2,35.5,Sri Lanka,S Prasanna,MDKJ Perera,CH Morris,0,0,"",""
ball,2,35.6,Sri Lanka,S Prasanna,MDKJ Perera,CH Morris,2,0,"",""
ball,2,36.1,Sri Lanka,MDKJ Perera,S Prasanna,K Rabada,0,0,"",""
ball,2,36.2,Sri Lanka,MDKJ Perera,S Prasanna,K Rabada,0,0,"",""
ball,2,36.3,Sri Lanka,MDKJ Perera,S Prasanna,K Rabada,4,0,"",""
ball,2,36.4,Sri Lanka,MDKJ Perera,S Prasanna,K Rabada,0,0,"",""
ball,2,36.5,Sri Lanka,MDKJ Perera,S Prasanna,K Rabada,0,0,"",""
ball,2,36.6,Sri Lanka,MDKJ Perera,S Prasanna,K Rabada,0,0,"",""
ball,2,37.1,Sri Lanka,S Prasanna,MDKJ Perera,CH Morris,0,0,"",""
ball,2,37.2,Sri Lanka,S Prasanna,MDKJ Perera,CH Morris,0,0,lbw,S Prasanna
ball,2,37.3,Sri Lanka,RAS Lakmal,MDKJ Perera,CH Morris,0,0,"",""
ball,2,37.4,Sri Lanka,RAS Lakmal,MDKJ Perera,CH Morris,0,0,"",""
ball,2,37.5,Sri Lanka,RAS Lakmal,MDKJ Perera,CH Morris,0,0,run out,RAS Lakmal
ball,2,37.6,Sri Lanka,SL Malinga,MDKJ Perera,CH Morris,1,0,"",""
ball,2,38.1,Sri Lanka,SL Malinga,MDKJ Perera,K Rabada,0,0,bowled,SL Malinga
ball,2,38.2,Sri Lanka,N Pradeep,MDKJ Perera,K Rabada,0,0,"",""
ball,2,38.3,Sri Lanka,N Pradeep,MDKJ Perera,K Rabada,0,0,"",""
ball,2,38.4,Sri Lanka,N Pradeep,MDKJ Perera,K Rabada,0,0,"",""
ball,2,38.5,Sri Lanka,N Pradeep,MDKJ Perera,K Rabada,0,0,"",""
ball,2,38.6,Sri Lanka,N Pradeep,MDKJ Perera,K Rabada,0,0,"",""
ball,2,39.1,Sri Lanka,MDKJ Perera,N Pradeep,CH Morris,0,0,"",""
ball,2,39.2,Sri Lanka,MDKJ Perera,N Pradeep,CH Morris,0,0,"",""
ball,2,39.3,Sri Lanka,MDKJ Perera,N Pradeep,CH Morris,2,0,"",""
ball,2,39.4,Sri Lanka,MDKJ Perera,N Pradeep,CH Morris,0,0,"",""
ball,2,39.5,Sri Lanka,MDKJ Perera,N Pradeep,CH Morris,0,0,"",""
ball,2,39.6,Sri Lanka,MDKJ Perera,N Pradeep,CH Morris,0,0,"",""
ball,2,40.1,Sri Lanka,N Pradeep,MDKJ Perera,K Rabada,0,0,"",""
ball,2,40.2,Sri Lanka,N Pradeep,MDKJ Perera,K Rabada,0,0,"",""
ball,2,40.3,Sri Lanka,N Pradeep,MDKJ Perera,K Rabada,4,0,"",""
ball,2,40.4,Sri Lanka,N Pradeep,MDKJ Perera,K Rabada,1,0,"",""
ball,2,40.5,Sri Lanka,MDKJ Perera,N Pradeep,K Rabada,0,0,"",""
ball,2,40.6,Sri Lanka,MDKJ Perera,N Pradeep,K Rabada,4,0,"",""
ball,2,41.1,Sri Lanka,N Pradeep,MDKJ Perera,Imran Tahir,0,0,"",""
ball,2,41.2,Sri Lanka,N Pradeep,MDKJ Perera,Imran Tahir,0,0,"",""
ball,2,41.3,Sri Lanka,N Pradeep,MDKJ Perera,Imran Tahir,0,0,caught,N Pradeep
