version,1.3.0
info,team,Australia
info,team,Bangladesh
info,gender,male
info,season,2017
info,date,2017/06/05
info,competition,ICC Champions Trophy
info,match_number,5
info,venue,Kennington Oval
info,city,London
info,neutralvenue,true
info,toss_winner,Bangladesh
info,toss_decision,bat
info,umpire,CB Gaffaney
info,umpire,NJ Llong
info,reserve_umpire,S Ravi
info,tv_umpire,IJ Gould
info,match_referee,BC Broad
info,outcome,no result
ball,1,0.1,Bangladesh,Tamim Iqbal,Soumya Sarkar,MA Starc,0,0,"",""
ball,1,0.2,Bangladesh,Tamim Iqbal,Soumya Sarkar,MA Starc,0,0,"",""
ball,1,0.3,Bangladesh,Tamim Iqbal,Soumya Sarkar,MA Starc,0,4,"",""
ball,1,0.4,Bangladesh,Tamim Iqbal,Soumya Sarkar,MA Starc,1,0,"",""
ball,1,0.5,Bangladesh,Soumya Sarkar,Tamim Iqbal,MA Starc,0,0,"",""
ball,1,0.6,Bangladesh,Soumya Sarkar,Tamim Iqbal,MA Starc,0,0,"",""
ball,1,1.1,Bangladesh,Tamim Iqbal,Soumya Sarkar,JR Hazlewood,0,0,"",""
ball,1,1.2,Bangladesh,Tamim Iqbal,Soumya Sarkar,JR Hazlewood,0,0,"",""
ball,1,1.3,Bangladesh,Tamim Iqbal,Soumya Sarkar,JR Hazlewood,1,0,"",""
ball,1,1.4,Bangladesh,Soumya Sarkar,Tamim Iqbal,JR Hazlewood,0,0,"",""
ball,1,1.5,Bangladesh,Soumya Sarkar,Tamim Iqbal,JR Hazlewood,0,0,"",""
ball,1,1.6,Bangladesh,Soumya Sarkar,Tamim Iqbal,JR Hazlewood,0,0,"",""
ball,1,2.1,Bangladesh,Tamim Iqbal,Soumya Sarkar,MA Starc,0,0,"",""
ball,1,2.2,Bangladesh,Tamim Iqbal,Soumya Sarkar,MA Starc,0,0,"",""
ball,1,2.3,Bangladesh,Tamim Iqbal,Soumya Sarkar,MA Starc,0,0,"",""
ball,1,2.4,Bangladesh,Tamim Iqbal,Soumya Sarkar,MA Starc,0,0,"",""
ball,1,2.5,Bangladesh,Tamim Iqbal,Soumya Sarkar,MA Starc,0,0,"",""
ball,1,2.6,Bangladesh,Tamim Iqbal,Soumya Sarkar,MA Starc,0,0,"",""
ball,1,3.1,Bangladesh,Soumya Sarkar,Tamim Iqbal,JR Hazlewood,0,0,"",""
ball,1,3.2,Bangladesh,Soumya Sarkar,Tamim Iqbal,JR Hazlewood,1,0,"",""
ball,1,3.3,Bangladesh,Tamim Iqbal,Soumya Sarkar,JR Hazlewood,4,0,"",""
ball,1,3.4,Bangladesh,Tamim Iqbal,Soumya Sarkar,JR Hazlewood,1,0,"",""
ball,1,3.5,Bangladesh,Soumya Sarkar,Tamim Iqbal,JR Hazlewood,0,0,"",""
ball,1,3.6,Bangladesh,Soumya Sarkar,Tamim Iqbal,JR Hazlewood,2,0,"",""
ball,1,4.1,Bangladesh,Tamim Iqbal,Soumya Sarkar,MA Starc,0,0,"",""
ball,1,4.2,Bangladesh,Tamim Iqbal,Soumya Sarkar,MA Starc,4,0,"",""
ball,1,4.3,Bangladesh,Tamim Iqbal,Soumya Sarkar,MA Starc,0,0,"",""
ball,1,4.4,Bangladesh,Tamim Iqbal,Soumya Sarkar,MA Starc,0,0,"",""
ball,1,4.5,Bangladesh,Tamim Iqbal,Soumya Sarkar,MA Starc,0,0,"",""
ball,1,4.6,Bangladesh,Tamim Iqbal,Soumya Sarkar,MA Starc,4,0,"",""
ball,1,5.1,Bangladesh,Soumya Sarkar,Tamim Iqbal,JR Hazlewood,0,0,"",""
ball,1,5.2,Bangladesh,Soumya Sarkar,Tamim Iqbal,JR Hazlewood,0,0,caught,Soumya Sarkar
ball,1,5.3,Bangladesh,Imrul Kayes,Tamim Iqbal,JR Hazlewood,0,0,"",""
ball,1,5.4,Bangladesh,Imrul Kayes,Tamim Iqbal,JR Hazlewood,1,0,"",""
ball,1,5.5,Bangladesh,Tamim Iqbal,Imrul Kayes,JR Hazlewood,0,0,"",""
ball,1,5.6,Bangladesh,Tamim Iqbal,Imrul Kayes,JR Hazlewood,1,0,"",""
ball,1,6.1,Bangladesh,Tamim Iqbal,Imrul Kayes,PJ Cummins,2,0,"",""
ball,1,6.2,Bangladesh,Tamim Iqbal,Imrul Kayes,PJ Cummins,1,0,"",""
ball,1,6.3,Bangladesh,Imrul Kayes,Tamim Iqbal,PJ Cummins,1,0,"",""
ball,1,6.4,Bangladesh,Tamim Iqbal,Imrul Kayes,PJ Cummins,1,0,"",""
ball,1,6.5,Bangladesh,Imrul Kayes,Tamim Iqbal,PJ Cummins,0,0,"",""
ball,1,6.6,Bangladesh,Imrul Kayes,Tamim Iqbal,PJ Cummins,0,0,"",""
ball,1,7.1,Bangladesh,Tamim Iqbal,Imrul Kayes,JR Hazlewood,0,0,"",""
ball,1,7.2,Bangladesh,Tamim Iqbal,Imrul Kayes,JR Hazlewood,1,0,"",""
ball,1,7.3,Bangladesh,Imrul Kayes,Tamim Iqbal,JR Hazlewood,2,0,"",""
ball,1,7.4,Bangladesh,Imrul Kayes,Tamim Iqbal,JR Hazlewood,0,0,"",""
ball,1,7.5,Bangladesh,Imrul Kayes,Tamim Iqbal,JR Hazlewood,1,0,"",""
ball,1,7.6,Bangladesh,Tamim Iqbal,Imrul Kayes,JR Hazlewood,0,0,"",""
ball,1,8.1,Bangladesh,Imrul Kayes,Tamim Iqbal,PJ Cummins,0,0,"",""
ball,1,8.2,Bangladesh,Imrul Kayes,Tamim Iqbal,PJ Cummins,0,0,"",""
ball,1,8.3,Bangladesh,Imrul Kayes,Tamim Iqbal,PJ Cummins,0,1,"",""
ball,1,8.4,Bangladesh,Tamim Iqbal,Imrul Kayes,PJ Cummins,1,0,"",""
ball,1,8.5,Bangladesh,Imrul Kayes,Tamim Iqbal,PJ Cummins,0,0,"",""
ball,1,8.6,Bangladesh,Imrul Kayes,Tamim Iqbal,PJ Cummins,0,0,"",""
ball,1,9.1,Bangladesh,Tamim Iqbal,Imrul Kayes,JR Hazlewood,0,0,"",""
ball,1,9.2,Bangladesh,Tamim Iqbal,Imrul Kayes,JR Hazlewood,0,0,"",""
ball,1,9.3,Bangladesh,Tamim Iqbal,Imrul Kayes,JR Hazlewood,0,0,"",""
ball,1,9.4,Bangladesh,Tamim Iqbal,Imrul Kayes,JR Hazlewood,1,0,"",""
ball,1,9.5,Bangladesh,Imrul Kayes,Tamim Iqbal,JR Hazlewood,1,0,"",""
ball,1,9.6,Bangladesh,Tamim Iqbal,Imrul Kayes,JR Hazlewood,0,0,"",""
ball,1,10.1,Bangladesh,Imrul Kayes,Tamim Iqbal,PJ Cummins,0,0,"",""
ball,1,10.2,Bangladesh,Imrul Kayes,Tamim Iqbal,PJ Cummins,0,0,caught,Imrul Kayes
ball,1,10.3,Bangladesh,Mushfiqur Rahim,Tamim Iqbal,PJ Cummins,0,0,"",""
ball,1,10.4,Bangladesh,Mushfiqur Rahim,Tamim Iqbal,PJ Cummins,1,0,"",""
ball,1,10.5,Bangladesh,Tamim Iqbal,Mushfiqur Rahim,PJ Cummins,0,1,"",""
ball,1,10.6,Bangladesh,Tamim Iqbal,Mushfiqur Rahim,PJ Cummins,0,0,"",""
ball,1,10.7,Bangladesh,Tamim Iqbal,Mushfiqur Rahim,PJ Cummins,0,0,"",""
ball,1,11.1,Bangladesh,Mushfiqur Rahim,Tamim Iqbal,JR Hazlewood,0,0,"",""
ball,1,11.2,Bangladesh,Mushfiqur Rahim,Tamim Iqbal,JR Hazlewood,0,0,"",""
ball,1,11.3,Bangladesh,Mushfiqur Rahim,Tamim Iqbal,JR Hazlewood,1,0,"",""
ball,1,11.4,Bangladesh,Tamim Iqbal,Mushfiqur Rahim,JR Hazlewood,1,0,"",""
ball,1,11.5,Bangladesh,Mushfiqur Rahim,Tamim Iqbal,JR Hazlewood,1,0,"",""
ball,1,11.6,Bangladesh,Tamim Iqbal,Mushfiqur Rahim,JR Hazlewood,1,0,"",""
ball,1,12.1,Bangladesh,Tamim Iqbal,Mushfiqur Rahim,PJ Cummins,0,0,"",""
ball,1,12.2,Bangladesh,Tamim Iqbal,Mushfiqur Rahim,PJ Cummins,0,0,"",""
ball,1,12.3,Bangladesh,Tamim Iqbal,Mushfiqur Rahim,PJ Cummins,0,0,"",""
ball,1,12.4,Bangladesh,Tamim Iqbal,Mushfiqur Rahim,PJ Cummins,0,0,"",""
ball,1,12.5,Bangladesh,Tamim Iqbal,Mushfiqur Rahim,PJ Cummins,0,1,"",""
ball,1,12.6,Bangladesh,Tamim Iqbal,Mushfiqur Rahim,PJ Cummins,1,0,"",""
ball,1,12.7,Bangladesh,Mushfiqur Rahim,Tamim Iqbal,PJ Cummins,0,0,"",""
ball,1,13.1,Bangladesh,Tamim Iqbal,Mushfiqur Rahim,TM Head,1,0,"",""
ball,1,13.2,Bangladesh,Mushfiqur Rahim,Tamim Iqbal,TM Head,1,0,"",""
ball,1,13.3,Bangladesh,Tamim Iqbal,Mushfiqur Rahim,TM Head,0,0,"",""
ball,1,13.4,Bangladesh,Tamim Iqbal,Mushfiqur Rahim,TM Head,0,0,"",""
ball,1,13.5,Bangladesh,Tamim Iqbal,Mushfiqur Rahim,TM Head,0,0,"",""
ball,1,13.6,Bangladesh,Tamim Iqbal,Mushfiqur Rahim,TM Head,0,0,"",""
ball,1,14.1,Bangladesh,Mushfiqur Rahim,Tamim Iqbal,MC Henriques,1,0,"",""
ball,1,14.2,Bangladesh,Tamim Iqbal,Mushfiqur Rahim,MC Henriques,1,0,"",""
ball,1,14.3,Bangladesh,Mushfiqur Rahim,Tamim Iqbal,MC Henriques,0,0,"",""
ball,1,14.4,Bangladesh,Mushfiqur Rahim,Tamim Iqbal,MC Henriques,0,0,"",""
ball,1,14.5,Bangladesh,Mushfiqur Rahim,Tamim Iqbal,MC Henriques,1,0,"",""
ball,1,14.6,Bangladesh,Tamim Iqbal,Mushfiqur Rahim,MC Henriques,0,0,"",""
ball,1,15.1,Bangladesh,Mushfiqur Rahim,Tamim Iqbal,TM Head,0,0,"",""
ball,1,15.2,Bangladesh,Mushfiqur Rahim,Tamim Iqbal,TM Head,0,0,"",""
ball,1,15.3,Bangladesh,Mushfiqur Rahim,Tamim Iqbal,TM Head,0,0,"",""
ball,1,15.4,Bangladesh,Mushfiqur Rahim,Tamim Iqbal,TM Head,0,0,"",""
ball,1,15.5,Bangladesh,Mushfiqur Rahim,Tamim Iqbal,TM Head,2,0,"",""
ball,1,15.6,Bangladesh,Mushfiqur Rahim,Tamim Iqbal,TM Head,1,0,"",""
ball,1,16.1,Bangladesh,Mushfiqur Rahim,Tamim Iqbal,MC Henriques,0,0,"",""
ball,1,16.2,Bangladesh,Mushfiqur Rahim,Tamim Iqbal,MC Henriques,0,0,lbw,Mushfiqur Rahim
ball,1,16.3,Bangladesh,Shakib Al Hasan,Tamim Iqbal,MC Henriques,0,0,"",""
ball,1,16.4,Bangladesh,Shakib Al Hasan,Tamim Iqbal,MC Henriques,4,0,"",""
ball,1,16.5,Bangladesh,Shakib Al Hasan,Tamim Iqbal,MC Henriques,0,0,"",""
ball,1,16.6,Bangladesh,Shakib Al Hasan,Tamim Iqbal,MC Henriques,0,0,"",""
ball,1,17.1,Bangladesh,Tamim Iqbal,Shakib Al Hasan,TM Head,1,0,"",""
ball,1,17.2,Bangladesh,Shakib Al Hasan,Tamim Iqbal,TM Head,0,0,"",""
ball,1,17.3,Bangladesh,Shakib Al Hasan,Tamim Iqbal,TM Head,0,0,"",""
ball,1,17.4,Bangladesh,Shakib Al Hasan,Tamim Iqbal,TM Head,0,0,"",""
ball,1,17.5,Bangladesh,Shakib Al Hasan,Tamim Iqbal,TM Head,1,0,"",""
ball,1,17.6,Bangladesh,Tamim Iqbal,Shakib Al Hasan,TM Head,0,0,"",""
ball,1,18.1,Bangladesh,Shakib Al Hasan,Tamim Iqbal,MC Henriques,0,0,"",""
ball,1,18.2,Bangladesh,Shakib Al Hasan,Tamim Iqbal,MC Henriques,0,0,"",""
ball,1,18.3,Bangladesh,Shakib Al Hasan,Tamim Iqbal,MC Henriques,0,0,"",""
ball,1,18.4,Bangladesh,Shakib Al Hasan,Tamim Iqbal,MC Henriques,2,0,"",""
ball,1,18.5,Bangladesh,Shakib Al Hasan,Tamim Iqbal,MC Henriques,1,0,"",""
ball,1,18.6,Bangladesh,Tamim Iqbal,Shakib Al Hasan,MC Henriques,0,0,"",""
ball,1,19.1,Bangladesh,Shakib Al Hasan,Tamim Iqbal,TM Head,0,0,"",""
ball,1,19.2,Bangladesh,Shakib Al Hasan,Tamim Iqbal,TM Head,1,0,"",""
ball,1,19.3,Bangladesh,Tamim Iqbal,Shakib Al Hasan,TM Head,0,0,"",""
ball,1,19.4,Bangladesh,Tamim Iqbal,Shakib Al Hasan,TM Head,0,0,"",""
ball,1,19.5,Bangladesh,Tamim Iqbal,Shakib Al Hasan,TM Head,1,0,"",""
ball,1,19.6,Bangladesh,Shakib Al Hasan,Tamim Iqbal,TM Head,1,0,"",""
ball,1,20.1,Bangladesh,Shakib Al Hasan,Tamim Iqbal,MC Henriques,0,0,"",""
ball,1,20.2,Bangladesh,Shakib Al Hasan,Tamim Iqbal,MC Henriques,0,0,"",""
ball,1,20.3,Bangladesh,Shakib Al Hasan,Tamim Iqbal,MC Henriques,0,0,"",""
ball,1,20.4,Bangladesh,Shakib Al Hasan,Tamim Iqbal,MC Henriques,1,0,"",""
ball,1,20.5,Bangladesh,Tamim Iqbal,Shakib Al Hasan,MC Henriques,2,0,"",""
ball,1,20.6,Bangladesh,Tamim Iqbal,Shakib Al Hasan,MC Henriques,1,0,"",""
ball,1,21.1,Bangladesh,Tamim Iqbal,Shakib Al Hasan,MA Starc,0,0,"",""
ball,1,21.2,Bangladesh,Tamim Iqbal,Shakib Al Hasan,MA Starc,0,0,"",""
ball,1,21.3,Bangladesh,Tamim Iqbal,Shakib Al Hasan,MA Starc,0,0,"",""
ball,1,21.4,Bangladesh,Tamim Iqbal,Shakib Al Hasan,MA Starc,1,0,"",""
ball,1,21.5,Bangladesh,Shakib Al Hasan,Tamim Iqbal,MA Starc,0,0,"",""
ball,1,21.6,Bangladesh,Shakib Al Hasan,Tamim Iqbal,MA Starc,2,0,"",""
ball,1,22.1,Bangladesh,Tamim Iqbal,Shakib Al Hasan,MC Henriques,0,0,"",""
ball,1,22.2,Bangladesh,Tamim Iqbal,Shakib Al Hasan,MC Henriques,6,0,"",""
ball,1,22.3,Bangladesh,Tamim Iqbal,Shakib Al Hasan,MC Henriques,4,0,"",""
ball,1,22.4,Bangladesh,Tamim Iqbal,Shakib Al Hasan,MC Henriques,1,0,"",""
ball,1,22.5,Bangladesh,Shakib Al Hasan,Tamim Iqbal,MC Henriques,1,0,"",""
ball,1,22.6,Bangladesh,Tamim Iqbal,Shakib Al Hasan,MC Henriques,4,0,"",""
ball,1,23.1,Bangladesh,Shakib Al Hasan,Tamim Iqbal,TM Head,0,0,"",""
ball,1,23.2,Bangladesh,Shakib Al Hasan,Tamim Iqbal,TM Head,1,0,"",""
ball,1,23.3,Bangladesh,Tamim Iqbal,Shakib Al Hasan,TM Head,1,0,"",""
ball,1,23.4,Bangladesh,Shakib Al Hasan,Tamim Iqbal,TM Head,0,0,"",""
ball,1,23.5,Bangladesh,Shakib Al Hasan,Tamim Iqbal,TM Head,1,0,"",""
ball,1,23.6,Bangladesh,Tamim Iqbal,Shakib Al Hasan,TM Head,0,0,"",""
ball,1,24.1,Bangladesh,Shakib Al Hasan,Tamim Iqbal,MA Starc,0,0,"",""
ball,1,24.2,Bangladesh,Shakib Al Hasan,Tamim Iqbal,MA Starc,0,0,"",""
ball,1,24.3,Bangladesh,Shakib Al Hasan,Tamim Iqbal,MA Starc,1,0,"",""
ball,1,24.4,Bangladesh,Tamim Iqbal,Shakib Al Hasan,MA Starc,0,0,"",""
ball,1,24.5,Bangladesh,Tamim Iqbal,Shakib Al Hasan,MA Starc,1,0,"",""
ball,1,24.6,Bangladesh,Shakib Al Hasan,Tamim Iqbal,MA Starc,1,0,"",""
ball,1,25.1,Bangladesh,Shakib Al Hasan,Tamim Iqbal,TM Head,0,0,"",""
ball,1,25.2,Bangladesh,Shakib Al Hasan,Tamim Iqbal,TM Head,0,0,"",""
ball,1,25.3,Bangladesh,Shakib Al Hasan,Tamim Iqbal,TM Head,0,0,"",""
ball,1,25.4,Bangladesh,Shakib Al Hasan,Tamim Iqbal,TM Head,1,0,"",""
ball,1,25.5,Bangladesh,Tamim Iqbal,Shakib Al Hasan,TM Head,0,0,"",""
ball,1,25.6,Bangladesh,Tamim Iqbal,Shakib Al Hasan,TM Head,0,0,"",""
ball,1,26.1,Bangladesh,Shakib Al Hasan,Tamim Iqbal,MA Starc,4,0,"",""
ball,1,26.2,Bangladesh,Shakib Al Hasan,Tamim Iqbal,MA Starc,0,0,"",""
ball,1,26.3,Bangladesh,Shakib Al Hasan,Tamim Iqbal,MA Starc,2,0,"",""
ball,1,26.4,Bangladesh,Shakib Al Hasan,Tamim Iqbal,MA Starc,0,0,"",""
ball,1,26.5,Bangladesh,Shakib Al Hasan,Tamim Iqbal,MA Starc,1,0,"",""
ball,1,26.6,Bangladesh,Tamim Iqbal,Shakib Al Hasan,MA Starc,0,0,"",""
ball,1,27.1,Bangladesh,Shakib Al Hasan,Tamim Iqbal,TM Head,0,0,"",""
ball,1,27.2,Bangladesh,Shakib Al Hasan,Tamim Iqbal,TM Head,1,0,"",""
ball,1,27.3,Bangladesh,Tamim Iqbal,Shakib Al Hasan,TM Head,1,0,"",""
ball,1,27.4,Bangladesh,Shakib Al Hasan,Tamim Iqbal,TM Head,1,0,"",""
ball,1,27.5,Bangladesh,Tamim Iqbal,Shakib Al Hasan,TM Head,1,0,"",""
ball,1,27.6,Bangladesh,Shakib Al Hasan,Tamim Iqbal,TM Head,0,0,"",""
ball,1,28.1,Bangladesh,Tamim Iqbal,Shakib Al Hasan,PJ Cummins,0,0,"",""
ball,1,28.2,Bangladesh,Tamim Iqbal,Shakib Al Hasan,PJ Cummins,1,0,"",""
ball,1,28.3,Bangladesh,Shakib Al Hasan,Tamim Iqbal,PJ Cummins,1,0,"",""
ball,1,28.4,Bangladesh,Tamim Iqbal,Shakib Al Hasan,PJ Cummins,1,0,"",""
ball,1,28.5,Bangladesh,Shakib Al Hasan,Tamim Iqbal,PJ Cummins,0,0,"",""
ball,1,28.6,Bangladesh,Shakib Al Hasan,Tamim Iqbal,PJ Cummins,0,0,"",""
ball,1,29.1,Bangladesh,Tamim Iqbal,Shakib Al Hasan,TM Head,6,0,"",""
ball,1,29.2,Bangladesh,Tamim Iqbal,Shakib Al Hasan,TM Head,6,0,"",""
ball,1,29.3,Bangladesh,Tamim Iqbal,Shakib Al Hasan,TM Head,0,0,"",""
ball,1,29.4,Bangladesh,Tamim Iqbal,Shakib Al Hasan,TM Head,1,0,"",""
ball,1,29.5,Bangladesh,Shakib Al Hasan,Tamim Iqbal,TM Head,0,0,lbw,Shakib Al Hasan
ball,1,29.6,Bangladesh,Sabbir Rahman,Tamim Iqbal,TM Head,2,0,"",""
ball,1,30.1,Bangladesh,Tamim Iqbal,Sabbir Rahman,PJ Cummins,1,0,"",""
ball,1,30.2,Bangladesh,Sabbir Rahman,Tamim Iqbal,PJ Cummins,0,0,"",""
ball,1,30.3,Bangladesh,Sabbir Rahman,Tamim Iqbal,PJ Cummins,1,0,"",""
ball,1,30.4,Bangladesh,Tamim Iqbal,Sabbir Rahman,PJ Cummins,1,0,"",""
ball,1,30.5,Bangladesh,Sabbir Rahman,Tamim Iqbal,PJ Cummins,0,0,"",""
ball,1,30.6,Bangladesh,Sabbir Rahman,Tamim Iqbal,PJ Cummins,0,0,"",""
ball,1,31.1,Bangladesh,Tamim Iqbal,Sabbir Rahman,JR Hazlewood,1,0,"",""
ball,1,31.2,Bangladesh,Sabbir Rahman,Tamim Iqbal,JR Hazlewood,0,0,"",""
ball,1,31.3,Bangladesh,Sabbir Rahman,Tamim Iqbal,JR Hazlewood,0,0,"",""
ball,1,31.4,Bangladesh,Sabbir Rahman,Tamim Iqbal,JR Hazlewood,1,0,"",""
ball,1,31.5,Bangladesh,Tamim Iqbal,Sabbir Rahman,JR Hazlewood,0,0,"",""
ball,1,31.6,Bangladesh,Tamim Iqbal,Sabbir Rahman,JR Hazlewood,0,1,"",""
ball,1,32.1,Bangladesh,Tamim Iqbal,Sabbir Rahman,PJ Cummins,0,0,"",""
ball,1,32.2,Bangladesh,Tamim Iqbal,Sabbir Rahman,PJ Cummins,4,0,"",""
ball,1,32.3,Bangladesh,Tamim Iqbal,Sabbir Rahman,PJ Cummins,0,0,"",""
ball,1,32.4,Bangladesh,Tamim Iqbal,Sabbir Rahman,PJ Cummins,1,0,"",""
ball,1,32.5,Bangladesh,Sabbir Rahman,Tamim Iqbal,PJ Cummins,1,0,"",""
ball,1,32.6,Bangladesh,Tamim Iqbal,Sabbir Rahman,PJ Cummins,0,0,"",""
ball,1,33.1,Bangladesh,Sabbir Rahman,Tamim Iqbal,JR Hazlewood,1,0,"",""
ball,1,33.2,Bangladesh,Tamim Iqbal,Sabbir Rahman,JR Hazlewood,0,0,"",""
ball,1,33.3,Bangladesh,Tamim Iqbal,Sabbir Rahman,JR Hazlewood,1,0,"",""
ball,1,33.4,Bangladesh,Sabbir Rahman,Tamim Iqbal,JR Hazlewood,1,0,"",""
ball,1,33.5,Bangladesh,Tamim Iqbal,Sabbir Rahman,JR Hazlewood,1,0,"",""
ball,1,33.6,Bangladesh,Sabbir Rahman,Tamim Iqbal,JR Hazlewood,1,0,"",""
ball,1,34.1,Bangladesh,Sabbir Rahman,Tamim Iqbal,A Zampa,0,0,"",""
ball,1,34.2,Bangladesh,Sabbir Rahman,Tamim Iqbal,A Zampa,0,0,caught,Sabbir Rahman
ball,1,34.3,Bangladesh,Mahmudullah,Tamim Iqbal,A Zampa,0,0,"",""
ball,1,34.4,Bangladesh,Mahmudullah,Tamim Iqbal,A Zampa,0,0,"",""
ball,1,34.5,Bangladesh,Mahmudullah,Tamim Iqbal,A Zampa,0,0,"",""
ball,1,34.6,Bangladesh,Mahmudullah,Tamim Iqbal,A Zampa,0,0,"",""
ball,1,35.1,Bangladesh,Tamim Iqbal,Mahmudullah,GJ Maxwell,1,0,"",""
ball,1,35.2,Bangladesh,Mahmudullah,Tamim Iqbal,GJ Maxwell,1,0,"",""
ball,1,35.3,Bangladesh,Tamim Iqbal,Mahmudullah,GJ Maxwell,1,0,"",""
ball,1,35.4,Bangladesh,Mahmudullah,Tamim Iqbal,GJ Maxwell,6,0,"",""
ball,1,35.5,Bangladesh,Mahmudullah,Tamim Iqbal,GJ Maxwell,0,0,"",""
ball,1,35.6,Bangladesh,Mahmudullah,Tamim Iqbal,GJ Maxwell,0,0,"",""
ball,1,36.1,Bangladesh,Tamim Iqbal,Mahmudullah,A Zampa,1,0,"",""
ball,1,36.2,Bangladesh,Mahmudullah,Tamim Iqbal,A Zampa,1,0,"",""
ball,1,36.3,Bangladesh,Tamim Iqbal,Mahmudullah,A Zampa,0,0,"",""
ball,1,36.4,Bangladesh,Tamim Iqbal,Mahmudullah,A Zampa,1,0,"",""
ball,1,36.5,Bangladesh,Mahmudullah,Tamim Iqbal,A Zampa,0,0,"",""
ball,1,36.6,Bangladesh,Mahmudullah,Tamim Iqbal,A Zampa,0,0,bowled,Mahmudullah
ball,1,37.1,Bangladesh,Tamim Iqbal,Mehedi Hasan Miraz,JR Hazlewood,1,0,"",""
ball,1,37.2,Bangladesh,Mehedi Hasan Miraz,Tamim Iqbal,JR Hazlewood,0,0,"",""
ball,1,37.3,Bangladesh,Mehedi Hasan Miraz,Tamim Iqbal,JR Hazlewood,1,0,"",""
ball,1,37.4,Bangladesh,Tamim Iqbal,Mehedi Hasan Miraz,JR Hazlewood,2,0,"",""
ball,1,37.5,Bangladesh,Tamim Iqbal,Mehedi Hasan Miraz,JR Hazlewood,1,0,"",""
ball,1,37.6,Bangladesh,Mehedi Hasan Miraz,Tamim Iqbal,JR Hazlewood,1,0,"",""
ball,1,38.1,Bangladesh,Mehedi Hasan Miraz,Tamim Iqbal,A Zampa,0,0,"",""
ball,1,38.2,Bangladesh,Mehedi Hasan Miraz,Tamim Iqbal,A Zampa,0,0,"",""
ball,1,38.3,Bangladesh,Mehedi Hasan Miraz,Tamim Iqbal,A Zampa,1,0,"",""
ball,1,38.4,Bangladesh,Tamim Iqbal,Mehedi Hasan Miraz,A Zampa,1,0,"",""
ball,1,38.5,Bangladesh,Mehedi Hasan Miraz,Tamim Iqbal,A Zampa,4,0,"",""
ball,1,38.6,Bangladesh,Mehedi Hasan Miraz,Tamim Iqbal,A Zampa,0,0,"",""
ball,1,39.1,Bangladesh,Tamim Iqbal,Mehedi Hasan Miraz,JR Hazlewood,2,0,"",""
ball,1,39.2,Bangladesh,Tamim Iqbal,Mehedi Hasan Miraz,JR Hazlewood,1,0,"",""
ball,1,39.3,Bangladesh,Mehedi Hasan Miraz,Tamim Iqbal,JR Hazlewood,0,0,"",""
ball,1,39.4,Bangladesh,Mehedi Hasan Miraz,Tamim Iqbal,JR Hazlewood,1,0,"",""
ball,1,39.5,Bangladesh,Tamim Iqbal,Mehedi Hasan Miraz,JR Hazlewood,1,0,"",""
ball,1,39.6,Bangladesh,Mehedi Hasan Miraz,Tamim Iqbal,JR Hazlewood,1,0,"",""
ball,1,40.1,Bangladesh,Mehedi Hasan Miraz,Tamim Iqbal,MA Starc,0,0,"",""
ball,1,40.2,Bangladesh,Mehedi Hasan Miraz,Tamim Iqbal,MA Starc,1,0,"",""
ball,1,40.3,Bangladesh,Tamim Iqbal,Mehedi Hasan Miraz,MA Starc,0,0,"",""
ball,1,40.4,Bangladesh,Tamim Iqbal,Mehedi Hasan Miraz,MA Starc,2,0,"",""
ball,1,40.5,Bangladesh,Tamim Iqbal,Mehedi Hasan Miraz,MA Starc,0,1,"",""
ball,1,40.6,Bangladesh,Tamim Iqbal,Mehedi Hasan Miraz,MA Starc,1,0,"",""
ball,1,40.7,Bangladesh,Mehedi Hasan Miraz,Tamim Iqbal,MA Starc,1,0,"",""
ball,1,41.1,Bangladesh,Mehedi Hasan Miraz,Tamim Iqbal,A Zampa,0,0,"",""
ball,1,41.2,Bangladesh,Mehedi Hasan Miraz,Tamim Iqbal,A Zampa,0,0,"",""
ball,1,41.3,Bangladesh,Mehedi Hasan Miraz,Tamim Iqbal,A Zampa,1,0,"",""
ball,1,41.4,Bangladesh,Tamim Iqbal,Mehedi Hasan Miraz,A Zampa,1,0,"",""
ball,1,41.5,Bangladesh,Mehedi Hasan Miraz,Tamim Iqbal,A Zampa,2,0,"",""
ball,1,41.6,Bangladesh,Mehedi Hasan Miraz,Tamim Iqbal,A Zampa,0,0,"",""
ball,1,42.1,Bangladesh,Tamim Iqbal,Mehedi Hasan Miraz,MA Starc,0,0,caught,Tamim Iqbal
ball,1,42.2,Bangladesh,Mashrafe Mortaza,Mehedi Hasan Miraz,MA Starc,0,0,"",""
ball,1,42.3,Bangladesh,Mashrafe Mortaza,Mehedi Hasan Miraz,MA Starc,0,0,bowled,Mashrafe Mortaza
ball,1,42.4,Bangladesh,Rubel Hossain,Mehedi Hasan Miraz,MA Starc,0,0,bowled,Rubel Hossain
ball,1,42.5,Bangladesh,Mustafizur Rahman,Mehedi Hasan Miraz,MA Starc,0,0,"",""
ball,1,42.6,Bangladesh,Mustafizur Rahman,Mehedi Hasan Miraz,MA Starc,0,0,"",""
ball,1,43.1,Bangladesh,Mehedi Hasan Miraz,Mustafizur Rahman,PJ Cummins,0,0,"",""
ball,1,43.2,Bangladesh,Mehedi Hasan Miraz,Mustafizur Rahman,PJ Cummins,0,0,"",""
ball,1,43.3,Bangladesh,Mehedi Hasan Miraz,Mustafizur Rahman,PJ Cummins,0,0,"",""
ball,1,43.4,Bangladesh,Mehedi Hasan Miraz,Mustafizur Rahman,PJ Cummins,0,0,"",""
ball,1,43.5,Bangladesh,Mehedi Hasan Miraz,Mustafizur Rahman,PJ Cummins,0,0,"",""
ball,1,43.6,Bangladesh,Mehedi Hasan Miraz,Mustafizur Rahman,PJ Cummins,0,0,"",""
ball,1,44.1,Bangladesh,Mustafizur Rahman,Mehedi Hasan Miraz,MA Starc,0,0,"",""
ball,1,44.2,Bangladesh,Mustafizur Rahman,Mehedi Hasan Miraz,MA Starc,1,0,"",""
ball,1,44.3,Bangladesh,Mehedi Hasan Miraz,Mustafizur Rahman,MA Starc,0,0,bowled,Mehedi Hasan Miraz
ball,2,0.1,Australia,DA Warner,AJ Finch,Mustafizur Rahman,0,0,"",""
ball,2,0.2,Australia,DA Warner,AJ Finch,Mustafizur Rahman,0,0,"",""
ball,2,0.3,Australia,DA Warner,AJ Finch,Mustafizur Rahman,0,0,"",""
ball,2,0.4,Australia,DA Warner,AJ Finch,Mustafizur Rahman,0,0,"",""
ball,2,0.5,Australia,DA Warner,AJ Finch,Mustafizur Rahman,4,0,"",""
ball,2,0.6,Australia,DA Warner,AJ Finch,Mustafizur Rahman,3,0,"",""
ball,2,1.1,Australia,DA Warner,AJ Finch,Mashrafe Mortaza,1,0,"",""
ball,2,1.2,Australia,AJ Finch,DA Warner,Mashrafe Mortaza,0,0,"",""
ball,2,1.3,Australia,AJ Finch,DA Warner,Mashrafe Mortaza,0,0,"",""
ball,2,1.4,Australia,AJ Finch,DA Warner,Mashrafe Mortaza,0,0,"",""
ball,2,1.5,Australia,AJ Finch,DA Warner,Mashrafe Mortaza,0,0,"",""
ball,2,1.6,Australia,AJ Finch,DA Warner,Mashrafe Mortaza,0,0,"",""
ball,2,2.1,Australia,DA Warner,AJ Finch,Mustafizur Rahman,0,1,"",""
ball,2,2.2,Australia,AJ Finch,DA Warner,Mustafizur Rahman,0,0,"",""
ball,2,2.3,Australia,AJ Finch,DA Warner,Mustafizur Rahman,4,0,"",""
ball,2,2.4,Australia,AJ Finch,DA Warner,Mustafizur Rahman,0,0,"",""
ball,2,2.5,Australia,AJ Finch,DA Warner,Mustafizur Rahman,0,0,"",""
ball,2,2.6,Australia,AJ Finch,DA Warner,Mustafizur Rahman,0,0,"",""
ball,2,3.1,Australia,DA Warner,AJ Finch,Mashrafe Mortaza,1,0,"",""
ball,2,3.2,Australia,AJ Finch,DA Warner,Mashrafe Mortaza,4,0,"",""
ball,2,3.3,Australia,AJ Finch,DA Warner,Mashrafe Mortaza,0,0,"",""
ball,2,3.4,Australia,AJ Finch,DA Warner,Mashrafe Mortaza,0,0,"",""
ball,2,3.5,Australia,AJ Finch,DA Warner,Mashrafe Mortaza,2,0,"",""
ball,2,3.6,Australia,AJ Finch,DA Warner,Mashrafe Mortaza,1,0,"",""
ball,2,4.1,Australia,AJ Finch,DA Warner,Mustafizur Rahman,0,0,"",""
ball,2,4.2,Australia,AJ Finch,DA Warner,Mustafizur Rahman,1,0,"",""
ball,2,4.3,Australia,DA Warner,AJ Finch,Mustafizur Rahman,4,0,"",""
ball,2,4.4,Australia,DA Warner,AJ Finch,Mustafizur Rahman,0,0,"",""
ball,2,4.5,Australia,DA Warner,AJ Finch,Mustafizur Rahman,0,0,"",""
ball,2,4.6,Australia,DA Warner,AJ Finch,Mustafizur Rahman,2,0,"",""
ball,2,5.1,Australia,AJ Finch,DA Warner,Mashrafe Mortaza,1,0,"",""
ball,2,5.2,Australia,DA Warner,AJ Finch,Mashrafe Mortaza,4,0,"",""
ball,2,5.3,Australia,DA Warner,AJ Finch,Mashrafe Mortaza,1,0,"",""
ball,2,5.4,Australia,AJ Finch,DA Warner,Mashrafe Mortaza,1,0,"",""
ball,2,5.5,Australia,DA Warner,AJ Finch,Mashrafe Mortaza,1,0,"",""
ball,2,5.6,Australia,AJ Finch,DA Warner,Mashrafe Mortaza,0,1,"",""
ball,2,5.7,Australia,AJ Finch,DA Warner,Mashrafe Mortaza,0,0,"",""
ball,2,6.1,Australia,DA Warner,AJ Finch,Mustafizur Rahman,1,0,"",""
ball,2,6.2,Australia,AJ Finch,DA Warner,Mustafizur Rahman,0,0,"",""
ball,2,6.3,Australia,AJ Finch,DA Warner,Mustafizur Rahman,0,0,"",""
ball,2,6.4,Australia,AJ Finch,DA Warner,Mustafizur Rahman,1,0,"",""
ball,2,6.5,Australia,DA Warner,AJ Finch,Mustafizur Rahman,1,0,"",""
ball,2,6.6,Australia,AJ Finch,DA Warner,Mustafizur Rahman,0,0,"",""
ball,2,7.1,Australia,DA Warner,AJ Finch,Rubel Hossain,0,0,"",""
ball,2,7.2,Australia,DA Warner,AJ Finch,Rubel Hossain,1,0,"",""
ball,2,7.3,Australia,AJ Finch,DA Warner,Rubel Hossain,0,0,"",""
ball,2,7.4,Australia,AJ Finch,DA Warner,Rubel Hossain,4,0,"",""
ball,2,7.5,Australia,AJ Finch,DA Warner,Rubel Hossain,0,0,lbw,AJ Finch
ball,2,7.6,Australia,SPD Smith,DA Warner,Rubel Hossain,3,0,"",""
ball,2,8.1,Australia,SPD Smith,DA Warner,Mustafizur Rahman,0,0,"",""
ball,2,8.2,Australia,SPD Smith,DA Warner,Mustafizur Rahman,0,0,"",""
ball,2,8.3,Australia,SPD Smith,DA Warner,Mustafizur Rahman,4,0,"",""
ball,2,8.4,Australia,SPD Smith,DA Warner,Mustafizur Rahman,2,0,"",""
ball,2,8.5,Australia,SPD Smith,DA Warner,Mustafizur Rahman,0,0,"",""
ball,2,8.6,Australia,SPD Smith,DA Warner,Mustafizur Rahman,0,0,"",""
ball,2,9.1,Australia,DA Warner,SPD Smith,Rubel Hossain,1,0,"",""
ball,2,9.2,Australia,SPD Smith,DA Warner,Rubel Hossain,1,0,"",""
ball,2,9.3,Australia,DA Warner,SPD Smith,Rubel Hossain,0,0,"",""
ball,2,9.4,Australia,DA Warner,SPD Smith,Rubel Hossain,0,0,"",""
ball,2,9.5,Australia,DA Warner,SPD Smith,Rubel Hossain,0,0,"",""
ball,2,9.6,Australia,DA Warner,SPD Smith,Rubel Hossain,1,0,"",""
ball,2,10.1,Australia,DA Warner,SPD Smith,Mehedi Hasan Miraz,1,0,"",""
ball,2,10.2,Australia,SPD Smith,DA Warner,Mehedi Hasan Miraz,1,0,"",""
ball,2,10.3,Australia,DA Warner,SPD Smith,Mehedi Hasan Miraz,1,0,"",""
ball,2,10.4,Australia,SPD Smith,DA Warner,Mehedi Hasan Miraz,1,0,"",""
ball,2,10.5,Australia,DA Warner,SPD Smith,Mehedi Hasan Miraz,0,0,"",""
ball,2,10.6,Australia,DA Warner,SPD Smith,Mehedi Hasan Miraz,0,0,"",""
ball,2,11.1,Australia,SPD Smith,DA Warner,Mashrafe Mortaza,2,0,"",""
ball,2,11.2,Australia,SPD Smith,DA Warner,Mashrafe Mortaza,1,0,"",""
ball,2,11.3,Australia,DA Warner,SPD Smith,Mashrafe Mortaza,0,0,"",""
ball,2,11.4,Australia,DA Warner,SPD Smith,Mashrafe Mortaza,1,0,"",""
ball,2,11.5,Australia,SPD Smith,DA Warner,Mashrafe Mortaza,1,0,"",""
ball,2,11.6,Australia,DA Warner,SPD Smith,Mashrafe Mortaza,1,0,"",""
ball,2,12.1,Australia,DA Warner,SPD Smith,Rubel Hossain,2,0,"",""
ball,2,12.2,Australia,DA Warner,SPD Smith,Rubel Hossain,2,0,"",""
ball,2,12.3,Australia,DA Warner,SPD Smith,Rubel Hossain,1,0,"",""
ball,2,12.4,Australia,SPD Smith,DA Warner,Rubel Hossain,2,0,"",""
ball,2,12.5,Australia,SPD Smith,DA Warner,Rubel Hossain,1,0,"",""
ball,2,12.6,Australia,DA Warner,SPD Smith,Rubel Hossain,0,0,"",""
ball,2,13.1,Australia,SPD Smith,DA Warner,Mashrafe Mortaza,0,0,"",""
ball,2,13.2,Australia,SPD Smith,DA Warner,Mashrafe Mortaza,1,0,"",""
ball,2,13.3,Australia,DA Warner,SPD Smith,Mashrafe Mortaza,0,0,"",""
ball,2,13.4,Australia,DA Warner,SPD Smith,Mashrafe Mortaza,2,0,"",""
ball,2,13.5,Australia,DA Warner,SPD Smith,Mashrafe Mortaza,1,0,"",""
ball,2,13.6,Australia,SPD Smith,DA Warner,Mashrafe Mortaza,1,0,"",""
ball,2,14.1,Australia,SPD Smith,DA Warner,Rubel Hossain,0,0,"",""
ball,2,14.2,Australia,SPD Smith,DA Warner,Rubel Hossain,1,0,"",""
ball,2,14.3,Australia,DA Warner,SPD Smith,Rubel Hossain,0,0,"",""
ball,2,14.4,Australia,DA Warner,SPD Smith,Rubel Hossain,0,0,"",""
ball,2,14.5,Australia,DA Warner,SPD Smith,Rubel Hossain,0,0,"",""
ball,2,14.6,Australia,DA Warner,SPD Smith,Rubel Hossain,1,0,"",""
ball,2,15.1,Australia,DA Warner,SPD Smith,Mashrafe Mortaza,1,0,"",""
ball,2,15.2,Australia,SPD Smith,DA Warner,Mashrafe Mortaza,0,0,"",""
ball,2,15.3,Australia,SPD Smith,DA Warner,Mashrafe Mortaza,0,0,"",""
ball,2,15.4,Australia,SPD Smith,DA Warner,Mashrafe Mortaza,0,0,"",""
ball,2,15.5,Australia,SPD Smith,DA Warner,Mashrafe Mortaza,0,0,"",""
ball,2,15.6,Australia,SPD Smith,DA Warner,Mashrafe Mortaza,0,0,"",""
