version,1.3.0
info,team,England
info,team,Ireland
info,gender,male
info,season,2017
info,date,2017/05/07
info,series,Ireland in England ODI Series
info,match_number,2
info,venue,Lord's
info,city,London
info,toss_winner,Ireland
info,toss_decision,field
info,player_of_match,JE Root
info,umpire,PR Reiffel
info,umpire,RT Robinson
info,reserve_umpire,RJ Bailey
info,tv_umpire,Aleem Dar
info,match_referee,RS Madugalle
info,winner,England
info,winner_runs,85
ball,1,0.1,England,JJ Roy,AD Hales,TJ Murtagh,0,0,"",""
ball,1,0.2,England,JJ Roy,AD Hales,TJ Murtagh,0,0,"",""
ball,1,0.3,England,JJ Roy,AD Hales,TJ Murtagh,0,0,"",""
ball,1,0.4,England,JJ Roy,AD Hales,TJ Murtagh,4,0,"",""
ball,1,0.5,England,JJ Roy,AD Hales,TJ Murtagh,0,0,"",""
ball,1,0.6,England,JJ Roy,AD Hales,TJ Murtagh,0,0,"",""
ball,1,1.1,England,AD Hales,JJ Roy,PKD Chase,0,0,"",""
ball,1,1.2,England,AD Hales,JJ Roy,PKD Chase,0,1,"",""
ball,1,1.3,England,AD Hales,JJ Roy,PKD Chase,4,0,"",""
ball,1,1.4,England,AD Hales,JJ Roy,PKD Chase,0,0,"",""
ball,1,1.5,England,AD Hales,JJ Roy,PKD Chase,0,0,"",""
ball,1,1.6,England,AD Hales,JJ Roy,PKD Chase,0,0,"",""
ball,1,1.7,England,AD Hales,JJ Roy,PKD Chase,4,0,"",""
ball,1,2.1,England,JJ Roy,AD Hales,TJ Murtagh,0,0,"",""
ball,1,2.2,England,JJ Roy,AD Hales,TJ Murtagh,1,0,"",""
ball,1,2.3,England,AD Hales,JJ Roy,TJ Murtagh,0,0,"",""
ball,1,2.4,England,AD Hales,JJ Roy,TJ Murtagh,0,0,"",""
ball,1,2.5,England,AD Hales,JJ Roy,TJ Murtagh,0,0,"",""
ball,1,2.6,England,AD Hales,JJ Roy,TJ Murtagh,0,0,"",""
ball,1,3.1,England,JJ Roy,AD Hales,PKD Chase,1,0,"",""
ball,1,3.2,England,AD Hales,JJ Roy,PKD Chase,4,0,"",""
ball,1,3.3,England,AD Hales,JJ Roy,PKD Chase,3,0,"",""
ball,1,3.4,England,JJ Roy,AD Hales,PKD Chase,0,0,"",""
ball,1,3.5,England,JJ Roy,AD Hales,PKD Chase,0,0,"",""
ball,1,3.6,England,JJ Roy,AD Hales,PKD Chase,0,0,"",""
ball,1,4.1,England,AD Hales,JJ Roy,TJ Murtagh,1,0,"",""
ball,1,4.2,England,JJ Roy,AD Hales,TJ Murtagh,1,0,"",""
ball,1,4.3,England,AD Hales,JJ Roy,TJ Murtagh,0,0,"",""
ball,1,4.4,England,AD Hales,JJ Roy,TJ Murtagh,0,0,"",""
ball,1,4.5,England,AD Hales,JJ Roy,TJ Murtagh,0,0,"",""
ball,1,4.6,England,AD Hales,JJ Roy,TJ Murtagh,0,0,"",""
ball,1,5.1,England,JJ Roy,AD Hales,PKD Chase,0,0,"",""
ball,1,5.2,England,JJ Roy,AD Hales,PKD Chase,0,1,"",""
ball,1,5.3,England,JJ Roy,AD Hales,PKD Chase,0,0,"",""
ball,1,5.4,England,JJ Roy,AD Hales,PKD Chase,0,0,"",""
ball,1,5.5,England,JJ Roy,AD Hales,PKD Chase,4,0,"",""
ball,1,5.6,England,JJ Roy,AD Hales,PKD Chase,0,0,"",""
ball,1,5.7,England,JJ Roy,AD Hales,PKD Chase,2,0,"",""
ball,1,6.1,England,AD Hales,JJ Roy,TJ Murtagh,2,0,"",""
ball,1,6.2,England,AD Hales,JJ Roy,TJ Murtagh,0,0,"",""
ball,1,6.3,England,AD Hales,JJ Roy,TJ Murtagh,0,0,"",""
ball,1,6.4,England,AD Hales,JJ Roy,TJ Murtagh,1,0,"",""
ball,1,6.5,England,JJ Roy,AD Hales,TJ Murtagh,0,0,"",""
ball,1,6.6,England,JJ Roy,AD Hales,TJ Murtagh,0,0,"",""
ball,1,7.1,England,AD Hales,JJ Roy,PKD Chase,4,0,"",""
ball,1,7.2,England,AD Hales,JJ Roy,PKD Chase,0,0,"",""
ball,1,7.3,England,AD Hales,JJ Roy,PKD Chase,4,0,"",""
ball,1,7.4,England,AD Hales,JJ Roy,PKD Chase,0,0,"",""
ball,1,7.5,England,AD Hales,JJ Roy,PKD Chase,0,0,"",""
ball,1,7.6,England,AD Hales,JJ Roy,PKD Chase,0,0,"",""
ball,1,8.1,England,JJ Roy,AD Hales,TJ Murtagh,2,0,"",""
ball,1,8.2,England,JJ Roy,AD Hales,TJ Murtagh,0,0,"",""
ball,1,8.3,England,JJ Roy,AD Hales,TJ Murtagh,0,0,"",""
ball,1,8.4,England,JJ Roy,AD Hales,TJ Murtagh,0,0,"",""
ball,1,8.5,England,JJ Roy,AD Hales,TJ Murtagh,0,0,"",""
ball,1,8.6,England,JJ Roy,AD Hales,TJ Murtagh,0,0,"",""
ball,1,9.1,England,AD Hales,JJ Roy,KJ O'Brien,0,0,"",""
ball,1,9.2,England,AD Hales,JJ Roy,KJ O'Brien,0,0,"",""
ball,1,9.3,England,AD Hales,JJ Roy,KJ O'Brien,0,0,"",""
ball,1,9.4,England,AD Hales,JJ Roy,KJ O'Brien,1,0,"",""
ball,1,9.5,England,JJ Roy,AD Hales,KJ O'Brien,0,0,"",""
ball,1,9.6,England,JJ Roy,AD Hales,KJ O'Brien,0,0,"",""
ball,1,10.1,England,AD Hales,JJ Roy,TJ Murtagh,0,0,"",""
ball,1,10.2,England,AD Hales,JJ Roy,TJ Murtagh,0,0,"",""
ball,1,10.3,England,AD Hales,JJ Roy,TJ Murtagh,4,0,"",""
ball,1,10.4,England,AD Hales,JJ Roy,TJ Murtagh,0,0,bowled,AD Hales
ball,1,10.5,England,JE Root,JJ Roy,TJ Murtagh,0,0,"",""
ball,1,10.6,England,JE Root,JJ Roy,TJ Murtagh,0,0,"",""
ball,1,11.1,England,JJ Roy,JE Root,KJ O'Brien,4,0,"",""
ball,1,11.2,England,JJ Roy,JE Root,KJ O'Brien,0,0,"",""
ball,1,11.3,England,JJ Roy,JE Root,KJ O'Brien,1,0,"",""
ball,1,11.4,England,JE Root,JJ Roy,KJ O'Brien,0,0,"",""
ball,1,11.5,England,JE Root,JJ Roy,KJ O'Brien,0,0,"",""
ball,1,11.6,England,JE Root,JJ Roy,KJ O'Brien,1,0,"",""
ball,1,12.1,England,JE Root,JJ Roy,BJ McCarthy,0,0,"",""
ball,1,12.2,England,JE Root,JJ Roy,BJ McCarthy,4,0,"",""
ball,1,12.3,England,JE Root,JJ Roy,BJ McCarthy,1,0,"",""
ball,1,12.4,England,JJ Roy,JE Root,BJ McCarthy,0,0,caught,JJ Roy
ball,1,12.5,England,EJG Morgan,JE Root,BJ McCarthy,1,0,"",""
ball,1,12.6,England,JE Root,EJG Morgan,BJ McCarthy,2,0,"",""
ball,1,13.1,England,EJG Morgan,JE Root,KJ O'Brien,0,0,"",""
ball,1,13.2,England,EJG Morgan,JE Root,KJ O'Brien,0,0,"",""
ball,1,13.3,England,EJG Morgan,JE Root,KJ O'Brien,0,0,"",""
ball,1,13.4,England,EJG Morgan,JE Root,KJ O'Brien,6,0,"",""
ball,1,13.5,England,EJG Morgan,JE Root,KJ O'Brien,1,0,"",""
ball,1,13.6,England,JE Root,EJG Morgan,KJ O'Brien,0,0,"",""
ball,1,14.1,England,EJG Morgan,JE Root,BJ McCarthy,0,0,"",""
ball,1,14.2,England,EJG Morgan,JE Root,BJ McCarthy,0,0,"",""
ball,1,14.3,England,EJG Morgan,JE Root,BJ McCarthy,1,0,"",""
ball,1,14.4,England,JE Root,EJG Morgan,BJ McCarthy,0,0,"",""
ball,1,14.5,England,JE Root,EJG Morgan,BJ McCarthy,1,0,"",""
ball,1,14.6,England,EJG Morgan,JE Root,BJ McCarthy,1,0,"",""
ball,1,15.1,England,EJG Morgan,JE Root,KJ O'Brien,2,0,"",""
ball,1,15.2,England,EJG Morgan,JE Root,KJ O'Brien,0,0,"",""
ball,1,15.3,England,EJG Morgan,JE Root,KJ O'Brien,0,0,"",""
ball,1,15.4,England,EJG Morgan,JE Root,KJ O'Brien,1,0,"",""
ball,1,15.5,England,JE Root,EJG Morgan,KJ O'Brien,1,0,"",""
ball,1,15.6,England,EJG Morgan,JE Root,KJ O'Brien,4,0,"",""
ball,1,16.1,England,JE Root,EJG Morgan,GH Dockrell,0,0,"",""
ball,1,16.2,England,JE Root,EJG Morgan,GH Dockrell,2,0,"",""
ball,1,16.3,England,JE Root,EJG Morgan,GH Dockrell,2,0,"",""
ball,1,16.4,England,JE Root,EJG Morgan,GH Dockrell,1,0,"",""
ball,1,16.5,England,EJG Morgan,JE Root,GH Dockrell,1,0,"",""
ball,1,16.6,England,JE Root,EJG Morgan,GH Dockrell,0,0,"",""
ball,1,17.1,England,EJG Morgan,JE Root,BJ McCarthy,1,0,"",""
ball,1,17.2,England,JE Root,EJG Morgan,BJ McCarthy,1,0,"",""
ball,1,17.3,England,EJG Morgan,JE Root,BJ McCarthy,4,0,"",""
ball,1,17.4,England,EJG Morgan,JE Root,BJ McCarthy,0,0,"",""
ball,1,17.5,England,EJG Morgan,JE Root,BJ McCarthy,1,0,"",""
ball,1,17.6,England,JE Root,EJG Morgan,BJ McCarthy,0,0,"",""
ball,1,18.1,England,EJG Morgan,JE Root,GH Dockrell,0,0,"",""
ball,1,18.2,England,EJG Morgan,JE Root,GH Dockrell,1,0,"",""
ball,1,18.3,England,JE Root,EJG Morgan,GH Dockrell,1,0,"",""
ball,1,18.4,England,EJG Morgan,JE Root,GH Dockrell,6,0,"",""
ball,1,18.5,England,EJG Morgan,JE Root,GH Dockrell,0,0,"",""
ball,1,18.6,England,EJG Morgan,JE Root,GH Dockrell,1,0,"",""
ball,1,19.1,England,EJG Morgan,JE Root,BJ McCarthy,0,0,"",""
ball,1,19.2,England,EJG Morgan,JE Root,BJ McCarthy,1,0,"",""
ball,1,19.3,England,JE Root,EJG Morgan,BJ McCarthy,0,0,"",""
ball,1,19.4,England,JE Root,EJG Morgan,BJ McCarthy,0,0,"",""
ball,1,19.5,England,JE Root,EJG Morgan,BJ McCarthy,2,0,"",""
ball,1,19.6,England,JE Root,EJG Morgan,BJ McCarthy,0,1,"",""
ball,1,20.1,England,JE Root,EJG Morgan,GH Dockrell,4,0,"",""
ball,1,20.2,England,JE Root,EJG Morgan,GH Dockrell,1,0,"",""
ball,1,20.3,England,EJG Morgan,JE Root,GH Dockrell,1,0,"",""
ball,1,20.4,England,JE Root,EJG Morgan,GH Dockrell,1,0,"",""
ball,1,20.5,England,EJG Morgan,JE Root,GH Dockrell,1,0,"",""
ball,1,20.6,England,JE Root,EJG Morgan,GH Dockrell,1,0,"",""
ball,1,21.1,England,JE Root,EJG Morgan,BJ McCarthy,0,0,"",""
ball,1,21.2,England,JE Root,EJG Morgan,BJ McCarthy,0,0,"",""
ball,1,21.3,England,JE Root,EJG Morgan,BJ McCarthy,0,0,"",""
ball,1,21.4,England,JE Root,EJG Morgan,BJ McCarthy,2,0,"",""
ball,1,21.5,England,JE Root,EJG Morgan,BJ McCarthy,0,0,"",""
ball,1,21.6,England,JE Root,EJG Morgan,BJ McCarthy,0,0,"",""
ball,1,22.1,England,EJG Morgan,JE Root,PKD Chase,1,0,"",""
ball,1,22.2,England,JE Root,EJG Morgan,PKD Chase,0,0,"",""
ball,1,22.3,England,JE Root,EJG Morgan,PKD Chase,0,0,"",""
ball,1,22.4,England,JE Root,EJG Morgan,PKD Chase,1,0,"",""
ball,1,22.5,England,EJG Morgan,JE Root,PKD Chase,0,0,"",""
ball,1,22.6,England,EJG Morgan,JE Root,PKD Chase,1,0,"",""
ball,1,23.1,England,EJG Morgan,JE Root,PR Stirling,0,0,"",""
ball,1,23.2,England,EJG Morgan,JE Root,PR Stirling,1,0,"",""
ball,1,23.3,England,JE Root,EJG Morgan,PR Stirling,1,0,"",""
ball,1,23.4,England,EJG Morgan,JE Root,PR Stirling,1,0,"",""
ball,1,23.5,England,JE Root,EJG Morgan,PR Stirling,1,0,"",""
ball,1,23.6,England,EJG Morgan,JE Root,PR Stirling,0,0,"",""
ball,1,24.1,England,JE Root,EJG Morgan,PKD Chase,1,0,"",""
ball,1,24.2,England,EJG Morgan,JE Root,PKD Chase,1,0,"",""
ball,1,24.3,England,JE Root,EJG Morgan,PKD Chase,0,0,"",""
ball,1,24.4,England,JE Root,EJG Morgan,PKD Chase,0,0,"",""
ball,1,24.5,England,JE Root,EJG Morgan,PKD Chase,0,0,"",""
ball,1,24.6,England,JE Root,EJG Morgan,PKD Chase,4,0,"",""
ball,1,25.1,England,EJG Morgan,JE Root,PR Stirling,1,0,"",""
ball,1,25.2,England,JE Root,EJG Morgan,PR Stirling,1,0,"",""
ball,1,25.3,England,EJG Morgan,JE Root,PR Stirling,2,0,"",""
ball,1,25.4,England,EJG Morgan,JE Root,PR Stirling,0,0,"",""
ball,1,25.5,England,EJG Morgan,JE Root,PR Stirling,1,0,"",""
ball,1,25.6,England,JE Root,EJG Morgan,PR Stirling,2,0,"",""
ball,1,26.1,England,EJG Morgan,JE Root,GH Dockrell,0,0,"",""
ball,1,26.2,England,EJG Morgan,JE Root,GH Dockrell,1,0,"",""
ball,1,26.3,England,JE Root,EJG Morgan,GH Dockrell,1,0,"",""
ball,1,26.4,England,EJG Morgan,JE Root,GH Dockrell,1,0,"",""
ball,1,26.5,England,JE Root,EJG Morgan,GH Dockrell,4,0,"",""
ball,1,26.6,England,JE Root,EJG Morgan,GH Dockrell,0,0,"",""
ball,1,27.1,England,EJG Morgan,JE Root,KJ O'Brien,1,0,"",""
ball,1,27.2,England,JE Root,EJG Morgan,KJ O'Brien,0,0,"",""
ball,1,27.3,England,JE Root,EJG Morgan,KJ O'Brien,0,0,"",""
ball,1,27.4,England,JE Root,EJG Morgan,KJ O'Brien,0,0,"",""
ball,1,27.5,England,JE Root,EJG Morgan,KJ O'Brien,0,0,"",""
ball,1,27.6,England,JE Root,EJG Morgan,KJ O'Brien,4,0,"",""
ball,1,28.1,England,EJG Morgan,JE Root,GH Dockrell,1,0,"",""
ball,1,28.2,England,JE Root,EJG Morgan,GH Dockrell,1,0,"",""
ball,1,28.3,England,EJG Morgan,JE Root,GH Dockrell,0,0,"",""
ball,1,28.4,England,EJG Morgan,JE Root,GH Dockrell,1,0,"",""
ball,1,28.5,England,JE Root,EJG Morgan,GH Dockrell,1,0,"",""
ball,1,28.6,England,EJG Morgan,JE Root,GH Dockrell,1,0,"",""
ball,1,29.1,England,EJG Morgan,JE Root,KJ O'Brien,0,0,"",""
ball,1,29.2,England,EJG Morgan,JE Root,KJ O'Brien,1,0,"",""
ball,1,29.3,England,JE Root,EJG Morgan,KJ O'Brien,1,0,"",""
ball,1,29.4,England,EJG Morgan,JE Root,KJ O'Brien,0,0,"",""
ball,1,29.5,England,EJG Morgan,JE Root,KJ O'Brien,4,0,"",""
ball,1,29.6,England,EJG Morgan,JE Root,KJ O'Brien,1,0,"",""
ball,1,30.1,England,EJG Morgan,JE Root,BJ McCarthy,0,0,"",""
ball,1,30.2,England,EJG Morgan,JE Root,BJ McCarthy,0,0,"",""
ball,1,30.3,England,EJG Morgan,JE Root,BJ McCarthy,2,0,"",""
ball,1,30.4,England,EJG Morgan,JE Root,BJ McCarthy,0,0,"",""
ball,1,30.5,England,EJG Morgan,JE Root,BJ McCarthy,1,0,"",""
ball,1,30.6,England,JE Root,EJG Morgan,BJ McCarthy,1,0,"",""
ball,1,31.1,England,JE Root,EJG Morgan,PR Stirling,0,0,"",""
ball,1,31.2,England,JE Root,EJG Morgan,PR Stirling,1,0,"",""
ball,1,31.3,England,EJG Morgan,JE Root,PR Stirling,0,0,"",""
ball,1,31.4,England,EJG Morgan,JE Root,PR Stirling,1,0,"",""
ball,1,31.5,England,JE Root,EJG Morgan,PR Stirling,4,0,"",""
ball,1,31.6,England,JE Root,EJG Morgan,PR Stirling,4,0,"",""
ball,1,32.1,England,EJG Morgan,JE Root,BJ McCarthy,1,0,"",""
ball,1,32.2,England,JE Root,EJG Morgan,BJ McCarthy,1,0,"",""
ball,1,32.3,England,EJG Morgan,JE Root,BJ McCarthy,0,0,"",""
ball,1,32.4,England,EJG Morgan,JE Root,BJ McCarthy,0,0,"",""
ball,1,32.5,England,EJG Morgan,JE Root,BJ McCarthy,0,0,"",""
ball,1,32.6,England,EJG Morgan,JE Root,BJ McCarthy,1,0,"",""
ball,1,33.1,England,EJG Morgan,JE Root,KJ O'Brien,1,0,"",""
ball,1,33.2,England,JE Root,EJG Morgan,KJ O'Brien,4,0,"",""
ball,1,33.3,England,JE Root,EJG Morgan,KJ O'Brien,1,0,"",""
ball,1,33.4,England,EJG Morgan,JE Root,KJ O'Brien,0,0,"",""
ball,1,33.5,England,EJG Morgan,JE Root,KJ O'Brien,4,0,"",""
ball,1,33.6,England,EJG Morgan,JE Root,KJ O'Brien,4,0,"",""
ball,1,34.1,England,JE Root,EJG Morgan,TJ Murtagh,2,0,"",""
ball,1,34.2,England,JE Root,EJG Morgan,TJ Murtagh,2,0,"",""
ball,1,34.3,England,JE Root,EJG Morgan,TJ Murtagh,1,0,"",""
ball,1,34.4,England,EJG Morgan,JE Root,TJ Murtagh,1,0,"",""
ball,1,34.5,England,JE Root,EJG Morgan,TJ Murtagh,0,0,"",""
ball,1,34.6,England,JE Root,EJG Morgan,TJ Murtagh,1,0,"",""
ball,1,35.1,England,JE Root,EJG Morgan,PKD Chase,0,0,"",""
ball,1,35.2,England,JE Root,EJG Morgan,PKD Chase,0,0,caught,JE Root
ball,1,35.3,England,JM Bairstow,EJG Morgan,PKD Chase,0,0,"",""
ball,1,35.4,England,JM Bairstow,EJG Morgan,PKD Chase,0,0,"",""
ball,1,35.5,England,JM Bairstow,EJG Morgan,PKD Chase,0,0,"",""
ball,1,35.6,England,JM Bairstow,EJG Morgan,PKD Chase,1,0,"",""
ball,1,36.1,England,JM Bairstow,EJG Morgan,TJ Murtagh,0,0,"",""
ball,1,36.2,England,JM Bairstow,EJG Morgan,TJ Murtagh,4,0,"",""
ball,1,36.3,England,JM Bairstow,EJG Morgan,TJ Murtagh,0,0,"",""
ball,1,36.4,England,JM Bairstow,EJG Morgan,TJ Murtagh,1,0,"",""
ball,1,36.5,England,EJG Morgan,JM Bairstow,TJ Murtagh,0,0,"",""
ball,1,36.6,England,EJG Morgan,JM Bairstow,TJ Murtagh,1,0,"",""
ball,1,37.1,England,EJG Morgan,JM Bairstow,KJ O'Brien,0,1,"",""
ball,1,37.2,England,EJG Morgan,JM Bairstow,KJ O'Brien,0,0,"",""
ball,1,37.3,England,EJG Morgan,JM Bairstow,KJ O'Brien,0,0,"",""
ball,1,37.4,England,EJG Morgan,JM Bairstow,KJ O'Brien,0,0,"",""
ball,1,37.5,England,EJG Morgan,JM Bairstow,KJ O'Brien,2,0,"",""
ball,1,37.6,England,EJG Morgan,JM Bairstow,KJ O'Brien,1,0,"",""
ball,1,37.7,England,JM Bairstow,EJG Morgan,KJ O'Brien,2,0,"",""
ball,1,38.1,England,EJG Morgan,JM Bairstow,BJ McCarthy,0,0,caught,EJG Morgan
ball,1,38.2,England,SW Billings,JM Bairstow,BJ McCarthy,0,0,"",""
ball,1,38.3,England,SW Billings,JM Bairstow,BJ McCarthy,0,0,"",""
ball,1,38.4,England,SW Billings,JM Bairstow,BJ McCarthy,0,0,"",""
ball,1,38.5,England,SW Billings,JM Bairstow,BJ McCarthy,1,0,"",""
ball,1,38.6,England,JM Bairstow,SW Billings,BJ McCarthy,1,0,"",""
ball,1,39.1,England,JM Bairstow,SW Billings,GH Dockrell,0,1,"",""
ball,1,39.2,England,JM Bairstow,SW Billings,GH Dockrell,0,1,"",""
ball,1,39.3,England,SW Billings,JM Bairstow,GH Dockrell,0,0,"",""
ball,1,39.4,England,SW Billings,JM Bairstow,GH Dockrell,1,0,"",""
ball,1,39.5,England,JM Bairstow,SW Billings,GH Dockrell,0,0,"",""
ball,1,39.6,England,JM Bairstow,SW Billings,GH Dockrell,2,0,"",""
ball,1,39.7,England,JM Bairstow,SW Billings,GH Dockrell,0,0,"",""
ball,1,40.1,England,SW Billings,JM Bairstow,PKD Chase,0,0,"",""
ball,1,40.2,England,SW Billings,JM Bairstow,PKD Chase,4,0,"",""
ball,1,40.3,England,SW Billings,JM Bairstow,PKD Chase,1,0,"",""
ball,1,40.4,England,JM Bairstow,SW Billings,PKD Chase,0,0,"",""
ball,1,40.5,England,JM Bairstow,SW Billings,PKD Chase,0,0,"",""
ball,1,40.6,England,JM Bairstow,SW Billings,PKD Chase,1,0,"",""
ball,1,41.1,England,JM Bairstow,SW Billings,GH Dockrell,0,0,"",""
ball,1,41.2,England,JM Bairstow,SW Billings,GH Dockrell,0,0,"",""
ball,1,41.3,England,JM Bairstow,SW Billings,GH Dockrell,2,0,"",""
ball,1,41.4,England,JM Bairstow,SW Billings,GH Dockrell,1,0,"",""
ball,1,41.5,England,SW Billings,JM Bairstow,GH Dockrell,0,0,caught,SW Billings
ball,1,41.6,England,AU Rashid,JM Bairstow,GH Dockrell,0,1,"",""
ball,1,42.1,England,AU Rashid,JM Bairstow,TJ Murtagh,1,0,"",""
ball,1,42.2,England,JM Bairstow,AU Rashid,TJ Murtagh,1,0,"",""
ball,1,42.3,England,AU Rashid,JM Bairstow,TJ Murtagh,0,0,"",""
ball,1,42.4,England,AU Rashid,JM Bairstow,TJ Murtagh,4,0,"",""
ball,1,42.5,England,AU Rashid,JM Bairstow,TJ Murtagh,1,0,"",""
ball,1,42.6,England,JM Bairstow,AU Rashid,TJ Murtagh,4,0,"",""
ball,1,43.1,England,AU Rashid,JM Bairstow,GH Dockrell,1,0,"",""
ball,1,43.2,England,JM Bairstow,AU Rashid,GH Dockrell,4,0,"",""
ball,1,43.3,England,JM Bairstow,AU Rashid,GH Dockrell,1,0,"",""
ball,1,43.4,England,AU Rashid,JM Bairstow,GH Dockrell,1,0,"",""
ball,1,43.5,England,JM Bairstow,AU Rashid,GH Dockrell,1,0,"",""
ball,1,43.6,England,AU Rashid,JM Bairstow,GH Dockrell,1,0,"",""
ball,1,44.1,England,AU Rashid,JM Bairstow,BJ McCarthy,2,0,"",""
ball,1,44.2,England,AU Rashid,JM Bairstow,BJ McCarthy,4,0,"",""
ball,1,44.3,England,AU Rashid,JM Bairstow,BJ McCarthy,1,0,"",""
ball,1,44.4,England,JM Bairstow,AU Rashid,BJ McCarthy,2,0,"",""
ball,1,44.5,England,JM Bairstow,AU Rashid,BJ McCarthy,1,0,"",""
ball,1,44.6,England,AU Rashid,JM Bairstow,BJ McCarthy,2,0,"",""
ball,1,45.1,England,JM Bairstow,AU Rashid,PKD Chase,1,0,"",""
ball,1,45.2,England,AU Rashid,JM Bairstow,PKD Chase,0,0,"",""
ball,1,45.3,England,AU Rashid,JM Bairstow,PKD Chase,1,0,"",""
ball,1,45.4,England,JM Bairstow,AU Rashid,PKD Chase,0,1,"",""
ball,1,45.5,England,AU Rashid,JM Bairstow,PKD Chase,0,0,"",""
ball,1,45.6,England,AU Rashid,JM Bairstow,PKD Chase,2,0,"",""
ball,1,46.1,England,JM Bairstow,AU Rashid,TJ Murtagh,1,0,"",""
ball,1,46.2,England,AU Rashid,JM Bairstow,TJ Murtagh,1,0,"",""
ball,1,46.3,England,JM Bairstow,AU Rashid,TJ Murtagh,2,0,"",""
ball,1,46.4,England,JM Bairstow,AU Rashid,TJ Murtagh,2,0,"",""
ball,1,46.5,England,JM Bairstow,AU Rashid,TJ Murtagh,4,0,"",""
ball,1,46.6,England,JM Bairstow,AU Rashid,TJ Murtagh,0,0,"",""
ball,1,47.1,England,AU Rashid,JM Bairstow,KJ O'Brien,1,0,"",""
ball,1,47.2,England,JM Bairstow,AU Rashid,KJ O'Brien,4,0,"",""
ball,1,47.3,England,JM Bairstow,AU Rashid,KJ O'Brien,3,0,"",""
ball,1,47.4,England,AU Rashid,JM Bairstow,KJ O'Brien,4,0,"",""
ball,1,47.5,England,AU Rashid,JM Bairstow,KJ O'Brien,4,0,"",""
ball,1,47.6,England,AU Rashid,JM Bairstow,KJ O'Brien,1,0,"",""
ball,1,48.1,England,AU Rashid,JM Bairstow,BJ McCarthy,1,0,"",""
ball,1,48.2,England,JM Bairstow,AU Rashid,BJ McCarthy,4,0,"",""
ball,1,48.3,England,JM Bairstow,AU Rashid,BJ McCarthy,0,0,"",""
ball,1,48.4,England,JM Bairstow,AU Rashid,BJ McCarthy,6,0,"",""
ball,1,48.5,England,JM Bairstow,AU Rashid,BJ McCarthy,0,0,"",""
ball,1,48.6,England,JM Bairstow,AU Rashid,BJ McCarthy,6,0,"",""
ball,1,49.1,England,AU Rashid,JM Bairstow,PKD Chase,2,0,"",""
ball,1,49.2,England,AU Rashid,JM Bairstow,PKD Chase,4,0,"",""
ball,1,49.3,England,AU Rashid,JM Bairstow,PKD Chase,0,0,caught,AU Rashid
ball,1,49.4,England,DJ Willey,JM Bairstow,PKD Chase,1,0,"",""
ball,1,49.5,England,JM Bairstow,DJ Willey,PKD Chase,6,0,"",""
ball,1,49.6,England,JM Bairstow,DJ Willey,PKD Chase,4,0,"",""
ball,2,0.1,Ireland,EC Joyce,PR Stirling,MA Wood,0,0,"",""
ball,2,0.2,Ireland,EC Joyce,PR Stirling,MA Wood,1,0,"",""
ball,2,0.3,Ireland,PR Stirling,EC Joyce,MA Wood,1,0,"",""
ball,2,0.4,Ireland,EC Joyce,PR Stirling,MA Wood,0,0,"",""
ball,2,0.5,Ireland,EC Joyce,PR Stirling,MA Wood,0,0,"",""
ball,2,0.6,Ireland,EC Joyce,PR Stirling,MA Wood,0,0,"",""
ball,2,1.1,Ireland,PR Stirling,EC Joyce,DJ Willey,4,0,"",""
ball,2,1.2,Ireland,PR Stirling,EC Joyce,DJ Willey,4,0,"",""
ball,2,1.3,Ireland,PR Stirling,EC Joyce,DJ Willey,4,0,"",""
ball,2,1.4,Ireland,PR Stirling,EC Joyce,DJ Willey,1,0,"",""
ball,2,1.5,Ireland,EC Joyce,PR Stirling,DJ Willey,0,0,"",""
ball,2,1.6,Ireland,EC Joyce,PR Stirling,DJ Willey,0,0,"",""
ball,2,2.1,Ireland,PR Stirling,EC Joyce,MA Wood,0,0,"",""
ball,2,2.2,Ireland,PR Stirling,EC Joyce,MA Wood,4,0,"",""
ball,2,2.3,Ireland,PR Stirling,EC Joyce,MA Wood,4,0,"",""
ball,2,2.4,Ireland,PR Stirling,EC Joyce,MA Wood,0,0,"",""
ball,2,2.5,Ireland,PR Stirling,EC Joyce,MA Wood,0,1,"",""
ball,2,2.6,Ireland,EC Joyce,PR Stirling,MA Wood,1,0,"",""
ball,2,3.1,Ireland,EC Joyce,PR Stirling,DJ Willey,0,0,"",""
ball,2,3.2,Ireland,EC Joyce,PR Stirling,DJ Willey,0,0,"",""
ball,2,3.3,Ireland,EC Joyce,PR Stirling,DJ Willey,1,0,"",""
ball,2,3.4,Ireland,PR Stirling,EC Joyce,DJ Willey,0,0,"",""
ball,2,3.5,Ireland,PR Stirling,EC Joyce,DJ Willey,0,0,"",""
ball,2,3.6,Ireland,PR Stirling,EC Joyce,DJ Willey,0,0,"",""
ball,2,4.1,Ireland,EC Joyce,PR Stirling,MA Wood,4,0,"",""
ball,2,4.2,Ireland,EC Joyce,PR Stirling,MA Wood,0,0,"",""
ball,2,4.3,Ireland,EC Joyce,PR Stirling,MA Wood,0,0,"",""
ball,2,4.4,Ireland,EC Joyce,PR Stirling,MA Wood,0,0,"",""
ball,2,4.5,Ireland,EC Joyce,PR Stirling,MA Wood,0,0,"",""
ball,2,4.6,Ireland,EC Joyce,PR Stirling,MA Wood,0,0,"",""
ball,2,5.1,Ireland,PR Stirling,EC Joyce,DJ Willey,0,0,"",""
ball,2,5.2,Ireland,PR Stirling,EC Joyce,DJ Willey,0,0,"",""
ball,2,5.3,Ireland,PR Stirling,EC Joyce,DJ Willey,0,0,"",""
ball,2,5.4,Ireland,PR Stirling,EC Joyce,DJ Willey,0,0,"",""
ball,2,5.5,Ireland,PR Stirling,EC Joyce,DJ Willey,4,0,"",""
ball,2,5.6,Ireland,PR Stirling,EC Joyce,DJ Willey,0,5,"",""
ball,2,5.7,Ireland,PR Stirling,EC Joyce,DJ Willey,0,0,"",""
ball,2,6.1,Ireland,EC Joyce,PR Stirling,MA Wood,1,0,"",""
ball,2,6.2,Ireland,PR Stirling,EC Joyce,MA Wood,0,0,"",""
ball,2,6.3,Ireland,PR Stirling,EC Joyce,MA Wood,4,0,"",""
ball,2,6.4,Ireland,PR Stirling,EC Joyce,MA Wood,0,0,"",""
ball,2,6.5,Ireland,PR Stirling,EC Joyce,MA Wood,6,0,"",""
ball,2,6.6,Ireland,PR Stirling,EC Joyce,MA Wood,0,0,"",""
ball,2,7.1,Ireland,EC Joyce,PR Stirling,JT Ball,0,0,"",""
ball,2,7.2,Ireland,EC Joyce,PR Stirling,JT Ball,0,0,"",""
ball,2,7.3,Ireland,EC Joyce,PR Stirling,JT Ball,1,0,"",""
ball,2,7.4,Ireland,PR Stirling,EC Joyce,JT Ball,0,0,"",""
ball,2,7.5,Ireland,PR Stirling,EC Joyce,JT Ball,1,0,"",""
ball,2,7.6,Ireland,EC Joyce,PR Stirling,JT Ball,0,0,"",""
ball,2,8.1,Ireland,PR Stirling,EC Joyce,MA Wood,1,0,"",""
ball,2,8.2,Ireland,EC Joyce,PR Stirling,MA Wood,0,0,"",""
ball,2,8.3,Ireland,EC Joyce,PR Stirling,MA Wood,0,0,"",""
ball,2,8.4,Ireland,EC Joyce,PR Stirling,MA Wood,0,0,"",""
ball,2,8.5,Ireland,EC Joyce,PR Stirling,MA Wood,1,0,"",""
ball,2,8.6,Ireland,PR Stirling,EC Joyce,MA Wood,0,0,"",""
ball,2,9.1,Ireland,EC Joyce,PR Stirling,JT Ball,0,0,"",""
ball,2,9.2,Ireland,EC Joyce,PR Stirling,JT Ball,1,0,"",""
ball,2,9.3,Ireland,PR Stirling,EC Joyce,JT Ball,4,0,"",""
ball,2,9.4,Ireland,PR Stirling,EC Joyce,JT Ball,0,0,"",""
ball,2,9.5,Ireland,PR Stirling,EC Joyce,JT Ball,0,0,"",""
ball,2,9.6,Ireland,PR Stirling,EC Joyce,JT Ball,0,0,"",""
ball,2,10.1,Ireland,EC Joyce,PR Stirling,LE Plunkett,0,0,"",""
ball,2,10.2,Ireland,EC Joyce,PR Stirling,LE Plunkett,0,1,"",""
ball,2,10.3,Ireland,EC Joyce,PR Stirling,LE Plunkett,1,0,"",""
ball,2,10.4,Ireland,PR Stirling,EC Joyce,LE Plunkett,1,0,"",""
ball,2,10.5,Ireland,EC Joyce,PR Stirling,LE Plunkett,0,0,"",""
ball,2,10.6,Ireland,EC Joyce,PR Stirling,LE Plunkett,0,0,"",""
ball,2,10.7,Ireland,EC Joyce,PR Stirling,LE Plunkett,0,0,"",""
ball,2,11.1,Ireland,PR Stirling,EC Joyce,JT Ball,1,0,"",""
ball,2,11.2,Ireland,EC Joyce,PR Stirling,JT Ball,1,0,"",""
ball,2,11.3,Ireland,PR Stirling,EC Joyce,JT Ball,0,0,"",""
ball,2,11.4,Ireland,PR Stirling,EC Joyce,JT Ball,2,0,"",""
ball,2,11.5,Ireland,PR Stirling,EC Joyce,JT Ball,0,0,"",""
ball,2,11.6,Ireland,PR Stirling,EC Joyce,JT Ball,1,0,"",""
ball,2,12.1,Ireland,PR Stirling,EC Joyce,LE Plunkett,0,0,"",""
ball,2,12.2,Ireland,PR Stirling,EC Joyce,LE Plunkett,0,0,"",""
ball,2,12.3,Ireland,PR Stirling,EC Joyce,LE Plunkett,1,0,"",""
ball,2,12.4,Ireland,EC Joyce,PR Stirling,LE Plunkett,0,0,"",""
ball,2,12.5,Ireland,EC Joyce,PR Stirling,LE Plunkett,0,0,"",""
ball,2,12.6,Ireland,EC Joyce,PR Stirling,LE Plunkett,0,0,"",""
ball,2,13.1,Ireland,PR Stirling,EC Joyce,JT Ball,0,0,caught,PR Stirling
ball,2,13.2,Ireland,WTS Porterfield,EC Joyce,JT Ball,0,0,"",""
ball,2,13.3,Ireland,WTS Porterfield,EC Joyce,JT Ball,0,0,"",""
ball,2,13.4,Ireland,WTS Porterfield,EC Joyce,JT Ball,0,0,"",""
ball,2,13.5,Ireland,WTS Porterfield,EC Joyce,JT Ball,4,0,"",""
ball,2,13.6,Ireland,WTS Porterfield,EC Joyce,JT Ball,0,0,"",""
ball,2,14.1,Ireland,EC Joyce,WTS Porterfield,LE Plunkett,0,0,"",""
ball,2,14.2,Ireland,EC Joyce,WTS Porterfield,LE Plunkett,1,0,"",""
ball,2,14.3,Ireland,WTS Porterfield,EC Joyce,LE Plunkett,0,0,"",""
ball,2,14.4,Ireland,WTS Porterfield,EC Joyce,LE Plunkett,0,0,"",""
ball,2,14.5,Ireland,WTS Porterfield,EC Joyce,LE Plunkett,1,0,"",""
ball,2,14.6,Ireland,EC Joyce,WTS Porterfield,LE Plunkett,1,0,"",""
ball,2,15.1,Ireland,EC Joyce,WTS Porterfield,JE Root,1,0,"",""
ball,2,15.2,Ireland,WTS Porterfield,EC Joyce,JE Root,1,0,"",""
ball,2,15.3,Ireland,EC Joyce,WTS Porterfield,JE Root,0,0,"",""
ball,2,15.4,Ireland,EC Joyce,WTS Porterfield,JE Root,0,0,bowled,EC Joyce
ball,2,15.5,Ireland,A Balbirnie,WTS Porterfield,JE Root,0,1,"",""
ball,2,15.6,Ireland,A Balbirnie,WTS Porterfield,JE Root,1,0,"",""
ball,2,15.7,Ireland,WTS Porterfield,A Balbirnie,JE Root,0,0,"",""
ball,2,16.1,Ireland,A Balbirnie,WTS Porterfield,LE Plunkett,0,0,"",""
ball,2,16.2,Ireland,A Balbirnie,WTS Porterfield,LE Plunkett,0,0,"",""
ball,2,16.3,Ireland,A Balbirnie,WTS Porterfield,LE Plunkett,1,0,"",""
ball,2,16.4,Ireland,WTS Porterfield,A Balbirnie,LE Plunkett,1,0,"",""
ball,2,16.5,Ireland,A Balbirnie,WTS Porterfield,LE Plunkett,0,0,"",""
ball,2,16.6,Ireland,A Balbirnie,WTS Porterfield,LE Plunkett,0,0,"",""
ball,2,17.1,Ireland,WTS Porterfield,A Balbirnie,JE Root,0,0,"",""
ball,2,17.2,Ireland,WTS Porterfield,A Balbirnie,JE Root,4,0,"",""
ball,2,17.3,Ireland,WTS Porterfield,A Balbirnie,JE Root,0,0,"",""
ball,2,17.4,Ireland,WTS Porterfield,A Balbirnie,JE Root,0,0,"",""
ball,2,17.5,Ireland,WTS Porterfield,A Balbirnie,JE Root,1,0,"",""
ball,2,17.6,Ireland,A Balbirnie,WTS Porterfield,JE Root,0,0,"",""
ball,2,18.1,Ireland,WTS Porterfield,A Balbirnie,LE Plunkett,1,0,"",""
ball,2,18.2,Ireland,A Balbirnie,WTS Porterfield,LE Plunkett,0,0,lbw,A Balbirnie
ball,2,18.3,Ireland,NJ O'Brien,WTS Porterfield,LE Plunkett,0,0,"",""
ball,2,18.4,Ireland,NJ O'Brien,WTS Porterfield,LE Plunkett,0,0,"",""
ball,2,18.5,Ireland,NJ O'Brien,WTS Porterfield,LE Plunkett,1,0,"",""
ball,2,18.6,Ireland,WTS Porterfield,NJ O'Brien,LE Plunkett,0,0,"",""
ball,2,19.1,Ireland,NJ O'Brien,WTS Porterfield,JE Root,0,1,"",""
ball,2,19.2,Ireland,NJ O'Brien,WTS Porterfield,JE Root,0,0,"",""
ball,2,19.3,Ireland,NJ O'Brien,WTS Porterfield,JE Root,0,0,"",""
ball,2,19.4,Ireland,NJ O'Brien,WTS Porterfield,JE Root,2,0,"",""
ball,2,19.5,Ireland,NJ O'Brien,WTS Porterfield,JE Root,0,0,"",""
ball,2,19.6,Ireland,NJ O'Brien,WTS Porterfield,JE Root,1,0,"",""
ball,2,19.7,Ireland,WTS Porterfield,NJ O'Brien,JE Root,1,0,"",""
ball,2,20.1,Ireland,WTS Porterfield,NJ O'Brien,AU Rashid,4,0,"",""
ball,2,20.2,Ireland,WTS Porterfield,NJ O'Brien,AU Rashid,1,0,"",""
ball,2,20.3,Ireland,NJ O'Brien,WTS Porterfield,AU Rashid,0,0,"",""
ball,2,20.4,Ireland,NJ O'Brien,WTS Porterfield,AU Rashid,1,0,"",""
ball,2,20.5,Ireland,WTS Porterfield,NJ O'Brien,AU Rashid,0,0,"",""
ball,2,20.6,Ireland,WTS Porterfield,NJ O'Brien,AU Rashid,0,0,"",""
ball,2,21.1,Ireland,NJ O'Brien,WTS Porterfield,JE Root,1,0,"",""
ball,2,21.2,Ireland,WTS Porterfield,NJ O'Brien,JE Root,0,0,"",""
ball,2,21.3,Ireland,WTS Porterfield,NJ O'Brien,JE Root,1,0,"",""
ball,2,21.4,Ireland,NJ O'Brien,WTS Porterfield,JE Root,6,0,"",""
ball,2,21.5,Ireland,NJ O'Brien,WTS Porterfield,JE Root,1,0,"",""
ball,2,21.6,Ireland,WTS Porterfield,NJ O'Brien,JE Root,1,0,"",""
ball,2,22.1,Ireland,WTS Porterfield,NJ O'Brien,AU Rashid,0,0,"",""
ball,2,22.2,Ireland,WTS Porterfield,NJ O'Brien,AU Rashid,1,0,"",""
ball,2,22.3,Ireland,NJ O'Brien,WTS Porterfield,AU Rashid,1,0,"",""
ball,2,22.4,Ireland,WTS Porterfield,NJ O'Brien,AU Rashid,1,0,"",""
ball,2,22.5,Ireland,NJ O'Brien,WTS Porterfield,AU Rashid,1,0,"",""
ball,2,22.6,Ireland,WTS Porterfield,NJ O'Brien,AU Rashid,0,0,"",""
ball,2,23.1,Ireland,NJ O'Brien,WTS Porterfield,JE Root,0,0,"",""
ball,2,23.2,Ireland,NJ O'Brien,WTS Porterfield,JE Root,0,0,caught,NJ O'Brien
ball,2,23.3,Ireland,WTS Porterfield,GC Wilson,JE Root,1,0,"",""
ball,2,23.4,Ireland,GC Wilson,WTS Porterfield,JE Root,0,0,"",""
ball,2,23.5,Ireland,GC Wilson,WTS Porterfield,JE Root,1,0,"",""
ball,2,23.6,Ireland,WTS Porterfield,GC Wilson,JE Root,1,0,"",""
ball,2,24.1,Ireland,WTS Porterfield,GC Wilson,AU Rashid,1,0,"",""
ball,2,24.2,Ireland,GC Wilson,WTS Porterfield,AU Rashid,0,0,"",""
ball,2,24.3,Ireland,GC Wilson,WTS Porterfield,AU Rashid,4,0,"",""
ball,2,24.4,Ireland,GC Wilson,WTS Porterfield,AU Rashid,0,0,"",""
ball,2,24.5,Ireland,GC Wilson,WTS Porterfield,AU Rashid,0,0,"",""
ball,2,24.6,Ireland,GC Wilson,WTS Porterfield,AU Rashid,1,0,"",""
ball,2,25.1,Ireland,GC Wilson,WTS Porterfield,JE Root,1,0,"",""
ball,2,25.2,Ireland,WTS Porterfield,GC Wilson,JE Root,0,0,"",""
ball,2,25.3,Ireland,WTS Porterfield,GC Wilson,JE Root,0,0,"",""
ball,2,25.4,Ireland,WTS Porterfield,GC Wilson,JE Root,1,0,"",""
ball,2,25.5,Ireland,GC Wilson,WTS Porterfield,JE Root,0,0,"",""
ball,2,25.6,Ireland,GC Wilson,WTS Porterfield,JE Root,0,0,"",""
ball,2,26.1,Ireland,WTS Porterfield,GC Wilson,AU Rashid,1,0,"",""
ball,2,26.2,Ireland,GC Wilson,WTS Porterfield,AU Rashid,0,0,"",""
ball,2,26.3,Ireland,GC Wilson,WTS Porterfield,AU Rashid,0,0,"",""
ball,2,26.4,Ireland,GC Wilson,WTS Porterfield,AU Rashid,1,0,"",""
ball,2,26.5,Ireland,WTS Porterfield,GC Wilson,AU Rashid,2,0,"",""
ball,2,26.6,Ireland,WTS Porterfield,GC Wilson,AU Rashid,4,0,"",""
ball,2,27.1,Ireland,GC Wilson,WTS Porterfield,JE Root,1,0,"",""
ball,2,27.2,Ireland,WTS Porterfield,GC Wilson,JE Root,1,0,"",""
ball,2,27.3,Ireland,GC Wilson,WTS Porterfield,JE Root,1,0,"",""
ball,2,27.4,Ireland,WTS Porterfield,GC Wilson,JE Root,0,0,"",""
ball,2,27.5,Ireland,WTS Porterfield,GC Wilson,JE Root,1,0,"",""
ball,2,27.6,Ireland,GC Wilson,WTS Porterfield,JE Root,0,0,"",""
ball,2,28.1,Ireland,WTS Porterfield,GC Wilson,AU Rashid,4,0,"",""
ball,2,28.2,Ireland,WTS Porterfield,GC Wilson,AU Rashid,1,0,"",""
ball,2,28.3,Ireland,GC Wilson,WTS Porterfield,AU Rashid,1,0,"",""
ball,2,28.4,Ireland,WTS Porterfield,GC Wilson,AU Rashid,0,0,"",""
ball,2,28.5,Ireland,WTS Porterfield,GC Wilson,AU Rashid,0,0,"",""
ball,2,28.6,Ireland,WTS Porterfield,GC Wilson,AU Rashid,1,0,"",""
ball,2,29.1,Ireland,WTS Porterfield,GC Wilson,JE Root,1,0,"",""
ball,2,29.2,Ireland,GC Wilson,WTS Porterfield,JE Root,0,0,"",""
ball,2,29.3,Ireland,GC Wilson,WTS Porterfield,JE Root,1,0,"",""
ball,2,29.4,Ireland,WTS Porterfield,GC Wilson,JE Root,2,0,"",""
ball,2,29.5,Ireland,WTS Porterfield,GC Wilson,JE Root,1,0,"",""
ball,2,29.6,Ireland,GC Wilson,WTS Porterfield,JE Root,0,0,"",""
ball,2,30.1,Ireland,WTS Porterfield,GC Wilson,AU Rashid,1,0,"",""
ball,2,30.2,Ireland,GC Wilson,WTS Porterfield,AU Rashid,0,0,"",""
ball,2,30.3,Ireland,GC Wilson,WTS Porterfield,AU Rashid,0,0,"",""
ball,2,30.4,Ireland,GC Wilson,WTS Porterfield,AU Rashid,1,0,"",""
ball,2,30.5,Ireland,WTS Porterfield,GC Wilson,AU Rashid,2,0,"",""
ball,2,30.6,Ireland,WTS Porterfield,GC Wilson,AU Rashid,1,0,"",""
ball,2,31.1,Ireland,WTS Porterfield,GC Wilson,JE Root,0,0,"",""
ball,2,31.2,Ireland,WTS Porterfield,GC Wilson,JE Root,1,0,"",""
ball,2,31.3,Ireland,GC Wilson,WTS Porterfield,JE Root,0,0,caught,GC Wilson
ball,2,31.4,Ireland,WTS Porterfield,KJ O'Brien,JE Root,2,0,"",""
ball,2,31.5,Ireland,WTS Porterfield,KJ O'Brien,JE Root,1,0,"",""
ball,2,31.6,Ireland,KJ O'Brien,WTS Porterfield,JE Root,1,0,"",""
ball,2,32.1,Ireland,KJ O'Brien,WTS Porterfield,AU Rashid,1,0,"",""
ball,2,32.2,Ireland,WTS Porterfield,KJ O'Brien,AU Rashid,1,0,"",""
ball,2,32.3,Ireland,KJ O'Brien,WTS Porterfield,AU Rashid,6,0,"",""
ball,2,32.4,Ireland,KJ O'Brien,WTS Porterfield,AU Rashid,1,0,"",""
ball,2,32.5,Ireland,WTS Porterfield,KJ O'Brien,AU Rashid,0,0,"",""
ball,2,32.6,Ireland,WTS Porterfield,KJ O'Brien,AU Rashid,0,0,"",""
ball,2,33.1,Ireland,KJ O'Brien,WTS Porterfield,JE Root,6,0,"",""
ball,2,33.2,Ireland,KJ O'Brien,WTS Porterfield,JE Root,1,0,"",""
ball,2,33.3,Ireland,WTS Porterfield,KJ O'Brien,JE Root,0,0,"",""
ball,2,33.4,Ireland,WTS Porterfield,KJ O'Brien,JE Root,1,0,"",""
ball,2,33.5,Ireland,KJ O'Brien,WTS Porterfield,JE Root,0,0,"",""
ball,2,33.6,Ireland,KJ O'Brien,WTS Porterfield,JE Root,1,0,"",""
ball,2,34.1,Ireland,KJ O'Brien,WTS Porterfield,AU Rashid,1,0,"",""
ball,2,34.2,Ireland,WTS Porterfield,KJ O'Brien,AU Rashid,1,0,"",""
ball,2,34.3,Ireland,KJ O'Brien,WTS Porterfield,AU Rashid,0,0,caught,KJ O'Brien
ball,2,34.4,Ireland,WTS Porterfield,GH Dockrell,AU Rashid,1,0,"",""
ball,2,34.5,Ireland,GH Dockrell,WTS Porterfield,AU Rashid,0,0,"",""
ball,2,34.6,Ireland,GH Dockrell,WTS Porterfield,AU Rashid,0,0,"",""
ball,2,35.1,Ireland,WTS Porterfield,GH Dockrell,JT Ball,0,0,"",""
ball,2,35.2,Ireland,WTS Porterfield,GH Dockrell,JT Ball,1,0,"",""
ball,2,35.3,Ireland,GH Dockrell,WTS Porterfield,JT Ball,0,0,"",""
ball,2,35.4,Ireland,GH Dockrell,WTS Porterfield,JT Ball,0,0,"",""
ball,2,35.5,Ireland,GH Dockrell,WTS Porterfield,JT Ball,0,0,"",""
ball,2,35.6,Ireland,GH Dockrell,WTS Porterfield,JT Ball,0,0,"",""
ball,2,36.1,Ireland,WTS Porterfield,GH Dockrell,AU Rashid,1,0,"",""
ball,2,36.2,Ireland,GH Dockrell,WTS Porterfield,AU Rashid,0,0,"",""
ball,2,36.3,Ireland,GH Dockrell,WTS Porterfield,AU Rashid,1,0,"",""
ball,2,36.4,Ireland,WTS Porterfield,GH Dockrell,AU Rashid,1,0,"",""
ball,2,36.5,Ireland,GH Dockrell,WTS Porterfield,AU Rashid,1,0,"",""
ball,2,36.6,Ireland,WTS Porterfield,GH Dockrell,AU Rashid,1,0,"",""
ball,2,37.1,Ireland,WTS Porterfield,GH Dockrell,JT Ball,0,0,"",""
ball,2,37.2,Ireland,WTS Porterfield,GH Dockrell,JT Ball,1,0,"",""
ball,2,37.3,Ireland,GH Dockrell,WTS Porterfield,JT Ball,1,0,"",""
ball,2,37.4,Ireland,WTS Porterfield,GH Dockrell,JT Ball,1,0,"",""
ball,2,37.5,Ireland,GH Dockrell,WTS Porterfield,JT Ball,0,0,"",""
ball,2,37.6,Ireland,GH Dockrell,WTS Porterfield,JT Ball,0,1,"",""
ball,2,37.7,Ireland,GH Dockrell,WTS Porterfield,JT Ball,4,0,"",""
ball,2,38.1,Ireland,WTS Porterfield,GH Dockrell,AU Rashid,0,0,"",""
ball,2,38.2,Ireland,WTS Porterfield,GH Dockrell,AU Rashid,2,0,"",""
ball,2,38.3,Ireland,WTS Porterfield,GH Dockrell,AU Rashid,4,0,"",""
ball,2,38.4,Ireland,WTS Porterfield,GH Dockrell,AU Rashid,2,0,"",""
ball,2,38.5,Ireland,WTS Porterfield,GH Dockrell,AU Rashid,1,0,"",""
ball,2,38.6,Ireland,GH Dockrell,WTS Porterfield,AU Rashid,6,0,"",""
ball,2,39.1,Ireland,WTS Porterfield,GH Dockrell,JT Ball,1,0,"",""
ball,2,39.2,Ireland,GH Dockrell,WTS Porterfield,JT Ball,4,0,"",""
ball,2,39.3,Ireland,GH Dockrell,WTS Porterfield,JT Ball,1,0,"",""
ball,2,39.4,Ireland,WTS Porterfield,GH Dockrell,JT Ball,6,0,"",""
ball,2,39.5,Ireland,WTS Porterfield,GH Dockrell,JT Ball,1,0,"",""
ball,2,39.6,Ireland,GH Dockrell,WTS Porterfield,JT Ball,0,0,"",""
ball,2,40.1,Ireland,WTS Porterfield,GH Dockrell,MA Wood,0,0,"",""
ball,2,40.2,Ireland,WTS Porterfield,GH Dockrell,MA Wood,1,0,"",""
ball,2,40.3,Ireland,GH Dockrell,WTS Porterfield,MA Wood,1,0,"",""
ball,2,40.4,Ireland,WTS Porterfield,GH Dockrell,MA Wood,0,0,bowled,WTS Porterfield
ball,2,40.5,Ireland,BJ McCarthy,GH Dockrell,MA Wood,1,0,"",""
ball,2,40.6,Ireland,GH Dockrell,BJ McCarthy,MA Wood,0,0,"",""
ball,2,41.1,Ireland,BJ McCarthy,GH Dockrell,LE Plunkett,0,0,"",""
ball,2,41.2,Ireland,BJ McCarthy,GH Dockrell,LE Plunkett,1,0,"",""
ball,2,41.3,Ireland,GH Dockrell,BJ McCarthy,LE Plunkett,1,0,"",""
ball,2,41.4,Ireland,BJ McCarthy,GH Dockrell,LE Plunkett,0,0,"",""
ball,2,41.5,Ireland,BJ McCarthy,GH Dockrell,LE Plunkett,0,0,caught,BJ McCarthy
ball,2,41.6,Ireland,GH Dockrell,TJ Murtagh,LE Plunkett,1,0,"",""
ball,2,42.1,Ireland,GH Dockrell,TJ Murtagh,MA Wood,1,0,"",""
ball,2,42.2,Ireland,TJ Murtagh,GH Dockrell,MA Wood,0,0,"",""
ball,2,42.3,Ireland,TJ Murtagh,GH Dockrell,MA Wood,1,0,"",""
ball,2,42.4,Ireland,GH Dockrell,TJ Murtagh,MA Wood,0,0,"",""
ball,2,42.5,Ireland,GH Dockrell,TJ Murtagh,MA Wood,1,0,"",""
ball,2,42.6,Ireland,TJ Murtagh,GH Dockrell,MA Wood,1,0,"",""
ball,2,43.1,Ireland,TJ Murtagh,GH Dockrell,LE Plunkett,0,0,caught,TJ Murtagh
ball,2,43.2,Ireland,GH Dockrell,PKD Chase,LE Plunkett,1,0,"",""
ball,2,43.3,Ireland,PKD Chase,GH Dockrell,LE Plunkett,0,0,"",""
ball,2,43.4,Ireland,PKD Chase,GH Dockrell,LE Plunkett,0,0,"",""
ball,2,43.5,Ireland,PKD Chase,GH Dockrell,LE Plunkett,0,0,"",""
ball,2,43.6,Ireland,PKD Chase,GH Dockrell,LE Plunkett,0,0,"",""
ball,2,44.1,Ireland,GH Dockrell,PKD Chase,MA Wood,0,0,"",""
ball,2,44.2,Ireland,GH Dockrell,PKD Chase,MA Wood,1,0,"",""
ball,2,44.3,Ireland,PKD Chase,GH Dockrell,MA Wood,0,0,"",""
ball,2,44.4,Ireland,PKD Chase,GH Dockrell,MA Wood,1,0,"",""
ball,2,44.5,Ireland,GH Dockrell,PKD Chase,MA Wood,1,0,"",""
ball,2,44.6,Ireland,PKD Chase,GH Dockrell,MA Wood,0,0,"",""
ball,2,45.1,Ireland,GH Dockrell,PKD Chase,LE Plunkett,1,0,"",""
ball,2,45.2,Ireland,PKD Chase,GH Dockrell,LE Plunkett,0,1,"",""
ball,2,45.3,Ireland,PKD Chase,GH Dockrell,LE Plunkett,4,0,"",""
ball,2,45.4,Ireland,PKD Chase,GH Dockrell,LE Plunkett,0,0,"",""
ball,2,45.5,Ireland,PKD Chase,GH Dockrell,LE Plunkett,1,0,"",""
ball,2,45.6,Ireland,GH Dockrell,PKD Chase,LE Plunkett,1,0,"",""
ball,2,45.7,Ireland,PKD Chase,GH Dockrell,LE Plunkett,0,0,"",""
ball,2,46.1,Ireland,GH Dockrell,PKD Chase,MA Wood,0,0,bowled,GH Dockrell
