version,1.3.0
info,team,England
info,team,South Africa
info,gender,male
info,season,2017
info,date,2017/05/27
info,series,South Africa in England ODI Series
info,match_number,2
info,venue,The Rose Bowl
info,city,Southampton
info,toss_winner,South Africa
info,toss_decision,field
info,player_of_match,BA Stokes
info,umpire,RJ Bailey
info,umpire,CB Gaffaney
info,reserve_umpire,RT Robinson
info,tv_umpire,RJ Tucker
info,match_referee,AJ Pycroft
info,winner,England
info,winner_runs,2
ball,1,0.1,England,JJ Roy,AD Hales,K Rabada,0,0,"",""
ball,1,0.2,England,JJ Roy,AD Hales,K Rabada,0,0,"",""
ball,1,0.3,England,JJ Roy,AD Hales,K Rabada,0,0,"",""
ball,1,0.4,England,JJ Roy,AD Hales,K Rabada,2,0,"",""
ball,1,0.5,England,JJ Roy,AD Hales,K Rabada,4,0,"",""
ball,1,0.6,England,JJ Roy,AD Hales,K Rabada,0,0,"",""
ball,1,1.1,England,AD Hales,JJ Roy,CH Morris,0,0,"",""
ball,1,1.2,England,AD Hales,JJ Roy,CH Morris,0,0,"",""
ball,1,1.3,England,AD Hales,JJ Roy,CH Morris,4,0,"",""
ball,1,1.4,England,AD Hales,JJ Roy,CH Morris,0,0,"",""
ball,1,1.5,England,AD Hales,JJ Roy,CH Morris,0,0,"",""
ball,1,1.6,England,AD Hales,JJ Roy,CH Morris,0,0,"",""
ball,1,2.1,England,JJ Roy,AD Hales,K Rabada,0,0,"",""
ball,1,2.2,England,JJ Roy,AD Hales,K Rabada,0,0,"",""
ball,1,2.3,England,JJ Roy,AD Hales,K Rabada,0,0,"",""
ball,1,2.4,England,JJ Roy,AD Hales,K Rabada,0,0,"",""
ball,1,2.5,England,JJ Roy,AD Hales,K Rabada,0,0,"",""
ball,1,2.6,England,JJ Roy,AD Hales,K Rabada,1,0,"",""
ball,1,3.1,England,JJ Roy,AD Hales,CH Morris,0,0,"",""
ball,1,3.2,England,JJ Roy,AD Hales,CH Morris,0,0,"",""
ball,1,3.3,England,JJ Roy,AD Hales,CH Morris,1,0,"",""
ball,1,3.4,England,AD Hales,JJ Roy,CH Morris,0,0,"",""
ball,1,3.5,England,AD Hales,JJ Roy,CH Morris,0,0,"",""
ball,1,3.6,England,AD Hales,JJ Roy,CH Morris,0,0,"",""
ball,1,4.1,England,JJ Roy,AD Hales,K Rabada,0,0,bowled,JJ Roy
ball,1,4.2,England,JE Root,AD Hales,K Rabada,0,0,"",""
ball,1,4.3,England,JE Root,AD Hales,K Rabada,0,1,"",""
ball,1,4.4,England,JE Root,AD Hales,K Rabada,0,0,"",""
ball,1,4.5,England,JE Root,AD Hales,K Rabada,0,0,"",""
ball,1,4.6,England,JE Root,AD Hales,K Rabada,0,0,"",""
ball,1,4.7,England,JE Root,AD Hales,K Rabada,0,0,"",""
ball,1,5.1,England,AD Hales,JE Root,CH Morris,0,0,"",""
ball,1,5.2,England,AD Hales,JE Root,CH Morris,0,0,"",""
ball,1,5.3,England,AD Hales,JE Root,CH Morris,1,0,"",""
ball,1,5.4,England,JE Root,AD Hales,CH Morris,1,0,"",""
ball,1,5.5,England,AD Hales,JE Root,CH Morris,0,0,"",""
ball,1,5.6,England,AD Hales,JE Root,CH Morris,0,1,"",""
ball,1,5.7,England,AD Hales,JE Root,CH Morris,4,0,"",""
ball,1,6.1,England,JE Root,AD Hales,K Rabada,1,0,"",""
ball,1,6.2,England,AD Hales,JE Root,K Rabada,0,0,"",""
ball,1,6.3,England,AD Hales,JE Root,K Rabada,0,0,"",""
ball,1,6.4,England,AD Hales,JE Root,K Rabada,2,0,"",""
ball,1,6.5,England,AD Hales,JE Root,K Rabada,1,0,"",""
ball,1,6.6,England,JE Root,AD Hales,K Rabada,1,0,"",""
ball,1,7.1,England,JE Root,AD Hales,CH Morris,0,0,"",""
ball,1,7.2,England,JE Root,AD Hales,CH Morris,1,0,"",""
ball,1,7.3,England,AD Hales,JE Root,CH Morris,1,0,"",""
ball,1,7.4,England,JE Root,AD Hales,CH Morris,4,0,"",""
ball,1,7.5,England,JE Root,AD Hales,CH Morris,2,0,"",""
ball,1,7.6,England,JE Root,AD Hales,CH Morris,0,0,"",""
ball,1,8.1,England,AD Hales,JE Root,K Rabada,0,0,"",""
ball,1,8.2,England,AD Hales,JE Root,K Rabada,1,0,"",""
ball,1,8.3,England,JE Root,AD Hales,K Rabada,0,0,"",""
ball,1,8.4,England,JE Root,AD Hales,K Rabada,0,0,"",""
ball,1,8.5,England,JE Root,AD Hales,K Rabada,0,0,"",""
ball,1,8.6,England,JE Root,AD Hales,K Rabada,1,0,"",""
ball,1,9.1,England,JE Root,AD Hales,D Pretorius,0,0,"",""
ball,1,9.2,England,JE Root,AD Hales,D Pretorius,4,0,"",""
ball,1,9.3,England,JE Root,AD Hales,D Pretorius,0,0,"",""
ball,1,9.4,England,JE Root,AD Hales,D Pretorius,0,0,"",""
ball,1,9.5,England,JE Root,AD Hales,D Pretorius,4,0,"",""
ball,1,9.6,England,JE Root,AD Hales,D Pretorius,0,0,"",""
ball,1,10.1,England,AD Hales,JE Root,KA Maharaj,0,0,"",""
ball,1,10.2,England,AD Hales,JE Root,KA Maharaj,1,0,"",""
ball,1,10.3,England,JE Root,AD Hales,KA Maharaj,1,0,"",""
ball,1,10.4,England,AD Hales,JE Root,KA Maharaj,1,0,"",""
ball,1,10.5,England,JE Root,AD Hales,KA Maharaj,0,0,"",""
ball,1,10.6,England,JE Root,AD Hales,KA Maharaj,1,0,"",""
ball,1,11.1,England,JE Root,AD Hales,D Pretorius,4,0,"",""
ball,1,11.2,England,JE Root,AD Hales,D Pretorius,0,0,"",""
ball,1,11.3,England,JE Root,AD Hales,D Pretorius,4,0,"",""
ball,1,11.4,England,JE Root,AD Hales,D Pretorius,0,0,"",""
ball,1,11.5,England,JE Root,AD Hales,D Pretorius,1,0,"",""
ball,1,11.6,England,AD Hales,JE Root,D Pretorius,2,0,"",""
ball,1,12.1,England,JE Root,AD Hales,KA Maharaj,0,0,"",""
ball,1,12.2,England,JE Root,AD Hales,KA Maharaj,4,0,"",""
ball,1,12.3,England,JE Root,AD Hales,KA Maharaj,0,0,"",""
ball,1,12.4,England,JE Root,AD Hales,KA Maharaj,1,0,"",""
ball,1,12.5,England,AD Hales,JE Root,KA Maharaj,6,0,"",""
ball,1,12.6,England,AD Hales,JE Root,KA Maharaj,0,0,"",""
ball,1,13.1,England,JE Root,AD Hales,D Pretorius,1,0,"",""
ball,1,13.2,England,AD Hales,JE Root,D Pretorius,0,0,caught,AD Hales
ball,1,13.3,England,EJG Morgan,JE Root,D Pretorius,0,0,"",""
ball,1,13.4,England,EJG Morgan,JE Root,D Pretorius,0,0,"",""
ball,1,13.5,England,EJG Morgan,JE Root,D Pretorius,4,0,"",""
ball,1,13.6,England,EJG Morgan,JE Root,D Pretorius,0,0,"",""
ball,1,14.1,England,JE Root,EJG Morgan,KA Maharaj,1,0,"",""
ball,1,14.2,England,EJG Morgan,JE Root,KA Maharaj,1,0,"",""
ball,1,14.3,England,JE Root,EJG Morgan,KA Maharaj,0,0,"",""
ball,1,14.4,England,JE Root,EJG Morgan,KA Maharaj,0,0,"",""
ball,1,14.5,England,JE Root,EJG Morgan,KA Maharaj,1,0,"",""
ball,1,14.6,England,EJG Morgan,JE Root,KA Maharaj,1,0,"",""
ball,1,15.1,England,EJG Morgan,JE Root,D Pretorius,0,0,"",""
ball,1,15.2,England,EJG Morgan,JE Root,D Pretorius,0,0,"",""
ball,1,15.3,England,EJG Morgan,JE Root,D Pretorius,1,0,"",""
ball,1,15.4,England,JE Root,EJG Morgan,D Pretorius,1,0,"",""
ball,1,15.5,England,EJG Morgan,JE Root,D Pretorius,0,0,run out,JE Root
ball,1,15.6,England,EJG Morgan,BA Stokes,D Pretorius,1,0,"",""
ball,1,16.1,England,EJG Morgan,BA Stokes,KA Maharaj,1,0,"",""
ball,1,16.2,England,BA Stokes,EJG Morgan,KA Maharaj,4,0,"",""
ball,1,16.3,England,BA Stokes,EJG Morgan,KA Maharaj,0,0,"",""
ball,1,16.4,England,BA Stokes,EJG Morgan,KA Maharaj,2,0,"",""
ball,1,16.5,England,BA Stokes,EJG Morgan,KA Maharaj,0,0,"",""
ball,1,16.6,England,BA Stokes,EJG Morgan,KA Maharaj,0,0,"",""
ball,1,17.1,England,EJG Morgan,BA Stokes,D Pretorius,1,0,"",""
ball,1,17.2,England,BA Stokes,EJG Morgan,D Pretorius,0,2,"",""
ball,1,17.3,England,BA Stokes,EJG Morgan,D Pretorius,1,0,"",""
ball,1,17.4,England,EJG Morgan,BA Stokes,D Pretorius,0,0,"",""
ball,1,17.5,England,EJG Morgan,BA Stokes,D Pretorius,1,0,"",""
ball,1,17.6,England,BA Stokes,EJG Morgan,D Pretorius,0,0,"",""
ball,1,18.1,England,EJG Morgan,BA Stokes,KA Maharaj,0,0,"",""
ball,1,18.2,England,EJG Morgan,BA Stokes,KA Maharaj,1,0,"",""
ball,1,18.3,England,BA Stokes,EJG Morgan,KA Maharaj,1,0,"",""
ball,1,18.4,England,EJG Morgan,BA Stokes,KA Maharaj,0,0,"",""
ball,1,18.5,England,EJG Morgan,BA Stokes,KA Maharaj,2,0,"",""
ball,1,18.6,England,EJG Morgan,BA Stokes,KA Maharaj,1,0,"",""
ball,1,19.1,England,EJG Morgan,BA Stokes,D Pretorius,0,0,"",""
ball,1,19.2,England,EJG Morgan,BA Stokes,D Pretorius,0,0,"",""
ball,1,19.3,England,EJG Morgan,BA Stokes,D Pretorius,1,0,"",""
ball,1,19.4,England,BA Stokes,EJG Morgan,D Pretorius,1,0,"",""
ball,1,19.5,England,EJG Morgan,BA Stokes,D Pretorius,0,0,"",""
ball,1,19.6,England,EJG Morgan,BA Stokes,D Pretorius,0,0,"",""
ball,1,20.1,England,BA Stokes,EJG Morgan,AL Phehlukwayo,0,0,"",""
ball,1,20.2,England,BA Stokes,EJG Morgan,AL Phehlukwayo,0,0,"",""
ball,1,20.3,England,BA Stokes,EJG Morgan,AL Phehlukwayo,0,0,"",""
ball,1,20.4,England,BA Stokes,EJG Morgan,AL Phehlukwayo,0,1,"",""
ball,1,20.5,England,EJG Morgan,BA Stokes,AL Phehlukwayo,0,0,"",""
ball,1,20.6,England,EJG Morgan,BA Stokes,AL Phehlukwayo,0,0,"",""
ball,1,21.1,England,BA Stokes,EJG Morgan,D Pretorius,0,0,"",""
ball,1,21.2,England,BA Stokes,EJG Morgan,D Pretorius,1,0,"",""
ball,1,21.3,England,EJG Morgan,BA Stokes,D Pretorius,0,0,"",""
ball,1,21.4,England,EJG Morgan,BA Stokes,D Pretorius,0,0,"",""
ball,1,21.5,England,EJG Morgan,BA Stokes,D Pretorius,0,0,"",""
ball,1,21.6,England,EJG Morgan,BA Stokes,D Pretorius,1,0,"",""
ball,1,22.1,England,EJG Morgan,BA Stokes,AL Phehlukwayo,4,0,"",""
ball,1,22.2,England,EJG Morgan,BA Stokes,AL Phehlukwayo,0,0,"",""
ball,1,22.3,England,EJG Morgan,BA Stokes,AL Phehlukwayo,0,0,"",""
ball,1,22.4,England,EJG Morgan,BA Stokes,AL Phehlukwayo,1,0,"",""
ball,1,22.5,England,BA Stokes,EJG Morgan,AL Phehlukwayo,1,0,"",""
ball,1,22.6,England,EJG Morgan,BA Stokes,AL Phehlukwayo,0,0,"",""
ball,1,23.1,England,BA Stokes,EJG Morgan,D Pretorius,4,0,"",""
ball,1,23.2,England,BA Stokes,EJG Morgan,D Pretorius,0,0,"",""
ball,1,23.3,England,BA Stokes,EJG Morgan,D Pretorius,0,0,"",""
ball,1,23.4,England,BA Stokes,EJG Morgan,D Pretorius,0,0,"",""
ball,1,23.5,England,BA Stokes,EJG Morgan,D Pretorius,0,0,"",""
ball,1,23.6,England,BA Stokes,EJG Morgan,D Pretorius,4,0,"",""
ball,1,24.1,England,EJG Morgan,BA Stokes,AL Phehlukwayo,0,0,"",""
ball,1,24.2,England,EJG Morgan,BA Stokes,AL Phehlukwayo,0,0,"",""
ball,1,24.3,England,EJG Morgan,BA Stokes,AL Phehlukwayo,1,0,"",""
ball,1,24.4,England,BA Stokes,EJG Morgan,AL Phehlukwayo,0,0,"",""
ball,1,24.5,England,BA Stokes,EJG Morgan,AL Phehlukwayo,2,0,"",""
ball,1,24.6,England,BA Stokes,EJG Morgan,AL Phehlukwayo,0,0,"",""
ball,1,25.1,England,EJG Morgan,BA Stokes,CH Morris,0,0,"",""
ball,1,25.2,England,EJG Morgan,BA Stokes,CH Morris,1,0,"",""
ball,1,25.3,England,BA Stokes,EJG Morgan,CH Morris,1,0,"",""
ball,1,25.4,England,EJG Morgan,BA Stokes,CH Morris,0,0,"",""
ball,1,25.5,England,EJG Morgan,BA Stokes,CH Morris,1,0,"",""
ball,1,25.6,England,BA Stokes,EJG Morgan,CH Morris,0,1,"",""
ball,1,26.1,England,BA Stokes,EJG Morgan,AL Phehlukwayo,0,0,"",""
ball,1,26.2,England,BA Stokes,EJG Morgan,AL Phehlukwayo,6,0,"",""
ball,1,26.3,England,BA Stokes,EJG Morgan,AL Phehlukwayo,0,0,"",""
ball,1,26.4,England,BA Stokes,EJG Morgan,AL Phehlukwayo,0,0,"",""
ball,1,26.5,England,BA Stokes,EJG Morgan,AL Phehlukwayo,1,0,"",""
ball,1,26.6,England,EJG Morgan,BA Stokes,AL Phehlukwayo,1,0,"",""
ball,1,27.1,England,EJG Morgan,BA Stokes,CH Morris,0,0,"",""
ball,1,27.2,England,EJG Morgan,BA Stokes,CH Morris,0,0,"",""
ball,1,27.3,England,EJG Morgan,BA Stokes,CH Morris,4,0,"",""
ball,1,27.4,England,EJG Morgan,BA Stokes,CH Morris,1,0,"",""
ball,1,27.5,England,BA Stokes,EJG Morgan,CH Morris,0,0,"",""
ball,1,27.6,England,BA Stokes,EJG Morgan,CH Morris,0,0,"",""
ball,1,28.1,England,EJG Morgan,BA Stokes,AL Phehlukwayo,1,0,"",""
ball,1,28.2,England,BA Stokes,EJG Morgan,AL Phehlukwayo,0,0,"",""
ball,1,28.3,England,BA Stokes,EJG Morgan,AL Phehlukwayo,1,0,"",""
ball,1,28.4,England,EJG Morgan,BA Stokes,AL Phehlukwayo,4,0,"",""
ball,1,28.5,England,EJG Morgan,BA Stokes,AL Phehlukwayo,0,0,"",""
ball,1,28.6,England,EJG Morgan,BA Stokes,AL Phehlukwayo,0,1,"",""
ball,1,28.7,England,EJG Morgan,BA Stokes,AL Phehlukwayo,1,0,"",""
ball,1,29.1,England,EJG Morgan,BA Stokes,CH Morris,1,0,"",""
ball,1,29.2,England,BA Stokes,EJG Morgan,CH Morris,0,0,"",""
ball,1,29.3,England,BA Stokes,EJG Morgan,CH Morris,6,0,"",""
ball,1,29.4,England,BA Stokes,EJG Morgan,CH Morris,0,0,"",""
ball,1,29.5,England,BA Stokes,EJG Morgan,CH Morris,1,0,"",""
ball,1,29.6,England,EJG Morgan,BA Stokes,CH Morris,0,1,"",""
ball,1,30.1,England,EJG Morgan,BA Stokes,K Rabada,0,0,"",""
ball,1,30.2,England,EJG Morgan,BA Stokes,K Rabada,0,0,"",""
ball,1,30.3,England,EJG Morgan,BA Stokes,K Rabada,1,0,"",""
ball,1,30.4,England,BA Stokes,EJG Morgan,K Rabada,0,1,"",""
ball,1,30.5,England,BA Stokes,EJG Morgan,K Rabada,1,0,"",""
ball,1,30.6,England,EJG Morgan,BA Stokes,K Rabada,1,0,"",""
ball,1,30.7,England,BA Stokes,EJG Morgan,K Rabada,2,0,"",""
ball,1,31.1,England,EJG Morgan,BA Stokes,KA Maharaj,2,0,"",""
ball,1,31.2,England,EJG Morgan,BA Stokes,KA Maharaj,2,0,"",""
ball,1,31.3,England,EJG Morgan,BA Stokes,KA Maharaj,1,0,"",""
ball,1,31.4,England,BA Stokes,EJG Morgan,KA Maharaj,1,0,"",""
ball,1,31.5,England,EJG Morgan,BA Stokes,KA Maharaj,0,0,"",""
ball,1,31.6,England,EJG Morgan,BA Stokes,KA Maharaj,0,0,"",""
ball,1,32.1,England,BA Stokes,EJG Morgan,K Rabada,0,0,"",""
ball,1,32.2,England,BA Stokes,EJG Morgan,K Rabada,4,0,"",""
ball,1,32.3,England,BA Stokes,EJG Morgan,K Rabada,4,0,"",""
ball,1,32.4,England,BA Stokes,EJG Morgan,K Rabada,1,0,"",""
ball,1,32.5,England,EJG Morgan,BA Stokes,K Rabada,0,0,caught,EJG Morgan
ball,1,32.6,England,JC Buttler,BA Stokes,K Rabada,0,0,"",""
ball,1,33.1,England,BA Stokes,JC Buttler,KA Maharaj,1,0,"",""
ball,1,33.2,England,JC Buttler,BA Stokes,KA Maharaj,0,0,"",""
ball,1,33.3,England,JC Buttler,BA Stokes,KA Maharaj,1,0,"",""
ball,1,33.4,England,BA Stokes,JC Buttler,KA Maharaj,1,0,"",""
ball,1,33.5,England,JC Buttler,BA Stokes,KA Maharaj,0,0,"",""
ball,1,33.6,England,JC Buttler,BA Stokes,KA Maharaj,1,0,"",""
ball,1,34.1,England,JC Buttler,BA Stokes,K Rabada,2,0,"",""
ball,1,34.2,England,JC Buttler,BA Stokes,K Rabada,1,0,"",""
ball,1,34.3,England,BA Stokes,JC Buttler,K Rabada,0,0,"",""
ball,1,34.4,England,BA Stokes,JC Buttler,K Rabada,0,1,"",""
ball,1,34.5,England,BA Stokes,JC Buttler,K Rabada,1,0,"",""
ball,1,34.6,England,JC Buttler,BA Stokes,K Rabada,0,0,"",""
ball,1,34.7,England,JC Buttler,BA Stokes,K Rabada,1,0,"",""
ball,1,35.1,England,JC Buttler,BA Stokes,KA Maharaj,1,0,"",""
ball,1,35.2,England,BA Stokes,JC Buttler,KA Maharaj,4,0,"",""
ball,1,35.3,England,BA Stokes,JC Buttler,KA Maharaj,4,0,"",""
ball,1,35.4,England,BA Stokes,JC Buttler,KA Maharaj,1,0,"",""
ball,1,35.5,England,JC Buttler,BA Stokes,KA Maharaj,1,0,"",""
ball,1,35.6,England,BA Stokes,JC Buttler,KA Maharaj,1,0,"",""
ball,1,36.1,England,BA Stokes,JC Buttler,AL Phehlukwayo,0,0,"",""
ball,1,36.2,England,BA Stokes,JC Buttler,AL Phehlukwayo,1,0,"",""
ball,1,36.3,England,JC Buttler,BA Stokes,AL Phehlukwayo,0,0,"",""
ball,1,36.4,England,JC Buttler,BA Stokes,AL Phehlukwayo,0,0,"",""
ball,1,36.5,England,JC Buttler,BA Stokes,AL Phehlukwayo,0,0,"",""
ball,1,36.6,England,JC Buttler,BA Stokes,AL Phehlukwayo,1,0,"",""
ball,1,37.1,England,JC Buttler,BA Stokes,KA Maharaj,1,0,"",""
ball,1,37.2,England,BA Stokes,JC Buttler,KA Maharaj,1,0,"",""
ball,1,37.3,England,JC Buttler,BA Stokes,KA Maharaj,1,0,"",""
ball,1,37.4,England,BA Stokes,JC Buttler,KA Maharaj,1,0,"",""
ball,1,37.5,England,JC Buttler,BA Stokes,KA Maharaj,1,0,"",""
ball,1,37.6,England,BA Stokes,JC Buttler,KA Maharaj,4,0,"",""
ball,1,38.1,England,JC Buttler,BA Stokes,AL Phehlukwayo,0,0,"",""
ball,1,38.2,England,JC Buttler,BA Stokes,AL Phehlukwayo,0,0,"",""
ball,1,38.3,England,JC Buttler,BA Stokes,AL Phehlukwayo,0,0,"",""
ball,1,38.4,England,JC Buttler,BA Stokes,AL Phehlukwayo,1,0,"",""
ball,1,38.5,England,BA Stokes,JC Buttler,AL Phehlukwayo,1,0,"",""
ball,1,38.6,England,JC Buttler,BA Stokes,AL Phehlukwayo,0,0,"",""
ball,1,39.1,England,BA Stokes,JC Buttler,D Pretorius,4,0,"",""
ball,1,39.2,England,BA Stokes,JC Buttler,D Pretorius,2,0,"",""
ball,1,39.3,England,BA Stokes,JC Buttler,D Pretorius,1,0,"",""
ball,1,39.4,England,JC Buttler,BA Stokes,D Pretorius,1,0,"",""
ball,1,39.5,England,BA Stokes,JC Buttler,D Pretorius,0,0,"",""
ball,1,39.6,England,BA Stokes,JC Buttler,D Pretorius,1,0,"",""
ball,1,40.1,England,BA Stokes,JC Buttler,AL Phehlukwayo,1,0,"",""
ball,1,40.2,England,JC Buttler,BA Stokes,AL Phehlukwayo,4,0,"",""
ball,1,40.3,England,JC Buttler,BA Stokes,AL Phehlukwayo,1,0,"",""
ball,1,40.4,England,BA Stokes,JC Buttler,AL Phehlukwayo,4,0,"",""
ball,1,40.5,England,BA Stokes,JC Buttler,AL Phehlukwayo,1,0,"",""
ball,1,40.6,England,JC Buttler,BA Stokes,AL Phehlukwayo,1,0,"",""
ball,1,41.1,England,JC Buttler,BA Stokes,D Pretorius,2,0,"",""
ball,1,41.2,England,JC Buttler,BA Stokes,D Pretorius,1,0,"",""
ball,1,41.3,England,BA Stokes,JC Buttler,D Pretorius,4,0,"",""
ball,1,41.4,England,BA Stokes,JC Buttler,D Pretorius,2,0,"",""
ball,1,41.5,England,BA Stokes,JC Buttler,D Pretorius,0,0,"",""
ball,1,41.6,England,BA Stokes,JC Buttler,D Pretorius,1,0,"",""
ball,1,42.1,England,BA Stokes,JC Buttler,CH Morris,6,0,"",""
ball,1,42.2,England,BA Stokes,JC Buttler,CH Morris,0,0,"",""
ball,1,42.3,England,BA Stokes,JC Buttler,CH Morris,2,0,"",""
ball,1,42.4,England,BA Stokes,JC Buttler,CH Morris,1,0,"",""
ball,1,42.5,England,JC Buttler,BA Stokes,CH Morris,0,0,"",""
ball,1,42.6,England,JC Buttler,BA Stokes,CH Morris,1,0,"",""
ball,1,43.1,England,JC Buttler,BA Stokes,KA Maharaj,1,0,"",""
ball,1,43.2,England,BA Stokes,JC Buttler,KA Maharaj,0,0,caught,BA Stokes
ball,1,43.3,England,JC Buttler,MM Ali,KA Maharaj,2,0,"",""
ball,1,43.4,England,JC Buttler,MM Ali,KA Maharaj,2,0,"",""
ball,1,43.5,England,JC Buttler,MM Ali,KA Maharaj,1,0,"",""
ball,1,43.6,England,MM Ali,JC Buttler,KA Maharaj,4,0,"",""
ball,1,44.1,England,JC Buttler,MM Ali,CH Morris,1,0,"",""
ball,1,44.2,England,MM Ali,JC Buttler,CH Morris,2,0,"",""
ball,1,44.3,England,MM Ali,JC Buttler,CH Morris,1,0,"",""
ball,1,44.4,England,JC Buttler,MM Ali,CH Morris,1,0,"",""
ball,1,44.5,England,MM Ali,JC Buttler,CH Morris,1,0,"",""
ball,1,44.6,England,JC Buttler,MM Ali,CH Morris,0,0,"",""
ball,1,45.1,England,MM Ali,JC Buttler,AL Phehlukwayo,4,0,"",""
ball,1,45.2,England,MM Ali,JC Buttler,AL Phehlukwayo,0,1,"",""
ball,1,45.3,England,JC Buttler,MM Ali,AL Phehlukwayo,4,0,"",""
ball,1,45.4,England,JC Buttler,MM Ali,AL Phehlukwayo,4,0,"",""
ball,1,45.5,England,JC Buttler,MM Ali,AL Phehlukwayo,4,0,"",""
ball,1,45.6,England,JC Buttler,MM Ali,AL Phehlukwayo,0,1,"",""
ball,1,45.7,England,JC Buttler,MM Ali,AL Phehlukwayo,4,0,"",""
ball,1,46.1,England,MM Ali,JC Buttler,K Rabada,0,1,"",""
ball,1,46.2,England,JC Buttler,MM Ali,K Rabada,0,0,"",""
ball,1,46.3,England,JC Buttler,MM Ali,K Rabada,0,0,"",""
ball,1,46.4,England,JC Buttler,MM Ali,K Rabada,1,0,"",""
ball,1,46.5,England,MM Ali,JC Buttler,K Rabada,0,0,"",""
ball,1,46.6,England,MM Ali,JC Buttler,K Rabada,1,0,"",""
ball,1,47.1,England,MM Ali,JC Buttler,CH Morris,2,0,"",""
ball,1,47.2,England,MM Ali,JC Buttler,CH Morris,1,0,"",""
ball,1,47.3,England,JC Buttler,MM Ali,CH Morris,2,0,"",""
ball,1,47.4,England,JC Buttler,MM Ali,CH Morris,0,1,"",""
ball,1,47.5,England,JC Buttler,MM Ali,CH Morris,4,0,"",""
ball,1,47.6,England,JC Buttler,MM Ali,CH Morris,0,0,"",""
ball,1,47.7,England,JC Buttler,MM Ali,CH Morris,4,0,"",""
ball,1,48.1,England,MM Ali,JC Buttler,K Rabada,1,0,"",""
ball,1,48.2,England,JC Buttler,MM Ali,K Rabada,1,0,"",""
ball,1,48.3,England,MM Ali,JC Buttler,K Rabada,2,0,"",""
ball,1,48.4,England,MM Ali,JC Buttler,K Rabada,4,0,"",""
ball,1,48.5,England,MM Ali,JC Buttler,K Rabada,0,1,"",""
ball,1,48.6,England,MM Ali,JC Buttler,K Rabada,1,0,"",""
ball,1,48.7,England,JC Buttler,MM Ali,K Rabada,2,0,"",""
ball,1,49.1,England,MM Ali,JC Buttler,AL Phehlukwayo,4,0,"",""
ball,1,49.2,England,MM Ali,JC Buttler,AL Phehlukwayo,4,0,"",""
ball,1,49.3,England,MM Ali,JC Buttler,AL Phehlukwayo,1,0,"",""
ball,1,49.4,England,JC Buttler,MM Ali,AL Phehlukwayo,2,0,"",""
ball,1,49.5,England,JC Buttler,MM Ali,AL Phehlukwayo,1,0,"",""
ball,1,49.6,England,MM Ali,JC Buttler,AL Phehlukwayo,0,0,caught,MM Ali
ball,2,0.1,South Africa,Q de Kock,HM Amla,MA Wood,1,0,"",""
ball,2,0.2,South Africa,HM Amla,Q de Kock,MA Wood,4,0,"",""
ball,2,0.3,South Africa,HM Amla,Q de Kock,MA Wood,0,0,"",""
ball,2,0.4,South Africa,HM Amla,Q de Kock,MA Wood,0,0,"",""
ball,2,0.5,South Africa,HM Amla,Q de Kock,MA Wood,0,0,"",""
ball,2,0.6,South Africa,HM Amla,Q de Kock,MA Wood,0,0,"",""
ball,2,1.1,South Africa,Q de Kock,HM Amla,JT Ball,0,0,"",""
ball,2,1.2,South Africa,Q de Kock,HM Amla,JT Ball,4,0,"",""
ball,2,1.3,South Africa,Q de Kock,HM Amla,JT Ball,0,0,"",""
ball,2,1.4,South Africa,Q de Kock,HM Amla,JT Ball,0,0,"",""
ball,2,1.5,South Africa,Q de Kock,HM Amla,JT Ball,1,0,"",""
ball,2,1.6,South Africa,HM Amla,Q de Kock,JT Ball,1,0,"",""
ball,2,2.1,South Africa,HM Amla,Q de Kock,MA Wood,0,0,"",""
ball,2,2.2,South Africa,HM Amla,Q de Kock,MA Wood,0,0,"",""
ball,2,2.3,South Africa,HM Amla,Q de Kock,MA Wood,0,0,"",""
ball,2,2.4,South Africa,HM Amla,Q de Kock,MA Wood,1,0,"",""
ball,2,2.5,South Africa,Q de Kock,HM Amla,MA Wood,4,0,"",""
ball,2,2.6,South Africa,Q de Kock,HM Amla,MA Wood,0,0,"",""
ball,2,3.1,South Africa,HM Amla,Q de Kock,JT Ball,1,0,"",""
ball,2,3.2,South Africa,Q de Kock,HM Amla,JT Ball,1,0,"",""
ball,2,3.3,South Africa,HM Amla,Q de Kock,JT Ball,0,0,"",""
ball,2,3.4,South Africa,HM Amla,Q de Kock,JT Ball,0,0,"",""
ball,2,3.5,South Africa,HM Amla,Q de Kock,JT Ball,0,0,"",""
ball,2,3.6,South Africa,HM Amla,Q de Kock,JT Ball,4,0,"",""
ball,2,4.1,South Africa,Q de Kock,HM Amla,MA Wood,1,0,"",""
ball,2,4.2,South Africa,HM Amla,Q de Kock,MA Wood,0,0,"",""
ball,2,4.3,South Africa,HM Amla,Q de Kock,MA Wood,1,0,"",""
ball,2,4.4,South Africa,Q de Kock,HM Amla,MA Wood,0,0,"",""
ball,2,4.5,South Africa,Q de Kock,HM Amla,MA Wood,0,0,"",""
ball,2,4.6,South Africa,Q de Kock,HM Amla,MA Wood,0,0,"",""
ball,2,5.1,South Africa,HM Amla,Q de Kock,JT Ball,2,0,"",""
ball,2,5.2,South Africa,HM Amla,Q de Kock,JT Ball,0,0,"",""
ball,2,5.3,South Africa,HM Amla,Q de Kock,JT Ball,0,1,"",""
ball,2,5.4,South Africa,Q de Kock,HM Amla,JT Ball,4,0,"",""
ball,2,5.5,South Africa,Q de Kock,HM Amla,JT Ball,0,0,"",""
ball,2,5.6,South Africa,Q de Kock,HM Amla,JT Ball,4,0,"",""
ball,2,6.1,South Africa,HM Amla,Q de Kock,MA Wood,2,0,"",""
ball,2,6.2,South Africa,HM Amla,Q de Kock,MA Wood,1,0,"",""
ball,2,6.3,South Africa,Q de Kock,HM Amla,MA Wood,0,0,"",""
ball,2,6.4,South Africa,Q de Kock,HM Amla,MA Wood,2,0,"",""
ball,2,6.5,South Africa,Q de Kock,HM Amla,MA Wood,0,0,"",""
ball,2,6.6,South Africa,Q de Kock,HM Amla,MA Wood,0,0,"",""
ball,2,7.1,South Africa,HM Amla,Q de Kock,JT Ball,0,0,"",""
ball,2,7.2,South Africa,HM Amla,Q de Kock,JT Ball,4,0,"",""
ball,2,7.3,South Africa,HM Amla,Q de Kock,JT Ball,1,0,"",""
ball,2,7.4,South Africa,Q de Kock,HM Amla,JT Ball,4,0,"",""
ball,2,7.5,South Africa,Q de Kock,HM Amla,JT Ball,0,0,"",""
ball,2,7.6,South Africa,Q de Kock,HM Amla,JT Ball,1,0,"",""
ball,2,8.1,South Africa,Q de Kock,HM Amla,MA Wood,1,0,"",""
ball,2,8.2,South Africa,HM Amla,Q de Kock,MA Wood,1,0,"",""
ball,2,8.3,South Africa,Q de Kock,HM Amla,MA Wood,0,0,"",""
ball,2,8.4,South Africa,Q de Kock,HM Amla,MA Wood,0,0,"",""
ball,2,8.5,South Africa,Q de Kock,HM Amla,MA Wood,0,1,"",""
ball,2,8.6,South Africa,HM Amla,Q de Kock,MA Wood,0,0,"",""
ball,2,9.1,South Africa,Q de Kock,HM Amla,BA Stokes,0,0,"",""
ball,2,9.2,South Africa,Q de Kock,HM Amla,BA Stokes,1,0,"",""
ball,2,9.3,South Africa,HM Amla,Q de Kock,BA Stokes,1,0,"",""
ball,2,9.4,South Africa,Q de Kock,HM Amla,BA Stokes,1,0,"",""
ball,2,9.5,South Africa,HM Amla,Q de Kock,BA Stokes,0,0,caught,HM Amla
ball,2,9.6,South Africa,F du Plessis,Q de Kock,BA Stokes,0,0,"",""
ball,2,10.1,South Africa,Q de Kock,F du Plessis,LE Plunkett,1,0,"",""
ball,2,10.2,South Africa,F du Plessis,Q de Kock,LE Plunkett,1,0,"",""
ball,2,10.3,South Africa,Q de Kock,F du Plessis,LE Plunkett,1,0,"",""
ball,2,10.4,South Africa,F du Plessis,Q de Kock,LE Plunkett,0,0,"",""
ball,2,10.5,South Africa,F du Plessis,Q de Kock,LE Plunkett,1,0,"",""
ball,2,10.6,South Africa,Q de Kock,F du Plessis,LE Plunkett,0,0,"",""
ball,2,11.1,South Africa,F du Plessis,Q de Kock,BA Stokes,0,0,"",""
ball,2,11.2,South Africa,F du Plessis,Q de Kock,BA Stokes,0,0,"",""
ball,2,11.3,South Africa,F du Plessis,Q de Kock,BA Stokes,0,0,"",""
ball,2,11.4,South Africa,F du Plessis,Q de Kock,BA Stokes,0,0,"",""
ball,2,11.5,South Africa,F du Plessis,Q de Kock,BA Stokes,1,0,"",""
ball,2,11.6,South Africa,Q de Kock,F du Plessis,BA Stokes,1,0,"",""
ball,2,12.1,South Africa,Q de Kock,F du Plessis,LE Plunkett,0,0,"",""
ball,2,12.2,South Africa,Q de Kock,F du Plessis,LE Plunkett,0,0,"",""
ball,2,12.3,South Africa,Q de Kock,F du Plessis,LE Plunkett,1,0,"",""
ball,2,12.4,South Africa,F du Plessis,Q de Kock,LE Plunkett,0,0,"",""
ball,2,12.5,South Africa,F du Plessis,Q de Kock,LE Plunkett,2,0,"",""
ball,2,12.6,South Africa,F du Plessis,Q de Kock,LE Plunkett,4,0,"",""
ball,2,13.1,South Africa,Q de Kock,F du Plessis,BA Stokes,0,0,"",""
ball,2,13.2,South Africa,Q de Kock,F du Plessis,BA Stokes,0,1,"",""
ball,2,13.3,South Africa,Q de Kock,F du Plessis,BA Stokes,4,0,"",""
ball,2,13.4,South Africa,Q de Kock,F du Plessis,BA Stokes,1,0,"",""
ball,2,13.5,South Africa,F du Plessis,Q de Kock,BA Stokes,0,1,"",""
ball,2,13.6,South Africa,F du Plessis,Q de Kock,BA Stokes,0,0,"",""
ball,2,13.7,South Africa,F du Plessis,Q de Kock,BA Stokes,0,0,"",""
ball,2,13.8,South Africa,F du Plessis,Q de Kock,BA Stokes,0,0,"",""
ball,2,14.1,South Africa,Q de Kock,F du Plessis,LE Plunkett,0,0,"",""
ball,2,14.2,South Africa,Q de Kock,F du Plessis,LE Plunkett,4,0,"",""
ball,2,14.3,South Africa,Q de Kock,F du Plessis,LE Plunkett,0,0,"",""
ball,2,14.4,South Africa,Q de Kock,F du Plessis,LE Plunkett,0,0,"",""
ball,2,14.5,South Africa,Q de Kock,F du Plessis,LE Plunkett,4,0,"",""
ball,2,14.6,South Africa,Q de Kock,F du Plessis,LE Plunkett,0,0,"",""
ball,2,15.1,South Africa,F du Plessis,Q de Kock,AU Rashid,2,0,"",""
ball,2,15.2,South Africa,F du Plessis,Q de Kock,AU Rashid,0,0,"",""
ball,2,15.3,South Africa,F du Plessis,Q de Kock,AU Rashid,4,0,"",""
ball,2,15.4,South Africa,F du Plessis,Q de Kock,AU Rashid,1,0,"",""
ball,2,15.5,South Africa,Q de Kock,F du Plessis,AU Rashid,0,0,"",""
ball,2,15.6,South Africa,Q de Kock,F du Plessis,AU Rashid,2,0,"",""
ball,2,16.1,South Africa,F du Plessis,Q de Kock,LE Plunkett,0,0,caught,F du Plessis
ball,2,16.2,South Africa,AB de Villiers,Q de Kock,LE Plunkett,0,0,"",""
ball,2,16.3,South Africa,AB de Villiers,Q de Kock,LE Plunkett,0,0,"",""
ball,2,16.4,South Africa,AB de Villiers,Q de Kock,LE Plunkett,1,0,"",""
ball,2,16.5,South Africa,Q de Kock,AB de Villiers,LE Plunkett,0,0,"",""
ball,2,16.6,South Africa,Q de Kock,AB de Villiers,LE Plunkett,1,0,"",""
ball,2,17.1,South Africa,Q de Kock,AB de Villiers,AU Rashid,1,0,"",""
ball,2,17.2,South Africa,AB de Villiers,Q de Kock,AU Rashid,1,0,"",""
ball,2,17.3,South Africa,Q de Kock,AB de Villiers,AU Rashid,1,0,"",""
ball,2,17.4,South Africa,AB de Villiers,Q de Kock,AU Rashid,0,0,"",""
ball,2,17.5,South Africa,AB de Villiers,Q de Kock,AU Rashid,1,0,"",""
ball,2,17.6,South Africa,Q de Kock,AB de Villiers,AU Rashid,1,0,"",""
ball,2,18.1,South Africa,Q de Kock,AB de Villiers,LE Plunkett,4,0,"",""
ball,2,18.2,South Africa,Q de Kock,AB de Villiers,LE Plunkett,0,0,"",""
ball,2,18.3,South Africa,Q de Kock,AB de Villiers,LE Plunkett,0,0,"",""
ball,2,18.4,South Africa,Q de Kock,AB de Villiers,LE Plunkett,1,0,"",""
ball,2,18.5,South Africa,AB de Villiers,Q de Kock,LE Plunkett,1,0,"",""
ball,2,18.6,South Africa,Q de Kock,AB de Villiers,LE Plunkett,1,0,"",""
ball,2,19.1,South Africa,Q de Kock,AB de Villiers,AU Rashid,0,0,"",""
ball,2,19.2,South Africa,Q de Kock,AB de Villiers,AU Rashid,0,0,"",""
ball,2,19.3,South Africa,Q de Kock,AB de Villiers,AU Rashid,1,0,"",""
ball,2,19.4,South Africa,AB de Villiers,Q de Kock,AU Rashid,4,0,"",""
ball,2,19.5,South Africa,AB de Villiers,Q de Kock,AU Rashid,1,0,"",""
ball,2,19.6,South Africa,Q de Kock,AB de Villiers,AU Rashid,1,0,"",""
ball,2,20.1,South Africa,Q de Kock,AB de Villiers,MM Ali,1,0,"",""
ball,2,20.2,South Africa,AB de Villiers,Q de Kock,MM Ali,0,0,"",""
ball,2,20.3,South Africa,AB de Villiers,Q de Kock,MM Ali,1,0,"",""
ball,2,20.4,South Africa,Q de Kock,AB de Villiers,MM Ali,0,0,"",""
ball,2,20.5,South Africa,Q de Kock,AB de Villiers,MM Ali,1,0,"",""
ball,2,20.6,South Africa,AB de Villiers,Q de Kock,MM Ali,2,0,"",""
ball,2,21.1,South Africa,Q de Kock,AB de Villiers,AU Rashid,2,0,"",""
ball,2,21.2,South Africa,Q de Kock,AB de Villiers,AU Rashid,1,0,"",""
ball,2,21.3,South Africa,AB de Villiers,Q de Kock,AU Rashid,0,0,"",""
ball,2,21.4,South Africa,AB de Villiers,Q de Kock,AU Rashid,1,0,"",""
ball,2,21.5,South Africa,Q de Kock,AB de Villiers,AU Rashid,0,1,"",""
ball,2,21.6,South Africa,Q de Kock,AB de Villiers,AU Rashid,1,0,"",""
ball,2,21.7,South Africa,AB de Villiers,Q de Kock,AU Rashid,1,0,"",""
ball,2,22.1,South Africa,AB de Villiers,Q de Kock,MM Ali,0,0,"",""
ball,2,22.2,South Africa,AB de Villiers,Q de Kock,MM Ali,1,0,"",""
ball,2,22.3,South Africa,Q de Kock,AB de Villiers,MM Ali,0,0,"",""
ball,2,22.4,South Africa,Q de Kock,AB de Villiers,MM Ali,2,0,"",""
ball,2,22.5,South Africa,Q de Kock,AB de Villiers,MM Ali,1,0,"",""
ball,2,22.6,South Africa,AB de Villiers,Q de Kock,MM Ali,1,0,"",""
ball,2,23.1,South Africa,AB de Villiers,Q de Kock,AU Rashid,0,0,"",""
ball,2,23.2,South Africa,AB de Villiers,Q de Kock,AU Rashid,0,0,"",""
ball,2,23.3,South Africa,AB de Villiers,Q de Kock,AU Rashid,4,0,"",""
ball,2,23.4,South Africa,AB de Villiers,Q de Kock,AU Rashid,0,0,"",""
ball,2,23.5,South Africa,AB de Villiers,Q de Kock,AU Rashid,1,0,"",""
ball,2,23.6,South Africa,Q de Kock,AB de Villiers,AU Rashid,0,0,"",""
ball,2,24.1,South Africa,AB de Villiers,Q de Kock,MM Ali,1,0,"",""
ball,2,24.2,South Africa,Q de Kock,AB de Villiers,MM Ali,0,0,"",""
ball,2,24.3,South Africa,Q de Kock,AB de Villiers,MM Ali,4,0,"",""
ball,2,24.4,South Africa,Q de Kock,AB de Villiers,MM Ali,1,0,"",""
ball,2,24.5,South Africa,AB de Villiers,Q de Kock,MM Ali,4,0,"",""
ball,2,24.6,South Africa,AB de Villiers,Q de Kock,MM Ali,1,0,"",""
ball,2,25.1,South Africa,AB de Villiers,Q de Kock,AU Rashid,1,0,"",""
ball,2,25.2,South Africa,Q de Kock,AB de Villiers,AU Rashid,0,0,"",""
ball,2,25.3,South Africa,Q de Kock,AB de Villiers,AU Rashid,2,0,"",""
ball,2,25.4,South Africa,Q de Kock,AB de Villiers,AU Rashid,3,0,"",""
ball,2,25.5,South Africa,AB de Villiers,Q de Kock,AU Rashid,1,0,"",""
ball,2,25.6,South Africa,Q de Kock,AB de Villiers,AU Rashid,1,0,"",""
ball,2,26.1,South Africa,Q de Kock,AB de Villiers,MA Wood,0,0,"",""
ball,2,26.2,South Africa,Q de Kock,AB de Villiers,MA Wood,0,0,"",""
ball,2,26.3,South Africa,Q de Kock,AB de Villiers,MA Wood,1,0,"",""
ball,2,26.4,South Africa,AB de Villiers,Q de Kock,MA Wood,0,0,"",""
ball,2,26.5,South Africa,AB de Villiers,Q de Kock,MA Wood,4,0,"",""
ball,2,26.6,South Africa,AB de Villiers,Q de Kock,MA Wood,0,0,"",""
ball,2,27.1,South Africa,Q de Kock,AB de Villiers,JT Ball,1,0,"",""
ball,2,27.2,South Africa,AB de Villiers,Q de Kock,JT Ball,0,0,"",""
ball,2,27.3,South Africa,AB de Villiers,Q de Kock,JT Ball,4,0,"",""
ball,2,27.4,South Africa,AB de Villiers,Q de Kock,JT Ball,0,0,"",""
ball,2,27.5,South Africa,AB de Villiers,Q de Kock,JT Ball,1,0,"",""
ball,2,27.6,South Africa,Q de Kock,AB de Villiers,JT Ball,0,1,"",""
ball,2,27.7,South Africa,Q de Kock,AB de Villiers,JT Ball,0,0,"",""
ball,2,28.1,South Africa,AB de Villiers,Q de Kock,MA Wood,1,0,"",""
ball,2,28.2,South Africa,Q de Kock,AB de Villiers,MA Wood,0,0,"",""
ball,2,28.3,South Africa,Q de Kock,AB de Villiers,MA Wood,0,1,"",""
ball,2,28.4,South Africa,Q de Kock,AB de Villiers,MA Wood,0,0,"",""
ball,2,28.5,South Africa,Q de Kock,AB de Villiers,MA Wood,1,0,"",""
ball,2,28.6,South Africa,AB de Villiers,Q de Kock,MA Wood,0,0,"",""
ball,2,28.7,South Africa,AB de Villiers,Q de Kock,MA Wood,2,0,"",""
ball,2,29.1,South Africa,Q de Kock,AB de Villiers,JT Ball,0,0,"",""
ball,2,29.2,South Africa,Q de Kock,AB de Villiers,JT Ball,0,0,"",""
ball,2,29.3,South Africa,Q de Kock,AB de Villiers,JT Ball,0,0,"",""
ball,2,29.4,South Africa,Q de Kock,AB de Villiers,JT Ball,1,0,"",""
ball,2,29.5,South Africa,AB de Villiers,Q de Kock,JT Ball,0,0,"",""
ball,2,29.6,South Africa,AB de Villiers,Q de Kock,JT Ball,1,0,"",""
ball,2,30.1,South Africa,AB de Villiers,Q de Kock,LE Plunkett,0,0,"",""
ball,2,30.2,South Africa,AB de Villiers,Q de Kock,LE Plunkett,1,0,"",""
ball,2,30.3,South Africa,Q de Kock,AB de Villiers,LE Plunkett,1,0,"",""
ball,2,30.4,South Africa,AB de Villiers,Q de Kock,LE Plunkett,2,0,"",""
ball,2,30.5,South Africa,AB de Villiers,Q de Kock,LE Plunkett,0,0,"",""
ball,2,30.6,South Africa,AB de Villiers,Q de Kock,LE Plunkett,0,0,"",""
ball,2,31.1,South Africa,Q de Kock,AB de Villiers,JT Ball,1,0,"",""
ball,2,31.2,South Africa,AB de Villiers,Q de Kock,JT Ball,4,0,"",""
ball,2,31.3,South Africa,AB de Villiers,Q de Kock,JT Ball,0,0,"",""
ball,2,31.4,South Africa,AB de Villiers,Q de Kock,JT Ball,1,0,"",""
ball,2,31.5,South Africa,Q de Kock,AB de Villiers,JT Ball,1,0,"",""
ball,2,31.6,South Africa,AB de Villiers,Q de Kock,JT Ball,2,0,"",""
ball,2,32.1,South Africa,Q de Kock,AB de Villiers,LE Plunkett,0,0,"",""
ball,2,32.2,South Africa,Q de Kock,AB de Villiers,LE Plunkett,1,0,"",""
ball,2,32.3,South Africa,AB de Villiers,Q de Kock,LE Plunkett,0,1,"",""
ball,2,32.4,South Africa,AB de Villiers,Q de Kock,LE Plunkett,0,0,caught,AB de Villiers
ball,2,32.5,South Africa,DA Miller,Q de Kock,LE Plunkett,0,0,"",""
ball,2,32.6,South Africa,DA Miller,Q de Kock,LE Plunkett,1,0,"",""
ball,2,32.7,South Africa,Q de Kock,DA Miller,LE Plunkett,1,0,"",""
ball,2,33.1,South Africa,Q de Kock,DA Miller,MM Ali,1,0,"",""
ball,2,33.2,South Africa,DA Miller,Q de Kock,MM Ali,0,0,"",""
ball,2,33.3,South Africa,DA Miller,Q de Kock,MM Ali,1,0,"",""
ball,2,33.4,South Africa,Q de Kock,DA Miller,MM Ali,1,0,"",""
ball,2,33.5,South Africa,DA Miller,Q de Kock,MM Ali,1,0,"",""
ball,2,33.6,South Africa,Q de Kock,DA Miller,MM Ali,4,0,"",""
ball,2,34.1,South Africa,DA Miller,Q de Kock,LE Plunkett,0,0,"",""
ball,2,34.2,South Africa,DA Miller,Q de Kock,LE Plunkett,0,0,"",""
ball,2,34.3,South Africa,DA Miller,Q de Kock,LE Plunkett,2,0,"",""
ball,2,34.4,South Africa,DA Miller,Q de Kock,LE Plunkett,1,0,"",""
ball,2,34.5,South Africa,Q de Kock,DA Miller,LE Plunkett,1,0,"",""
ball,2,34.6,South Africa,DA Miller,Q de Kock,LE Plunkett,1,0,"",""
ball,2,35.1,South Africa,DA Miller,Q de Kock,MM Ali,1,0,"",""
ball,2,35.2,South Africa,Q de Kock,DA Miller,MM Ali,1,0,"",""
ball,2,35.3,South Africa,DA Miller,Q de Kock,MM Ali,0,0,"",""
ball,2,35.4,South Africa,DA Miller,Q de Kock,MM Ali,4,0,"",""
ball,2,35.5,South Africa,DA Miller,Q de Kock,MM Ali,1,0,"",""
ball,2,35.6,South Africa,Q de Kock,DA Miller,MM Ali,0,0,caught,Q de Kock
ball,2,36.1,South Africa,DA Miller,F Behardien,JE Root,1,0,"",""
ball,2,36.2,South Africa,F Behardien,DA Miller,JE Root,0,0,"",""
ball,2,36.3,South Africa,F Behardien,DA Miller,JE Root,1,0,"",""
ball,2,36.4,South Africa,DA Miller,F Behardien,JE Root,1,0,"",""
ball,2,36.5,South Africa,F Behardien,DA Miller,JE Root,0,0,"",""
ball,2,36.6,South Africa,F Behardien,DA Miller,JE Root,0,0,"",""
ball,2,37.1,South Africa,DA Miller,F Behardien,MM Ali,1,0,"",""
ball,2,37.2,South Africa,F Behardien,DA Miller,MM Ali,1,0,"",""
ball,2,37.3,South Africa,DA Miller,F Behardien,MM Ali,6,0,"",""
ball,2,37.4,South Africa,DA Miller,F Behardien,MM Ali,1,0,"",""
ball,2,37.5,South Africa,F Behardien,DA Miller,MM Ali,0,0,"",""
ball,2,37.6,South Africa,F Behardien,DA Miller,MM Ali,1,0,"",""
ball,2,38.1,South Africa,F Behardien,DA Miller,JE Root,1,0,"",""
ball,2,38.2,South Africa,DA Miller,F Behardien,JE Root,4,0,"",""
ball,2,38.3,South Africa,DA Miller,F Behardien,JE Root,1,0,"",""
ball,2,38.4,South Africa,F Behardien,DA Miller,JE Root,0,0,"",""
ball,2,38.5,South Africa,F Behardien,DA Miller,JE Root,0,0,"",""
ball,2,38.6,South Africa,F Behardien,DA Miller,JE Root,1,0,"",""
ball,2,39.1,South Africa,F Behardien,DA Miller,MM Ali,1,0,"",""
ball,2,39.2,South Africa,DA Miller,F Behardien,MM Ali,1,0,"",""
ball,2,39.3,South Africa,F Behardien,DA Miller,MM Ali,1,0,"",""
ball,2,39.4,South Africa,DA Miller,F Behardien,MM Ali,2,0,"",""
ball,2,39.5,South Africa,DA Miller,F Behardien,MM Ali,1,0,"",""
ball,2,39.6,South Africa,F Behardien,DA Miller,MM Ali,1,0,"",""
ball,2,40.1,South Africa,F Behardien,DA Miller,JE Root,0,0,"",""
ball,2,40.2,South Africa,F Behardien,DA Miller,JE Root,0,0,"",""
ball,2,40.3,South Africa,F Behardien,DA Miller,JE Root,1,0,"",""
ball,2,40.4,South Africa,DA Miller,F Behardien,JE Root,2,0,"",""
ball,2,40.5,South Africa,DA Miller,F Behardien,JE Root,4,0,"",""
ball,2,40.6,South Africa,DA Miller,F Behardien,JE Root,1,0,"",""
ball,2,41.1,South Africa,DA Miller,F Behardien,JT Ball,1,0,"",""
ball,2,41.2,South Africa,F Behardien,DA Miller,JT Ball,0,1,"",""
ball,2,41.3,South Africa,F Behardien,DA Miller,JT Ball,1,0,"",""
ball,2,41.4,South Africa,DA Miller,F Behardien,JT Ball,4,0,"",""
ball,2,41.5,South Africa,DA Miller,F Behardien,JT Ball,1,0,"",""
ball,2,41.6,South Africa,F Behardien,DA Miller,JT Ball,0,0,"",""
ball,2,41.7,South Africa,F Behardien,DA Miller,JT Ball,2,0,"",""
ball,2,42.1,South Africa,DA Miller,F Behardien,MM Ali,2,0,"",""
ball,2,42.2,South Africa,DA Miller,F Behardien,MM Ali,1,0,"",""
ball,2,42.3,South Africa,F Behardien,DA Miller,MM Ali,0,0,"",""
ball,2,42.4,South Africa,F Behardien,DA Miller,MM Ali,1,0,"",""
ball,2,42.5,South Africa,DA Miller,F Behardien,MM Ali,1,0,"",""
ball,2,42.6,South Africa,F Behardien,DA Miller,MM Ali,1,0,"",""
ball,2,43.1,South Africa,F Behardien,DA Miller,LE Plunkett,3,0,"",""
ball,2,43.2,South Africa,DA Miller,F Behardien,LE Plunkett,1,0,"",""
ball,2,43.3,South Africa,F Behardien,DA Miller,LE Plunkett,0,0,caught,F Behardien
ball,2,43.4,South Africa,DA Miller,CH Morris,LE Plunkett,1,0,"",""
ball,2,43.5,South Africa,CH Morris,DA Miller,LE Plunkett,1,0,"",""
ball,2,43.6,South Africa,DA Miller,CH Morris,LE Plunkett,0,1,"",""
ball,2,43.7,South Africa,DA Miller,CH Morris,LE Plunkett,0,1,"",""
ball,2,43.8,South Africa,DA Miller,CH Morris,LE Plunkett,1,0,"",""
ball,2,44.1,South Africa,DA Miller,CH Morris,MA Wood,1,0,"",""
ball,2,44.2,South Africa,CH Morris,DA Miller,MA Wood,1,0,"",""
ball,2,44.3,South Africa,DA Miller,CH Morris,MA Wood,1,0,"",""
ball,2,44.4,South Africa,CH Morris,DA Miller,MA Wood,0,0,"",""
ball,2,44.5,South Africa,CH Morris,DA Miller,MA Wood,1,0,"",""
ball,2,44.6,South Africa,DA Miller,CH Morris,MA Wood,0,0,"",""
ball,2,45.1,South Africa,CH Morris,DA Miller,LE Plunkett,1,0,"",""
ball,2,45.2,South Africa,DA Miller,CH Morris,LE Plunkett,1,0,"",""
ball,2,45.3,South Africa,CH Morris,DA Miller,LE Plunkett,4,0,"",""
ball,2,45.4,South Africa,CH Morris,DA Miller,LE Plunkett,2,0,"",""
ball,2,45.5,South Africa,CH Morris,DA Miller,LE Plunkett,6,0,"",""
ball,2,45.6,South Africa,CH Morris,DA Miller,LE Plunkett,0,0,"",""
ball,2,46.1,South Africa,DA Miller,CH Morris,JT Ball,1,0,"",""
ball,2,46.2,South Africa,CH Morris,DA Miller,JT Ball,1,0,"",""
ball,2,46.3,South Africa,DA Miller,CH Morris,JT Ball,1,0,"",""
ball,2,46.4,South Africa,CH Morris,DA Miller,JT Ball,4,0,"",""
ball,2,46.5,South Africa,CH Morris,DA Miller,JT Ball,2,0,"",""
ball,2,46.6,South Africa,CH Morris,DA Miller,JT Ball,0,0,"",""
ball,2,47.1,South Africa,DA Miller,CH Morris,MA Wood,0,2,"",""
ball,2,47.2,South Africa,DA Miller,CH Morris,MA Wood,1,0,"",""
ball,2,47.3,South Africa,CH Morris,DA Miller,MA Wood,4,0,"",""
ball,2,47.4,South Africa,CH Morris,DA Miller,MA Wood,0,0,"",""
ball,2,47.5,South Africa,CH Morris,DA Miller,MA Wood,0,0,"",""
ball,2,47.6,South Africa,CH Morris,DA Miller,MA Wood,6,0,"",""
ball,2,48.1,South Africa,DA Miller,CH Morris,JT Ball,6,0,"",""
ball,2,48.2,South Africa,DA Miller,CH Morris,JT Ball,4,0,"",""
ball,2,48.3,South Africa,DA Miller,CH Morris,JT Ball,1,0,"",""
ball,2,48.4,South Africa,CH Morris,DA Miller,JT Ball,1,0,"",""
ball,2,48.5,South Africa,DA Miller,CH Morris,JT Ball,0,1,"",""
ball,2,48.6,South Africa,CH Morris,DA Miller,JT Ball,0,0,"",""
ball,2,49.1,South Africa,DA Miller,CH Morris,MA Wood,1,0,"",""
ball,2,49.2,South Africa,CH Morris,DA Miller,MA Wood,1,0,"",""
ball,2,49.3,South Africa,DA Miller,CH Morris,MA Wood,0,0,"",""
ball,2,49.4,South Africa,DA Miller,CH Morris,MA Wood,1,0,"",""
ball,2,49.5,South Africa,CH Morris,DA Miller,MA Wood,0,0,"",""
ball,2,49.6,South Africa,CH Morris,DA Miller,MA Wood,0,1,"",""
