version,1.3.0
info,team,Afghanistan
info,team,Ireland
info,gender,male
info,season,2016/17
info,date,2017/03/24
info,series,Afghanistan v Ireland ODI Series
info,match_number,5
info,venue,Greater Noida Sports Complex Ground
info,city,Greater Noida
info,neutralvenue,true
info,toss_winner,Ireland
info,toss_decision,bat
info,player_of_match,Rahmat Shah
info,umpire,Ahmed Shah Pakteen
info,umpire,Nitin Menon
info,reserve_umpire,Bismillah Shinwari
info,tv_umpire,AK Chaudhary
info,match_referee,GF Labrooy
info,winner,Afghanistan
info,winner_wickets,7
ball,1,0.1,Ireland,EC Joyce,PR Stirling,Fareed Ahmad,0,1,"",""
ball,1,0.2,Ireland,EC Joyce,PR Stirling,Fareed Ahmad,0,0,"",""
ball,1,0.3,Ireland,EC Joyce,PR Stirling,Fareed Ahmad,0,1,"",""
ball,1,0.4,Ireland,EC Joyce,PR Stirling,Fareed Ahmad,0,0,"",""
ball,1,0.5,Ireland,EC Joyce,PR Stirling,Fareed Ahmad,0,0,"",""
ball,1,0.6,Ireland,EC Joyce,PR Stirling,Fareed Ahmad,0,0,"",""
ball,1,0.7,Ireland,EC Joyce,PR Stirling,Fareed Ahmad,0,0,"",""
ball,1,0.8,Ireland,EC Joyce,PR Stirling,Fareed Ahmad,0,1,"",""
ball,1,0.9,Ireland,EC Joyce,PR Stirling,Fareed Ahmad,0,0,"",""
ball,1,1.1,Ireland,PR Stirling,EC Joyce,Dawlat Zadran,0,0,"",""
ball,1,1.2,Ireland,PR Stirling,EC Joyce,Dawlat Zadran,0,0,"",""
ball,1,1.3,Ireland,PR Stirling,EC Joyce,Dawlat Zadran,0,0,"",""
ball,1,1.4,Ireland,PR Stirling,EC Joyce,Dawlat Zadran,0,0,"",""
ball,1,1.5,Ireland,PR Stirling,EC Joyce,Dawlat Zadran,0,0,"",""
ball,1,1.6,Ireland,PR Stirling,EC Joyce,Dawlat Zadran,0,0,"",""
ball,1,2.1,Ireland,EC Joyce,PR Stirling,Fareed Ahmad,0,0,"",""
ball,1,2.2,Ireland,EC Joyce,PR Stirling,Fareed Ahmad,0,0,"",""
ball,1,2.3,Ireland,EC Joyce,PR Stirling,Fareed Ahmad,4,0,"",""
ball,1,2.4,Ireland,EC Joyce,PR Stirling,Fareed Ahmad,4,0,"",""
ball,1,2.5,Ireland,EC Joyce,PR Stirling,Fareed Ahmad,0,0,"",""
ball,1,2.6,Ireland,EC Joyce,PR Stirling,Fareed Ahmad,0,0,"",""
ball,1,3.1,Ireland,PR Stirling,EC Joyce,Dawlat Zadran,0,0,"",""
ball,1,3.2,Ireland,PR Stirling,EC Joyce,Dawlat Zadran,1,0,"",""
ball,1,3.3,Ireland,EC Joyce,PR Stirling,Dawlat Zadran,0,0,"",""
ball,1,3.4,Ireland,EC Joyce,PR Stirling,Dawlat Zadran,0,0,"",""
ball,1,3.5,Ireland,EC Joyce,PR Stirling,Dawlat Zadran,0,0,"",""
ball,1,3.6,Ireland,EC Joyce,PR Stirling,Dawlat Zadran,0,0,"",""
ball,1,4.1,Ireland,PR Stirling,EC Joyce,Fareed Ahmad,0,0,"",""
ball,1,4.2,Ireland,PR Stirling,EC Joyce,Fareed Ahmad,1,0,"",""
ball,1,4.3,Ireland,EC Joyce,PR Stirling,Fareed Ahmad,2,0,"",""
ball,1,4.4,Ireland,EC Joyce,PR Stirling,Fareed Ahmad,1,0,"",""
ball,1,4.5,Ireland,PR Stirling,EC Joyce,Fareed Ahmad,0,0,"",""
ball,1,4.6,Ireland,PR Stirling,EC Joyce,Fareed Ahmad,1,0,"",""
ball,1,5.1,Ireland,PR Stirling,EC Joyce,Dawlat Zadran,0,1,"",""
ball,1,5.2,Ireland,EC Joyce,PR Stirling,Dawlat Zadran,0,0,"",""
ball,1,5.3,Ireland,EC Joyce,PR Stirling,Dawlat Zadran,0,0,"",""
ball,1,5.4,Ireland,EC Joyce,PR Stirling,Dawlat Zadran,4,0,"",""
ball,1,5.5,Ireland,EC Joyce,PR Stirling,Dawlat Zadran,0,0,"",""
ball,1,5.6,Ireland,EC Joyce,PR Stirling,Dawlat Zadran,1,0,"",""
ball,1,6.1,Ireland,EC Joyce,PR Stirling,Gulbadin Naib,1,0,"",""
ball,1,6.2,Ireland,PR Stirling,EC Joyce,Gulbadin Naib,0,0,"",""
ball,1,6.3,Ireland,PR Stirling,EC Joyce,Gulbadin Naib,0,0,"",""
ball,1,6.4,Ireland,PR Stirling,EC Joyce,Gulbadin Naib,0,0,"",""
ball,1,6.5,Ireland,PR Stirling,EC Joyce,Gulbadin Naib,0,0,"",""
ball,1,6.6,Ireland,PR Stirling,EC Joyce,Gulbadin Naib,0,0,"",""
ball,1,7.1,Ireland,EC Joyce,PR Stirling,Dawlat Zadran,0,0,"",""
ball,1,7.2,Ireland,EC Joyce,PR Stirling,Dawlat Zadran,1,0,"",""
ball,1,7.3,Ireland,PR Stirling,EC Joyce,Dawlat Zadran,2,0,"",""
ball,1,7.4,Ireland,PR Stirling,EC Joyce,Dawlat Zadran,2,0,"",""
ball,1,7.5,Ireland,PR Stirling,EC Joyce,Dawlat Zadran,1,0,"",""
ball,1,7.6,Ireland,EC Joyce,PR Stirling,Dawlat Zadran,0,0,"",""
ball,1,8.1,Ireland,PR Stirling,EC Joyce,Gulbadin Naib,0,0,"",""
ball,1,8.2,Ireland,PR Stirling,EC Joyce,Gulbadin Naib,0,0,"",""
ball,1,8.3,Ireland,PR Stirling,EC Joyce,Gulbadin Naib,4,0,"",""
ball,1,8.4,Ireland,PR Stirling,EC Joyce,Gulbadin Naib,0,0,"",""
ball,1,8.5,Ireland,PR Stirling,EC Joyce,Gulbadin Naib,0,0,"",""
ball,1,8.6,Ireland,PR Stirling,EC Joyce,Gulbadin Naib,4,0,"",""
ball,1,9.1,Ireland,EC Joyce,PR Stirling,Dawlat Zadran,1,0,"",""
ball,1,9.2,Ireland,PR Stirling,EC Joyce,Dawlat Zadran,1,0,"",""
ball,1,9.3,Ireland,EC Joyce,PR Stirling,Dawlat Zadran,4,0,"",""
ball,1,9.4,Ireland,EC Joyce,PR Stirling,Dawlat Zadran,0,0,"",""
ball,1,9.5,Ireland,EC Joyce,PR Stirling,Dawlat Zadran,0,0,"",""
ball,1,9.6,Ireland,EC Joyce,PR Stirling,Dawlat Zadran,4,0,"",""
ball,1,10.1,Ireland,PR Stirling,EC Joyce,Gulbadin Naib,4,0,"",""
ball,1,10.2,Ireland,PR Stirling,EC Joyce,Gulbadin Naib,0,0,"",""
ball,1,10.3,Ireland,PR Stirling,EC Joyce,Gulbadin Naib,1,0,"",""
ball,1,10.4,Ireland,EC Joyce,PR Stirling,Gulbadin Naib,0,0,"",""
ball,1,10.5,Ireland,EC Joyce,PR Stirling,Gulbadin Naib,1,0,"",""
ball,1,10.6,Ireland,PR Stirling,EC Joyce,Gulbadin Naib,0,0,"",""
ball,1,11.1,Ireland,EC Joyce,PR Stirling,Mohammad Nabi,0,0,"",""
ball,1,11.2,Ireland,EC Joyce,PR Stirling,Mohammad Nabi,6,0,"",""
ball,1,11.3,Ireland,EC Joyce,PR Stirling,Mohammad Nabi,0,0,"",""
ball,1,11.4,Ireland,EC Joyce,PR Stirling,Mohammad Nabi,4,0,"",""
ball,1,11.5,Ireland,EC Joyce,PR Stirling,Mohammad Nabi,0,0,"",""
ball,1,11.6,Ireland,EC Joyce,PR Stirling,Mohammad Nabi,1,0,"",""
ball,1,12.1,Ireland,EC Joyce,PR Stirling,Rashid Khan,0,0,"",""
ball,1,12.2,Ireland,EC Joyce,PR Stirling,Rashid Khan,0,0,"",""
ball,1,12.3,Ireland,EC Joyce,PR Stirling,Rashid Khan,1,0,"",""
ball,1,12.4,Ireland,PR Stirling,EC Joyce,Rashid Khan,0,0,"",""
ball,1,12.5,Ireland,PR Stirling,EC Joyce,Rashid Khan,0,0,"",""
ball,1,12.6,Ireland,PR Stirling,EC Joyce,Rashid Khan,0,0,"",""
ball,1,13.1,Ireland,EC Joyce,PR Stirling,Mohammad Nabi,0,0,"",""
ball,1,13.2,Ireland,EC Joyce,PR Stirling,Mohammad Nabi,0,0,"",""
ball,1,13.3,Ireland,EC Joyce,PR Stirling,Mohammad Nabi,0,0,"",""
ball,1,13.4,Ireland,EC Joyce,PR Stirling,Mohammad Nabi,0,0,"",""
ball,1,13.5,Ireland,EC Joyce,PR Stirling,Mohammad Nabi,0,0,"",""
ball,1,13.6,Ireland,EC Joyce,PR Stirling,Mohammad Nabi,1,0,"",""
ball,1,14.1,Ireland,EC Joyce,PR Stirling,Rashid Khan,1,0,"",""
ball,1,14.2,Ireland,PR Stirling,EC Joyce,Rashid Khan,0,0,"",""
ball,1,14.3,Ireland,PR Stirling,EC Joyce,Rashid Khan,1,0,"",""
ball,1,14.4,Ireland,EC Joyce,PR Stirling,Rashid Khan,0,0,"",""
ball,1,14.5,Ireland,EC Joyce,PR Stirling,Rashid Khan,0,0,bowled,EC Joyce
ball,1,14.6,Ireland,WTS Porterfield,PR Stirling,Rashid Khan,0,0,"",""
ball,1,15.1,Ireland,PR Stirling,WTS Porterfield,Mohammad Nabi,4,0,"",""
ball,1,15.2,Ireland,PR Stirling,WTS Porterfield,Mohammad Nabi,6,0,"",""
ball,1,15.3,Ireland,PR Stirling,WTS Porterfield,Mohammad Nabi,1,0,"",""
ball,1,15.4,Ireland,WTS Porterfield,PR Stirling,Mohammad Nabi,0,0,"",""
ball,1,15.5,Ireland,WTS Porterfield,PR Stirling,Mohammad Nabi,0,0,"",""
ball,1,15.6,Ireland,WTS Porterfield,PR Stirling,Mohammad Nabi,0,0,"",""
ball,1,16.1,Ireland,PR Stirling,WTS Porterfield,Rashid Khan,1,0,"",""
ball,1,16.2,Ireland,WTS Porterfield,PR Stirling,Rashid Khan,0,0,"",""
ball,1,16.3,Ireland,WTS Porterfield,PR Stirling,Rashid Khan,1,0,"",""
ball,1,16.4,Ireland,PR Stirling,WTS Porterfield,Rashid Khan,1,0,"",""
ball,1,16.5,Ireland,WTS Porterfield,PR Stirling,Rashid Khan,0,0,"",""
ball,1,16.6,Ireland,WTS Porterfield,PR Stirling,Rashid Khan,0,0,"",""
ball,1,17.1,Ireland,PR Stirling,WTS Porterfield,Mohammad Nabi,0,0,"",""
ball,1,17.2,Ireland,PR Stirling,WTS Porterfield,Mohammad Nabi,0,0,"",""
ball,1,17.3,Ireland,PR Stirling,WTS Porterfield,Mohammad Nabi,0,0,"",""
ball,1,17.4,Ireland,PR Stirling,WTS Porterfield,Mohammad Nabi,1,0,"",""
ball,1,17.5,Ireland,WTS Porterfield,PR Stirling,Mohammad Nabi,0,0,"",""
ball,1,17.6,Ireland,WTS Porterfield,PR Stirling,Mohammad Nabi,1,0,"",""
ball,1,18.1,Ireland,WTS Porterfield,PR Stirling,Fareed Ahmad,4,0,"",""
ball,1,18.2,Ireland,WTS Porterfield,PR Stirling,Fareed Ahmad,1,0,"",""
ball,1,18.3,Ireland,PR Stirling,WTS Porterfield,Fareed Ahmad,0,1,"",""
ball,1,18.4,Ireland,PR Stirling,WTS Porterfield,Fareed Ahmad,2,0,"",""
ball,1,18.5,Ireland,PR Stirling,WTS Porterfield,Fareed Ahmad,1,0,"",""
ball,1,18.6,Ireland,WTS Porterfield,PR Stirling,Fareed Ahmad,0,0,"",""
ball,1,18.7,Ireland,WTS Porterfield,PR Stirling,Fareed Ahmad,1,0,"",""
ball,1,19.1,Ireland,WTS Porterfield,PR Stirling,Gulbadin Naib,0,0,"",""
ball,1,19.2,Ireland,WTS Porterfield,PR Stirling,Gulbadin Naib,1,0,"",""
ball,1,19.3,Ireland,PR Stirling,WTS Porterfield,Gulbadin Naib,1,0,"",""
ball,1,19.4,Ireland,WTS Porterfield,PR Stirling,Gulbadin Naib,0,0,"",""
ball,1,19.5,Ireland,WTS Porterfield,PR Stirling,Gulbadin Naib,1,0,"",""
ball,1,19.6,Ireland,PR Stirling,WTS Porterfield,Gulbadin Naib,0,0,"",""
ball,1,20.1,Ireland,WTS Porterfield,PR Stirling,Fareed Ahmad,0,0,"",""
ball,1,20.2,Ireland,WTS Porterfield,PR Stirling,Fareed Ahmad,1,0,"",""
ball,1,20.3,Ireland,PR Stirling,WTS Porterfield,Fareed Ahmad,1,0,"",""
ball,1,20.4,Ireland,WTS Porterfield,PR Stirling,Fareed Ahmad,0,0,"",""
ball,1,20.5,Ireland,WTS Porterfield,PR Stirling,Fareed Ahmad,0,0,"",""
ball,1,20.6,Ireland,WTS Porterfield,PR Stirling,Fareed Ahmad,4,0,"",""
ball,1,21.1,Ireland,PR Stirling,WTS Porterfield,Samiullah Shenwari,6,0,"",""
ball,1,21.2,Ireland,PR Stirling,WTS Porterfield,Samiullah Shenwari,0,0,"",""
ball,1,21.3,Ireland,PR Stirling,WTS Porterfield,Samiullah Shenwari,1,0,"",""
ball,1,21.4,Ireland,WTS Porterfield,PR Stirling,Samiullah Shenwari,0,0,"",""
ball,1,21.5,Ireland,WTS Porterfield,PR Stirling,Samiullah Shenwari,1,0,"",""
ball,1,21.6,Ireland,PR Stirling,WTS Porterfield,Samiullah Shenwari,1,0,"",""
ball,1,22.1,Ireland,PR Stirling,WTS Porterfield,Gulbadin Naib,0,0,"",""
ball,1,22.2,Ireland,PR Stirling,WTS Porterfield,Gulbadin Naib,0,1,"",""
ball,1,22.3,Ireland,PR Stirling,WTS Porterfield,Gulbadin Naib,0,0,"",""
ball,1,22.4,Ireland,PR Stirling,WTS Porterfield,Gulbadin Naib,0,0,"",""
ball,1,22.5,Ireland,PR Stirling,WTS Porterfield,Gulbadin Naib,1,0,"",""
ball,1,22.6,Ireland,WTS Porterfield,PR Stirling,Gulbadin Naib,1,0,"",""
ball,1,22.7,Ireland,PR Stirling,WTS Porterfield,Gulbadin Naib,0,0,bowled,PR Stirling
ball,1,23.1,Ireland,WTS Porterfield,NJ O'Brien,Mohammad Nabi,0,0,"",""
ball,1,23.2,Ireland,WTS Porterfield,NJ O'Brien,Mohammad Nabi,0,0,"",""
ball,1,23.3,Ireland,WTS Porterfield,NJ O'Brien,Mohammad Nabi,0,0,"",""
ball,1,23.4,Ireland,WTS Porterfield,NJ O'Brien,Mohammad Nabi,0,0,"",""
ball,1,23.5,Ireland,WTS Porterfield,NJ O'Brien,Mohammad Nabi,1,0,"",""
ball,1,23.6,Ireland,NJ O'Brien,WTS Porterfield,Mohammad Nabi,0,0,"",""
ball,1,24.1,Ireland,WTS Porterfield,NJ O'Brien,Gulbadin Naib,0,1,"",""
ball,1,24.2,Ireland,NJ O'Brien,WTS Porterfield,Gulbadin Naib,1,0,"",""
ball,1,24.3,Ireland,WTS Porterfield,NJ O'Brien,Gulbadin Naib,1,0,"",""
ball,1,24.4,Ireland,NJ O'Brien,WTS Porterfield,Gulbadin Naib,0,0,"",""
ball,1,24.5,Ireland,NJ O'Brien,WTS Porterfield,Gulbadin Naib,4,0,"",""
ball,1,24.6,Ireland,NJ O'Brien,WTS Porterfield,Gulbadin Naib,0,0,"",""
ball,1,25.1,Ireland,WTS Porterfield,NJ O'Brien,Mohammad Nabi,1,0,"",""
ball,1,25.2,Ireland,NJ O'Brien,WTS Porterfield,Mohammad Nabi,0,0,"",""
ball,1,25.3,Ireland,NJ O'Brien,WTS Porterfield,Mohammad Nabi,2,0,"",""
ball,1,25.4,Ireland,NJ O'Brien,WTS Porterfield,Mohammad Nabi,0,0,"",""
ball,1,25.5,Ireland,NJ O'Brien,WTS Porterfield,Mohammad Nabi,1,0,"",""
ball,1,25.6,Ireland,WTS Porterfield,NJ O'Brien,Mohammad Nabi,1,0,"",""
ball,1,26.1,Ireland,WTS Porterfield,NJ O'Brien,Gulbadin Naib,0,0,"",""
ball,1,26.2,Ireland,WTS Porterfield,NJ O'Brien,Gulbadin Naib,1,0,"",""
ball,1,26.3,Ireland,NJ O'Brien,WTS Porterfield,Gulbadin Naib,1,0,"",""
ball,1,26.4,Ireland,WTS Porterfield,NJ O'Brien,Gulbadin Naib,1,0,"",""
ball,1,26.5,Ireland,NJ O'Brien,WTS Porterfield,Gulbadin Naib,0,0,"",""
ball,1,26.6,Ireland,NJ O'Brien,WTS Porterfield,Gulbadin Naib,0,1,"",""
ball,1,26.7,Ireland,NJ O'Brien,WTS Porterfield,Gulbadin Naib,0,0,"",""
ball,1,27.1,Ireland,WTS Porterfield,NJ O'Brien,Mohammad Nabi,0,1,"",""
ball,1,27.2,Ireland,WTS Porterfield,NJ O'Brien,Mohammad Nabi,0,0,"",""
ball,1,27.3,Ireland,WTS Porterfield,NJ O'Brien,Mohammad Nabi,1,0,"",""
ball,1,27.4,Ireland,NJ O'Brien,WTS Porterfield,Mohammad Nabi,2,0,"",""
ball,1,27.5,Ireland,NJ O'Brien,WTS Porterfield,Mohammad Nabi,0,0,"",""
ball,1,27.6,Ireland,NJ O'Brien,WTS Porterfield,Mohammad Nabi,0,0,"",""
ball,1,27.7,Ireland,NJ O'Brien,WTS Porterfield,Mohammad Nabi,0,0,"",""
ball,1,28.1,Ireland,WTS Porterfield,NJ O'Brien,Rashid Khan,0,0,"",""
ball,1,28.2,Ireland,WTS Porterfield,NJ O'Brien,Rashid Khan,0,0,"",""
ball,1,28.3,Ireland,WTS Porterfield,NJ O'Brien,Rashid Khan,0,0,"",""
ball,1,28.4,Ireland,WTS Porterfield,NJ O'Brien,Rashid Khan,0,0,"",""
ball,1,28.5,Ireland,WTS Porterfield,NJ O'Brien,Rashid Khan,0,0,"",""
ball,1,28.6,Ireland,WTS Porterfield,NJ O'Brien,Rashid Khan,0,0,"",""
ball,1,29.1,Ireland,NJ O'Brien,WTS Porterfield,Gulbadin Naib,4,0,"",""
ball,1,29.2,Ireland,NJ O'Brien,WTS Porterfield,Gulbadin Naib,1,0,"",""
ball,1,29.3,Ireland,WTS Porterfield,NJ O'Brien,Gulbadin Naib,0,1,"",""
ball,1,29.4,Ireland,NJ O'Brien,WTS Porterfield,Gulbadin Naib,2,0,"",""
ball,1,29.5,Ireland,NJ O'Brien,WTS Porterfield,Gulbadin Naib,0,0,"",""
ball,1,29.6,Ireland,NJ O'Brien,WTS Porterfield,Gulbadin Naib,0,0,"",""
ball,1,30.1,Ireland,WTS Porterfield,NJ O'Brien,Rashid Khan,1,0,"",""
ball,1,30.2,Ireland,NJ O'Brien,WTS Porterfield,Rashid Khan,0,0,"",""
ball,1,30.3,Ireland,NJ O'Brien,WTS Porterfield,Rashid Khan,0,0,"",""
ball,1,30.4,Ireland,NJ O'Brien,WTS Porterfield,Rashid Khan,0,0,"",""
ball,1,30.5,Ireland,NJ O'Brien,WTS Porterfield,Rashid Khan,0,0,"",""
ball,1,30.6,Ireland,NJ O'Brien,WTS Porterfield,Rashid Khan,0,0,"",""
ball,1,31.1,Ireland,WTS Porterfield,NJ O'Brien,Fareed Ahmad,1,0,"",""
ball,1,31.2,Ireland,NJ O'Brien,WTS Porterfield,Fareed Ahmad,1,0,"",""
ball,1,31.3,Ireland,WTS Porterfield,NJ O'Brien,Fareed Ahmad,4,0,"",""
ball,1,31.4,Ireland,WTS Porterfield,NJ O'Brien,Fareed Ahmad,4,0,"",""
ball,1,31.5,Ireland,WTS Porterfield,NJ O'Brien,Fareed Ahmad,0,0,caught,WTS Porterfield
ball,1,31.6,Ireland,A Balbirnie,NJ O'Brien,Fareed Ahmad,0,1,"",""
ball,1,31.7,Ireland,A Balbirnie,NJ O'Brien,Fareed Ahmad,0,0,"",""
ball,1,32.1,Ireland,NJ O'Brien,A Balbirnie,Rashid Khan,0,0,"",""
ball,1,32.2,Ireland,NJ O'Brien,A Balbirnie,Rashid Khan,0,0,"",""
ball,1,32.3,Ireland,NJ O'Brien,A Balbirnie,Rashid Khan,1,0,"",""
ball,1,32.4,Ireland,A Balbirnie,NJ O'Brien,Rashid Khan,0,1,"",""
ball,1,32.5,Ireland,A Balbirnie,NJ O'Brien,Rashid Khan,0,0,"",""
ball,1,32.6,Ireland,A Balbirnie,NJ O'Brien,Rashid Khan,1,0,"",""
ball,1,32.7,Ireland,NJ O'Brien,A Balbirnie,Rashid Khan,0,0,"",""
ball,1,33.1,Ireland,A Balbirnie,NJ O'Brien,Fareed Ahmad,0,0,"",""
ball,1,33.2,Ireland,A Balbirnie,NJ O'Brien,Fareed Ahmad,1,0,"",""
ball,1,33.3,Ireland,NJ O'Brien,A Balbirnie,Fareed Ahmad,0,1,"",""
ball,1,33.4,Ireland,A Balbirnie,NJ O'Brien,Fareed Ahmad,0,0,"",""
ball,1,33.5,Ireland,A Balbirnie,NJ O'Brien,Fareed Ahmad,1,0,"",""
ball,1,33.6,Ireland,NJ O'Brien,A Balbirnie,Fareed Ahmad,0,1,"",""
ball,1,33.7,Ireland,NJ O'Brien,A Balbirnie,Fareed Ahmad,1,0,"",""
ball,1,34.1,Ireland,NJ O'Brien,A Balbirnie,Rashid Khan,1,0,"",""
ball,1,34.2,Ireland,A Balbirnie,NJ O'Brien,Rashid Khan,4,0,"",""
ball,1,34.3,Ireland,A Balbirnie,NJ O'Brien,Rashid Khan,0,0,caught,A Balbirnie
ball,1,34.4,Ireland,NJ O'Brien,GC Wilson,Rashid Khan,1,0,"",""
ball,1,34.5,Ireland,GC Wilson,NJ O'Brien,Rashid Khan,0,0,"",""
ball,1,34.6,Ireland,GC Wilson,NJ O'Brien,Rashid Khan,1,0,"",""
ball,1,35.1,Ireland,GC Wilson,NJ O'Brien,Gulbadin Naib,0,0,"",""
ball,1,35.2,Ireland,GC Wilson,NJ O'Brien,Gulbadin Naib,0,0,"",""
ball,1,35.3,Ireland,GC Wilson,NJ O'Brien,Gulbadin Naib,0,0,"",""
ball,1,35.4,Ireland,GC Wilson,NJ O'Brien,Gulbadin Naib,1,0,"",""
ball,1,35.5,Ireland,NJ O'Brien,GC Wilson,Gulbadin Naib,0,0,"",""
ball,1,35.6,Ireland,NJ O'Brien,GC Wilson,Gulbadin Naib,0,0,"",""
ball,1,36.1,Ireland,GC Wilson,NJ O'Brien,Dawlat Zadran,1,0,"",""
ball,1,36.2,Ireland,NJ O'Brien,GC Wilson,Dawlat Zadran,0,0,"",""
ball,1,36.3,Ireland,NJ O'Brien,GC Wilson,Dawlat Zadran,0,0,"",""
ball,1,36.4,Ireland,NJ O'Brien,GC Wilson,Dawlat Zadran,0,0,"",""
ball,1,36.5,Ireland,NJ O'Brien,GC Wilson,Dawlat Zadran,1,0,"",""
ball,1,36.6,Ireland,GC Wilson,NJ O'Brien,Dawlat Zadran,0,0,"",""
ball,1,37.1,Ireland,NJ O'Brien,GC Wilson,Mohammad Nabi,0,0,"",""
ball,1,37.2,Ireland,NJ O'Brien,GC Wilson,Mohammad Nabi,0,0,"",""
ball,1,37.3,Ireland,NJ O'Brien,GC Wilson,Mohammad Nabi,1,0,"",""
ball,1,37.4,Ireland,GC Wilson,NJ O'Brien,Mohammad Nabi,0,0,"",""
ball,1,37.5,Ireland,GC Wilson,NJ O'Brien,Mohammad Nabi,0,1,"",""
ball,1,37.6,Ireland,NJ O'Brien,GC Wilson,Mohammad Nabi,4,0,"",""
ball,1,38.1,Ireland,GC Wilson,NJ O'Brien,Dawlat Zadran,1,0,"",""
ball,1,38.2,Ireland,NJ O'Brien,GC Wilson,Dawlat Zadran,1,0,"",""
ball,1,38.3,Ireland,GC Wilson,NJ O'Brien,Dawlat Zadran,0,0,"",""
ball,1,38.4,Ireland,GC Wilson,NJ O'Brien,Dawlat Zadran,1,0,"",""
ball,1,38.5,Ireland,NJ O'Brien,GC Wilson,Dawlat Zadran,1,0,"",""
ball,1,38.6,Ireland,GC Wilson,NJ O'Brien,Dawlat Zadran,0,0,bowled,GC Wilson
ball,1,39.1,Ireland,NJ O'Brien,SR Thompson,Mohammad Nabi,1,0,"",""
ball,1,39.2,Ireland,SR Thompson,NJ O'Brien,Mohammad Nabi,0,0,"",""
ball,1,39.3,Ireland,SR Thompson,NJ O'Brien,Mohammad Nabi,0,0,"",""
ball,1,39.4,Ireland,SR Thompson,NJ O'Brien,Mohammad Nabi,0,0,"",""
ball,1,39.5,Ireland,SR Thompson,NJ O'Brien,Mohammad Nabi,1,0,"",""
ball,1,39.6,Ireland,NJ O'Brien,SR Thompson,Mohammad Nabi,1,0,"",""
ball,1,40.1,Ireland,NJ O'Brien,SR Thompson,Rashid Khan,0,0,"",""
ball,1,40.2,Ireland,NJ O'Brien,SR Thompson,Rashid Khan,1,0,"",""
ball,1,40.3,Ireland,SR Thompson,NJ O'Brien,Rashid Khan,0,0,"",""
ball,1,40.4,Ireland,SR Thompson,NJ O'Brien,Rashid Khan,0,0,"",""
ball,1,40.5,Ireland,SR Thompson,NJ O'Brien,Rashid Khan,1,0,"",""
ball,1,40.6,Ireland,NJ O'Brien,SR Thompson,Rashid Khan,0,0,lbw,NJ O'Brien
ball,1,41.1,Ireland,SR Thompson,AR McBrine,Mohammad Nabi,1,0,"",""
ball,1,41.2,Ireland,AR McBrine,SR Thompson,Mohammad Nabi,0,0,"",""
ball,1,41.3,Ireland,AR McBrine,SR Thompson,Mohammad Nabi,0,0,"",""
ball,1,41.4,Ireland,AR McBrine,SR Thompson,Mohammad Nabi,0,0,"",""
ball,1,41.5,Ireland,AR McBrine,SR Thompson,Mohammad Nabi,0,0,"",""
ball,1,41.6,Ireland,AR McBrine,SR Thompson,Mohammad Nabi,1,0,"",""
ball,1,42.1,Ireland,AR McBrine,SR Thompson,Rashid Khan,0,0,"",""
ball,1,42.2,Ireland,AR McBrine,SR Thompson,Rashid Khan,1,0,"",""
ball,1,42.3,Ireland,SR Thompson,AR McBrine,Rashid Khan,0,0,caught,SR Thompson
ball,1,42.4,Ireland,GH Dockrell,AR McBrine,Rashid Khan,0,0,"",""
ball,1,42.5,Ireland,GH Dockrell,AR McBrine,Rashid Khan,0,0,"",""
ball,1,42.6,Ireland,GH Dockrell,AR McBrine,Rashid Khan,0,0,"",""
ball,1,43.1,Ireland,AR McBrine,GH Dockrell,Fareed Ahmad,0,0,"",""
ball,1,43.2,Ireland,AR McBrine,GH Dockrell,Fareed Ahmad,0,4,"",""
ball,1,43.3,Ireland,AR McBrine,GH Dockrell,Fareed Ahmad,1,0,"",""
ball,1,43.4,Ireland,GH Dockrell,AR McBrine,Fareed Ahmad,1,0,"",""
ball,1,43.5,Ireland,AR McBrine,GH Dockrell,Fareed Ahmad,1,0,"",""
ball,1,43.6,Ireland,GH Dockrell,AR McBrine,Fareed Ahmad,1,0,"",""
ball,1,44.1,Ireland,GH Dockrell,AR McBrine,Rashid Khan,1,0,"",""
ball,1,44.2,Ireland,AR McBrine,GH Dockrell,Rashid Khan,1,0,"",""
ball,1,44.3,Ireland,GH Dockrell,AR McBrine,Rashid Khan,1,0,"",""
ball,1,44.4,Ireland,AR McBrine,GH Dockrell,Rashid Khan,1,0,"",""
ball,1,44.5,Ireland,GH Dockrell,AR McBrine,Rashid Khan,4,0,"",""
ball,1,44.6,Ireland,GH Dockrell,AR McBrine,Rashid Khan,1,0,"",""
ball,1,45.1,Ireland,GH Dockrell,AR McBrine,Fareed Ahmad,0,0,"",""
ball,1,45.2,Ireland,GH Dockrell,AR McBrine,Fareed Ahmad,4,0,"",""
ball,1,45.3,Ireland,GH Dockrell,AR McBrine,Fareed Ahmad,2,0,"",""
ball,1,45.4,Ireland,GH Dockrell,AR McBrine,Fareed Ahmad,0,0,"",""
ball,1,45.5,Ireland,GH Dockrell,AR McBrine,Fareed Ahmad,1,0,"",""
ball,1,45.6,Ireland,AR McBrine,GH Dockrell,Fareed Ahmad,4,0,"",""
ball,1,46.1,Ireland,GH Dockrell,AR McBrine,Dawlat Zadran,1,0,"",""
ball,1,46.2,Ireland,AR McBrine,GH Dockrell,Dawlat Zadran,1,0,"",""
ball,1,46.3,Ireland,GH Dockrell,AR McBrine,Dawlat Zadran,1,0,"",""
ball,1,46.4,Ireland,AR McBrine,GH Dockrell,Dawlat Zadran,1,0,"",""
ball,1,46.5,Ireland,GH Dockrell,AR McBrine,Dawlat Zadran,1,0,"",""
ball,1,46.6,Ireland,AR McBrine,GH Dockrell,Dawlat Zadran,0,0,"",""
ball,1,47.1,Ireland,GH Dockrell,AR McBrine,Fareed Ahmad,0,0,"",""
ball,1,47.2,Ireland,GH Dockrell,AR McBrine,Fareed Ahmad,1,0,"",""
ball,1,47.3,Ireland,AR McBrine,GH Dockrell,Fareed Ahmad,0,0,caught,AR McBrine
ball,1,47.4,Ireland,GH Dockrell,TJ Murtagh,Fareed Ahmad,1,0,"",""
ball,1,47.5,Ireland,TJ Murtagh,GH Dockrell,Fareed Ahmad,1,0,"",""
ball,1,47.6,Ireland,GH Dockrell,TJ Murtagh,Fareed Ahmad,0,0,bowled,GH Dockrell
ball,1,48.1,Ireland,TJ Murtagh,J Mulder,Dawlat Zadran,0,0,caught,TJ Murtagh
ball,2,0.1,Afghanistan,Mohammad Shahzad,Najeeb Tarakai,SR Thompson,0,0,"",""
ball,2,0.2,Afghanistan,Mohammad Shahzad,Najeeb Tarakai,SR Thompson,0,0,"",""
ball,2,0.3,Afghanistan,Mohammad Shahzad,Najeeb Tarakai,SR Thompson,0,0,"",""
ball,2,0.4,Afghanistan,Mohammad Shahzad,Najeeb Tarakai,SR Thompson,0,0,"",""
ball,2,0.5,Afghanistan,Mohammad Shahzad,Najeeb Tarakai,SR Thompson,0,0,"",""
ball,2,0.6,Afghanistan,Mohammad Shahzad,Najeeb Tarakai,SR Thompson,1,0,"",""
ball,2,1.1,Afghanistan,Mohammad Shahzad,Najeeb Tarakai,TJ Murtagh,0,0,"",""
ball,2,1.2,Afghanistan,Mohammad Shahzad,Najeeb Tarakai,TJ Murtagh,4,0,"",""
ball,2,1.3,Afghanistan,Mohammad Shahzad,Najeeb Tarakai,TJ Murtagh,0,0,"",""
ball,2,1.4,Afghanistan,Mohammad Shahzad,Najeeb Tarakai,TJ Murtagh,1,0,"",""
ball,2,1.5,Afghanistan,Najeeb Tarakai,Mohammad Shahzad,TJ Murtagh,0,0,"",""
ball,2,1.6,Afghanistan,Najeeb Tarakai,Mohammad Shahzad,TJ Murtagh,0,0,"",""
ball,2,2.1,Afghanistan,Mohammad Shahzad,Najeeb Tarakai,SR Thompson,0,0,"",""
ball,2,2.2,Afghanistan,Mohammad Shahzad,Najeeb Tarakai,SR Thompson,0,1,"",""
ball,2,2.3,Afghanistan,Najeeb Tarakai,Mohammad Shahzad,SR Thompson,0,0,"",""
ball,2,2.4,Afghanistan,Najeeb Tarakai,Mohammad Shahzad,SR Thompson,0,0,"",""
ball,2,2.5,Afghanistan,Najeeb Tarakai,Mohammad Shahzad,SR Thompson,0,0,"",""
ball,2,2.6,Afghanistan,Najeeb Tarakai,Mohammad Shahzad,SR Thompson,1,0,"",""
ball,2,3.1,Afghanistan,Najeeb Tarakai,Mohammad Shahzad,TJ Murtagh,1,0,"",""
ball,2,3.2,Afghanistan,Mohammad Shahzad,Najeeb Tarakai,TJ Murtagh,0,0,"",""
ball,2,3.3,Afghanistan,Mohammad Shahzad,Najeeb Tarakai,TJ Murtagh,0,0,"",""
ball,2,3.4,Afghanistan,Mohammad Shahzad,Najeeb Tarakai,TJ Murtagh,0,0,"",""
ball,2,3.5,Afghanistan,Mohammad Shahzad,Najeeb Tarakai,TJ Murtagh,1,0,"",""
ball,2,3.6,Afghanistan,Najeeb Tarakai,Mohammad Shahzad,TJ Murtagh,1,0,"",""
ball,2,4.1,Afghanistan,Najeeb Tarakai,Mohammad Shahzad,SR Thompson,0,0,"",""
ball,2,4.2,Afghanistan,Najeeb Tarakai,Mohammad Shahzad,SR Thompson,1,0,"",""
ball,2,4.3,Afghanistan,Mohammad Shahzad,Najeeb Tarakai,SR Thompson,6,0,"",""
ball,2,4.4,Afghanistan,Mohammad Shahzad,Najeeb Tarakai,SR Thompson,0,1,"",""
ball,2,4.5,Afghanistan,Mohammad Shahzad,Najeeb Tarakai,SR Thompson,0,0,"",""
ball,2,4.6,Afghanistan,Mohammad Shahzad,Najeeb Tarakai,SR Thompson,0,0,caught,Mohammad Shahzad
ball,2,4.7,Afghanistan,Rahmat Shah,Najeeb Tarakai,SR Thompson,0,0,"",""
ball,2,5.1,Afghanistan,Najeeb Tarakai,Rahmat Shah,TJ Murtagh,0,0,"",""
ball,2,5.2,Afghanistan,Najeeb Tarakai,Rahmat Shah,TJ Murtagh,0,0,"",""
ball,2,5.3,Afghanistan,Najeeb Tarakai,Rahmat Shah,TJ Murtagh,0,0,"",""
ball,2,5.4,Afghanistan,Najeeb Tarakai,Rahmat Shah,TJ Murtagh,0,0,"",""
ball,2,5.5,Afghanistan,Najeeb Tarakai,Rahmat Shah,TJ Murtagh,0,0,"",""
ball,2,5.6,Afghanistan,Najeeb Tarakai,Rahmat Shah,TJ Murtagh,0,0,"",""
ball,2,6.1,Afghanistan,Rahmat Shah,Najeeb Tarakai,SR Thompson,0,0,"",""
ball,2,6.2,Afghanistan,Rahmat Shah,Najeeb Tarakai,SR Thompson,0,0,"",""
ball,2,6.3,Afghanistan,Rahmat Shah,Najeeb Tarakai,SR Thompson,0,0,"",""
ball,2,6.4,Afghanistan,Rahmat Shah,Najeeb Tarakai,SR Thompson,4,0,"",""
ball,2,6.5,Afghanistan,Rahmat Shah,Najeeb Tarakai,SR Thompson,0,0,"",""
ball,2,6.6,Afghanistan,Rahmat Shah,Najeeb Tarakai,SR Thompson,0,0,"",""
ball,2,7.1,Afghanistan,Najeeb Tarakai,Rahmat Shah,TJ Murtagh,1,0,"",""
ball,2,7.2,Afghanistan,Rahmat Shah,Najeeb Tarakai,TJ Murtagh,0,0,"",""
ball,2,7.3,Afghanistan,Rahmat Shah,Najeeb Tarakai,TJ Murtagh,0,0,"",""
ball,2,7.4,Afghanistan,Rahmat Shah,Najeeb Tarakai,TJ Murtagh,0,0,"",""
ball,2,7.5,Afghanistan,Rahmat Shah,Najeeb Tarakai,TJ Murtagh,1,0,"",""
ball,2,7.6,Afghanistan,Najeeb Tarakai,Rahmat Shah,TJ Murtagh,0,0,caught,Najeeb Tarakai
ball,2,8.1,Afghanistan,Asghar Stanikzai,Rahmat Shah,SR Thompson,0,0,"",""
ball,2,8.2,Afghanistan,Asghar Stanikzai,Rahmat Shah,SR Thompson,0,0,"",""
ball,2,8.3,Afghanistan,Asghar Stanikzai,Rahmat Shah,SR Thompson,0,0,"",""
ball,2,8.4,Afghanistan,Asghar Stanikzai,Rahmat Shah,SR Thompson,0,0,"",""
ball,2,8.5,Afghanistan,Asghar Stanikzai,Rahmat Shah,SR Thompson,0,1,"",""
ball,2,8.6,Afghanistan,Asghar Stanikzai,Rahmat Shah,SR Thompson,0,0,"",""
ball,2,8.7,Afghanistan,Asghar Stanikzai,Rahmat Shah,SR Thompson,0,0,"",""
ball,2,9.1,Afghanistan,Rahmat Shah,Asghar Stanikzai,TJ Murtagh,0,0,"",""
ball,2,9.2,Afghanistan,Rahmat Shah,Asghar Stanikzai,TJ Murtagh,0,0,"",""
ball,2,9.3,Afghanistan,Rahmat Shah,Asghar Stanikzai,TJ Murtagh,0,0,"",""
ball,2,9.4,Afghanistan,Rahmat Shah,Asghar Stanikzai,TJ Murtagh,1,0,"",""
ball,2,9.5,Afghanistan,Asghar Stanikzai,Rahmat Shah,TJ Murtagh,1,0,"",""
ball,2,9.6,Afghanistan,Rahmat Shah,Asghar Stanikzai,TJ Murtagh,0,0,"",""
ball,2,10.1,Afghanistan,Asghar Stanikzai,Rahmat Shah,J Mulder,0,0,"",""
ball,2,10.2,Afghanistan,Asghar Stanikzai,Rahmat Shah,J Mulder,0,0,"",""
ball,2,10.3,Afghanistan,Asghar Stanikzai,Rahmat Shah,J Mulder,1,0,"",""
ball,2,10.4,Afghanistan,Rahmat Shah,Asghar Stanikzai,J Mulder,0,0,"",""
ball,2,10.5,Afghanistan,Rahmat Shah,Asghar Stanikzai,J Mulder,1,0,"",""
ball,2,10.6,Afghanistan,Asghar Stanikzai,Rahmat Shah,J Mulder,1,0,"",""
ball,2,11.1,Afghanistan,Asghar Stanikzai,Rahmat Shah,AR McBrine,4,0,"",""
ball,2,11.2,Afghanistan,Asghar Stanikzai,Rahmat Shah,AR McBrine,0,0,"",""
ball,2,11.3,Afghanistan,Asghar Stanikzai,Rahmat Shah,AR McBrine,0,0,"",""
ball,2,11.4,Afghanistan,Asghar Stanikzai,Rahmat Shah,AR McBrine,1,0,"",""
ball,2,11.5,Afghanistan,Rahmat Shah,Asghar Stanikzai,AR McBrine,1,0,"",""
ball,2,11.6,Afghanistan,Asghar Stanikzai,Rahmat Shah,AR McBrine,0,0,"",""
ball,2,12.1,Afghanistan,Rahmat Shah,Asghar Stanikzai,J Mulder,1,0,"",""
ball,2,12.2,Afghanistan,Asghar Stanikzai,Rahmat Shah,J Mulder,0,0,"",""
ball,2,12.3,Afghanistan,Asghar Stanikzai,Rahmat Shah,J Mulder,1,0,"",""
ball,2,12.4,Afghanistan,Rahmat Shah,Asghar Stanikzai,J Mulder,0,0,"",""
ball,2,12.5,Afghanistan,Rahmat Shah,Asghar Stanikzai,J Mulder,0,0,"",""
ball,2,12.6,Afghanistan,Rahmat Shah,Asghar Stanikzai,J Mulder,0,0,"",""
ball,2,13.1,Afghanistan,Asghar Stanikzai,Rahmat Shah,AR McBrine,1,0,"",""
ball,2,13.2,Afghanistan,Rahmat Shah,Asghar Stanikzai,AR McBrine,0,0,"",""
ball,2,13.3,Afghanistan,Rahmat Shah,Asghar Stanikzai,AR McBrine,0,0,"",""
ball,2,13.4,Afghanistan,Rahmat Shah,Asghar Stanikzai,AR McBrine,1,0,"",""
ball,2,13.5,Afghanistan,Asghar Stanikzai,Rahmat Shah,AR McBrine,4,0,"",""
ball,2,13.6,Afghanistan,Asghar Stanikzai,Rahmat Shah,AR McBrine,0,0,"",""
ball,2,14.1,Afghanistan,Rahmat Shah,Asghar Stanikzai,J Mulder,4,0,"",""
ball,2,14.2,Afghanistan,Rahmat Shah,Asghar Stanikzai,J Mulder,0,0,"",""
ball,2,14.3,Afghanistan,Rahmat Shah,Asghar Stanikzai,J Mulder,1,0,"",""
ball,2,14.4,Afghanistan,Asghar Stanikzai,Rahmat Shah,J Mulder,1,0,"",""
ball,2,14.5,Afghanistan,Rahmat Shah,Asghar Stanikzai,J Mulder,4,0,"",""
ball,2,14.6,Afghanistan,Rahmat Shah,Asghar Stanikzai,J Mulder,3,0,"",""
ball,2,15.1,Afghanistan,Rahmat Shah,Asghar Stanikzai,AR McBrine,4,0,"",""
ball,2,15.2,Afghanistan,Rahmat Shah,Asghar Stanikzai,AR McBrine,1,0,"",""
ball,2,15.3,Afghanistan,Asghar Stanikzai,Rahmat Shah,AR McBrine,0,0,"",""
ball,2,15.4,Afghanistan,Asghar Stanikzai,Rahmat Shah,AR McBrine,0,0,"",""
ball,2,15.5,Afghanistan,Asghar Stanikzai,Rahmat Shah,AR McBrine,0,0,"",""
ball,2,15.6,Afghanistan,Asghar Stanikzai,Rahmat Shah,AR McBrine,0,0,"",""
ball,2,16.1,Afghanistan,Rahmat Shah,Asghar Stanikzai,GH Dockrell,0,0,"",""
ball,2,16.2,Afghanistan,Rahmat Shah,Asghar Stanikzai,GH Dockrell,0,0,"",""
ball,2,16.3,Afghanistan,Rahmat Shah,Asghar Stanikzai,GH Dockrell,0,0,"",""
ball,2,16.4,Afghanistan,Rahmat Shah,Asghar Stanikzai,GH Dockrell,0,0,"",""
ball,2,16.5,Afghanistan,Rahmat Shah,Asghar Stanikzai,GH Dockrell,1,0,"",""
ball,2,16.6,Afghanistan,Asghar Stanikzai,Rahmat Shah,GH Dockrell,0,0,"",""
ball,2,17.1,Afghanistan,Rahmat Shah,Asghar Stanikzai,AR McBrine,0,0,"",""
ball,2,17.2,Afghanistan,Rahmat Shah,Asghar Stanikzai,AR McBrine,0,0,"",""
ball,2,17.3,Afghanistan,Rahmat Shah,Asghar Stanikzai,AR McBrine,1,0,"",""
ball,2,17.4,Afghanistan,Asghar Stanikzai,Rahmat Shah,AR McBrine,0,0,"",""
ball,2,17.5,Afghanistan,Asghar Stanikzai,Rahmat Shah,AR McBrine,4,0,"",""
ball,2,17.6,Afghanistan,Asghar Stanikzai,Rahmat Shah,AR McBrine,1,0,"",""
ball,2,18.1,Afghanistan,Asghar Stanikzai,Rahmat Shah,GH Dockrell,1,0,"",""
ball,2,18.2,Afghanistan,Rahmat Shah,Asghar Stanikzai,GH Dockrell,0,0,"",""
ball,2,18.3,Afghanistan,Rahmat Shah,Asghar Stanikzai,GH Dockrell,0,0,"",""
ball,2,18.4,Afghanistan,Rahmat Shah,Asghar Stanikzai,GH Dockrell,0,0,"",""
ball,2,18.5,Afghanistan,Rahmat Shah,Asghar Stanikzai,GH Dockrell,1,0,"",""
ball,2,18.6,Afghanistan,Asghar Stanikzai,Rahmat Shah,GH Dockrell,0,0,"",""
ball,2,19.1,Afghanistan,Rahmat Shah,Asghar Stanikzai,AR McBrine,0,0,"",""
ball,2,19.2,Afghanistan,Rahmat Shah,Asghar Stanikzai,AR McBrine,0,0,"",""
ball,2,19.3,Afghanistan,Rahmat Shah,Asghar Stanikzai,AR McBrine,0,0,"",""
ball,2,19.4,Afghanistan,Rahmat Shah,Asghar Stanikzai,AR McBrine,1,0,"",""
ball,2,19.5,Afghanistan,Asghar Stanikzai,Rahmat Shah,AR McBrine,0,0,"",""
ball,2,19.6,Afghanistan,Asghar Stanikzai,Rahmat Shah,AR McBrine,1,0,"",""
ball,2,20.1,Afghanistan,Asghar Stanikzai,Rahmat Shah,GH Dockrell,0,0,"",""
ball,2,20.2,Afghanistan,Asghar Stanikzai,Rahmat Shah,GH Dockrell,0,0,"",""
ball,2,20.3,Afghanistan,Asghar Stanikzai,Rahmat Shah,GH Dockrell,1,0,"",""
ball,2,20.4,Afghanistan,Rahmat Shah,Asghar Stanikzai,GH Dockrell,1,0,"",""
ball,2,20.5,Afghanistan,Asghar Stanikzai,Rahmat Shah,GH Dockrell,0,0,"",""
ball,2,20.6,Afghanistan,Asghar Stanikzai,Rahmat Shah,GH Dockrell,0,0,"",""
ball,2,21.1,Afghanistan,Rahmat Shah,Asghar Stanikzai,AR McBrine,0,0,"",""
ball,2,21.2,Afghanistan,Rahmat Shah,Asghar Stanikzai,AR McBrine,0,0,"",""
ball,2,21.3,Afghanistan,Rahmat Shah,Asghar Stanikzai,AR McBrine,1,0,"",""
ball,2,21.4,Afghanistan,Asghar Stanikzai,Rahmat Shah,AR McBrine,1,0,"",""
ball,2,21.5,Afghanistan,Rahmat Shah,Asghar Stanikzai,AR McBrine,1,0,"",""
ball,2,21.6,Afghanistan,Asghar Stanikzai,Rahmat Shah,AR McBrine,1,0,"",""
ball,2,22.1,Afghanistan,Asghar Stanikzai,Rahmat Shah,GH Dockrell,0,0,"",""
ball,2,22.2,Afghanistan,Asghar Stanikzai,Rahmat Shah,GH Dockrell,1,0,"",""
ball,2,22.3,Afghanistan,Rahmat Shah,Asghar Stanikzai,GH Dockrell,0,0,"",""
ball,2,22.4,Afghanistan,Rahmat Shah,Asghar Stanikzai,GH Dockrell,1,0,"",""
ball,2,22.5,Afghanistan,Asghar Stanikzai,Rahmat Shah,GH Dockrell,6,0,"",""
ball,2,22.6,Afghanistan,Asghar Stanikzai,Rahmat Shah,GH Dockrell,0,0,"",""
ball,2,23.1,Afghanistan,Rahmat Shah,Asghar Stanikzai,AR McBrine,1,0,"",""
ball,2,23.2,Afghanistan,Asghar Stanikzai,Rahmat Shah,AR McBrine,1,0,"",""
ball,2,23.3,Afghanistan,Rahmat Shah,Asghar Stanikzai,AR McBrine,0,0,"",""
ball,2,23.4,Afghanistan,Rahmat Shah,Asghar Stanikzai,AR McBrine,0,0,"",""
ball,2,23.5,Afghanistan,Rahmat Shah,Asghar Stanikzai,AR McBrine,0,0,"",""
ball,2,23.6,Afghanistan,Rahmat Shah,Asghar Stanikzai,AR McBrine,2,0,"",""
ball,2,24.1,Afghanistan,Asghar Stanikzai,Rahmat Shah,GH Dockrell,0,0,"",""
ball,2,24.2,Afghanistan,Asghar Stanikzai,Rahmat Shah,GH Dockrell,6,0,"",""
ball,2,24.3,Afghanistan,Asghar Stanikzai,Rahmat Shah,GH Dockrell,0,0,"",""
ball,2,24.4,Afghanistan,Asghar Stanikzai,Rahmat Shah,GH Dockrell,0,0,caught,Asghar Stanikzai
ball,2,24.5,Afghanistan,Rahmat Shah,Samiullah Shenwari,GH Dockrell,0,0,"",""
ball,2,24.6,Afghanistan,Rahmat Shah,Samiullah Shenwari,GH Dockrell,1,0,"",""
ball,2,25.1,Afghanistan,Rahmat Shah,Samiullah Shenwari,AR McBrine,0,0,"",""
ball,2,25.2,Afghanistan,Rahmat Shah,Samiullah Shenwari,AR McBrine,1,0,"",""
ball,2,25.3,Afghanistan,Samiullah Shenwari,Rahmat Shah,AR McBrine,0,0,"",""
ball,2,25.4,Afghanistan,Samiullah Shenwari,Rahmat Shah,AR McBrine,0,0,"",""
ball,2,25.5,Afghanistan,Samiullah Shenwari,Rahmat Shah,AR McBrine,0,0,"",""
ball,2,25.6,Afghanistan,Samiullah Shenwari,Rahmat Shah,AR McBrine,0,0,"",""
ball,2,26.1,Afghanistan,Rahmat Shah,Samiullah Shenwari,J Mulder,0,0,"",""
ball,2,26.2,Afghanistan,Rahmat Shah,Samiullah Shenwari,J Mulder,1,0,"",""
ball,2,26.3,Afghanistan,Samiullah Shenwari,Rahmat Shah,J Mulder,1,0,"",""
ball,2,26.4,Afghanistan,Rahmat Shah,Samiullah Shenwari,J Mulder,0,0,"",""
ball,2,26.5,Afghanistan,Rahmat Shah,Samiullah Shenwari,J Mulder,1,0,"",""
ball,2,26.6,Afghanistan,Samiullah Shenwari,Rahmat Shah,J Mulder,0,0,"",""
ball,2,27.1,Afghanistan,Rahmat Shah,Samiullah Shenwari,AR McBrine,1,0,"",""
ball,2,27.2,Afghanistan,Samiullah Shenwari,Rahmat Shah,AR McBrine,1,0,"",""
ball,2,27.3,Afghanistan,Rahmat Shah,Samiullah Shenwari,AR McBrine,0,0,"",""
ball,2,27.4,Afghanistan,Rahmat Shah,Samiullah Shenwari,AR McBrine,1,0,"",""
ball,2,27.5,Afghanistan,Samiullah Shenwari,Rahmat Shah,AR McBrine,0,0,"",""
ball,2,27.6,Afghanistan,Samiullah Shenwari,Rahmat Shah,AR McBrine,1,0,"",""
ball,2,28.1,Afghanistan,Samiullah Shenwari,Rahmat Shah,J Mulder,4,0,"",""
ball,2,28.2,Afghanistan,Samiullah Shenwari,Rahmat Shah,J Mulder,0,0,"",""
ball,2,28.3,Afghanistan,Samiullah Shenwari,Rahmat Shah,J Mulder,1,0,"",""
ball,2,28.4,Afghanistan,Rahmat Shah,Samiullah Shenwari,J Mulder,1,0,"",""
ball,2,28.5,Afghanistan,Samiullah Shenwari,Rahmat Shah,J Mulder,0,0,"",""
ball,2,28.6,Afghanistan,Samiullah Shenwari,Rahmat Shah,J Mulder,0,0,"",""
ball,2,29.1,Afghanistan,Rahmat Shah,Samiullah Shenwari,AR McBrine,1,0,"",""
ball,2,29.2,Afghanistan,Samiullah Shenwari,Rahmat Shah,AR McBrine,0,0,"",""
ball,2,29.3,Afghanistan,Samiullah Shenwari,Rahmat Shah,AR McBrine,0,0,"",""
ball,2,29.4,Afghanistan,Samiullah Shenwari,Rahmat Shah,AR McBrine,0,0,"",""
ball,2,29.5,Afghanistan,Samiullah Shenwari,Rahmat Shah,AR McBrine,0,0,"",""
ball,2,29.6,Afghanistan,Samiullah Shenwari,Rahmat Shah,AR McBrine,0,0,"",""
ball,2,30.1,Afghanistan,Rahmat Shah,Samiullah Shenwari,GH Dockrell,1,0,"",""
ball,2,30.2,Afghanistan,Samiullah Shenwari,Rahmat Shah,GH Dockrell,0,0,"",""
ball,2,30.3,Afghanistan,Samiullah Shenwari,Rahmat Shah,GH Dockrell,1,0,"",""
ball,2,30.4,Afghanistan,Rahmat Shah,Samiullah Shenwari,GH Dockrell,0,0,"",""
ball,2,30.5,Afghanistan,Rahmat Shah,Samiullah Shenwari,GH Dockrell,0,0,"",""
ball,2,30.6,Afghanistan,Rahmat Shah,Samiullah Shenwari,GH Dockrell,1,0,"",""
ball,2,31.1,Afghanistan,Rahmat Shah,Samiullah Shenwari,PR Stirling,0,0,"",""
ball,2,31.2,Afghanistan,Rahmat Shah,Samiullah Shenwari,PR Stirling,1,0,"",""
ball,2,31.3,Afghanistan,Samiullah Shenwari,Rahmat Shah,PR Stirling,0,0,"",""
ball,2,31.4,Afghanistan,Samiullah Shenwari,Rahmat Shah,PR Stirling,0,0,"",""
ball,2,31.5,Afghanistan,Samiullah Shenwari,Rahmat Shah,PR Stirling,6,0,"",""
ball,2,31.6,Afghanistan,Samiullah Shenwari,Rahmat Shah,PR Stirling,0,0,"",""
ball,2,32.1,Afghanistan,Rahmat Shah,Samiullah Shenwari,GH Dockrell,1,0,"",""
ball,2,32.2,Afghanistan,Samiullah Shenwari,Rahmat Shah,GH Dockrell,4,0,"",""
ball,2,32.3,Afghanistan,Samiullah Shenwari,Rahmat Shah,GH Dockrell,0,0,"",""
ball,2,32.4,Afghanistan,Samiullah Shenwari,Rahmat Shah,GH Dockrell,1,0,"",""
ball,2,32.5,Afghanistan,Rahmat Shah,Samiullah Shenwari,GH Dockrell,1,0,"",""
ball,2,32.6,Afghanistan,Samiullah Shenwari,Rahmat Shah,GH Dockrell,0,0,"",""
ball,2,33.1,Afghanistan,Rahmat Shah,Samiullah Shenwari,J Mulder,1,0,"",""
ball,2,33.2,Afghanistan,Samiullah Shenwari,Rahmat Shah,J Mulder,0,0,"",""
ball,2,33.3,Afghanistan,Samiullah Shenwari,Rahmat Shah,J Mulder,0,0,"",""
ball,2,33.4,Afghanistan,Samiullah Shenwari,Rahmat Shah,J Mulder,4,0,"",""
ball,2,33.5,Afghanistan,Samiullah Shenwari,Rahmat Shah,J Mulder,0,0,"",""
ball,2,33.6,Afghanistan,Samiullah Shenwari,Rahmat Shah,J Mulder,1,0,"",""
ball,2,34.1,Afghanistan,Samiullah Shenwari,Rahmat Shah,SR Thompson,1,0,"",""
ball,2,34.2,Afghanistan,Rahmat Shah,Samiullah Shenwari,SR Thompson,0,0,"",""
ball,2,34.3,Afghanistan,Rahmat Shah,Samiullah Shenwari,SR Thompson,0,0,"",""
ball,2,34.4,Afghanistan,Rahmat Shah,Samiullah Shenwari,SR Thompson,0,0,"",""
ball,2,34.5,Afghanistan,Rahmat Shah,Samiullah Shenwari,SR Thompson,0,0,"",""
ball,2,34.6,Afghanistan,Rahmat Shah,Samiullah Shenwari,SR Thompson,0,0,"",""
ball,2,35.1,Afghanistan,Samiullah Shenwari,Rahmat Shah,TJ Murtagh,0,0,"",""
ball,2,35.2,Afghanistan,Samiullah Shenwari,Rahmat Shah,TJ Murtagh,1,0,"",""
ball,2,35.3,Afghanistan,Rahmat Shah,Samiullah Shenwari,TJ Murtagh,1,0,"",""
ball,2,35.4,Afghanistan,Samiullah Shenwari,Rahmat Shah,TJ Murtagh,4,0,"",""
ball,2,35.5,Afghanistan,Samiullah Shenwari,Rahmat Shah,TJ Murtagh,0,0,"",""
ball,2,35.6,Afghanistan,Samiullah Shenwari,Rahmat Shah,TJ Murtagh,1,0,"",""
ball,2,36.1,Afghanistan,Samiullah Shenwari,Rahmat Shah,SR Thompson,0,0,"",""
ball,2,36.2,Afghanistan,Samiullah Shenwari,Rahmat Shah,SR Thompson,1,0,"",""
ball,2,36.3,Afghanistan,Rahmat Shah,Samiullah Shenwari,SR Thompson,1,0,"",""
ball,2,36.4,Afghanistan,Samiullah Shenwari,Rahmat Shah,SR Thompson,0,0,"",""
ball,2,36.5,Afghanistan,Samiullah Shenwari,Rahmat Shah,SR Thompson,1,0,"",""
ball,2,36.6,Afghanistan,Rahmat Shah,Samiullah Shenwari,SR Thompson,1,0,"",""
ball,2,37.1,Afghanistan,Rahmat Shah,Samiullah Shenwari,TJ Murtagh,2,0,"",""
ball,2,37.2,Afghanistan,Rahmat Shah,Samiullah Shenwari,TJ Murtagh,1,0,"",""
ball,2,37.3,Afghanistan,Samiullah Shenwari,Rahmat Shah,TJ Murtagh,0,0,"",""
ball,2,37.4,Afghanistan,Samiullah Shenwari,Rahmat Shah,TJ Murtagh,1,0,"",""
ball,2,37.5,Afghanistan,Rahmat Shah,Samiullah Shenwari,TJ Murtagh,4,0,"",""
ball,2,37.6,Afghanistan,Rahmat Shah,Samiullah Shenwari,TJ Murtagh,1,0,"",""
ball,2,38.1,Afghanistan,Rahmat Shah,Samiullah Shenwari,SR Thompson,2,0,"",""
ball,2,38.2,Afghanistan,Rahmat Shah,Samiullah Shenwari,SR Thompson,0,0,"",""
ball,2,38.3,Afghanistan,Rahmat Shah,Samiullah Shenwari,SR Thompson,1,0,"",""
ball,2,38.4,Afghanistan,Samiullah Shenwari,Rahmat Shah,SR Thompson,2,0,"",""
ball,2,38.5,Afghanistan,Samiullah Shenwari,Rahmat Shah,SR Thompson,1,0,"",""
ball,2,38.6,Afghanistan,Rahmat Shah,Samiullah Shenwari,SR Thompson,1,0,"",""
ball,2,39.1,Afghanistan,Rahmat Shah,Samiullah Shenwari,GH Dockrell,1,0,"",""
ball,2,39.2,Afghanistan,Samiullah Shenwari,Rahmat Shah,GH Dockrell,2,0,"",""
ball,2,39.3,Afghanistan,Samiullah Shenwari,Rahmat Shah,GH Dockrell,1,0,"",""
ball,2,39.4,Afghanistan,Rahmat Shah,Samiullah Shenwari,GH Dockrell,4,0,"",""
ball,2,39.5,Afghanistan,Rahmat Shah,Samiullah Shenwari,GH Dockrell,1,0,"",""
ball,2,39.6,Afghanistan,Samiullah Shenwari,Rahmat Shah,GH Dockrell,1,0,"",""
ball,2,40.1,Afghanistan,Samiullah Shenwari,Rahmat Shah,J Mulder,0,0,"",""
ball,2,40.2,Afghanistan,Samiullah Shenwari,Rahmat Shah,J Mulder,2,0,"",""
ball,2,40.3,Afghanistan,Samiullah Shenwari,Rahmat Shah,J Mulder,0,0,"",""
ball,2,40.4,Afghanistan,Samiullah Shenwari,Rahmat Shah,J Mulder,1,0,"",""
ball,2,40.5,Afghanistan,Rahmat Shah,Samiullah Shenwari,J Mulder,0,1,"",""
ball,2,40.6,Afghanistan,Rahmat Shah,Samiullah Shenwari,J Mulder,0,0,"",""
ball,2,40.7,Afghanistan,Rahmat Shah,Samiullah Shenwari,J Mulder,1,0,"",""
ball,2,41.1,Afghanistan,Rahmat Shah,Samiullah Shenwari,GH Dockrell,0,0,"",""
ball,2,41.2,Afghanistan,Rahmat Shah,Samiullah Shenwari,GH Dockrell,4,0,"",""
ball,2,41.3,Afghanistan,Rahmat Shah,Samiullah Shenwari,GH Dockrell,1,0,"",""
ball,2,41.4,Afghanistan,Samiullah Shenwari,Rahmat Shah,GH Dockrell,0,0,"",""
ball,2,41.5,Afghanistan,Samiullah Shenwari,Rahmat Shah,GH Dockrell,1,0,"",""
ball,2,41.6,Afghanistan,Rahmat Shah,Samiullah Shenwari,GH Dockrell,1,0,"",""
ball,2,42.1,Afghanistan,Rahmat Shah,Samiullah Shenwari,J Mulder,1,0,"",""
ball,2,42.2,Afghanistan,Samiullah Shenwari,Rahmat Shah,J Mulder,1,0,"",""
ball,2,42.3,Afghanistan,Rahmat Shah,Samiullah Shenwari,J Mulder,1,0,"",""
ball,2,42.4,Afghanistan,Samiullah Shenwari,Rahmat Shah,J Mulder,0,0,"",""
ball,2,42.5,Afghanistan,Samiullah Shenwari,Rahmat Shah,J Mulder,0,0,"",""
ball,2,42.6,Afghanistan,Samiullah Shenwari,Rahmat Shah,J Mulder,0,0,"",""
ball,2,43.1,Afghanistan,Rahmat Shah,Samiullah Shenwari,SR Thompson,1,0,"",""
ball,2,43.2,Afghanistan,Samiullah Shenwari,Rahmat Shah,SR Thompson,1,0,"",""
ball,2,43.3,Afghanistan,Rahmat Shah,Samiullah Shenwari,SR Thompson,0,0,"",""
ball,2,43.4,Afghanistan,Rahmat Shah,Samiullah Shenwari,SR Thompson,1,0,"",""
ball,2,43.5,Afghanistan,Samiullah Shenwari,Rahmat Shah,SR Thompson,1,0,"",""
ball,2,43.6,Afghanistan,Rahmat Shah,Samiullah Shenwari,SR Thompson,4,0,"",""
ball,2,44.1,Afghanistan,Samiullah Shenwari,Rahmat Shah,J Mulder,0,0,"",""
ball,2,44.2,Afghanistan,Samiullah Shenwari,Rahmat Shah,J Mulder,1,0,"",""
ball,2,44.3,Afghanistan,Rahmat Shah,Samiullah Shenwari,J Mulder,1,0,"",""
ball,2,44.4,Afghanistan,Samiullah Shenwari,Rahmat Shah,J Mulder,1,0,"",""
ball,2,44.5,Afghanistan,Rahmat Shah,Samiullah Shenwari,J Mulder,4,0,"",""
ball,2,44.6,Afghanistan,Rahmat Shah,Samiullah Shenwari,J Mulder,4,0,"",""
ball,2,45.1,Afghanistan,Samiullah Shenwari,Rahmat Shah,TJ Murtagh,1,0,"",""
ball,2,45.2,Afghanistan,Rahmat Shah,Samiullah Shenwari,TJ Murtagh,1,0,"",""
ball,2,45.3,Afghanistan,Samiullah Shenwari,Rahmat Shah,TJ Murtagh,0,0,"",""
ball,2,45.4,Afghanistan,Samiullah Shenwari,Rahmat Shah,TJ Murtagh,1,0,"",""
ball,2,45.5,Afghanistan,Rahmat Shah,Samiullah Shenwari,TJ Murtagh,0,0,"",""
ball,2,45.6,Afghanistan,Rahmat Shah,Samiullah Shenwari,TJ Murtagh,0,0,"",""
ball,2,46.1,Afghanistan,Samiullah Shenwari,Rahmat Shah,SR Thompson,1,0,"",""
ball,2,46.2,Afghanistan,Rahmat Shah,Samiullah Shenwari,SR Thompson,0,0,"",""
ball,2,46.3,Afghanistan,Rahmat Shah,Samiullah Shenwari,SR Thompson,1,0,"",""
ball,2,46.4,Afghanistan,Samiullah Shenwari,Rahmat Shah,SR Thompson,1,0,"",""
ball,2,46.5,Afghanistan,Rahmat Shah,Samiullah Shenwari,SR Thompson,0,0,"",""
ball,2,46.6,Afghanistan,Rahmat Shah,Samiullah Shenwari,SR Thompson,0,0,"",""
ball,2,47.1,Afghanistan,Samiullah Shenwari,Rahmat Shah,TJ Murtagh,0,0,"",""
ball,2,47.2,Afghanistan,Samiullah Shenwari,Rahmat Shah,TJ Murtagh,1,0,"",""
ball,2,47.3,Afghanistan,Rahmat Shah,Samiullah Shenwari,TJ Murtagh,2,0,"",""
ball,2,47.4,Afghanistan,Rahmat Shah,Samiullah Shenwari,TJ Murtagh,1,0,"",""
ball,2,47.5,Afghanistan,Samiullah Shenwari,Rahmat Shah,TJ Murtagh,1,0,"",""
ball,2,47.6,Afghanistan,Rahmat Shah,Samiullah Shenwari,TJ Murtagh,0,0,"",""
ball,2,48.1,Afghanistan,Samiullah Shenwari,Rahmat Shah,GH Dockrell,0,0,"",""
ball,2,48.2,Afghanistan,Samiullah Shenwari,Rahmat Shah,GH Dockrell,4,0,"",""
ball,2,48.3,Afghanistan,Samiullah Shenwari,Rahmat Shah,GH Dockrell,1,0,"",""
ball,2,48.4,Afghanistan,Rahmat Shah,Samiullah Shenwari,GH Dockrell,6,0,"",""
