version,1.3.0
info,team,West Indies
info,team,Pakistan
info,gender,male
info,season,2017
info,date,2017/04/07
info,series,Pakistan in West Indies ODI Series
info,match_number,1
info,venue,Providence Stadium
info,city,Guyana
info,toss_winner,West Indies
info,toss_decision,field
info,player_of_match,JN Mohammed
info,umpire,SD Fry
info,umpire,JS Wilson
info,reserve_umpire,GO Brathwaite
info,tv_umpire,IJ Gould
info,match_referee,JJ Crowe
info,winner,West Indies
info,winner_wickets,4
ball,1,0.1,Pakistan,Ahmed Shehzad,Kamran Akmal,AS Joseph,0,0,"",""
ball,1,0.2,Pakistan,Ahmed Shehzad,Kamran Akmal,AS Joseph,0,0,"",""
ball,1,0.3,Pakistan,Ahmed Shehzad,Kamran Akmal,AS Joseph,0,0,"",""
ball,1,0.4,Pakistan,Ahmed Shehzad,Kamran Akmal,AS Joseph,0,0,"",""
ball,1,0.5,Pakistan,Ahmed Shehzad,Kamran Akmal,AS Joseph,0,0,"",""
ball,1,0.6,Pakistan,Ahmed Shehzad,Kamran Akmal,AS Joseph,1,0,"",""
ball,1,1.1,Pakistan,Ahmed Shehzad,Kamran Akmal,ST Gabriel,0,0,"",""
ball,1,1.2,Pakistan,Ahmed Shehzad,Kamran Akmal,ST Gabriel,0,0,"",""
ball,1,1.3,Pakistan,Ahmed Shehzad,Kamran Akmal,ST Gabriel,1,0,"",""
ball,1,1.4,Pakistan,Kamran Akmal,Ahmed Shehzad,ST Gabriel,0,0,"",""
ball,1,1.5,Pakistan,Kamran Akmal,Ahmed Shehzad,ST Gabriel,4,0,"",""
ball,1,1.6,Pakistan,Kamran Akmal,Ahmed Shehzad,ST Gabriel,0,1,"",""
ball,1,1.7,Pakistan,Kamran Akmal,Ahmed Shehzad,ST Gabriel,0,1,"",""
ball,1,1.8,Pakistan,Kamran Akmal,Ahmed Shehzad,ST Gabriel,6,0,"",""
ball,1,2.1,Pakistan,Ahmed Shehzad,Kamran Akmal,AS Joseph,0,0,"",""
ball,1,2.2,Pakistan,Ahmed Shehzad,Kamran Akmal,AS Joseph,0,0,"",""
ball,1,2.3,Pakistan,Ahmed Shehzad,Kamran Akmal,AS Joseph,4,0,"",""
ball,1,2.4,Pakistan,Ahmed Shehzad,Kamran Akmal,AS Joseph,4,0,"",""
ball,1,2.5,Pakistan,Ahmed Shehzad,Kamran Akmal,AS Joseph,0,0,"",""
ball,1,2.6,Pakistan,Ahmed Shehzad,Kamran Akmal,AS Joseph,0,0,"",""
ball,1,3.1,Pakistan,Kamran Akmal,Ahmed Shehzad,ST Gabriel,0,0,"",""
ball,1,3.2,Pakistan,Kamran Akmal,Ahmed Shehzad,ST Gabriel,0,0,"",""
ball,1,3.3,Pakistan,Kamran Akmal,Ahmed Shehzad,ST Gabriel,4,0,"",""
ball,1,3.4,Pakistan,Kamran Akmal,Ahmed Shehzad,ST Gabriel,1,0,"",""
ball,1,3.5,Pakistan,Ahmed Shehzad,Kamran Akmal,ST Gabriel,0,0,"",""
ball,1,3.6,Pakistan,Ahmed Shehzad,Kamran Akmal,ST Gabriel,1,0,"",""
ball,1,4.1,Pakistan,Ahmed Shehzad,Kamran Akmal,AS Joseph,0,0,"",""
ball,1,4.2,Pakistan,Ahmed Shehzad,Kamran Akmal,AS Joseph,0,0,"",""
ball,1,4.3,Pakistan,Ahmed Shehzad,Kamran Akmal,AS Joseph,0,0,"",""
ball,1,4.4,Pakistan,Ahmed Shehzad,Kamran Akmal,AS Joseph,0,0,"",""
ball,1,4.5,Pakistan,Ahmed Shehzad,Kamran Akmal,AS Joseph,0,0,"",""
ball,1,4.6,Pakistan,Ahmed Shehzad,Kamran Akmal,AS Joseph,0,0,"",""
ball,1,5.1,Pakistan,Kamran Akmal,Ahmed Shehzad,JN Mohammed,0,0,"",""
ball,1,5.2,Pakistan,Kamran Akmal,Ahmed Shehzad,JN Mohammed,0,0,"",""
ball,1,5.3,Pakistan,Kamran Akmal,Ahmed Shehzad,JN Mohammed,0,0,"",""
ball,1,5.4,Pakistan,Kamran Akmal,Ahmed Shehzad,JN Mohammed,0,0,"",""
ball,1,5.5,Pakistan,Kamran Akmal,Ahmed Shehzad,JN Mohammed,0,0,"",""
ball,1,5.6,Pakistan,Kamran Akmal,Ahmed Shehzad,JN Mohammed,0,0,"",""
ball,1,6.1,Pakistan,Ahmed Shehzad,Kamran Akmal,AS Joseph,4,0,"",""
ball,1,6.2,Pakistan,Ahmed Shehzad,Kamran Akmal,AS Joseph,3,0,"",""
ball,1,6.3,Pakistan,Kamran Akmal,Ahmed Shehzad,AS Joseph,0,0,"",""
ball,1,6.4,Pakistan,Kamran Akmal,Ahmed Shehzad,AS Joseph,0,0,"",""
ball,1,6.5,Pakistan,Kamran Akmal,Ahmed Shehzad,AS Joseph,0,0,"",""
ball,1,6.6,Pakistan,Kamran Akmal,Ahmed Shehzad,AS Joseph,0,0,"",""
ball,1,7.1,Pakistan,Ahmed Shehzad,Kamran Akmal,JN Mohammed,1,0,"",""
ball,1,7.2,Pakistan,Kamran Akmal,Ahmed Shehzad,JN Mohammed,6,0,"",""
ball,1,7.3,Pakistan,Kamran Akmal,Ahmed Shehzad,JN Mohammed,0,0,"",""
ball,1,7.4,Pakistan,Kamran Akmal,Ahmed Shehzad,JN Mohammed,1,0,"",""
ball,1,7.5,Pakistan,Ahmed Shehzad,Kamran Akmal,JN Mohammed,1,0,"",""
ball,1,7.6,Pakistan,Kamran Akmal,Ahmed Shehzad,JN Mohammed,0,0,"",""
ball,1,8.1,Pakistan,Ahmed Shehzad,Kamran Akmal,AS Joseph,2,0,"",""
ball,1,8.2,Pakistan,Ahmed Shehzad,Kamran Akmal,AS Joseph,0,0,"",""
ball,1,8.3,Pakistan,Ahmed Shehzad,Kamran Akmal,AS Joseph,0,0,"",""
ball,1,8.4,Pakistan,Ahmed Shehzad,Kamran Akmal,AS Joseph,0,0,"",""
ball,1,8.5,Pakistan,Ahmed Shehzad,Kamran Akmal,AS Joseph,4,0,"",""
ball,1,8.6,Pakistan,Ahmed Shehzad,Kamran Akmal,AS Joseph,0,0,"",""
ball,1,9.1,Pakistan,Kamran Akmal,Ahmed Shehzad,JN Mohammed,4,0,"",""
ball,1,9.2,Pakistan,Kamran Akmal,Ahmed Shehzad,JN Mohammed,0,0,"",""
ball,1,9.3,Pakistan,Kamran Akmal,Ahmed Shehzad,JN Mohammed,4,0,"",""
ball,1,9.4,Pakistan,Kamran Akmal,Ahmed Shehzad,JN Mohammed,0,0,"",""
ball,1,9.5,Pakistan,Kamran Akmal,Ahmed Shehzad,JN Mohammed,0,0,"",""
ball,1,9.6,Pakistan,Kamran Akmal,Ahmed Shehzad,JN Mohammed,1,0,"",""
ball,1,10.1,Pakistan,Kamran Akmal,Ahmed Shehzad,JO Holder,1,0,"",""
ball,1,10.2,Pakistan,Ahmed Shehzad,Kamran Akmal,JO Holder,0,0,"",""
ball,1,10.3,Pakistan,Ahmed Shehzad,Kamran Akmal,JO Holder,1,0,"",""
ball,1,10.4,Pakistan,Kamran Akmal,Ahmed Shehzad,JO Holder,0,0,"",""
ball,1,10.5,Pakistan,Kamran Akmal,Ahmed Shehzad,JO Holder,0,0,"",""
ball,1,10.6,Pakistan,Kamran Akmal,Ahmed Shehzad,JO Holder,1,0,"",""
ball,1,11.1,Pakistan,Kamran Akmal,Ahmed Shehzad,JN Mohammed,0,0,"",""
ball,1,11.2,Pakistan,Kamran Akmal,Ahmed Shehzad,JN Mohammed,0,0,"",""
ball,1,11.3,Pakistan,Kamran Akmal,Ahmed Shehzad,JN Mohammed,4,0,"",""
ball,1,11.4,Pakistan,Kamran Akmal,Ahmed Shehzad,JN Mohammed,1,0,"",""
ball,1,11.5,Pakistan,Ahmed Shehzad,Kamran Akmal,JN Mohammed,4,0,"",""
ball,1,11.6,Pakistan,Ahmed Shehzad,Kamran Akmal,JN Mohammed,1,0,"",""
ball,1,12.1,Pakistan,Ahmed Shehzad,Kamran Akmal,JO Holder,0,0,"",""
ball,1,12.2,Pakistan,Ahmed Shehzad,Kamran Akmal,JO Holder,0,0,"",""
ball,1,12.3,Pakistan,Ahmed Shehzad,Kamran Akmal,JO Holder,1,0,"",""
ball,1,12.4,Pakistan,Kamran Akmal,Ahmed Shehzad,JO Holder,0,0,"",""
ball,1,12.5,Pakistan,Kamran Akmal,Ahmed Shehzad,JO Holder,0,0,"",""
ball,1,12.6,Pakistan,Kamran Akmal,Ahmed Shehzad,JO Holder,1,0,"",""
ball,1,13.1,Pakistan,Kamran Akmal,Ahmed Shehzad,AR Nurse,0,0,"",""
ball,1,13.2,Pakistan,Kamran Akmal,Ahmed Shehzad,AR Nurse,6,0,"",""
ball,1,13.3,Pakistan,Kamran Akmal,Ahmed Shehzad,AR Nurse,0,0,"",""
ball,1,13.4,Pakistan,Kamran Akmal,Ahmed Shehzad,AR Nurse,0,0,"",""
ball,1,13.5,Pakistan,Kamran Akmal,Ahmed Shehzad,AR Nurse,1,0,"",""
ball,1,13.6,Pakistan,Ahmed Shehzad,Kamran Akmal,AR Nurse,2,0,"",""
ball,1,14.1,Pakistan,Kamran Akmal,Ahmed Shehzad,JO Holder,1,0,"",""
ball,1,14.2,Pakistan,Ahmed Shehzad,Kamran Akmal,JO Holder,0,0,"",""
ball,1,14.3,Pakistan,Ahmed Shehzad,Kamran Akmal,JO Holder,1,0,"",""
ball,1,14.4,Pakistan,Kamran Akmal,Ahmed Shehzad,JO Holder,0,0,"",""
ball,1,14.5,Pakistan,Kamran Akmal,Ahmed Shehzad,JO Holder,0,0,"",""
ball,1,14.6,Pakistan,Kamran Akmal,Ahmed Shehzad,JO Holder,0,0,caught,Kamran Akmal
ball,1,15.1,Pakistan,Ahmed Shehzad,Mohammad Hafeez,D Bishoo,0,0,"",""
ball,1,15.2,Pakistan,Ahmed Shehzad,Mohammad Hafeez,D Bishoo,2,0,"",""
ball,1,15.3,Pakistan,Ahmed Shehzad,Mohammad Hafeez,D Bishoo,0,0,"",""
ball,1,15.4,Pakistan,Ahmed Shehzad,Mohammad Hafeez,D Bishoo,0,0,"",""
ball,1,15.5,Pakistan,Ahmed Shehzad,Mohammad Hafeez,D Bishoo,1,0,"",""
ball,1,15.6,Pakistan,Mohammad Hafeez,Ahmed Shehzad,D Bishoo,1,0,"",""
ball,1,16.1,Pakistan,Mohammad Hafeez,Ahmed Shehzad,JO Holder,0,0,"",""
ball,1,16.2,Pakistan,Mohammad Hafeez,Ahmed Shehzad,JO Holder,1,0,"",""
ball,1,16.3,Pakistan,Ahmed Shehzad,Mohammad Hafeez,JO Holder,0,0,"",""
ball,1,16.4,Pakistan,Ahmed Shehzad,Mohammad Hafeez,JO Holder,0,0,"",""
ball,1,16.5,Pakistan,Ahmed Shehzad,Mohammad Hafeez,JO Holder,0,1,"",""
ball,1,16.6,Pakistan,Mohammad Hafeez,Ahmed Shehzad,JO Holder,0,1,"",""
ball,1,16.7,Pakistan,Mohammad Hafeez,Ahmed Shehzad,JO Holder,0,0,"",""
ball,1,17.1,Pakistan,Ahmed Shehzad,Mohammad Hafeez,D Bishoo,0,0,"",""
ball,1,17.2,Pakistan,Ahmed Shehzad,Mohammad Hafeez,D Bishoo,1,0,"",""
ball,1,17.3,Pakistan,Mohammad Hafeez,Ahmed Shehzad,D Bishoo,0,0,"",""
ball,1,17.4,Pakistan,Mohammad Hafeez,Ahmed Shehzad,D Bishoo,1,0,"",""
ball,1,17.5,Pakistan,Ahmed Shehzad,Mohammad Hafeez,D Bishoo,0,1,"",""
ball,1,17.6,Pakistan,Ahmed Shehzad,Mohammad Hafeez,D Bishoo,1,0,"",""
ball,1,17.7,Pakistan,Mohammad Hafeez,Ahmed Shehzad,D Bishoo,0,0,"",""
ball,1,18.1,Pakistan,Ahmed Shehzad,Mohammad Hafeez,JO Holder,0,0,"",""
ball,1,18.2,Pakistan,Ahmed Shehzad,Mohammad Hafeez,JO Holder,0,0,"",""
ball,1,18.3,Pakistan,Ahmed Shehzad,Mohammad Hafeez,JO Holder,1,0,"",""
ball,1,18.4,Pakistan,Mohammad Hafeez,Ahmed Shehzad,JO Holder,0,1,"",""
ball,1,18.5,Pakistan,Mohammad Hafeez,Ahmed Shehzad,JO Holder,0,0,"",""
ball,1,18.6,Pakistan,Mohammad Hafeez,Ahmed Shehzad,JO Holder,0,0,"",""
ball,1,18.7,Pakistan,Mohammad Hafeez,Ahmed Shehzad,JO Holder,0,1,"",""
ball,1,19.1,Pakistan,Mohammad Hafeez,Ahmed Shehzad,D Bishoo,6,0,"",""
ball,1,19.2,Pakistan,Mohammad Hafeez,Ahmed Shehzad,D Bishoo,0,0,"",""
ball,1,19.3,Pakistan,Mohammad Hafeez,Ahmed Shehzad,D Bishoo,0,0,"",""
ball,1,19.4,Pakistan,Mohammad Hafeez,Ahmed Shehzad,D Bishoo,0,0,"",""
ball,1,19.5,Pakistan,Mohammad Hafeez,Ahmed Shehzad,D Bishoo,1,0,"",""
ball,1,19.6,Pakistan,Ahmed Shehzad,Mohammad Hafeez,D Bishoo,2,0,"",""
ball,1,20.1,Pakistan,Mohammad Hafeez,Ahmed Shehzad,JO Holder,0,0,"",""
ball,1,20.2,Pakistan,Mohammad Hafeez,Ahmed Shehzad,JO Holder,1,0,"",""
ball,1,20.3,Pakistan,Ahmed Shehzad,Mohammad Hafeez,JO Holder,0,0,"",""
ball,1,20.4,Pakistan,Ahmed Shehzad,Mohammad Hafeez,JO Holder,1,0,"",""
ball,1,20.5,Pakistan,Mohammad Hafeez,Ahmed Shehzad,JO Holder,1,0,"",""
ball,1,20.6,Pakistan,Ahmed Shehzad,Mohammad Hafeez,JO Holder,1,0,"",""
ball,1,21.1,Pakistan,Ahmed Shehzad,Mohammad Hafeez,D Bishoo,0,0,"",""
ball,1,21.2,Pakistan,Ahmed Shehzad,Mohammad Hafeez,D Bishoo,0,0,"",""
ball,1,21.3,Pakistan,Ahmed Shehzad,Mohammad Hafeez,D Bishoo,1,0,"",""
ball,1,21.4,Pakistan,Mohammad Hafeez,Ahmed Shehzad,D Bishoo,0,0,"",""
ball,1,21.5,Pakistan,Mohammad Hafeez,Ahmed Shehzad,D Bishoo,0,0,"",""
ball,1,21.6,Pakistan,Mohammad Hafeez,Ahmed Shehzad,D Bishoo,1,0,"",""
ball,1,22.1,Pakistan,Mohammad Hafeez,Ahmed Shehzad,ST Gabriel,1,0,"",""
ball,1,22.2,Pakistan,Ahmed Shehzad,Mohammad Hafeez,ST Gabriel,0,0,"",""
ball,1,22.3,Pakistan,Ahmed Shehzad,Mohammad Hafeez,ST Gabriel,0,0,"",""
ball,1,22.4,Pakistan,Ahmed Shehzad,Mohammad Hafeez,ST Gabriel,2,0,"",""
ball,1,22.5,Pakistan,Ahmed Shehzad,Mohammad Hafeez,ST Gabriel,4,0,"",""
ball,1,22.6,Pakistan,Ahmed Shehzad,Mohammad Hafeez,ST Gabriel,1,0,"",""
ball,1,23.1,Pakistan,Ahmed Shehzad,Mohammad Hafeez,D Bishoo,1,0,"",""
ball,1,23.2,Pakistan,Mohammad Hafeez,Ahmed Shehzad,D Bishoo,1,0,"",""
ball,1,23.3,Pakistan,Ahmed Shehzad,Mohammad Hafeez,D Bishoo,2,0,"",""
ball,1,23.4,Pakistan,Ahmed Shehzad,Mohammad Hafeez,D Bishoo,2,0,"",""
ball,1,23.5,Pakistan,Ahmed Shehzad,Mohammad Hafeez,D Bishoo,1,0,"",""
ball,1,23.6,Pakistan,Mohammad Hafeez,Ahmed Shehzad,D Bishoo,2,0,"",""
ball,1,24.1,Pakistan,Ahmed Shehzad,Mohammad Hafeez,ST Gabriel,1,0,"",""
ball,1,24.2,Pakistan,Mohammad Hafeez,Ahmed Shehzad,ST Gabriel,0,0,"",""
ball,1,24.3,Pakistan,Mohammad Hafeez,Ahmed Shehzad,ST Gabriel,0,0,"",""
ball,1,24.4,Pakistan,Mohammad Hafeez,Ahmed Shehzad,ST Gabriel,0,0,"",""
ball,1,24.5,Pakistan,Mohammad Hafeez,Ahmed Shehzad,ST Gabriel,0,0,"",""
ball,1,24.6,Pakistan,Mohammad Hafeez,Ahmed Shehzad,ST Gabriel,0,0,"",""
ball,1,25.1,Pakistan,Ahmed Shehzad,Mohammad Hafeez,D Bishoo,1,0,"",""
ball,1,25.2,Pakistan,Mohammad Hafeez,Ahmed Shehzad,D Bishoo,0,0,"",""
ball,1,25.3,Pakistan,Mohammad Hafeez,Ahmed Shehzad,D Bishoo,4,0,"",""
ball,1,25.4,Pakistan,Mohammad Hafeez,Ahmed Shehzad,D Bishoo,1,0,"",""
ball,1,25.5,Pakistan,Ahmed Shehzad,Mohammad Hafeez,D Bishoo,1,0,"",""
ball,1,25.6,Pakistan,Mohammad Hafeez,Ahmed Shehzad,D Bishoo,1,0,"",""
ball,1,26.1,Pakistan,Mohammad Hafeez,Ahmed Shehzad,ST Gabriel,1,0,"",""
ball,1,26.2,Pakistan,Ahmed Shehzad,Mohammad Hafeez,ST Gabriel,2,0,"",""
ball,1,26.3,Pakistan,Ahmed Shehzad,Mohammad Hafeez,ST Gabriel,0,0,"",""
ball,1,26.4,Pakistan,Ahmed Shehzad,Mohammad Hafeez,ST Gabriel,1,0,"",""
ball,1,26.5,Pakistan,Mohammad Hafeez,Ahmed Shehzad,ST Gabriel,1,0,"",""
ball,1,26.6,Pakistan,Ahmed Shehzad,Mohammad Hafeez,ST Gabriel,0,0,"",""
ball,1,27.1,Pakistan,Mohammad Hafeez,Ahmed Shehzad,AR Nurse,1,0,"",""
ball,1,27.2,Pakistan,Ahmed Shehzad,Mohammad Hafeez,AR Nurse,0,0,"",""
ball,1,27.3,Pakistan,Ahmed Shehzad,Mohammad Hafeez,AR Nurse,1,0,"",""
ball,1,27.4,Pakistan,Mohammad Hafeez,Ahmed Shehzad,AR Nurse,1,0,"",""
ball,1,27.5,Pakistan,Ahmed Shehzad,Mohammad Hafeez,AR Nurse,0,1,"",""
ball,1,27.6,Pakistan,Ahmed Shehzad,Mohammad Hafeez,AR Nurse,0,0,bowled,Ahmed Shehzad
ball,1,27.7,Pakistan,Babar Azam,Mohammad Hafeez,AR Nurse,1,0,"",""
ball,1,28.1,Pakistan,Babar Azam,Mohammad Hafeez,ST Gabriel,0,0,"",""
ball,1,28.2,Pakistan,Babar Azam,Mohammad Hafeez,ST Gabriel,1,0,"",""
ball,1,28.3,Pakistan,Mohammad Hafeez,Babar Azam,ST Gabriel,0,0,"",""
ball,1,28.4,Pakistan,Mohammad Hafeez,Babar Azam,ST Gabriel,0,0,"",""
ball,1,28.5,Pakistan,Mohammad Hafeez,Babar Azam,ST Gabriel,0,0,"",""
ball,1,28.6,Pakistan,Mohammad Hafeez,Babar Azam,ST Gabriel,0,0,"",""
ball,1,29.1,Pakistan,Babar Azam,Mohammad Hafeez,AR Nurse,1,0,"",""
ball,1,29.2,Pakistan,Mohammad Hafeez,Babar Azam,AR Nurse,1,0,"",""
ball,1,29.3,Pakistan,Babar Azam,Mohammad Hafeez,AR Nurse,1,0,"",""
ball,1,29.4,Pakistan,Mohammad Hafeez,Babar Azam,AR Nurse,0,0,"",""
ball,1,29.5,Pakistan,Mohammad Hafeez,Babar Azam,AR Nurse,0,0,"",""
ball,1,29.6,Pakistan,Mohammad Hafeez,Babar Azam,AR Nurse,1,0,"",""
ball,1,30.1,Pakistan,Mohammad Hafeez,Babar Azam,AS Joseph,0,0,"",""
ball,1,30.2,Pakistan,Mohammad Hafeez,Babar Azam,AS Joseph,0,0,"",""
ball,1,30.3,Pakistan,Mohammad Hafeez,Babar Azam,AS Joseph,0,0,"",""
ball,1,30.4,Pakistan,Mohammad Hafeez,Babar Azam,AS Joseph,0,0,"",""
ball,1,30.5,Pakistan,Mohammad Hafeez,Babar Azam,AS Joseph,0,0,"",""
ball,1,30.6,Pakistan,Mohammad Hafeez,Babar Azam,AS Joseph,1,0,"",""
ball,1,31.1,Pakistan,Mohammad Hafeez,Babar Azam,AR Nurse,1,0,"",""
ball,1,31.2,Pakistan,Babar Azam,Mohammad Hafeez,AR Nurse,1,0,"",""
ball,1,31.3,Pakistan,Mohammad Hafeez,Babar Azam,AR Nurse,1,0,"",""
ball,1,31.4,Pakistan,Babar Azam,Mohammad Hafeez,AR Nurse,0,0,"",""
ball,1,31.5,Pakistan,Babar Azam,Mohammad Hafeez,AR Nurse,1,0,"",""
ball,1,31.6,Pakistan,Mohammad Hafeez,Babar Azam,AR Nurse,1,0,"",""
ball,1,32.1,Pakistan,Mohammad Hafeez,Babar Azam,AS Joseph,1,0,"",""
ball,1,32.2,Pakistan,Babar Azam,Mohammad Hafeez,AS Joseph,0,0,"",""
ball,1,32.3,Pakistan,Babar Azam,Mohammad Hafeez,AS Joseph,0,0,"",""
ball,1,32.4,Pakistan,Babar Azam,Mohammad Hafeez,AS Joseph,1,0,"",""
ball,1,32.5,Pakistan,Mohammad Hafeez,Babar Azam,AS Joseph,1,0,"",""
ball,1,32.6,Pakistan,Babar Azam,Mohammad Hafeez,AS Joseph,0,0,"",""
ball,1,33.1,Pakistan,Mohammad Hafeez,Babar Azam,AR Nurse,0,0,"",""
ball,1,33.2,Pakistan,Mohammad Hafeez,Babar Azam,AR Nurse,1,0,"",""
ball,1,33.3,Pakistan,Babar Azam,Mohammad Hafeez,AR Nurse,0,0,"",""
ball,1,33.4,Pakistan,Babar Azam,Mohammad Hafeez,AR Nurse,2,0,"",""
ball,1,33.5,Pakistan,Babar Azam,Mohammad Hafeez,AR Nurse,1,0,"",""
ball,1,33.6,Pakistan,Mohammad Hafeez,Babar Azam,AR Nurse,2,0,"",""
ball,1,34.1,Pakistan,Babar Azam,Mohammad Hafeez,AS Joseph,0,0,"",""
ball,1,34.2,Pakistan,Babar Azam,Mohammad Hafeez,AS Joseph,0,0,"",""
ball,1,34.3,Pakistan,Babar Azam,Mohammad Hafeez,AS Joseph,1,0,"",""
ball,1,34.4,Pakistan,Mohammad Hafeez,Babar Azam,AS Joseph,1,0,"",""
ball,1,34.5,Pakistan,Babar Azam,Mohammad Hafeez,AS Joseph,1,0,"",""
ball,1,34.6,Pakistan,Mohammad Hafeez,Babar Azam,AS Joseph,1,0,"",""
ball,1,35.1,Pakistan,Mohammad Hafeez,Babar Azam,AR Nurse,0,0,"",""
ball,1,35.2,Pakistan,Mohammad Hafeez,Babar Azam,AR Nurse,1,0,"",""
ball,1,35.3,Pakistan,Babar Azam,Mohammad Hafeez,AR Nurse,1,0,"",""
ball,1,35.4,Pakistan,Mohammad Hafeez,Babar Azam,AR Nurse,1,0,"",""
ball,1,35.5,Pakistan,Babar Azam,Mohammad Hafeez,AR Nurse,0,0,caught,Babar Azam
ball,1,35.6,Pakistan,Shoaib Malik,Mohammad Hafeez,AR Nurse,1,0,"",""
ball,1,36.1,Pakistan,Shoaib Malik,Mohammad Hafeez,ST Gabriel,0,0,"",""
ball,1,36.2,Pakistan,Shoaib Malik,Mohammad Hafeez,ST Gabriel,1,0,"",""
ball,1,36.3,Pakistan,Mohammad Hafeez,Shoaib Malik,ST Gabriel,1,0,"",""
ball,1,36.4,Pakistan,Shoaib Malik,Mohammad Hafeez,ST Gabriel,1,0,"",""
ball,1,36.5,Pakistan,Mohammad Hafeez,Shoaib Malik,ST Gabriel,0,2,"",""
ball,1,36.6,Pakistan,Mohammad Hafeez,Shoaib Malik,ST Gabriel,4,0,"",""
ball,1,37.1,Pakistan,Shoaib Malik,Mohammad Hafeez,AR Nurse,0,0,"",""
ball,1,37.2,Pakistan,Shoaib Malik,Mohammad Hafeez,AR Nurse,1,0,"",""
ball,1,37.3,Pakistan,Mohammad Hafeez,Shoaib Malik,AR Nurse,4,0,"",""
ball,1,37.4,Pakistan,Mohammad Hafeez,Shoaib Malik,AR Nurse,4,0,"",""
ball,1,37.5,Pakistan,Mohammad Hafeez,Shoaib Malik,AR Nurse,0,0,"",""
ball,1,37.6,Pakistan,Mohammad Hafeez,Shoaib Malik,AR Nurse,6,0,"",""
ball,1,38.1,Pakistan,Shoaib Malik,Mohammad Hafeez,ST Gabriel,0,0,"",""
ball,1,38.2,Pakistan,Shoaib Malik,Mohammad Hafeez,ST Gabriel,0,0,"",""
ball,1,38.3,Pakistan,Shoaib Malik,Mohammad Hafeez,ST Gabriel,1,0,"",""
ball,1,38.4,Pakistan,Mohammad Hafeez,Shoaib Malik,ST Gabriel,1,0,"",""
ball,1,38.5,Pakistan,Shoaib Malik,Mohammad Hafeez,ST Gabriel,1,0,"",""
ball,1,38.6,Pakistan,Mohammad Hafeez,Shoaib Malik,ST Gabriel,0,0,"",""
ball,1,39.1,Pakistan,Shoaib Malik,Mohammad Hafeez,JO Holder,0,0,"",""
ball,1,39.2,Pakistan,Shoaib Malik,Mohammad Hafeez,JO Holder,0,0,"",""
ball,1,39.3,Pakistan,Shoaib Malik,Mohammad Hafeez,JO Holder,1,0,"",""
ball,1,39.4,Pakistan,Mohammad Hafeez,Shoaib Malik,JO Holder,0,1,"",""
ball,1,39.5,Pakistan,Mohammad Hafeez,Shoaib Malik,JO Holder,2,0,"",""
ball,1,39.6,Pakistan,Mohammad Hafeez,Shoaib Malik,JO Holder,1,0,"",""
ball,1,39.7,Pakistan,Shoaib Malik,Mohammad Hafeez,JO Holder,6,0,"",""
ball,1,40.1,Pakistan,Mohammad Hafeez,Shoaib Malik,AS Joseph,1,0,"",""
ball,1,40.2,Pakistan,Shoaib Malik,Mohammad Hafeez,AS Joseph,0,0,"",""
ball,1,40.3,Pakistan,Shoaib Malik,Mohammad Hafeez,AS Joseph,1,0,"",""
ball,1,40.4,Pakistan,Mohammad Hafeez,Shoaib Malik,AS Joseph,1,0,"",""
ball,1,40.5,Pakistan,Shoaib Malik,Mohammad Hafeez,AS Joseph,2,0,"",""
ball,1,40.6,Pakistan,Shoaib Malik,Mohammad Hafeez,AS Joseph,4,0,"",""
ball,1,41.1,Pakistan,Mohammad Hafeez,Shoaib Malik,AR Nurse,1,0,"",""
ball,1,41.2,Pakistan,Shoaib Malik,Mohammad Hafeez,AR Nurse,0,0,"",""
ball,1,41.3,Pakistan,Shoaib Malik,Mohammad Hafeez,AR Nurse,4,0,"",""
ball,1,41.4,Pakistan,Shoaib Malik,Mohammad Hafeez,AR Nurse,1,0,"",""
ball,1,41.5,Pakistan,Mohammad Hafeez,Shoaib Malik,AR Nurse,0,2,"",""
ball,1,41.6,Pakistan,Mohammad Hafeez,Shoaib Malik,AR Nurse,1,0,"",""
ball,1,42.1,Pakistan,Mohammad Hafeez,Shoaib Malik,AS Joseph,4,0,"",""
ball,1,42.2,Pakistan,Mohammad Hafeez,Shoaib Malik,AS Joseph,0,0,"",""
ball,1,42.3,Pakistan,Mohammad Hafeez,Shoaib Malik,AS Joseph,1,0,"",""
ball,1,42.4,Pakistan,Shoaib Malik,Mohammad Hafeez,AS Joseph,1,0,"",""
ball,1,42.5,Pakistan,Mohammad Hafeez,Shoaib Malik,AS Joseph,0,0,"",""
ball,1,42.6,Pakistan,Mohammad Hafeez,Shoaib Malik,AS Joseph,4,0,"",""
ball,1,43.1,Pakistan,Shoaib Malik,Mohammad Hafeez,JO Holder,0,0,"",""
ball,1,43.2,Pakistan,Shoaib Malik,Mohammad Hafeez,JO Holder,1,0,"",""
ball,1,43.3,Pakistan,Mohammad Hafeez,Shoaib Malik,JO Holder,0,1,"",""
ball,1,43.4,Pakistan,Mohammad Hafeez,Shoaib Malik,JO Holder,1,0,"",""
ball,1,43.5,Pakistan,Shoaib Malik,Mohammad Hafeez,JO Holder,4,0,"",""
ball,1,43.6,Pakistan,Shoaib Malik,Mohammad Hafeez,JO Holder,1,0,"",""
ball,1,43.7,Pakistan,Mohammad Hafeez,Shoaib Malik,JO Holder,0,0,"",""
ball,1,44.1,Pakistan,Shoaib Malik,Mohammad Hafeez,ST Gabriel,1,0,"",""
ball,1,44.2,Pakistan,Mohammad Hafeez,Shoaib Malik,ST Gabriel,0,0,"",""
ball,1,44.3,Pakistan,Mohammad Hafeez,Shoaib Malik,ST Gabriel,6,0,"",""
ball,1,44.4,Pakistan,Mohammad Hafeez,Shoaib Malik,ST Gabriel,2,0,"",""
ball,1,44.5,Pakistan,Mohammad Hafeez,Shoaib Malik,ST Gabriel,1,0,"",""
ball,1,44.6,Pakistan,Shoaib Malik,Mohammad Hafeez,ST Gabriel,4,0,"",""
ball,1,45.1,Pakistan,Mohammad Hafeez,Shoaib Malik,AR Nurse,0,0,caught,Mohammad Hafeez
ball,1,45.2,Pakistan,Shoaib Malik,Sarfraz Ahmed,AR Nurse,1,0,"",""
ball,1,45.3,Pakistan,Sarfraz Ahmed,Shoaib Malik,AR Nurse,1,0,"",""
ball,1,45.4,Pakistan,Shoaib Malik,Sarfraz Ahmed,AR Nurse,0,0,"",""
ball,1,45.5,Pakistan,Shoaib Malik,Sarfraz Ahmed,AR Nurse,0,0,"",""
ball,1,45.6,Pakistan,Shoaib Malik,Sarfraz Ahmed,AR Nurse,0,0,"",""
ball,1,46.1,Pakistan,Sarfraz Ahmed,Shoaib Malik,JO Holder,1,0,"",""
ball,1,46.2,Pakistan,Shoaib Malik,Sarfraz Ahmed,JO Holder,0,0,"",""
ball,1,46.3,Pakistan,Shoaib Malik,Sarfraz Ahmed,JO Holder,4,0,"",""
ball,1,46.4,Pakistan,Shoaib Malik,Sarfraz Ahmed,JO Holder,4,0,"",""
ball,1,46.5,Pakistan,Shoaib Malik,Sarfraz Ahmed,JO Holder,6,0,"",""
ball,1,46.6,Pakistan,Shoaib Malik,Sarfraz Ahmed,JO Holder,1,0,"",""
ball,1,47.1,Pakistan,Shoaib Malik,Sarfraz Ahmed,AR Nurse,0,0,caught,Shoaib Malik
ball,1,47.2,Pakistan,Sarfraz Ahmed,Imad Wasim,AR Nurse,0,0,"",""
ball,1,47.3,Pakistan,Sarfraz Ahmed,Imad Wasim,AR Nurse,2,0,"",""
ball,1,47.4,Pakistan,Sarfraz Ahmed,Imad Wasim,AR Nurse,1,0,"",""
ball,1,47.5,Pakistan,Imad Wasim,Sarfraz Ahmed,AR Nurse,1,0,"",""
ball,1,47.6,Pakistan,Sarfraz Ahmed,Imad Wasim,AR Nurse,1,0,"",""
ball,1,48.1,Pakistan,Sarfraz Ahmed,Imad Wasim,ST Gabriel,1,0,"",""
ball,1,48.2,Pakistan,Imad Wasim,Sarfraz Ahmed,ST Gabriel,0,0,"",""
ball,1,48.3,Pakistan,Imad Wasim,Sarfraz Ahmed,ST Gabriel,1,0,"",""
ball,1,48.4,Pakistan,Sarfraz Ahmed,Imad Wasim,ST Gabriel,4,0,"",""
ball,1,48.5,Pakistan,Sarfraz Ahmed,Imad Wasim,ST Gabriel,4,0,"",""
ball,1,48.6,Pakistan,Sarfraz Ahmed,Imad Wasim,ST Gabriel,1,0,"",""
ball,1,49.1,Pakistan,Sarfraz Ahmed,Imad Wasim,JO Holder,2,0,"",""
ball,1,49.2,Pakistan,Sarfraz Ahmed,Imad Wasim,JO Holder,1,0,"",""
ball,1,49.3,Pakistan,Imad Wasim,Sarfraz Ahmed,JO Holder,2,0,"",""
ball,1,49.4,Pakistan,Imad Wasim,Sarfraz Ahmed,JO Holder,1,0,"",""
ball,1,49.5,Pakistan,Sarfraz Ahmed,Imad Wasim,JO Holder,1,0,"",""
ball,1,49.6,Pakistan,Imad Wasim,Sarfraz Ahmed,JO Holder,1,0,"",""
ball,2,0.1,West Indies,E Lewis,CAK Walton,Mohammad Amir,0,0,"",""
ball,2,0.2,West Indies,E Lewis,CAK Walton,Mohammad Amir,1,0,"",""
ball,2,0.3,West Indies,CAK Walton,E Lewis,Mohammad Amir,0,0,"",""
ball,2,0.4,West Indies,CAK Walton,E Lewis,Mohammad Amir,0,0,"",""
ball,2,0.5,West Indies,CAK Walton,E Lewis,Mohammad Amir,0,0,"",""
ball,2,0.6,West Indies,CAK Walton,E Lewis,Mohammad Amir,4,0,"",""
ball,2,1.1,West Indies,E Lewis,CAK Walton,Hasan Ali,0,0,"",""
ball,2,1.2,West Indies,E Lewis,CAK Walton,Hasan Ali,1,0,"",""
ball,2,1.3,West Indies,CAK Walton,E Lewis,Hasan Ali,1,0,"",""
ball,2,1.4,West Indies,E Lewis,CAK Walton,Hasan Ali,4,0,"",""
ball,2,1.5,West Indies,E Lewis,CAK Walton,Hasan Ali,4,0,"",""
ball,2,1.6,West Indies,E Lewis,CAK Walton,Hasan Ali,0,0,"",""
ball,2,2.1,West Indies,CAK Walton,E Lewis,Mohammad Amir,0,1,"",""
ball,2,2.2,West Indies,CAK Walton,E Lewis,Mohammad Amir,0,0,"",""
ball,2,2.3,West Indies,CAK Walton,E Lewis,Mohammad Amir,0,1,"",""
ball,2,2.4,West Indies,CAK Walton,E Lewis,Mohammad Amir,0,0,"",""
ball,2,2.5,West Indies,CAK Walton,E Lewis,Mohammad Amir,0,0,"",""
ball,2,2.6,West Indies,CAK Walton,E Lewis,Mohammad Amir,0,0,"",""
ball,2,2.7,West Indies,CAK Walton,E Lewis,Mohammad Amir,1,0,"",""
ball,2,2.8,West Indies,E Lewis,CAK Walton,Mohammad Amir,0,1,"",""
ball,2,2.9,West Indies,E Lewis,CAK Walton,Mohammad Amir,0,0,"",""
ball,2,3.1,West Indies,CAK Walton,E Lewis,Hasan Ali,0,0,"",""
ball,2,3.2,West Indies,CAK Walton,E Lewis,Hasan Ali,0,0,"",""
ball,2,3.3,West Indies,CAK Walton,E Lewis,Hasan Ali,0,0,"",""
ball,2,3.4,West Indies,CAK Walton,E Lewis,Hasan Ali,1,0,"",""
ball,2,3.5,West Indies,E Lewis,CAK Walton,Hasan Ali,0,0,"",""
ball,2,3.6,West Indies,E Lewis,CAK Walton,Hasan Ali,1,0,"",""
ball,2,4.1,West Indies,E Lewis,CAK Walton,Mohammad Amir,0,1,"",""
ball,2,4.2,West Indies,E Lewis,CAK Walton,Mohammad Amir,1,0,"",""
ball,2,4.3,West Indies,CAK Walton,E Lewis,Mohammad Amir,0,0,"",""
ball,2,4.4,West Indies,CAK Walton,E Lewis,Mohammad Amir,0,0,caught,CAK Walton
ball,2,4.5,West Indies,KOA Powell,E Lewis,Mohammad Amir,0,0,"",""
ball,2,4.6,West Indies,KOA Powell,E Lewis,Mohammad Amir,0,0,"",""
ball,2,4.7,West Indies,KOA Powell,E Lewis,Mohammad Amir,0,0,"",""
ball,2,5.1,West Indies,E Lewis,KOA Powell,Hasan Ali,0,0,"",""
ball,2,5.2,West Indies,E Lewis,KOA Powell,Hasan Ali,0,0,"",""
ball,2,5.3,West Indies,E Lewis,KOA Powell,Hasan Ali,0,0,"",""
ball,2,5.4,West Indies,E Lewis,KOA Powell,Hasan Ali,6,0,"",""
ball,2,5.5,West Indies,E Lewis,KOA Powell,Hasan Ali,0,0,"",""
ball,2,5.6,West Indies,E Lewis,KOA Powell,Hasan Ali,1,0,"",""
ball,2,6.1,West Indies,E Lewis,KOA Powell,Mohammad Amir,0,1,"",""
ball,2,6.2,West Indies,KOA Powell,E Lewis,Mohammad Amir,0,0,"",""
ball,2,6.3,West Indies,KOA Powell,E Lewis,Mohammad Amir,0,0,"",""
ball,2,6.4,West Indies,KOA Powell,E Lewis,Mohammad Amir,4,0,"",""
ball,2,6.5,West Indies,KOA Powell,E Lewis,Mohammad Amir,1,0,"",""
ball,2,6.6,West Indies,E Lewis,KOA Powell,Mohammad Amir,0,0,"",""
ball,2,7.1,West Indies,KOA Powell,E Lewis,Mohammad Hafeez,1,0,"",""
ball,2,7.2,West Indies,E Lewis,KOA Powell,Mohammad Hafeez,1,0,"",""
ball,2,7.3,West Indies,KOA Powell,E Lewis,Mohammad Hafeez,0,0,"",""
ball,2,7.4,West Indies,KOA Powell,E Lewis,Mohammad Hafeez,1,0,"",""
ball,2,7.5,West Indies,E Lewis,KOA Powell,Mohammad Hafeez,0,0,"",""
ball,2,7.6,West Indies,E Lewis,KOA Powell,Mohammad Hafeez,0,0,"",""
ball,2,8.1,West Indies,KOA Powell,E Lewis,Shoaib Malik,0,0,"",""
ball,2,8.2,West Indies,KOA Powell,E Lewis,Shoaib Malik,0,0,"",""
ball,2,8.3,West Indies,KOA Powell,E Lewis,Shoaib Malik,1,0,"",""
ball,2,8.4,West Indies,E Lewis,KOA Powell,Shoaib Malik,0,0,"",""
ball,2,8.5,West Indies,E Lewis,KOA Powell,Shoaib Malik,1,0,"",""
ball,2,8.6,West Indies,KOA Powell,E Lewis,Shoaib Malik,0,0,"",""
ball,2,9.1,West Indies,E Lewis,KOA Powell,Wahab Riaz,2,0,"",""
ball,2,9.2,West Indies,E Lewis,KOA Powell,Wahab Riaz,0,1,"",""
ball,2,9.3,West Indies,E Lewis,KOA Powell,Wahab Riaz,0,1,"",""
ball,2,9.4,West Indies,E Lewis,KOA Powell,Wahab Riaz,0,0,"",""
ball,2,9.5,West Indies,E Lewis,KOA Powell,Wahab Riaz,4,0,"",""
ball,2,9.6,West Indies,E Lewis,KOA Powell,Wahab Riaz,0,0,"",""
ball,2,9.7,West Indies,E Lewis,KOA Powell,Wahab Riaz,0,0,"",""
ball,2,9.8,West Indies,E Lewis,KOA Powell,Wahab Riaz,0,0,"",""
ball,2,10.1,West Indies,KOA Powell,E Lewis,Shoaib Malik,0,0,"",""
ball,2,10.2,West Indies,KOA Powell,E Lewis,Shoaib Malik,0,0,"",""
ball,2,10.3,West Indies,KOA Powell,E Lewis,Shoaib Malik,0,0,"",""
ball,2,10.4,West Indies,KOA Powell,E Lewis,Shoaib Malik,1,0,"",""
ball,2,10.5,West Indies,E Lewis,KOA Powell,Shoaib Malik,0,0,"",""
ball,2,10.6,West Indies,E Lewis,KOA Powell,Shoaib Malik,0,0,"",""
ball,2,11.1,West Indies,KOA Powell,E Lewis,Mohammad Hafeez,0,0,"",""
ball,2,11.2,West Indies,KOA Powell,E Lewis,Mohammad Hafeez,1,0,"",""
ball,2,11.3,West Indies,E Lewis,KOA Powell,Mohammad Hafeez,0,0,"",""
ball,2,11.4,West Indies,E Lewis,KOA Powell,Mohammad Hafeez,1,0,"",""
ball,2,11.5,West Indies,KOA Powell,E Lewis,Mohammad Hafeez,1,0,"",""
ball,2,11.6,West Indies,E Lewis,KOA Powell,Mohammad Hafeez,0,0,"",""
ball,2,12.1,West Indies,KOA Powell,E Lewis,Shoaib Malik,0,0,"",""
ball,2,12.2,West Indies,KOA Powell,E Lewis,Shoaib Malik,0,0,"",""
ball,2,12.3,West Indies,KOA Powell,E Lewis,Shoaib Malik,0,0,"",""
ball,2,12.4,West Indies,KOA Powell,E Lewis,Shoaib Malik,0,1,"",""
ball,2,12.5,West Indies,E Lewis,KOA Powell,Shoaib Malik,0,0,"",""
ball,2,12.6,West Indies,E Lewis,KOA Powell,Shoaib Malik,1,0,"",""
ball,2,13.1,West Indies,E Lewis,KOA Powell,Mohammad Hafeez,0,0,"",""
ball,2,13.2,West Indies,E Lewis,KOA Powell,Mohammad Hafeez,1,0,"",""
ball,2,13.3,West Indies,KOA Powell,E Lewis,Mohammad Hafeez,1,0,"",""
ball,2,13.4,West Indies,E Lewis,KOA Powell,Mohammad Hafeez,2,0,"",""
ball,2,13.5,West Indies,E Lewis,KOA Powell,Mohammad Hafeez,1,0,"",""
ball,2,13.6,West Indies,KOA Powell,E Lewis,Mohammad Hafeez,1,0,"",""
ball,2,14.1,West Indies,KOA Powell,E Lewis,Shoaib Malik,0,0,"",""
ball,2,14.2,West Indies,KOA Powell,E Lewis,Shoaib Malik,0,0,"",""
ball,2,14.3,West Indies,KOA Powell,E Lewis,Shoaib Malik,1,0,"",""
ball,2,14.4,West Indies,E Lewis,KOA Powell,Shoaib Malik,1,0,"",""
ball,2,14.5,West Indies,KOA Powell,E Lewis,Shoaib Malik,0,0,"",""
ball,2,14.6,West Indies,KOA Powell,E Lewis,Shoaib Malik,1,0,"",""
ball,2,15.1,West Indies,KOA Powell,E Lewis,Mohammad Hafeez,0,0,"",""
ball,2,15.2,West Indies,KOA Powell,E Lewis,Mohammad Hafeez,1,0,"",""
ball,2,15.3,West Indies,E Lewis,KOA Powell,Mohammad Hafeez,0,0,"",""
ball,2,15.4,West Indies,E Lewis,KOA Powell,Mohammad Hafeez,0,0,"",""
ball,2,15.5,West Indies,E Lewis,KOA Powell,Mohammad Hafeez,1,0,"",""
ball,2,15.6,West Indies,KOA Powell,E Lewis,Mohammad Hafeez,0,1,"",""
ball,2,15.7,West Indies,KOA Powell,E Lewis,Mohammad Hafeez,0,0,"",""
ball,2,16.1,West Indies,E Lewis,KOA Powell,Wahab Riaz,0,0,"",""
ball,2,16.2,West Indies,E Lewis,KOA Powell,Wahab Riaz,0,0,"",""
ball,2,16.3,West Indies,E Lewis,KOA Powell,Wahab Riaz,0,0,"",""
ball,2,16.4,West Indies,E Lewis,KOA Powell,Wahab Riaz,1,0,"",""
ball,2,16.5,West Indies,KOA Powell,E Lewis,Wahab Riaz,0,0,"",""
ball,2,16.6,West Indies,KOA Powell,E Lewis,Wahab Riaz,1,0,"",""
ball,2,17.1,West Indies,KOA Powell,E Lewis,Mohammad Hafeez,0,0,"",""
ball,2,17.2,West Indies,KOA Powell,E Lewis,Mohammad Hafeez,1,0,"",""
ball,2,17.3,West Indies,E Lewis,KOA Powell,Mohammad Hafeez,0,0,"",""
ball,2,17.4,West Indies,E Lewis,KOA Powell,Mohammad Hafeez,0,0,"",""
ball,2,17.5,West Indies,E Lewis,KOA Powell,Mohammad Hafeez,0,0,"",""
ball,2,17.6,West Indies,E Lewis,KOA Powell,Mohammad Hafeez,0,0,"",""
ball,2,18.1,West Indies,KOA Powell,E Lewis,Wahab Riaz,0,0,"",""
ball,2,18.2,West Indies,KOA Powell,E Lewis,Wahab Riaz,2,0,"",""
ball,2,18.3,West Indies,KOA Powell,E Lewis,Wahab Riaz,1,0,"",""
ball,2,18.4,West Indies,E Lewis,KOA Powell,Wahab Riaz,0,0,"",""
ball,2,18.5,West Indies,E Lewis,KOA Powell,Wahab Riaz,0,0,"",""
ball,2,18.6,West Indies,E Lewis,KOA Powell,Wahab Riaz,0,1,"",""
ball,2,18.7,West Indies,E Lewis,KOA Powell,Wahab Riaz,0,0,"",""
ball,2,19.1,West Indies,KOA Powell,E Lewis,Mohammad Hafeez,1,0,"",""
ball,2,19.2,West Indies,E Lewis,KOA Powell,Mohammad Hafeez,2,0,"",""
ball,2,19.3,West Indies,E Lewis,KOA Powell,Mohammad Hafeez,1,0,"",""
ball,2,19.4,West Indies,KOA Powell,E Lewis,Mohammad Hafeez,1,0,"",""
ball,2,19.5,West Indies,E Lewis,KOA Powell,Mohammad Hafeez,1,0,"",""
ball,2,19.6,West Indies,KOA Powell,E Lewis,Mohammad Hafeez,1,0,"",""
ball,2,20.1,West Indies,KOA Powell,E Lewis,Shadab Khan,0,0,"",""
ball,2,20.2,West Indies,KOA Powell,E Lewis,Shadab Khan,2,0,"",""
ball,2,20.3,West Indies,KOA Powell,E Lewis,Shadab Khan,0,0,"",""
ball,2,20.4,West Indies,KOA Powell,E Lewis,Shadab Khan,0,0,"",""
ball,2,20.5,West Indies,KOA Powell,E Lewis,Shadab Khan,0,0,"",""
ball,2,20.6,West Indies,KOA Powell,E Lewis,Shadab Khan,0,0,"",""
ball,2,21.1,West Indies,E Lewis,KOA Powell,Mohammad Hafeez,1,0,"",""
ball,2,21.2,West Indies,KOA Powell,E Lewis,Mohammad Hafeez,1,0,"",""
ball,2,21.3,West Indies,E Lewis,KOA Powell,Mohammad Hafeez,6,0,"",""
ball,2,21.4,West Indies,E Lewis,KOA Powell,Mohammad Hafeez,0,0,bowled,E Lewis
ball,2,21.5,West Indies,SD Hope,KOA Powell,Mohammad Hafeez,0,0,"",""
ball,2,21.6,West Indies,SD Hope,KOA Powell,Mohammad Hafeez,1,0,"",""
ball,2,22.1,West Indies,SD Hope,KOA Powell,Shadab Khan,1,0,"",""
ball,2,22.2,West Indies,KOA Powell,SD Hope,Shadab Khan,2,0,"",""
ball,2,22.3,West Indies,KOA Powell,SD Hope,Shadab Khan,1,0,"",""
ball,2,22.4,West Indies,SD Hope,KOA Powell,Shadab Khan,0,0,"",""
ball,2,22.5,West Indies,SD Hope,KOA Powell,Shadab Khan,2,0,"",""
ball,2,22.6,West Indies,SD Hope,KOA Powell,Shadab Khan,0,0,"",""
ball,2,23.1,West Indies,KOA Powell,SD Hope,Mohammad Hafeez,0,0,"",""
ball,2,23.2,West Indies,KOA Powell,SD Hope,Mohammad Hafeez,1,0,"",""
ball,2,23.3,West Indies,SD Hope,KOA Powell,Mohammad Hafeez,1,0,"",""
ball,2,23.4,West Indies,KOA Powell,SD Hope,Mohammad Hafeez,1,0,"",""
ball,2,23.5,West Indies,SD Hope,KOA Powell,Mohammad Hafeez,0,0,"",""
ball,2,23.6,West Indies,SD Hope,KOA Powell,Mohammad Hafeez,0,0,"",""
ball,2,24.1,West Indies,KOA Powell,SD Hope,Shadab Khan,0,0,"",""
ball,2,24.2,West Indies,KOA Powell,SD Hope,Shadab Khan,4,0,"",""
ball,2,24.3,West Indies,KOA Powell,SD Hope,Shadab Khan,0,0,"",""
ball,2,24.4,West Indies,KOA Powell,SD Hope,Shadab Khan,1,0,"",""
ball,2,24.5,West Indies,SD Hope,KOA Powell,Shadab Khan,0,0,"",""
ball,2,24.6,West Indies,SD Hope,KOA Powell,Shadab Khan,1,0,"",""
ball,2,25.1,West Indies,SD Hope,KOA Powell,Shoaib Malik,0,0,"",""
ball,2,25.2,West Indies,SD Hope,KOA Powell,Shoaib Malik,0,0,"",""
ball,2,25.3,West Indies,SD Hope,KOA Powell,Shoaib Malik,1,0,"",""
ball,2,25.4,West Indies,KOA Powell,SD Hope,Shoaib Malik,4,0,"",""
ball,2,25.5,West Indies,KOA Powell,SD Hope,Shoaib Malik,0,2,"",""
ball,2,25.6,West Indies,KOA Powell,SD Hope,Shoaib Malik,0,0,"",""
ball,2,26.1,West Indies,SD Hope,KOA Powell,Shadab Khan,1,0,"",""
ball,2,26.2,West Indies,KOA Powell,SD Hope,Shadab Khan,2,0,"",""
ball,2,26.3,West Indies,KOA Powell,SD Hope,Shadab Khan,2,0,"",""
ball,2,26.4,West Indies,KOA Powell,SD Hope,Shadab Khan,0,0,"",""
ball,2,26.5,West Indies,KOA Powell,SD Hope,Shadab Khan,1,0,"",""
ball,2,26.6,West Indies,SD Hope,KOA Powell,Shadab Khan,4,0,"",""
ball,2,27.1,West Indies,KOA Powell,SD Hope,Shoaib Malik,0,0,"",""
ball,2,27.2,West Indies,KOA Powell,SD Hope,Shoaib Malik,0,5,"",""
ball,2,27.3,West Indies,KOA Powell,SD Hope,Shoaib Malik,0,0,"",""
ball,2,27.4,West Indies,KOA Powell,SD Hope,Shoaib Malik,1,0,"",""
ball,2,27.5,West Indies,SD Hope,KOA Powell,Shoaib Malik,0,0,"",""
ball,2,27.6,West Indies,SD Hope,KOA Powell,Shoaib Malik,6,0,"",""
ball,2,27.7,West Indies,SD Hope,KOA Powell,Shoaib Malik,0,0,"",""
ball,2,28.1,West Indies,KOA Powell,SD Hope,Imad Wasim,0,0,"",""
ball,2,28.2,West Indies,KOA Powell,SD Hope,Imad Wasim,1,0,"",""
ball,2,28.3,West Indies,SD Hope,KOA Powell,Imad Wasim,0,0,"",""
ball,2,28.4,West Indies,SD Hope,KOA Powell,Imad Wasim,1,0,"",""
ball,2,28.5,West Indies,KOA Powell,SD Hope,Imad Wasim,0,0,"",""
ball,2,28.6,West Indies,KOA Powell,SD Hope,Imad Wasim,0,0,"",""
ball,2,29.1,West Indies,SD Hope,KOA Powell,Mohammad Amir,0,0,"",""
ball,2,29.2,West Indies,SD Hope,KOA Powell,Mohammad Amir,1,0,"",""
ball,2,29.3,West Indies,KOA Powell,SD Hope,Mohammad Amir,0,0,"",""
ball,2,29.4,West Indies,KOA Powell,SD Hope,Mohammad Amir,4,0,"",""
ball,2,29.5,West Indies,KOA Powell,SD Hope,Mohammad Amir,0,0,"",""
ball,2,29.6,West Indies,KOA Powell,SD Hope,Mohammad Amir,1,0,"",""
ball,2,30.1,West Indies,KOA Powell,SD Hope,Imad Wasim,0,0,"",""
ball,2,30.2,West Indies,KOA Powell,SD Hope,Imad Wasim,4,0,"",""
ball,2,30.3,West Indies,KOA Powell,SD Hope,Imad Wasim,1,0,"",""
ball,2,30.4,West Indies,SD Hope,KOA Powell,Imad Wasim,1,0,"",""
ball,2,30.5,West Indies,KOA Powell,SD Hope,Imad Wasim,1,0,"",""
ball,2,30.6,West Indies,SD Hope,KOA Powell,Imad Wasim,1,0,"",""
ball,2,31.1,West Indies,SD Hope,KOA Powell,Mohammad Amir,1,0,"",""
ball,2,31.2,West Indies,KOA Powell,SD Hope,Mohammad Amir,1,0,"",""
ball,2,31.3,West Indies,SD Hope,KOA Powell,Mohammad Amir,0,0,"",""
ball,2,31.4,West Indies,SD Hope,KOA Powell,Mohammad Amir,1,0,"",""
ball,2,31.5,West Indies,KOA Powell,SD Hope,Mohammad Amir,1,0,"",""
ball,2,31.6,West Indies,SD Hope,KOA Powell,Mohammad Amir,0,0,"",""
ball,2,32.1,West Indies,KOA Powell,SD Hope,Wahab Riaz,0,0,caught,KOA Powell
ball,2,32.2,West Indies,JN Mohammed,SD Hope,Wahab Riaz,1,0,"",""
ball,2,32.3,West Indies,SD Hope,JN Mohammed,Wahab Riaz,0,1,"",""
ball,2,32.4,West Indies,JN Mohammed,SD Hope,Wahab Riaz,0,0,"",""
ball,2,32.5,West Indies,JN Mohammed,SD Hope,Wahab Riaz,0,0,"",""
ball,2,32.6,West Indies,JN Mohammed,SD Hope,Wahab Riaz,0,0,"",""
ball,2,33.1,West Indies,SD Hope,JN Mohammed,Shadab Khan,0,0,"",""
ball,2,33.2,West Indies,SD Hope,JN Mohammed,Shadab Khan,0,0,"",""
ball,2,33.3,West Indies,SD Hope,JN Mohammed,Shadab Khan,0,0,"",""
ball,2,33.4,West Indies,SD Hope,JN Mohammed,Shadab Khan,0,0,stumped,SD Hope
ball,2,33.5,West Indies,JL Carter,JN Mohammed,Shadab Khan,1,0,"",""
ball,2,33.6,West Indies,JN Mohammed,JL Carter,Shadab Khan,0,0,"",""
ball,2,34.1,West Indies,JL Carter,JN Mohammed,Wahab Riaz,0,0,"",""
ball,2,34.2,West Indies,JL Carter,JN Mohammed,Wahab Riaz,4,0,"",""
ball,2,34.3,West Indies,JL Carter,JN Mohammed,Wahab Riaz,1,0,"",""
ball,2,34.4,West Indies,JN Mohammed,JL Carter,Wahab Riaz,4,0,"",""
ball,2,34.5,West Indies,JN Mohammed,JL Carter,Wahab Riaz,0,0,"",""
ball,2,34.6,West Indies,JN Mohammed,JL Carter,Wahab Riaz,0,0,"",""
ball,2,35.1,West Indies,JL Carter,JN Mohammed,Shadab Khan,0,0,"",""
ball,2,35.2,West Indies,JL Carter,JN Mohammed,Shadab Khan,0,0,"",""
ball,2,35.3,West Indies,JL Carter,JN Mohammed,Shadab Khan,1,0,"",""
ball,2,35.4,West Indies,JN Mohammed,JL Carter,Shadab Khan,2,0,"",""
ball,2,35.5,West Indies,JN Mohammed,JL Carter,Shadab Khan,2,0,"",""
ball,2,35.6,West Indies,JN Mohammed,JL Carter,Shadab Khan,0,0,"",""
ball,2,36.1,West Indies,JL Carter,JN Mohammed,Wahab Riaz,1,0,"",""
ball,2,36.2,West Indies,JN Mohammed,JL Carter,Wahab Riaz,0,0,"",""
ball,2,36.3,West Indies,JN Mohammed,JL Carter,Wahab Riaz,1,0,"",""
ball,2,36.4,West Indies,JL Carter,JN Mohammed,Wahab Riaz,1,0,"",""
ball,2,36.5,West Indies,JN Mohammed,JL Carter,Wahab Riaz,4,0,"",""
ball,2,36.6,West Indies,JN Mohammed,JL Carter,Wahab Riaz,1,0,"",""
ball,2,37.1,West Indies,JN Mohammed,JL Carter,Hasan Ali,0,0,"",""
ball,2,37.2,West Indies,JN Mohammed,JL Carter,Hasan Ali,1,0,"",""
ball,2,37.3,West Indies,JL Carter,JN Mohammed,Hasan Ali,1,0,"",""
ball,2,37.4,West Indies,JN Mohammed,JL Carter,Hasan Ali,4,0,"",""
ball,2,37.5,West Indies,JN Mohammed,JL Carter,Hasan Ali,1,0,"",""
ball,2,37.6,West Indies,JL Carter,JN Mohammed,Hasan Ali,2,0,"",""
ball,2,38.1,West Indies,JN Mohammed,JL Carter,Imad Wasim,1,0,"",""
ball,2,38.2,West Indies,JL Carter,JN Mohammed,Imad Wasim,1,0,"",""
ball,2,38.3,West Indies,JN Mohammed,JL Carter,Imad Wasim,4,0,"",""
ball,2,38.4,West Indies,JN Mohammed,JL Carter,Imad Wasim,4,0,"",""
ball,2,38.5,West Indies,JN Mohammed,JL Carter,Imad Wasim,0,0,"",""
ball,2,38.6,West Indies,JN Mohammed,JL Carter,Imad Wasim,1,0,"",""
ball,2,39.1,West Indies,JN Mohammed,JL Carter,Hasan Ali,0,0,"",""
ball,2,39.2,West Indies,JN Mohammed,JL Carter,Hasan Ali,0,0,"",""
ball,2,39.3,West Indies,JN Mohammed,JL Carter,Hasan Ali,4,0,"",""
ball,2,39.4,West Indies,JN Mohammed,JL Carter,Hasan Ali,6,0,"",""
ball,2,39.5,West Indies,JN Mohammed,JL Carter,Hasan Ali,4,0,"",""
ball,2,39.6,West Indies,JN Mohammed,JL Carter,Hasan Ali,1,0,"",""
ball,2,40.1,West Indies,JN Mohammed,JL Carter,Wahab Riaz,4,0,"",""
ball,2,40.2,West Indies,JN Mohammed,JL Carter,Wahab Riaz,0,0,"",""
ball,2,40.3,West Indies,JN Mohammed,JL Carter,Wahab Riaz,4,0,"",""
ball,2,40.4,West Indies,JN Mohammed,JL Carter,Wahab Riaz,1,0,"",""
ball,2,40.5,West Indies,JL Carter,JN Mohammed,Wahab Riaz,1,0,"",""
ball,2,40.6,West Indies,JN Mohammed,JL Carter,Wahab Riaz,1,0,"",""
ball,2,41.1,West Indies,JN Mohammed,JL Carter,Mohammad Amir,1,0,"",""
ball,2,41.2,West Indies,JL Carter,JN Mohammed,Mohammad Amir,0,0,"",""
ball,2,41.3,West Indies,JL Carter,JN Mohammed,Mohammad Amir,0,0,caught,JL Carter
ball,2,41.4,West Indies,JO Holder,JN Mohammed,Mohammad Amir,2,0,"",""
ball,2,41.5,West Indies,JO Holder,JN Mohammed,Mohammad Amir,1,0,"",""
ball,2,41.6,West Indies,JN Mohammed,JO Holder,Mohammad Amir,1,0,"",""
ball,2,42.1,West Indies,JN Mohammed,JO Holder,Shadab Khan,0,0,"",""
ball,2,42.2,West Indies,JN Mohammed,JO Holder,Shadab Khan,1,0,"",""
ball,2,42.3,West Indies,JO Holder,JN Mohammed,Shadab Khan,1,0,"",""
ball,2,42.4,West Indies,JN Mohammed,JO Holder,Shadab Khan,0,0,"",""
ball,2,42.5,West Indies,JN Mohammed,JO Holder,Shadab Khan,2,0,"",""
ball,2,42.6,West Indies,JN Mohammed,JO Holder,Shadab Khan,0,0,"",""
ball,2,43.1,West Indies,JO Holder,JN Mohammed,Mohammad Amir,0,0,"",""
ball,2,43.2,West Indies,JO Holder,JN Mohammed,Mohammad Amir,1,0,"",""
ball,2,43.3,West Indies,JN Mohammed,JO Holder,Mohammad Amir,6,0,"",""
ball,2,43.4,West Indies,JN Mohammed,JO Holder,Mohammad Amir,0,0,"",""
ball,2,43.5,West Indies,JN Mohammed,JO Holder,Mohammad Amir,6,0,"",""
ball,2,43.6,West Indies,JN Mohammed,JO Holder,Mohammad Amir,4,0,"",""
ball,2,44.1,West Indies,JO Holder,JN Mohammed,Shadab Khan,6,0,"",""
ball,2,44.2,West Indies,JO Holder,JN Mohammed,Shadab Khan,0,0,"",""
ball,2,44.3,West Indies,JO Holder,JN Mohammed,Shadab Khan,0,0,caught,JO Holder
ball,2,44.4,West Indies,JN Mohammed,AR Nurse,Shadab Khan,1,0,"",""
ball,2,44.5,West Indies,AR Nurse,JN Mohammed,Shadab Khan,1,0,"",""
ball,2,44.6,West Indies,JN Mohammed,AR Nurse,Shadab Khan,1,0,"",""
ball,2,45.1,West Indies,JN Mohammed,AR Nurse,Wahab Riaz,0,1,"",""
ball,2,45.2,West Indies,JN Mohammed,AR Nurse,Wahab Riaz,4,0,"",""
ball,2,45.3,West Indies,JN Mohammed,AR Nurse,Wahab Riaz,1,0,"",""
ball,2,45.4,West Indies,AR Nurse,JN Mohammed,Wahab Riaz,4,0,"",""
ball,2,45.5,West Indies,AR Nurse,JN Mohammed,Wahab Riaz,4,0,"",""
ball,2,45.6,West Indies,AR Nurse,JN Mohammed,Wahab Riaz,0,0,"",""
ball,2,45.7,West Indies,AR Nurse,JN Mohammed,Wahab Riaz,1,0,"",""
ball,2,46.1,West Indies,AR Nurse,JN Mohammed,Shadab Khan,1,0,"",""
ball,2,46.2,West Indies,JN Mohammed,AR Nurse,Shadab Khan,0,0,"",""
ball,2,46.3,West Indies,JN Mohammed,AR Nurse,Shadab Khan,0,0,"",""
ball,2,46.4,West Indies,JN Mohammed,AR Nurse,Shadab Khan,1,0,"",""
ball,2,46.5,West Indies,AR Nurse,JN Mohammed,Shadab Khan,6,0,"",""
ball,2,46.6,West Indies,AR Nurse,JN Mohammed,Shadab Khan,1,0,"",""
ball,2,47.1,West Indies,AR Nurse,JN Mohammed,Mohammad Amir,4,0,"",""
ball,2,47.2,West Indies,AR Nurse,JN Mohammed,Mohammad Amir,0,1,"",""
ball,2,47.3,West Indies,JN Mohammed,AR Nurse,Mohammad Amir,1,0,"",""
ball,2,47.4,West Indies,AR Nurse,JN Mohammed,Mohammad Amir,1,0,"",""
ball,2,47.5,West Indies,JN Mohammed,AR Nurse,Mohammad Amir,1,0,"",""
ball,2,47.6,West Indies,AR Nurse,JN Mohammed,Mohammad Amir,4,0,"",""
ball,2,48.1,West Indies,JN Mohammed,AR Nurse,Wahab Riaz,1,0,"",""
ball,2,48.2,West Indies,AR Nurse,JN Mohammed,Wahab Riaz,4,0,"",""
ball,2,48.3,West Indies,AR Nurse,JN Mohammed,Wahab Riaz,1,0,"",""
ball,2,48.4,West Indies,JN Mohammed,AR Nurse,Wahab Riaz,2,0,"",""
ball,2,48.5,West Indies,JN Mohammed,AR Nurse,Wahab Riaz,1,0,"",""
ball,2,48.6,West Indies,AR Nurse,JN Mohammed,Wahab Riaz,2,0,"",""
