version,1.3.0
info,team,Zimbabwe
info,team,Afghanistan
info,gender,male
info,season,2016/17
info,date,2017/02/26
info,series,Afghanistan in Zimbabwe ODI Series
info,match_number,5
info,venue,Harare Sports Club
info,city,
info,toss_winner,Afghanistan
info,toss_decision,bat
info,player_of_match,Rahmat Shah
info,umpire,S George
info,umpire,TJ Matibiri
info,reserve_umpire,S Rwaziyeni
info,tv_umpire,L Rusere
info,match_referee,DT Jukes
info,winner,Afghanistan
info,winner_runs,106
info,method,D/L
ball,1,0.1,Afghanistan,Mohammad Shahzad,Noor Ali Zadran,TL Chatara,4,0,"",""
ball,1,0.2,Afghanistan,Mohammad Shahzad,Noor Ali Zadran,TL Chatara,0,0,"",""
ball,1,0.3,Afghanistan,Mohammad Shahzad,Noor Ali Zadran,TL Chatara,4,0,"",""
ball,1,0.4,Afghanistan,Mohammad Shahzad,Noor Ali Zadran,TL Chatara,1,0,"",""
ball,1,0.5,Afghanistan,Noor Ali Zadran,Mohammad Shahzad,TL Chatara,4,0,"",""
ball,1,0.6,Afghanistan,Noor Ali Zadran,Mohammad Shahzad,TL Chatara,0,0,"",""
ball,1,1.1,Afghanistan,Mohammad Shahzad,Noor Ali Zadran,R Ngarava,1,0,"",""
ball,1,1.2,Afghanistan,Noor Ali Zadran,Mohammad Shahzad,R Ngarava,0,0,"",""
ball,1,1.3,Afghanistan,Noor Ali Zadran,Mohammad Shahzad,R Ngarava,1,0,"",""
ball,1,1.4,Afghanistan,Mohammad Shahzad,Noor Ali Zadran,R Ngarava,0,1,"",""
ball,1,1.5,Afghanistan,Mohammad Shahzad,Noor Ali Zadran,R Ngarava,0,0,"",""
ball,1,1.6,Afghanistan,Mohammad Shahzad,Noor Ali Zadran,R Ngarava,0,0,"",""
ball,1,1.7,Afghanistan,Mohammad Shahzad,Noor Ali Zadran,R Ngarava,0,0,"",""
ball,1,2.1,Afghanistan,Noor Ali Zadran,Mohammad Shahzad,TL Chatara,0,0,"",""
ball,1,2.2,Afghanistan,Noor Ali Zadran,Mohammad Shahzad,TL Chatara,1,0,"",""
ball,1,2.3,Afghanistan,Mohammad Shahzad,Noor Ali Zadran,TL Chatara,0,0,"",""
ball,1,2.4,Afghanistan,Mohammad Shahzad,Noor Ali Zadran,TL Chatara,1,0,"",""
ball,1,2.5,Afghanistan,Noor Ali Zadran,Mohammad Shahzad,TL Chatara,0,0,"",""
ball,1,2.6,Afghanistan,Noor Ali Zadran,Mohammad Shahzad,TL Chatara,0,0,"",""
ball,1,3.1,Afghanistan,Mohammad Shahzad,Noor Ali Zadran,R Ngarava,2,0,"",""
ball,1,3.2,Afghanistan,Mohammad Shahzad,Noor Ali Zadran,R Ngarava,0,1,"",""
ball,1,3.3,Afghanistan,Mohammad Shahzad,Noor Ali Zadran,R Ngarava,1,0,"",""
ball,1,3.4,Afghanistan,Noor Ali Zadran,Mohammad Shahzad,R Ngarava,0,0,"",""
ball,1,3.5,Afghanistan,Noor Ali Zadran,Mohammad Shahzad,R Ngarava,0,0,"",""
ball,1,3.6,Afghanistan,Noor Ali Zadran,Mohammad Shahzad,R Ngarava,1,0,"",""
ball,1,3.7,Afghanistan,Mohammad Shahzad,Noor Ali Zadran,R Ngarava,1,0,"",""
ball,1,4.1,Afghanistan,Mohammad Shahzad,Noor Ali Zadran,TL Chatara,0,0,"",""
ball,1,4.2,Afghanistan,Mohammad Shahzad,Noor Ali Zadran,TL Chatara,0,0,"",""
ball,1,4.3,Afghanistan,Mohammad Shahzad,Noor Ali Zadran,TL Chatara,1,0,"",""
ball,1,4.4,Afghanistan,Noor Ali Zadran,Mohammad Shahzad,TL Chatara,0,0,"",""
ball,1,4.5,Afghanistan,Noor Ali Zadran,Mohammad Shahzad,TL Chatara,0,0,"",""
ball,1,4.6,Afghanistan,Noor Ali Zadran,Mohammad Shahzad,TL Chatara,4,0,"",""
ball,1,5.1,Afghanistan,Mohammad Shahzad,Noor Ali Zadran,R Ngarava,0,0,"",""
ball,1,5.2,Afghanistan,Mohammad Shahzad,Noor Ali Zadran,R Ngarava,4,0,"",""
ball,1,5.3,Afghanistan,Mohammad Shahzad,Noor Ali Zadran,R Ngarava,0,0,"",""
ball,1,5.4,Afghanistan,Mohammad Shahzad,Noor Ali Zadran,R Ngarava,0,0,bowled,Mohammad Shahzad
ball,1,5.5,Afghanistan,Gulbadin Naib,Noor Ali Zadran,R Ngarava,0,0,"",""
ball,1,5.6,Afghanistan,Gulbadin Naib,Noor Ali Zadran,R Ngarava,0,0,"",""
ball,1,6.1,Afghanistan,Noor Ali Zadran,Gulbadin Naib,TL Chatara,0,0,"",""
ball,1,6.2,Afghanistan,Noor Ali Zadran,Gulbadin Naib,TL Chatara,0,0,"",""
ball,1,6.3,Afghanistan,Noor Ali Zadran,Gulbadin Naib,TL Chatara,0,0,"",""
ball,1,6.4,Afghanistan,Noor Ali Zadran,Gulbadin Naib,TL Chatara,4,0,"",""
ball,1,6.5,Afghanistan,Noor Ali Zadran,Gulbadin Naib,TL Chatara,0,0,"",""
ball,1,6.6,Afghanistan,Noor Ali Zadran,Gulbadin Naib,TL Chatara,1,0,"",""
ball,1,7.1,Afghanistan,Noor Ali Zadran,Gulbadin Naib,R Ngarava,0,1,"",""
ball,1,7.2,Afghanistan,Noor Ali Zadran,Gulbadin Naib,R Ngarava,1,0,"",""
ball,1,7.3,Afghanistan,Gulbadin Naib,Noor Ali Zadran,R Ngarava,0,0,"",""
ball,1,7.4,Afghanistan,Gulbadin Naib,Noor Ali Zadran,R Ngarava,2,0,"",""
ball,1,7.5,Afghanistan,Gulbadin Naib,Noor Ali Zadran,R Ngarava,0,0,"",""
ball,1,7.6,Afghanistan,Gulbadin Naib,Noor Ali Zadran,R Ngarava,4,0,"",""
ball,1,7.7,Afghanistan,Gulbadin Naib,Noor Ali Zadran,R Ngarava,0,0,"",""
ball,1,8.1,Afghanistan,Noor Ali Zadran,Gulbadin Naib,TL Chatara,0,0,"",""
ball,1,8.2,Afghanistan,Noor Ali Zadran,Gulbadin Naib,TL Chatara,0,0,"",""
ball,1,8.3,Afghanistan,Noor Ali Zadran,Gulbadin Naib,TL Chatara,0,0,"",""
ball,1,8.4,Afghanistan,Noor Ali Zadran,Gulbadin Naib,TL Chatara,2,0,"",""
ball,1,8.5,Afghanistan,Noor Ali Zadran,Gulbadin Naib,TL Chatara,4,0,"",""
ball,1,8.6,Afghanistan,Noor Ali Zadran,Gulbadin Naib,TL Chatara,4,0,"",""
ball,1,9.1,Afghanistan,Gulbadin Naib,Noor Ali Zadran,R Ngarava,0,0,lbw,Gulbadin Naib
ball,1,9.2,Afghanistan,Rahmat Shah,Noor Ali Zadran,R Ngarava,0,0,"",""
ball,1,9.3,Afghanistan,Rahmat Shah,Noor Ali Zadran,R Ngarava,1,0,"",""
ball,1,9.4,Afghanistan,Noor Ali Zadran,Rahmat Shah,R Ngarava,0,0,"",""
ball,1,9.5,Afghanistan,Noor Ali Zadran,Rahmat Shah,R Ngarava,0,0,"",""
ball,1,9.6,Afghanistan,Noor Ali Zadran,Rahmat Shah,R Ngarava,0,0,"",""
ball,1,10.1,Afghanistan,Rahmat Shah,Noor Ali Zadran,TL Chatara,0,0,"",""
ball,1,10.2,Afghanistan,Rahmat Shah,Noor Ali Zadran,TL Chatara,1,0,"",""
ball,1,10.3,Afghanistan,Noor Ali Zadran,Rahmat Shah,TL Chatara,0,0,"",""
ball,1,10.4,Afghanistan,Noor Ali Zadran,Rahmat Shah,TL Chatara,2,1,"",""
ball,1,10.5,Afghanistan,Noor Ali Zadran,Rahmat Shah,TL Chatara,6,0,"",""
ball,1,10.6,Afghanistan,Noor Ali Zadran,Rahmat Shah,TL Chatara,0,0,"",""
ball,1,10.7,Afghanistan,Noor Ali Zadran,Rahmat Shah,TL Chatara,0,0,"",""
ball,1,11.1,Afghanistan,Rahmat Shah,Noor Ali Zadran,R Ngarava,0,0,"",""
ball,1,11.2,Afghanistan,Rahmat Shah,Noor Ali Zadran,R Ngarava,0,0,"",""
ball,1,11.3,Afghanistan,Rahmat Shah,Noor Ali Zadran,R Ngarava,0,0,"",""
ball,1,11.4,Afghanistan,Rahmat Shah,Noor Ali Zadran,R Ngarava,0,0,"",""
ball,1,11.5,Afghanistan,Rahmat Shah,Noor Ali Zadran,R Ngarava,1,0,"",""
ball,1,11.6,Afghanistan,Noor Ali Zadran,Rahmat Shah,R Ngarava,1,0,"",""
ball,1,12.1,Afghanistan,Noor Ali Zadran,Rahmat Shah,CB Mpofu,4,0,"",""
ball,1,12.2,Afghanistan,Noor Ali Zadran,Rahmat Shah,CB Mpofu,0,0,"",""
ball,1,12.3,Afghanistan,Noor Ali Zadran,Rahmat Shah,CB Mpofu,0,0,"",""
ball,1,12.4,Afghanistan,Noor Ali Zadran,Rahmat Shah,CB Mpofu,0,0,"",""
ball,1,12.5,Afghanistan,Noor Ali Zadran,Rahmat Shah,CB Mpofu,0,0,"",""
ball,1,12.6,Afghanistan,Noor Ali Zadran,Rahmat Shah,CB Mpofu,0,0,"",""
ball,1,13.1,Afghanistan,Rahmat Shah,Noor Ali Zadran,AG Cremer,1,0,"",""
ball,1,13.2,Afghanistan,Noor Ali Zadran,Rahmat Shah,AG Cremer,0,0,"",""
ball,1,13.3,Afghanistan,Noor Ali Zadran,Rahmat Shah,AG Cremer,0,0,"",""
ball,1,13.4,Afghanistan,Noor Ali Zadran,Rahmat Shah,AG Cremer,4,0,"",""
ball,1,13.5,Afghanistan,Noor Ali Zadran,Rahmat Shah,AG Cremer,1,0,"",""
ball,1,13.6,Afghanistan,Rahmat Shah,Noor Ali Zadran,AG Cremer,0,0,"",""
ball,1,14.1,Afghanistan,Noor Ali Zadran,Rahmat Shah,CB Mpofu,1,0,"",""
ball,1,14.2,Afghanistan,Rahmat Shah,Noor Ali Zadran,CB Mpofu,0,0,"",""
ball,1,14.3,Afghanistan,Rahmat Shah,Noor Ali Zadran,CB Mpofu,4,0,"",""
ball,1,14.4,Afghanistan,Rahmat Shah,Noor Ali Zadran,CB Mpofu,1,0,"",""
ball,1,14.5,Afghanistan,Noor Ali Zadran,Rahmat Shah,CB Mpofu,0,0,"",""
ball,1,14.6,Afghanistan,Noor Ali Zadran,Rahmat Shah,CB Mpofu,0,0,caught,Noor Ali Zadran
ball,1,15.1,Afghanistan,Asghar Stanikzai,Rahmat Shah,AG Cremer,1,0,"",""
ball,1,15.2,Afghanistan,Rahmat Shah,Asghar Stanikzai,AG Cremer,0,0,"",""
ball,1,15.3,Afghanistan,Rahmat Shah,Asghar Stanikzai,AG Cremer,1,0,"",""
ball,1,15.4,Afghanistan,Asghar Stanikzai,Rahmat Shah,AG Cremer,0,0,"",""
ball,1,15.5,Afghanistan,Asghar Stanikzai,Rahmat Shah,AG Cremer,0,0,"",""
ball,1,15.6,Afghanistan,Asghar Stanikzai,Rahmat Shah,AG Cremer,0,0,"",""
ball,1,16.1,Afghanistan,Rahmat Shah,Asghar Stanikzai,CB Mpofu,0,0,"",""
ball,1,16.2,Afghanistan,Rahmat Shah,Asghar Stanikzai,CB Mpofu,2,0,"",""
ball,1,16.3,Afghanistan,Rahmat Shah,Asghar Stanikzai,CB Mpofu,2,0,"",""
ball,1,16.4,Afghanistan,Rahmat Shah,Asghar Stanikzai,CB Mpofu,0,1,"",""
ball,1,16.5,Afghanistan,Rahmat Shah,Asghar Stanikzai,CB Mpofu,2,0,"",""
ball,1,16.6,Afghanistan,Rahmat Shah,Asghar Stanikzai,CB Mpofu,0,0,"",""
ball,1,16.7,Afghanistan,Rahmat Shah,Asghar Stanikzai,CB Mpofu,2,0,"",""
ball,1,17.1,Afghanistan,Asghar Stanikzai,Rahmat Shah,AG Cremer,1,0,"",""
ball,1,17.2,Afghanistan,Rahmat Shah,Asghar Stanikzai,AG Cremer,1,0,"",""
ball,1,17.3,Afghanistan,Asghar Stanikzai,Rahmat Shah,AG Cremer,0,0,"",""
ball,1,17.4,Afghanistan,Asghar Stanikzai,Rahmat Shah,AG Cremer,0,0,"",""
ball,1,17.5,Afghanistan,Asghar Stanikzai,Rahmat Shah,AG Cremer,0,0,"",""
ball,1,17.6,Afghanistan,Asghar Stanikzai,Rahmat Shah,AG Cremer,0,0,"",""
ball,1,18.1,Afghanistan,Rahmat Shah,Asghar Stanikzai,CB Mpofu,1,0,"",""
ball,1,18.2,Afghanistan,Asghar Stanikzai,Rahmat Shah,CB Mpofu,1,0,"",""
ball,1,18.3,Afghanistan,Rahmat Shah,Asghar Stanikzai,CB Mpofu,0,0,"",""
ball,1,18.4,Afghanistan,Rahmat Shah,Asghar Stanikzai,CB Mpofu,0,0,"",""
ball,1,18.5,Afghanistan,Rahmat Shah,Asghar Stanikzai,CB Mpofu,0,0,"",""
ball,1,18.6,Afghanistan,Rahmat Shah,Asghar Stanikzai,CB Mpofu,0,0,"",""
ball,1,19.1,Afghanistan,Asghar Stanikzai,Rahmat Shah,AG Cremer,1,0,"",""
ball,1,19.2,Afghanistan,Rahmat Shah,Asghar Stanikzai,AG Cremer,0,0,"",""
ball,1,19.3,Afghanistan,Rahmat Shah,Asghar Stanikzai,AG Cremer,1,0,"",""
ball,1,19.4,Afghanistan,Asghar Stanikzai,Rahmat Shah,AG Cremer,0,0,"",""
ball,1,19.5,Afghanistan,Asghar Stanikzai,Rahmat Shah,AG Cremer,1,0,"",""
ball,1,19.6,Afghanistan,Rahmat Shah,Asghar Stanikzai,AG Cremer,1,0,"",""
ball,1,20.1,Afghanistan,Rahmat Shah,Asghar Stanikzai,CB Mpofu,0,0,"",""
ball,1,20.2,Afghanistan,Rahmat Shah,Asghar Stanikzai,CB Mpofu,0,0,"",""
ball,1,20.3,Afghanistan,Rahmat Shah,Asghar Stanikzai,CB Mpofu,1,0,"",""
ball,1,20.4,Afghanistan,Asghar Stanikzai,Rahmat Shah,CB Mpofu,0,0,"",""
ball,1,20.5,Afghanistan,Asghar Stanikzai,Rahmat Shah,CB Mpofu,1,0,"",""
ball,1,20.6,Afghanistan,Rahmat Shah,Asghar Stanikzai,CB Mpofu,0,0,"",""
ball,1,21.1,Afghanistan,Asghar Stanikzai,Rahmat Shah,AG Cremer,1,0,"",""
ball,1,21.2,Afghanistan,Rahmat Shah,Asghar Stanikzai,AG Cremer,1,0,"",""
ball,1,21.3,Afghanistan,Asghar Stanikzai,Rahmat Shah,AG Cremer,1,0,"",""
ball,1,21.4,Afghanistan,Rahmat Shah,Asghar Stanikzai,AG Cremer,2,0,"",""
ball,1,21.5,Afghanistan,Rahmat Shah,Asghar Stanikzai,AG Cremer,1,0,"",""
ball,1,21.6,Afghanistan,Asghar Stanikzai,Rahmat Shah,AG Cremer,1,0,"",""
ball,1,22.1,Afghanistan,Asghar Stanikzai,Rahmat Shah,CB Mpofu,0,0,"",""
ball,1,22.2,Afghanistan,Asghar Stanikzai,Rahmat Shah,CB Mpofu,0,0,"",""
ball,1,22.3,Afghanistan,Asghar Stanikzai,Rahmat Shah,CB Mpofu,0,0,"",""
ball,1,22.4,Afghanistan,Asghar Stanikzai,Rahmat Shah,CB Mpofu,0,0,"",""
ball,1,22.5,Afghanistan,Asghar Stanikzai,Rahmat Shah,CB Mpofu,1,0,"",""
ball,1,22.6,Afghanistan,Rahmat Shah,Asghar Stanikzai,CB Mpofu,0,0,"",""
ball,1,23.1,Afghanistan,Asghar Stanikzai,Rahmat Shah,SC Williams,0,0,"",""
ball,1,23.2,Afghanistan,Asghar Stanikzai,Rahmat Shah,SC Williams,1,0,"",""
ball,1,23.3,Afghanistan,Rahmat Shah,Asghar Stanikzai,SC Williams,1,0,"",""
ball,1,23.4,Afghanistan,Asghar Stanikzai,Rahmat Shah,SC Williams,1,0,"",""
ball,1,23.5,Afghanistan,Rahmat Shah,Asghar Stanikzai,SC Williams,0,0,"",""
ball,1,23.6,Afghanistan,Rahmat Shah,Asghar Stanikzai,SC Williams,0,0,"",""
ball,1,24.1,Afghanistan,Asghar Stanikzai,Rahmat Shah,AG Cremer,4,0,"",""
ball,1,24.2,Afghanistan,Asghar Stanikzai,Rahmat Shah,AG Cremer,2,0,"",""
ball,1,24.3,Afghanistan,Asghar Stanikzai,Rahmat Shah,AG Cremer,0,0,"",""
ball,1,24.4,Afghanistan,Asghar Stanikzai,Rahmat Shah,AG Cremer,0,0,"",""
ball,1,24.5,Afghanistan,Asghar Stanikzai,Rahmat Shah,AG Cremer,0,0,"",""
ball,1,24.6,Afghanistan,Asghar Stanikzai,Rahmat Shah,AG Cremer,0,0,"",""
ball,1,25.1,Afghanistan,Rahmat Shah,Asghar Stanikzai,SC Williams,0,0,"",""
ball,1,25.2,Afghanistan,Rahmat Shah,Asghar Stanikzai,SC Williams,1,0,"",""
ball,1,25.3,Afghanistan,Asghar Stanikzai,Rahmat Shah,SC Williams,0,0,"",""
ball,1,25.4,Afghanistan,Asghar Stanikzai,Rahmat Shah,SC Williams,0,0,lbw,Asghar Stanikzai
ball,1,25.5,Afghanistan,Samiullah Shenwari,Rahmat Shah,SC Williams,0,0,"",""
ball,1,25.6,Afghanistan,Samiullah Shenwari,Rahmat Shah,SC Williams,0,0,"",""
ball,1,26.1,Afghanistan,Rahmat Shah,Samiullah Shenwari,AG Cremer,0,0,"",""
ball,1,26.2,Afghanistan,Rahmat Shah,Samiullah Shenwari,AG Cremer,1,0,"",""
ball,1,26.3,Afghanistan,Samiullah Shenwari,Rahmat Shah,AG Cremer,0,0,"",""
ball,1,26.4,Afghanistan,Samiullah Shenwari,Rahmat Shah,AG Cremer,0,0,"",""
ball,1,26.5,Afghanistan,Samiullah Shenwari,Rahmat Shah,AG Cremer,0,0,"",""
ball,1,26.6,Afghanistan,Samiullah Shenwari,Rahmat Shah,AG Cremer,1,0,"",""
ball,1,27.1,Afghanistan,Samiullah Shenwari,Rahmat Shah,SC Williams,1,0,"",""
ball,1,27.2,Afghanistan,Rahmat Shah,Samiullah Shenwari,SC Williams,1,0,"",""
ball,1,27.3,Afghanistan,Samiullah Shenwari,Rahmat Shah,SC Williams,0,0,"",""
ball,1,27.4,Afghanistan,Samiullah Shenwari,Rahmat Shah,SC Williams,1,0,"",""
ball,1,27.5,Afghanistan,Rahmat Shah,Samiullah Shenwari,SC Williams,1,0,"",""
ball,1,27.6,Afghanistan,Samiullah Shenwari,Rahmat Shah,SC Williams,0,0,"",""
ball,1,28.1,Afghanistan,Rahmat Shah,Samiullah Shenwari,AG Cremer,1,0,"",""
ball,1,28.2,Afghanistan,Samiullah Shenwari,Rahmat Shah,AG Cremer,0,0,"",""
ball,1,28.3,Afghanistan,Samiullah Shenwari,Rahmat Shah,AG Cremer,1,0,"",""
ball,1,28.4,Afghanistan,Rahmat Shah,Samiullah Shenwari,AG Cremer,0,0,"",""
ball,1,28.5,Afghanistan,Rahmat Shah,Samiullah Shenwari,AG Cremer,0,0,"",""
ball,1,28.6,Afghanistan,Rahmat Shah,Samiullah Shenwari,AG Cremer,0,0,"",""
ball,1,29.1,Afghanistan,Samiullah Shenwari,Rahmat Shah,SC Williams,0,0,"",""
ball,1,29.2,Afghanistan,Samiullah Shenwari,Rahmat Shah,SC Williams,0,0,"",""
ball,1,29.3,Afghanistan,Samiullah Shenwari,Rahmat Shah,SC Williams,0,0,"",""
ball,1,29.4,Afghanistan,Samiullah Shenwari,Rahmat Shah,SC Williams,0,0,"",""
ball,1,29.5,Afghanistan,Samiullah Shenwari,Rahmat Shah,SC Williams,0,0,"",""
ball,1,29.6,Afghanistan,Samiullah Shenwari,Rahmat Shah,SC Williams,0,0,"",""
ball,1,30.1,Afghanistan,Rahmat Shah,Samiullah Shenwari,SF Mire,1,0,"",""
ball,1,30.2,Afghanistan,Samiullah Shenwari,Rahmat Shah,SF Mire,2,0,"",""
ball,1,30.3,Afghanistan,Samiullah Shenwari,Rahmat Shah,SF Mire,0,0,"",""
ball,1,30.4,Afghanistan,Samiullah Shenwari,Rahmat Shah,SF Mire,1,0,"",""
ball,1,30.5,Afghanistan,Rahmat Shah,Samiullah Shenwari,SF Mire,1,0,"",""
ball,1,30.6,Afghanistan,Samiullah Shenwari,Rahmat Shah,SF Mire,0,0,"",""
ball,1,31.1,Afghanistan,Rahmat Shah,Samiullah Shenwari,SC Williams,1,0,"",""
ball,1,31.2,Afghanistan,Samiullah Shenwari,Rahmat Shah,SC Williams,0,0,"",""
ball,1,31.3,Afghanistan,Samiullah Shenwari,Rahmat Shah,SC Williams,0,0,"",""
ball,1,31.4,Afghanistan,Samiullah Shenwari,Rahmat Shah,SC Williams,0,0,"",""
ball,1,31.5,Afghanistan,Samiullah Shenwari,Rahmat Shah,SC Williams,1,0,"",""
ball,1,31.6,Afghanistan,Rahmat Shah,Samiullah Shenwari,SC Williams,1,0,"",""
ball,1,32.1,Afghanistan,Rahmat Shah,Samiullah Shenwari,SF Mire,0,0,"",""
ball,1,32.2,Afghanistan,Rahmat Shah,Samiullah Shenwari,SF Mire,1,0,"",""
ball,1,32.3,Afghanistan,Samiullah Shenwari,Rahmat Shah,SF Mire,3,0,"",""
ball,1,32.4,Afghanistan,Rahmat Shah,Samiullah Shenwari,SF Mire,0,0,"",""
ball,1,32.5,Afghanistan,Rahmat Shah,Samiullah Shenwari,SF Mire,0,0,"",""
ball,1,32.6,Afghanistan,Rahmat Shah,Samiullah Shenwari,SF Mire,0,0,"",""
ball,1,33.1,Afghanistan,Samiullah Shenwari,Rahmat Shah,SC Williams,0,0,"",""
ball,1,33.2,Afghanistan,Samiullah Shenwari,Rahmat Shah,SC Williams,0,0,"",""
ball,1,33.3,Afghanistan,Samiullah Shenwari,Rahmat Shah,SC Williams,1,0,"",""
ball,1,33.4,Afghanistan,Rahmat Shah,Samiullah Shenwari,SC Williams,1,0,"",""
ball,1,33.5,Afghanistan,Samiullah Shenwari,Rahmat Shah,SC Williams,0,0,"",""
ball,1,33.6,Afghanistan,Samiullah Shenwari,Rahmat Shah,SC Williams,1,0,"",""
ball,1,34.1,Afghanistan,Samiullah Shenwari,Rahmat Shah,SF Mire,0,0,"",""
ball,1,34.2,Afghanistan,Samiullah Shenwari,Rahmat Shah,SF Mire,0,0,"",""
ball,1,34.3,Afghanistan,Samiullah Shenwari,Rahmat Shah,SF Mire,4,0,"",""
ball,1,34.4,Afghanistan,Samiullah Shenwari,Rahmat Shah,SF Mire,0,1,"",""
ball,1,34.5,Afghanistan,Rahmat Shah,Samiullah Shenwari,SF Mire,1,0,"",""
ball,1,34.6,Afghanistan,Samiullah Shenwari,Rahmat Shah,SF Mire,0,0,"",""
ball,1,35.1,Afghanistan,Rahmat Shah,Samiullah Shenwari,SC Williams,0,0,"",""
ball,1,35.2,Afghanistan,Rahmat Shah,Samiullah Shenwari,SC Williams,2,0,"",""
ball,1,35.3,Afghanistan,Rahmat Shah,Samiullah Shenwari,SC Williams,0,0,"",""
ball,1,35.4,Afghanistan,Rahmat Shah,Samiullah Shenwari,SC Williams,0,0,"",""
ball,1,35.5,Afghanistan,Rahmat Shah,Samiullah Shenwari,SC Williams,0,0,"",""
ball,1,35.6,Afghanistan,Rahmat Shah,Samiullah Shenwari,SC Williams,2,0,"",""
ball,1,36.1,Afghanistan,Samiullah Shenwari,Rahmat Shah,SF Mire,1,0,"",""
ball,1,36.2,Afghanistan,Rahmat Shah,Samiullah Shenwari,SF Mire,1,0,"",""
ball,1,36.3,Afghanistan,Samiullah Shenwari,Rahmat Shah,SF Mire,0,0,run out,Samiullah Shenwari
ball,1,36.4,Afghanistan,Mohammad Nabi,Rahmat Shah,SF Mire,1,0,"",""
ball,1,36.5,Afghanistan,Rahmat Shah,Mohammad Nabi,SF Mire,0,0,"",""
ball,1,36.6,Afghanistan,Rahmat Shah,Mohammad Nabi,SF Mire,0,0,"",""
ball,1,37.1,Afghanistan,Mohammad Nabi,Rahmat Shah,SC Williams,1,0,"",""
ball,1,37.2,Afghanistan,Rahmat Shah,Mohammad Nabi,SC Williams,1,0,"",""
ball,1,37.3,Afghanistan,Mohammad Nabi,Rahmat Shah,SC Williams,1,0,"",""
ball,1,37.4,Afghanistan,Rahmat Shah,Mohammad Nabi,SC Williams,1,0,"",""
ball,1,37.5,Afghanistan,Mohammad Nabi,Rahmat Shah,SC Williams,1,0,"",""
ball,1,37.6,Afghanistan,Rahmat Shah,Mohammad Nabi,SC Williams,0,0,"",""
ball,1,38.1,Afghanistan,Mohammad Nabi,Rahmat Shah,SF Mire,1,0,"",""
ball,1,38.2,Afghanistan,Rahmat Shah,Mohammad Nabi,SF Mire,1,0,"",""
ball,1,38.3,Afghanistan,Mohammad Nabi,Rahmat Shah,SF Mire,0,0,"",""
ball,1,38.4,Afghanistan,Mohammad Nabi,Rahmat Shah,SF Mire,1,0,"",""
ball,1,38.5,Afghanistan,Rahmat Shah,Mohammad Nabi,SF Mire,1,0,"",""
ball,1,38.6,Afghanistan,Mohammad Nabi,Rahmat Shah,SF Mire,1,0,"",""
ball,1,39.1,Afghanistan,Mohammad Nabi,Rahmat Shah,SC Williams,1,0,"",""
ball,1,39.2,Afghanistan,Rahmat Shah,Mohammad Nabi,SC Williams,0,0,"",""
ball,1,39.3,Afghanistan,Rahmat Shah,Mohammad Nabi,SC Williams,1,0,"",""
ball,1,39.4,Afghanistan,Mohammad Nabi,Rahmat Shah,SC Williams,0,0,"",""
ball,1,39.5,Afghanistan,Mohammad Nabi,Rahmat Shah,SC Williams,0,0,"",""
ball,1,39.6,Afghanistan,Mohammad Nabi,Rahmat Shah,SC Williams,0,0,run out,Rahmat Shah
ball,1,40.1,Afghanistan,Najibullah Zadran,Mohammad Nabi,AG Cremer,0,0,"",""
ball,1,40.2,Afghanistan,Najibullah Zadran,Mohammad Nabi,AG Cremer,1,0,"",""
ball,1,40.3,Afghanistan,Mohammad Nabi,Najibullah Zadran,AG Cremer,0,0,"",""
ball,1,40.4,Afghanistan,Mohammad Nabi,Najibullah Zadran,AG Cremer,1,0,"",""
ball,1,40.5,Afghanistan,Najibullah Zadran,Mohammad Nabi,AG Cremer,0,0,"",""
ball,1,40.6,Afghanistan,Najibullah Zadran,Mohammad Nabi,AG Cremer,1,0,"",""
ball,1,41.1,Afghanistan,Najibullah Zadran,Mohammad Nabi,SC Williams,0,0,"",""
ball,1,41.2,Afghanistan,Najibullah Zadran,Mohammad Nabi,SC Williams,0,0,"",""
ball,1,41.3,Afghanistan,Najibullah Zadran,Mohammad Nabi,SC Williams,1,0,"",""
ball,1,41.4,Afghanistan,Mohammad Nabi,Najibullah Zadran,SC Williams,6,0,"",""
ball,1,41.5,Afghanistan,Mohammad Nabi,Najibullah Zadran,SC Williams,0,0,"",""
ball,1,41.6,Afghanistan,Mohammad Nabi,Najibullah Zadran,SC Williams,0,1,"",""
ball,1,41.7,Afghanistan,Mohammad Nabi,Najibullah Zadran,SC Williams,1,0,"",""
ball,1,42.1,Afghanistan,Mohammad Nabi,Najibullah Zadran,AG Cremer,0,0,"",""
ball,1,42.2,Afghanistan,Mohammad Nabi,Najibullah Zadran,AG Cremer,4,0,"",""
ball,1,42.3,Afghanistan,Mohammad Nabi,Najibullah Zadran,AG Cremer,1,0,"",""
ball,1,42.4,Afghanistan,Najibullah Zadran,Mohammad Nabi,AG Cremer,0,0,"",""
ball,1,42.5,Afghanistan,Najibullah Zadran,Mohammad Nabi,AG Cremer,0,0,caught,Najibullah Zadran
ball,1,42.6,Afghanistan,Mohammad Nabi,Rashid Khan,AG Cremer,1,0,"",""
ball,1,43.1,Afghanistan,Mohammad Nabi,Rashid Khan,R Ngarava,0,0,"",""
ball,1,43.2,Afghanistan,Mohammad Nabi,Rashid Khan,R Ngarava,0,1,"",""
ball,1,43.3,Afghanistan,Mohammad Nabi,Rashid Khan,R Ngarava,2,0,"",""
ball,1,43.4,Afghanistan,Mohammad Nabi,Rashid Khan,R Ngarava,4,0,"",""
ball,1,43.5,Afghanistan,Mohammad Nabi,Rashid Khan,R Ngarava,4,0,"",""
ball,1,43.6,Afghanistan,Mohammad Nabi,Rashid Khan,R Ngarava,0,1,"",""
ball,1,43.7,Afghanistan,Mohammad Nabi,Rashid Khan,R Ngarava,0,0,"",""
ball,1,43.8,Afghanistan,Mohammad Nabi,Rashid Khan,R Ngarava,1,0,"",""
ball,1,44.1,Afghanistan,Mohammad Nabi,Rashid Khan,CB Mpofu,1,0,"",""
ball,1,44.2,Afghanistan,Rashid Khan,Mohammad Nabi,CB Mpofu,2,0,"",""
ball,1,44.3,Afghanistan,Rashid Khan,Mohammad Nabi,CB Mpofu,4,0,"",""
ball,1,44.4,Afghanistan,Rashid Khan,Mohammad Nabi,CB Mpofu,0,0,"",""
ball,1,44.5,Afghanistan,Rashid Khan,Mohammad Nabi,CB Mpofu,1,0,"",""
ball,1,44.6,Afghanistan,Mohammad Nabi,Rashid Khan,CB Mpofu,2,0,"",""
ball,1,45.1,Afghanistan,Rashid Khan,Mohammad Nabi,TL Chatara,2,0,"",""
ball,1,45.2,Afghanistan,Rashid Khan,Mohammad Nabi,TL Chatara,0,0,"",""
ball,1,45.3,Afghanistan,Rashid Khan,Mohammad Nabi,TL Chatara,0,0,"",""
ball,1,45.4,Afghanistan,Rashid Khan,Mohammad Nabi,TL Chatara,1,0,"",""
ball,1,45.5,Afghanistan,Mohammad Nabi,Rashid Khan,TL Chatara,1,0,"",""
ball,1,45.6,Afghanistan,Rashid Khan,Mohammad Nabi,TL Chatara,1,0,"",""
ball,1,46.1,Afghanistan,Rashid Khan,Mohammad Nabi,CB Mpofu,0,0,"",""
ball,1,46.2,Afghanistan,Rashid Khan,Mohammad Nabi,CB Mpofu,1,0,"",""
ball,1,46.3,Afghanistan,Mohammad Nabi,Rashid Khan,CB Mpofu,0,0,"",""
ball,1,46.4,Afghanistan,Mohammad Nabi,Rashid Khan,CB Mpofu,4,0,"",""
ball,1,46.5,Afghanistan,Mohammad Nabi,Rashid Khan,CB Mpofu,1,0,"",""
ball,1,46.6,Afghanistan,Rashid Khan,Mohammad Nabi,CB Mpofu,2,0,"",""
ball,1,47.1,Afghanistan,Mohammad Nabi,Rashid Khan,TL Chatara,1,0,"",""
ball,1,47.2,Afghanistan,Rashid Khan,Mohammad Nabi,TL Chatara,0,1,"",""
ball,1,47.3,Afghanistan,Mohammad Nabi,Rashid Khan,TL Chatara,0,0,"",""
ball,1,47.4,Afghanistan,Mohammad Nabi,Rashid Khan,TL Chatara,2,0,"",""
ball,1,47.5,Afghanistan,Mohammad Nabi,Rashid Khan,TL Chatara,2,0,"",""
ball,1,47.6,Afghanistan,Mohammad Nabi,Rashid Khan,TL Chatara,1,0,"",""
ball,1,48.1,Afghanistan,Mohammad Nabi,Rashid Khan,CB Mpofu,0,0,"",""
ball,1,48.2,Afghanistan,Mohammad Nabi,Rashid Khan,CB Mpofu,0,0,caught,Mohammad Nabi
ball,1,48.3,Afghanistan,Rashid Khan,Dawlat Zadran,CB Mpofu,2,0,"",""
ball,1,48.4,Afghanistan,Rashid Khan,Dawlat Zadran,CB Mpofu,0,0,"",""
ball,1,48.5,Afghanistan,Rashid Khan,Dawlat Zadran,CB Mpofu,2,0,"",""
ball,1,48.6,Afghanistan,Rashid Khan,Dawlat Zadran,CB Mpofu,0,0,caught,Rashid Khan
ball,1,49.1,Afghanistan,Dawlat Zadran,Amir Hamza,TL Chatara,0,1,"",""
ball,1,49.2,Afghanistan,Dawlat Zadran,Amir Hamza,TL Chatara,6,0,"",""
ball,1,49.3,Afghanistan,Dawlat Zadran,Amir Hamza,TL Chatara,4,0,"",""
ball,1,49.4,Afghanistan,Dawlat Zadran,Amir Hamza,TL Chatara,4,0,"",""
ball,1,49.5,Afghanistan,Dawlat Zadran,Amir Hamza,TL Chatara,0,0,"",""
ball,1,49.6,Afghanistan,Dawlat Zadran,Amir Hamza,TL Chatara,0,0,"",""
ball,1,49.7,Afghanistan,Dawlat Zadran,Amir Hamza,TL Chatara,0,1,"",""
ball,2,0.1,Zimbabwe,PJ Moor,SF Mire,Amir Hamza,0,0,"",""
ball,2,0.2,Zimbabwe,PJ Moor,SF Mire,Amir Hamza,0,0,"",""
ball,2,0.3,Zimbabwe,PJ Moor,SF Mire,Amir Hamza,3,0,"",""
ball,2,0.4,Zimbabwe,SF Mire,PJ Moor,Amir Hamza,0,0,"",""
ball,2,0.5,Zimbabwe,SF Mire,PJ Moor,Amir Hamza,0,0,"",""
ball,2,0.6,Zimbabwe,SF Mire,PJ Moor,Amir Hamza,0,0,"",""
ball,2,1.1,Zimbabwe,PJ Moor,SF Mire,Dawlat Zadran,0,0,"",""
ball,2,1.2,Zimbabwe,PJ Moor,SF Mire,Dawlat Zadran,0,0,"",""
ball,2,1.3,Zimbabwe,PJ Moor,SF Mire,Dawlat Zadran,0,0,"",""
ball,2,1.4,Zimbabwe,PJ Moor,SF Mire,Dawlat Zadran,0,0,"",""
ball,2,1.5,Zimbabwe,PJ Moor,SF Mire,Dawlat Zadran,0,0,"",""
ball,2,1.6,Zimbabwe,PJ Moor,SF Mire,Dawlat Zadran,0,0,caught,PJ Moor
ball,2,2.1,Zimbabwe,SF Mire,TK Musakanda,Amir Hamza,0,0,"",""
ball,2,2.2,Zimbabwe,SF Mire,TK Musakanda,Amir Hamza,2,0,"",""
ball,2,2.3,Zimbabwe,SF Mire,TK Musakanda,Amir Hamza,0,0,caught,SF Mire
ball,2,2.4,Zimbabwe,CR Ervine,TK Musakanda,Amir Hamza,2,0,"",""
ball,2,2.5,Zimbabwe,CR Ervine,TK Musakanda,Amir Hamza,1,0,"",""
ball,2,2.6,Zimbabwe,TK Musakanda,CR Ervine,Amir Hamza,0,0,"",""
ball,2,3.1,Zimbabwe,CR Ervine,TK Musakanda,Dawlat Zadran,1,0,"",""
ball,2,3.2,Zimbabwe,TK Musakanda,CR Ervine,Dawlat Zadran,0,0,"",""
ball,2,3.3,Zimbabwe,TK Musakanda,CR Ervine,Dawlat Zadran,1,0,"",""
ball,2,3.4,Zimbabwe,CR Ervine,TK Musakanda,Dawlat Zadran,0,1,"",""
ball,2,3.5,Zimbabwe,TK Musakanda,CR Ervine,Dawlat Zadran,0,0,"",""
ball,2,3.6,Zimbabwe,TK Musakanda,CR Ervine,Dawlat Zadran,0,0,"",""
ball,2,4.1,Zimbabwe,CR Ervine,TK Musakanda,Amir Hamza,0,0,caught,CR Ervine
ball,2,4.2,Zimbabwe,TK Musakanda,SC Williams,Amir Hamza,0,1,"",""
ball,2,4.3,Zimbabwe,TK Musakanda,SC Williams,Amir Hamza,0,0,"",""
ball,2,4.4,Zimbabwe,TK Musakanda,SC Williams,Amir Hamza,1,0,"",""
ball,2,4.5,Zimbabwe,SC Williams,TK Musakanda,Amir Hamza,0,0,caught,SC Williams
ball,2,4.6,Zimbabwe,RP Burl,TK Musakanda,Amir Hamza,0,0,"",""
ball,2,4.7,Zimbabwe,RP Burl,TK Musakanda,Amir Hamza,0,0,"",""
ball,2,5.1,Zimbabwe,TK Musakanda,RP Burl,Gulbadin Naib,1,0,"",""
ball,2,5.2,Zimbabwe,RP Burl,TK Musakanda,Gulbadin Naib,0,0,"",""
ball,2,5.3,Zimbabwe,RP Burl,TK Musakanda,Gulbadin Naib,0,0,"",""
ball,2,5.4,Zimbabwe,RP Burl,TK Musakanda,Gulbadin Naib,0,0,"",""
ball,2,5.5,Zimbabwe,RP Burl,TK Musakanda,Gulbadin Naib,0,0,"",""
ball,2,5.6,Zimbabwe,RP Burl,TK Musakanda,Gulbadin Naib,1,0,"",""
ball,2,6.1,Zimbabwe,RP Burl,TK Musakanda,Amir Hamza,4,0,"",""
ball,2,6.2,Zimbabwe,RP Burl,TK Musakanda,Amir Hamza,0,1,"",""
ball,2,6.3,Zimbabwe,RP Burl,TK Musakanda,Amir Hamza,1,0,"",""
ball,2,6.4,Zimbabwe,TK Musakanda,RP Burl,Amir Hamza,1,0,"",""
ball,2,6.5,Zimbabwe,RP Burl,TK Musakanda,Amir Hamza,1,0,"",""
ball,2,6.6,Zimbabwe,TK Musakanda,RP Burl,Amir Hamza,1,0,"",""
ball,2,6.7,Zimbabwe,RP Burl,TK Musakanda,Amir Hamza,1,0,"",""
ball,2,7.1,Zimbabwe,RP Burl,TK Musakanda,Mohammad Nabi,3,0,"",""
ball,2,7.2,Zimbabwe,TK Musakanda,RP Burl,Mohammad Nabi,1,0,"",""
ball,2,7.3,Zimbabwe,RP Burl,TK Musakanda,Mohammad Nabi,0,0,caught,RP Burl
ball,2,7.4,Zimbabwe,TK Musakanda,MN Waller,Mohammad Nabi,0,0,"",""
ball,2,7.5,Zimbabwe,TK Musakanda,MN Waller,Mohammad Nabi,1,0,"",""
ball,2,7.6,Zimbabwe,MN Waller,TK Musakanda,Mohammad Nabi,0,0,"",""
ball,2,8.1,Zimbabwe,TK Musakanda,MN Waller,Gulbadin Naib,0,0,caught,TK Musakanda
ball,2,8.2,Zimbabwe,AG Cremer,MN Waller,Gulbadin Naib,1,0,"",""
ball,2,8.3,Zimbabwe,MN Waller,AG Cremer,Gulbadin Naib,4,0,"",""
ball,2,8.4,Zimbabwe,MN Waller,AG Cremer,Gulbadin Naib,0,0,"",""
ball,2,8.5,Zimbabwe,MN Waller,AG Cremer,Gulbadin Naib,1,0,"",""
ball,2,8.6,Zimbabwe,AG Cremer,MN Waller,Gulbadin Naib,0,0,"",""
ball,2,9.1,Zimbabwe,MN Waller,AG Cremer,Mohammad Nabi,1,0,"",""
ball,2,9.2,Zimbabwe,AG Cremer,MN Waller,Mohammad Nabi,1,0,"",""
ball,2,9.3,Zimbabwe,MN Waller,AG Cremer,Mohammad Nabi,0,0,"",""
ball,2,9.4,Zimbabwe,MN Waller,AG Cremer,Mohammad Nabi,0,0,"",""
ball,2,9.5,Zimbabwe,MN Waller,AG Cremer,Mohammad Nabi,0,0,lbw,MN Waller
ball,2,9.6,Zimbabwe,TL Chatara,AG Cremer,Mohammad Nabi,0,0,"",""
ball,2,10.1,Zimbabwe,AG Cremer,TL Chatara,Rashid Khan,0,0,"",""
ball,2,10.2,Zimbabwe,AG Cremer,TL Chatara,Rashid Khan,1,0,"",""
ball,2,10.3,Zimbabwe,TL Chatara,AG Cremer,Rashid Khan,0,0,bowled,TL Chatara
ball,2,10.4,Zimbabwe,CB Mpofu,AG Cremer,Rashid Khan,0,1,"",""
ball,2,10.5,Zimbabwe,AG Cremer,CB Mpofu,Rashid Khan,2,0,"",""
ball,2,10.6,Zimbabwe,AG Cremer,CB Mpofu,Rashid Khan,3,0,"",""
ball,2,11.1,Zimbabwe,AG Cremer,CB Mpofu,Mohammad Nabi,1,0,"",""
ball,2,11.2,Zimbabwe,CB Mpofu,AG Cremer,Mohammad Nabi,0,0,"",""
ball,2,11.3,Zimbabwe,CB Mpofu,AG Cremer,Mohammad Nabi,1,0,"",""
ball,2,11.4,Zimbabwe,AG Cremer,CB Mpofu,Mohammad Nabi,0,0,"",""
ball,2,11.5,Zimbabwe,AG Cremer,CB Mpofu,Mohammad Nabi,1,0,"",""
ball,2,11.6,Zimbabwe,CB Mpofu,AG Cremer,Mohammad Nabi,1,0,"",""
ball,2,12.1,Zimbabwe,CB Mpofu,AG Cremer,Rashid Khan,1,0,"",""
ball,2,12.2,Zimbabwe,AG Cremer,CB Mpofu,Rashid Khan,1,0,"",""
ball,2,12.3,Zimbabwe,CB Mpofu,AG Cremer,Rashid Khan,0,0,"",""
ball,2,12.4,Zimbabwe,CB Mpofu,AG Cremer,Rashid Khan,0,0,bowled,CB Mpofu
ball,2,12.5,Zimbabwe,R Ngarava,AG Cremer,Rashid Khan,0,0,"",""
ball,2,12.6,Zimbabwe,R Ngarava,AG Cremer,Rashid Khan,0,0,"",""
ball,2,13.1,Zimbabwe,AG Cremer,R Ngarava,Mohammad Nabi,0,0,"",""
ball,2,13.2,Zimbabwe,AG Cremer,R Ngarava,Mohammad Nabi,2,0,"",""
ball,2,13.3,Zimbabwe,AG Cremer,R Ngarava,Mohammad Nabi,1,0,"",""
ball,2,13.4,Zimbabwe,R Ngarava,AG Cremer,Mohammad Nabi,0,0,"",""
ball,2,13.5,Zimbabwe,R Ngarava,AG Cremer,Mohammad Nabi,0,0,caught,R Ngarava
