version,1.3.0
info,team,Sri Lanka
info,team,Bangladesh
info,gender,male
info,season,2016/17
info,date,2017/03/28
info,series,Bangladesh in Sri Lanka ODI Series
info,match_number,2
info,venue,Rangiri Dambulla International Stadium
info,city,
info,toss_winner,Sri Lanka
info,toss_decision,bat
info,umpire,RSA Palliyaguruge
info,umpire,S Ravi
info,reserve_umpire,REJ Martinesz
info,tv_umpire,MA Gough
info,match_referee,AJ Pycroft
info,outcome,no result
ball,1,0.1,Sri Lanka,MD Gunathilaka,WU Tharanga,Mashrafe Mortaza,0,0,"",""
ball,1,0.2,Sri Lanka,MD Gunathilaka,WU Tharanga,Mashrafe Mortaza,0,0,"",""
ball,1,0.3,Sri Lanka,MD Gunathilaka,WU Tharanga,Mashrafe Mortaza,0,4,"",""
ball,1,0.4,Sri Lanka,MD Gunathilaka,WU Tharanga,Mashrafe Mortaza,1,0,"",""
ball,1,0.5,Sri Lanka,WU Tharanga,MD Gunathilaka,Mashrafe Mortaza,4,0,"",""
ball,1,0.6,Sri Lanka,WU Tharanga,MD Gunathilaka,Mashrafe Mortaza,0,0,"",""
ball,1,1.1,Sri Lanka,MD Gunathilaka,WU Tharanga,Mehedi Hasan Miraz,0,0,"",""
ball,1,1.2,Sri Lanka,MD Gunathilaka,WU Tharanga,Mehedi Hasan Miraz,0,0,"",""
ball,1,1.3,Sri Lanka,MD Gunathilaka,WU Tharanga,Mehedi Hasan Miraz,1,0,"",""
ball,1,1.4,Sri Lanka,WU Tharanga,MD Gunathilaka,Mehedi Hasan Miraz,0,0,"",""
ball,1,1.5,Sri Lanka,WU Tharanga,MD Gunathilaka,Mehedi Hasan Miraz,1,0,"",""
ball,1,1.6,Sri Lanka,MD Gunathilaka,WU Tharanga,Mehedi Hasan Miraz,1,0,"",""
ball,1,2.1,Sri Lanka,MD Gunathilaka,WU Tharanga,Mashrafe Mortaza,2,0,"",""
ball,1,2.2,Sri Lanka,MD Gunathilaka,WU Tharanga,Mashrafe Mortaza,4,0,"",""
ball,1,2.3,Sri Lanka,MD Gunathilaka,WU Tharanga,Mashrafe Mortaza,0,0,caught,MD Gunathilaka
ball,1,2.4,Sri Lanka,WU Tharanga,BKG Mendis,Mashrafe Mortaza,0,0,"",""
ball,1,2.5,Sri Lanka,WU Tharanga,BKG Mendis,Mashrafe Mortaza,0,0,"",""
ball,1,2.6,Sri Lanka,WU Tharanga,BKG Mendis,Mashrafe Mortaza,0,0,"",""
ball,1,3.1,Sri Lanka,BKG Mendis,WU Tharanga,Mehedi Hasan Miraz,0,0,"",""
ball,1,3.2,Sri Lanka,BKG Mendis,WU Tharanga,Mehedi Hasan Miraz,3,0,"",""
ball,1,3.3,Sri Lanka,WU Tharanga,BKG Mendis,Mehedi Hasan Miraz,0,0,"",""
ball,1,3.4,Sri Lanka,WU Tharanga,BKG Mendis,Mehedi Hasan Miraz,0,0,"",""
ball,1,3.5,Sri Lanka,WU Tharanga,BKG Mendis,Mehedi Hasan Miraz,0,0,"",""
ball,1,3.6,Sri Lanka,WU Tharanga,BKG Mendis,Mehedi Hasan Miraz,0,0,"",""
ball,1,4.1,Sri Lanka,BKG Mendis,WU Tharanga,Mashrafe Mortaza,0,0,"",""
ball,1,4.2,Sri Lanka,BKG Mendis,WU Tharanga,Mashrafe Mortaza,0,0,"",""
ball,1,4.3,Sri Lanka,BKG Mendis,WU Tharanga,Mashrafe Mortaza,0,2,"",""
ball,1,4.4,Sri Lanka,WU Tharanga,BKG Mendis,Mashrafe Mortaza,0,0,"",""
ball,1,4.5,Sri Lanka,WU Tharanga,BKG Mendis,Mashrafe Mortaza,0,1,"",""
ball,1,4.6,Sri Lanka,BKG Mendis,WU Tharanga,Mashrafe Mortaza,0,0,"",""
ball,1,4.7,Sri Lanka,BKG Mendis,WU Tharanga,Mashrafe Mortaza,0,0,"",""
ball,1,5.1,Sri Lanka,WU Tharanga,BKG Mendis,Mehedi Hasan Miraz,1,0,"",""
ball,1,5.2,Sri Lanka,BKG Mendis,WU Tharanga,Mehedi Hasan Miraz,0,0,"",""
ball,1,5.3,Sri Lanka,BKG Mendis,WU Tharanga,Mehedi Hasan Miraz,0,0,"",""
ball,1,5.4,Sri Lanka,BKG Mendis,WU Tharanga,Mehedi Hasan Miraz,0,0,"",""
ball,1,5.5,Sri Lanka,BKG Mendis,WU Tharanga,Mehedi Hasan Miraz,0,0,"",""
ball,1,5.6,Sri Lanka,BKG Mendis,WU Tharanga,Mehedi Hasan Miraz,1,0,"",""
ball,1,6.1,Sri Lanka,BKG Mendis,WU Tharanga,Mashrafe Mortaza,0,0,"",""
ball,1,6.2,Sri Lanka,BKG Mendis,WU Tharanga,Mashrafe Mortaza,0,0,"",""
ball,1,6.3,Sri Lanka,BKG Mendis,WU Tharanga,Mashrafe Mortaza,0,0,"",""
ball,1,6.4,Sri Lanka,BKG Mendis,WU Tharanga,Mashrafe Mortaza,0,0,"",""
ball,1,6.5,Sri Lanka,BKG Mendis,WU Tharanga,Mashrafe Mortaza,0,0,"",""
ball,1,6.6,Sri Lanka,BKG Mendis,WU Tharanga,Mashrafe Mortaza,0,0,"",""
ball,1,7.1,Sri Lanka,WU Tharanga,BKG Mendis,Mehedi Hasan Miraz,4,0,"",""
ball,1,7.2,Sri Lanka,WU Tharanga,BKG Mendis,Mehedi Hasan Miraz,0,0,"",""
ball,1,7.3,Sri Lanka,WU Tharanga,BKG Mendis,Mehedi Hasan Miraz,1,0,"",""
ball,1,7.4,Sri Lanka,BKG Mendis,WU Tharanga,Mehedi Hasan Miraz,1,0,"",""
ball,1,7.5,Sri Lanka,WU Tharanga,BKG Mendis,Mehedi Hasan Miraz,4,0,"",""
ball,1,7.6,Sri Lanka,WU Tharanga,BKG Mendis,Mehedi Hasan Miraz,1,0,"",""
ball,1,8.1,Sri Lanka,WU Tharanga,BKG Mendis,Mashrafe Mortaza,1,0,"",""
ball,1,8.2,Sri Lanka,BKG Mendis,WU Tharanga,Mashrafe Mortaza,0,0,"",""
ball,1,8.3,Sri Lanka,BKG Mendis,WU Tharanga,Mashrafe Mortaza,0,0,"",""
ball,1,8.4,Sri Lanka,BKG Mendis,WU Tharanga,Mashrafe Mortaza,1,0,"",""
ball,1,8.5,Sri Lanka,WU Tharanga,BKG Mendis,Mashrafe Mortaza,1,0,"",""
ball,1,8.6,Sri Lanka,BKG Mendis,WU Tharanga,Mashrafe Mortaza,0,0,"",""
ball,1,9.1,Sri Lanka,WU Tharanga,BKG Mendis,Mustafizur Rahman,0,0,"",""
ball,1,9.2,Sri Lanka,WU Tharanga,BKG Mendis,Mustafizur Rahman,0,0,"",""
ball,1,9.3,Sri Lanka,WU Tharanga,BKG Mendis,Mustafizur Rahman,0,1,"",""
ball,1,9.4,Sri Lanka,WU Tharanga,BKG Mendis,Mustafizur Rahman,0,0,"",""
ball,1,9.5,Sri Lanka,WU Tharanga,BKG Mendis,Mustafizur Rahman,2,0,"",""
ball,1,9.6,Sri Lanka,WU Tharanga,BKG Mendis,Mustafizur Rahman,4,0,"",""
ball,1,9.7,Sri Lanka,WU Tharanga,BKG Mendis,Mustafizur Rahman,1,0,"",""
ball,1,10.1,Sri Lanka,WU Tharanga,BKG Mendis,Taskin Ahmed,2,0,"",""
ball,1,10.2,Sri Lanka,WU Tharanga,BKG Mendis,Taskin Ahmed,1,0,"",""
ball,1,10.3,Sri Lanka,BKG Mendis,WU Tharanga,Taskin Ahmed,0,0,"",""
ball,1,10.4,Sri Lanka,BKG Mendis,WU Tharanga,Taskin Ahmed,1,0,"",""
ball,1,10.5,Sri Lanka,WU Tharanga,BKG Mendis,Taskin Ahmed,0,0,"",""
ball,1,10.6,Sri Lanka,WU Tharanga,BKG Mendis,Taskin Ahmed,0,0,"",""
ball,1,11.1,Sri Lanka,BKG Mendis,WU Tharanga,Mustafizur Rahman,0,0,"",""
ball,1,11.2,Sri Lanka,BKG Mendis,WU Tharanga,Mustafizur Rahman,4,0,"",""
ball,1,11.3,Sri Lanka,BKG Mendis,WU Tharanga,Mustafizur Rahman,2,0,"",""
ball,1,11.4,Sri Lanka,BKG Mendis,WU Tharanga,Mustafizur Rahman,2,0,"",""
ball,1,11.5,Sri Lanka,BKG Mendis,WU Tharanga,Mustafizur Rahman,0,4,"",""
ball,1,11.6,Sri Lanka,BKG Mendis,WU Tharanga,Mustafizur Rahman,1,0,"",""
ball,1,12.1,Sri Lanka,BKG Mendis,WU Tharanga,Taskin Ahmed,0,0,"",""
ball,1,12.2,Sri Lanka,BKG Mendis,WU Tharanga,Taskin Ahmed,1,0,"",""
ball,1,12.3,Sri Lanka,WU Tharanga,BKG Mendis,Taskin Ahmed,1,0,"",""
ball,1,12.4,Sri Lanka,BKG Mendis,WU Tharanga,Taskin Ahmed,1,0,"",""
ball,1,12.5,Sri Lanka,WU Tharanga,BKG Mendis,Taskin Ahmed,1,0,"",""
ball,1,12.6,Sri Lanka,BKG Mendis,WU Tharanga,Taskin Ahmed,0,0,"",""
ball,1,13.1,Sri Lanka,WU Tharanga,BKG Mendis,Shakib Al Hasan,0,0,"",""
ball,1,13.2,Sri Lanka,WU Tharanga,BKG Mendis,Shakib Al Hasan,2,0,"",""
ball,1,13.3,Sri Lanka,WU Tharanga,BKG Mendis,Shakib Al Hasan,0,0,"",""
ball,1,13.4,Sri Lanka,WU Tharanga,BKG Mendis,Shakib Al Hasan,0,0,"",""
ball,1,13.5,Sri Lanka,WU Tharanga,BKG Mendis,Shakib Al Hasan,1,0,"",""
ball,1,13.6,Sri Lanka,BKG Mendis,WU Tharanga,Shakib Al Hasan,0,0,"",""
ball,1,14.1,Sri Lanka,WU Tharanga,BKG Mendis,Taskin Ahmed,1,0,"",""
ball,1,14.2,Sri Lanka,BKG Mendis,WU Tharanga,Taskin Ahmed,0,0,"",""
ball,1,14.3,Sri Lanka,BKG Mendis,WU Tharanga,Taskin Ahmed,1,0,"",""
ball,1,14.4,Sri Lanka,WU Tharanga,BKG Mendis,Taskin Ahmed,4,0,"",""
ball,1,14.5,Sri Lanka,WU Tharanga,BKG Mendis,Taskin Ahmed,0,0,"",""
ball,1,14.6,Sri Lanka,WU Tharanga,BKG Mendis,Taskin Ahmed,0,0,"",""
ball,1,15.1,Sri Lanka,BKG Mendis,WU Tharanga,Shakib Al Hasan,1,0,"",""
ball,1,15.2,Sri Lanka,WU Tharanga,BKG Mendis,Shakib Al Hasan,0,0,"",""
ball,1,15.3,Sri Lanka,WU Tharanga,BKG Mendis,Shakib Al Hasan,1,0,"",""
ball,1,15.4,Sri Lanka,BKG Mendis,WU Tharanga,Shakib Al Hasan,4,0,"",""
ball,1,15.5,Sri Lanka,BKG Mendis,WU Tharanga,Shakib Al Hasan,0,0,"",""
ball,1,15.6,Sri Lanka,BKG Mendis,WU Tharanga,Shakib Al Hasan,1,0,"",""
ball,1,16.1,Sri Lanka,BKG Mendis,WU Tharanga,Taskin Ahmed,0,0,"",""
ball,1,16.2,Sri Lanka,BKG Mendis,WU Tharanga,Taskin Ahmed,0,0,"",""
ball,1,16.3,Sri Lanka,BKG Mendis,WU Tharanga,Taskin Ahmed,1,0,"",""
ball,1,16.4,Sri Lanka,WU Tharanga,BKG Mendis,Taskin Ahmed,0,0,"",""
ball,1,16.5,Sri Lanka,WU Tharanga,BKG Mendis,Taskin Ahmed,0,0,"",""
ball,1,16.6,Sri Lanka,WU Tharanga,BKG Mendis,Taskin Ahmed,0,0,"",""
ball,1,17.1,Sri Lanka,BKG Mendis,WU Tharanga,Mehedi Hasan Miraz,1,0,"",""
ball,1,17.2,Sri Lanka,WU Tharanga,BKG Mendis,Mehedi Hasan Miraz,1,0,"",""
ball,1,17.3,Sri Lanka,BKG Mendis,WU Tharanga,Mehedi Hasan Miraz,1,0,"",""
ball,1,17.4,Sri Lanka,WU Tharanga,BKG Mendis,Mehedi Hasan Miraz,0,0,"",""
ball,1,17.5,Sri Lanka,WU Tharanga,BKG Mendis,Mehedi Hasan Miraz,0,0,"",""
ball,1,17.6,Sri Lanka,WU Tharanga,BKG Mendis,Mehedi Hasan Miraz,1,0,"",""
ball,1,18.1,Sri Lanka,WU Tharanga,BKG Mendis,Taskin Ahmed,1,0,"",""
ball,1,18.2,Sri Lanka,BKG Mendis,WU Tharanga,Taskin Ahmed,2,0,"",""
ball,1,18.3,Sri Lanka,BKG Mendis,WU Tharanga,Taskin Ahmed,1,0,"",""
ball,1,18.4,Sri Lanka,WU Tharanga,BKG Mendis,Taskin Ahmed,0,0,"",""
ball,1,18.5,Sri Lanka,WU Tharanga,BKG Mendis,Taskin Ahmed,0,0,"",""
ball,1,18.6,Sri Lanka,WU Tharanga,BKG Mendis,Taskin Ahmed,0,0,"",""
ball,1,19.1,Sri Lanka,BKG Mendis,WU Tharanga,Mehedi Hasan Miraz,1,0,"",""
ball,1,19.2,Sri Lanka,WU Tharanga,BKG Mendis,Mehedi Hasan Miraz,0,0,"",""
ball,1,19.3,Sri Lanka,WU Tharanga,BKG Mendis,Mehedi Hasan Miraz,0,0,"",""
ball,1,19.4,Sri Lanka,WU Tharanga,BKG Mendis,Mehedi Hasan Miraz,4,0,"",""
ball,1,19.5,Sri Lanka,WU Tharanga,BKG Mendis,Mehedi Hasan Miraz,1,0,"",""
ball,1,19.6,Sri Lanka,BKG Mendis,WU Tharanga,Mehedi Hasan Miraz,1,0,"",""
ball,1,20.1,Sri Lanka,BKG Mendis,WU Tharanga,Mustafizur Rahman,0,0,"",""
ball,1,20.2,Sri Lanka,BKG Mendis,WU Tharanga,Mustafizur Rahman,1,0,"",""
ball,1,20.3,Sri Lanka,WU Tharanga,BKG Mendis,Mustafizur Rahman,1,0,"",""
ball,1,20.4,Sri Lanka,BKG Mendis,WU Tharanga,Mustafizur Rahman,1,0,"",""
ball,1,20.5,Sri Lanka,WU Tharanga,BKG Mendis,Mustafizur Rahman,0,0,"",""
ball,1,20.6,Sri Lanka,WU Tharanga,BKG Mendis,Mustafizur Rahman,0,0,"",""
ball,1,21.1,Sri Lanka,BKG Mendis,WU Tharanga,Mehedi Hasan Miraz,0,0,"",""
ball,1,21.2,Sri Lanka,BKG Mendis,WU Tharanga,Mehedi Hasan Miraz,1,0,"",""
ball,1,21.3,Sri Lanka,WU Tharanga,BKG Mendis,Mehedi Hasan Miraz,0,0,"",""
ball,1,21.4,Sri Lanka,WU Tharanga,BKG Mendis,Mehedi Hasan Miraz,0,0,"",""
ball,1,21.5,Sri Lanka,WU Tharanga,BKG Mendis,Mehedi Hasan Miraz,1,0,"",""
ball,1,21.6,Sri Lanka,BKG Mendis,WU Tharanga,Mehedi Hasan Miraz,2,0,"",""
ball,1,22.1,Sri Lanka,WU Tharanga,BKG Mendis,Mustafizur Rahman,0,0,"",""
ball,1,22.2,Sri Lanka,WU Tharanga,BKG Mendis,Mustafizur Rahman,0,0,"",""
ball,1,22.3,Sri Lanka,WU Tharanga,BKG Mendis,Mustafizur Rahman,1,0,"",""
ball,1,22.4,Sri Lanka,BKG Mendis,WU Tharanga,Mustafizur Rahman,0,0,"",""
ball,1,22.5,Sri Lanka,BKG Mendis,WU Tharanga,Mustafizur Rahman,1,0,"",""
ball,1,22.6,Sri Lanka,WU Tharanga,BKG Mendis,Mustafizur Rahman,1,0,"",""
ball,1,23.1,Sri Lanka,WU Tharanga,BKG Mendis,Shakib Al Hasan,1,0,"",""
ball,1,23.2,Sri Lanka,BKG Mendis,WU Tharanga,Shakib Al Hasan,2,0,"",""
ball,1,23.3,Sri Lanka,BKG Mendis,WU Tharanga,Shakib Al Hasan,1,0,"",""
ball,1,23.4,Sri Lanka,WU Tharanga,BKG Mendis,Shakib Al Hasan,4,0,"",""
ball,1,23.5,Sri Lanka,WU Tharanga,BKG Mendis,Shakib Al Hasan,1,0,"",""
ball,1,23.6,Sri Lanka,BKG Mendis,WU Tharanga,Shakib Al Hasan,0,0,"",""
ball,1,24.1,Sri Lanka,WU Tharanga,BKG Mendis,Mustafizur Rahman,4,0,"",""
ball,1,24.2,Sri Lanka,WU Tharanga,BKG Mendis,Mustafizur Rahman,0,0,"",""
ball,1,24.3,Sri Lanka,WU Tharanga,BKG Mendis,Mustafizur Rahman,4,0,"",""
ball,1,24.4,Sri Lanka,WU Tharanga,BKG Mendis,Mustafizur Rahman,0,1,run out,WU Tharanga
ball,1,24.5,Sri Lanka,BKG Mendis,LD Chandimal,Mustafizur Rahman,6,0,"",""
ball,1,24.6,Sri Lanka,BKG Mendis,LD Chandimal,Mustafizur Rahman,4,0,"",""
ball,1,24.7,Sri Lanka,BKG Mendis,LD Chandimal,Mustafizur Rahman,1,0,"",""
ball,1,25.1,Sri Lanka,BKG Mendis,LD Chandimal,Mosaddek Hossain,1,0,"",""
ball,1,25.2,Sri Lanka,LD Chandimal,BKG Mendis,Mosaddek Hossain,1,0,"",""
ball,1,25.3,Sri Lanka,BKG Mendis,LD Chandimal,Mosaddek Hossain,0,0,"",""
ball,1,25.4,Sri Lanka,BKG Mendis,LD Chandimal,Mosaddek Hossain,1,0,"",""
ball,1,25.5,Sri Lanka,LD Chandimal,BKG Mendis,Mosaddek Hossain,1,0,"",""
ball,1,25.6,Sri Lanka,BKG Mendis,LD Chandimal,Mosaddek Hossain,0,0,"",""
ball,1,26.1,Sri Lanka,LD Chandimal,BKG Mendis,Shakib Al Hasan,0,0,"",""
ball,1,26.2,Sri Lanka,LD Chandimal,BKG Mendis,Shakib Al Hasan,0,0,"",""
ball,1,26.3,Sri Lanka,LD Chandimal,BKG Mendis,Shakib Al Hasan,1,0,"",""
ball,1,26.4,Sri Lanka,BKG Mendis,LD Chandimal,Shakib Al Hasan,1,0,"",""
ball,1,26.5,Sri Lanka,LD Chandimal,BKG Mendis,Shakib Al Hasan,1,0,"",""
ball,1,26.6,Sri Lanka,BKG Mendis,LD Chandimal,Shakib Al Hasan,1,0,"",""
ball,1,27.1,Sri Lanka,BKG Mendis,LD Chandimal,Mosaddek Hossain,4,0,"",""
ball,1,27.2,Sri Lanka,BKG Mendis,LD Chandimal,Mosaddek Hossain,2,0,"",""
ball,1,27.3,Sri Lanka,BKG Mendis,LD Chandimal,Mosaddek Hossain,1,0,"",""
ball,1,27.4,Sri Lanka,LD Chandimal,BKG Mendis,Mosaddek Hossain,1,0,"",""
ball,1,27.5,Sri Lanka,BKG Mendis,LD Chandimal,Mosaddek Hossain,0,0,"",""
ball,1,27.6,Sri Lanka,BKG Mendis,LD Chandimal,Mosaddek Hossain,1,0,"",""
ball,1,28.1,Sri Lanka,BKG Mendis,LD Chandimal,Shakib Al Hasan,1,0,"",""
ball,1,28.2,Sri Lanka,LD Chandimal,BKG Mendis,Shakib Al Hasan,1,0,"",""
ball,1,28.3,Sri Lanka,BKG Mendis,LD Chandimal,Shakib Al Hasan,1,0,"",""
ball,1,28.4,Sri Lanka,LD Chandimal,BKG Mendis,Shakib Al Hasan,1,0,"",""
ball,1,28.5,Sri Lanka,BKG Mendis,LD Chandimal,Shakib Al Hasan,0,0,"",""
ball,1,28.6,Sri Lanka,BKG Mendis,LD Chandimal,Shakib Al Hasan,1,0,"",""
ball,1,29.1,Sri Lanka,BKG Mendis,LD Chandimal,Mosaddek Hossain,2,0,"",""
ball,1,29.2,Sri Lanka,BKG Mendis,LD Chandimal,Mosaddek Hossain,1,0,"",""
ball,1,29.3,Sri Lanka,LD Chandimal,BKG Mendis,Mosaddek Hossain,1,0,"",""
ball,1,29.4,Sri Lanka,BKG Mendis,LD Chandimal,Mosaddek Hossain,4,0,"",""
ball,1,29.5,Sri Lanka,BKG Mendis,LD Chandimal,Mosaddek Hossain,4,0,"",""
ball,1,29.6,Sri Lanka,BKG Mendis,LD Chandimal,Mosaddek Hossain,1,0,"",""
ball,1,30.1,Sri Lanka,BKG Mendis,LD Chandimal,Shakib Al Hasan,4,0,"",""
ball,1,30.2,Sri Lanka,BKG Mendis,LD Chandimal,Shakib Al Hasan,0,0,"",""
ball,1,30.3,Sri Lanka,BKG Mendis,LD Chandimal,Shakib Al Hasan,0,0,"",""
ball,1,30.4,Sri Lanka,BKG Mendis,LD Chandimal,Shakib Al Hasan,0,0,"",""
ball,1,30.5,Sri Lanka,BKG Mendis,LD Chandimal,Shakib Al Hasan,1,0,"",""
ball,1,30.6,Sri Lanka,LD Chandimal,BKG Mendis,Shakib Al Hasan,0,0,"",""
ball,1,31.1,Sri Lanka,BKG Mendis,LD Chandimal,Mashrafe Mortaza,1,0,"",""
ball,1,31.2,Sri Lanka,LD Chandimal,BKG Mendis,Mashrafe Mortaza,0,0,"",""
ball,1,31.3,Sri Lanka,LD Chandimal,BKG Mendis,Mashrafe Mortaza,0,0,"",""
ball,1,31.4,Sri Lanka,LD Chandimal,BKG Mendis,Mashrafe Mortaza,0,0,"",""
ball,1,31.5,Sri Lanka,LD Chandimal,BKG Mendis,Mashrafe Mortaza,1,0,"",""
ball,1,31.6,Sri Lanka,BKG Mendis,LD Chandimal,Mashrafe Mortaza,1,0,"",""
ball,1,32.1,Sri Lanka,BKG Mendis,LD Chandimal,Shakib Al Hasan,1,0,"",""
ball,1,32.2,Sri Lanka,LD Chandimal,BKG Mendis,Shakib Al Hasan,0,0,"",""
ball,1,32.3,Sri Lanka,LD Chandimal,BKG Mendis,Shakib Al Hasan,4,0,"",""
ball,1,32.4,Sri Lanka,LD Chandimal,BKG Mendis,Shakib Al Hasan,0,0,"",""
ball,1,32.5,Sri Lanka,LD Chandimal,BKG Mendis,Shakib Al Hasan,1,0,"",""
ball,1,32.6,Sri Lanka,BKG Mendis,LD Chandimal,Shakib Al Hasan,1,0,"",""
ball,1,33.1,Sri Lanka,BKG Mendis,LD Chandimal,Mashrafe Mortaza,0,0,"",""
ball,1,33.2,Sri Lanka,BKG Mendis,LD Chandimal,Mashrafe Mortaza,1,0,"",""
ball,1,33.3,Sri Lanka,LD Chandimal,BKG Mendis,Mashrafe Mortaza,2,0,"",""
ball,1,33.4,Sri Lanka,LD Chandimal,BKG Mendis,Mashrafe Mortaza,0,0,"",""
ball,1,33.5,Sri Lanka,LD Chandimal,BKG Mendis,Mashrafe Mortaza,1,0,"",""
ball,1,33.6,Sri Lanka,BKG Mendis,LD Chandimal,Mashrafe Mortaza,0,0,"",""
ball,1,34.1,Sri Lanka,LD Chandimal,BKG Mendis,Shakib Al Hasan,0,0,"",""
ball,1,34.2,Sri Lanka,LD Chandimal,BKG Mendis,Shakib Al Hasan,1,0,"",""
ball,1,34.3,Sri Lanka,BKG Mendis,LD Chandimal,Shakib Al Hasan,0,0,"",""
ball,1,34.4,Sri Lanka,BKG Mendis,LD Chandimal,Shakib Al Hasan,0,0,"",""
ball,1,34.5,Sri Lanka,BKG Mendis,LD Chandimal,Shakib Al Hasan,4,0,"",""
ball,1,34.6,Sri Lanka,BKG Mendis,LD Chandimal,Shakib Al Hasan,4,0,"",""
ball,1,35.1,Sri Lanka,LD Chandimal,BKG Mendis,Mashrafe Mortaza,2,0,"",""
ball,1,35.2,Sri Lanka,LD Chandimal,BKG Mendis,Mashrafe Mortaza,1,0,"",""
ball,1,35.3,Sri Lanka,BKG Mendis,LD Chandimal,Mashrafe Mortaza,1,0,"",""
ball,1,35.4,Sri Lanka,LD Chandimal,BKG Mendis,Mashrafe Mortaza,1,0,"",""
ball,1,35.5,Sri Lanka,BKG Mendis,LD Chandimal,Mashrafe Mortaza,1,0,"",""
ball,1,35.6,Sri Lanka,LD Chandimal,BKG Mendis,Mashrafe Mortaza,1,0,"",""
ball,1,36.1,Sri Lanka,LD Chandimal,BKG Mendis,Mustafizur Rahman,1,0,"",""
ball,1,36.2,Sri Lanka,BKG Mendis,LD Chandimal,Mustafizur Rahman,0,0,"",""
ball,1,36.3,Sri Lanka,BKG Mendis,LD Chandimal,Mustafizur Rahman,1,0,"",""
ball,1,36.4,Sri Lanka,LD Chandimal,BKG Mendis,Mustafizur Rahman,0,0,lbw,LD Chandimal
ball,1,36.5,Sri Lanka,DAS Gunaratne,BKG Mendis,Mustafizur Rahman,1,0,"",""
ball,1,36.6,Sri Lanka,BKG Mendis,DAS Gunaratne,Mustafizur Rahman,0,0,"",""
ball,1,37.1,Sri Lanka,DAS Gunaratne,BKG Mendis,Taskin Ahmed,1,0,"",""
ball,1,37.2,Sri Lanka,BKG Mendis,DAS Gunaratne,Taskin Ahmed,1,0,"",""
ball,1,37.3,Sri Lanka,DAS Gunaratne,BKG Mendis,Taskin Ahmed,1,0,"",""
ball,1,37.4,Sri Lanka,BKG Mendis,DAS Gunaratne,Taskin Ahmed,0,0,caught and bowled,BKG Mendis
ball,1,37.5,Sri Lanka,TAM Siriwardana,DAS Gunaratne,Taskin Ahmed,0,0,"",""
ball,1,37.6,Sri Lanka,TAM Siriwardana,DAS Gunaratne,Taskin Ahmed,0,0,"",""
ball,1,38.1,Sri Lanka,DAS Gunaratne,TAM Siriwardana,Mustafizur Rahman,4,0,"",""
ball,1,38.2,Sri Lanka,DAS Gunaratne,TAM Siriwardana,Mustafizur Rahman,1,0,"",""
ball,1,38.3,Sri Lanka,TAM Siriwardana,DAS Gunaratne,Mustafizur Rahman,0,0,"",""
ball,1,38.4,Sri Lanka,TAM Siriwardana,DAS Gunaratne,Mustafizur Rahman,0,0,"",""
ball,1,38.5,Sri Lanka,TAM Siriwardana,DAS Gunaratne,Mustafizur Rahman,2,0,"",""
ball,1,38.6,Sri Lanka,TAM Siriwardana,DAS Gunaratne,Mustafizur Rahman,1,0,"",""
ball,1,39.1,Sri Lanka,TAM Siriwardana,DAS Gunaratne,Taskin Ahmed,1,0,"",""
ball,1,39.2,Sri Lanka,DAS Gunaratne,TAM Siriwardana,Taskin Ahmed,1,0,"",""
ball,1,39.3,Sri Lanka,TAM Siriwardana,DAS Gunaratne,Taskin Ahmed,0,0,"",""
ball,1,39.4,Sri Lanka,TAM Siriwardana,DAS Gunaratne,Taskin Ahmed,4,0,"",""
ball,1,39.5,Sri Lanka,TAM Siriwardana,DAS Gunaratne,Taskin Ahmed,4,0,"",""
ball,1,39.6,Sri Lanka,TAM Siriwardana,DAS Gunaratne,Taskin Ahmed,1,0,"",""
ball,1,40.1,Sri Lanka,TAM Siriwardana,DAS Gunaratne,Shakib Al Hasan,1,0,"",""
ball,1,40.2,Sri Lanka,DAS Gunaratne,TAM Siriwardana,Shakib Al Hasan,1,0,"",""
ball,1,40.3,Sri Lanka,TAM Siriwardana,DAS Gunaratne,Shakib Al Hasan,0,3,"",""
ball,1,40.4,Sri Lanka,TAM Siriwardana,DAS Gunaratne,Shakib Al Hasan,0,0,"",""
ball,1,40.5,Sri Lanka,TAM Siriwardana,DAS Gunaratne,Shakib Al Hasan,0,0,"",""
ball,1,40.6,Sri Lanka,TAM Siriwardana,DAS Gunaratne,Shakib Al Hasan,1,0,"",""
ball,1,40.7,Sri Lanka,DAS Gunaratne,TAM Siriwardana,Shakib Al Hasan,1,0,"",""
ball,1,41.1,Sri Lanka,DAS Gunaratne,TAM Siriwardana,Mehedi Hasan Miraz,0,0,"",""
ball,1,41.2,Sri Lanka,DAS Gunaratne,TAM Siriwardana,Mehedi Hasan Miraz,1,0,"",""
ball,1,41.3,Sri Lanka,TAM Siriwardana,DAS Gunaratne,Mehedi Hasan Miraz,0,0,"",""
ball,1,41.4,Sri Lanka,TAM Siriwardana,DAS Gunaratne,Mehedi Hasan Miraz,1,0,"",""
ball,1,41.5,Sri Lanka,DAS Gunaratne,TAM Siriwardana,Mehedi Hasan Miraz,0,0,"",""
ball,1,41.6,Sri Lanka,DAS Gunaratne,TAM Siriwardana,Mehedi Hasan Miraz,1,0,"",""
ball,1,42.1,Sri Lanka,DAS Gunaratne,TAM Siriwardana,Shakib Al Hasan,0,0,"",""
ball,1,42.2,Sri Lanka,DAS Gunaratne,TAM Siriwardana,Shakib Al Hasan,2,0,"",""
ball,1,42.3,Sri Lanka,DAS Gunaratne,TAM Siriwardana,Shakib Al Hasan,0,0,"",""
ball,1,42.4,Sri Lanka,DAS Gunaratne,TAM Siriwardana,Shakib Al Hasan,1,0,"",""
ball,1,42.5,Sri Lanka,TAM Siriwardana,DAS Gunaratne,Shakib Al Hasan,0,0,"",""
ball,1,42.6,Sri Lanka,TAM Siriwardana,DAS Gunaratne,Shakib Al Hasan,0,1,"",""
ball,1,43.1,Sri Lanka,TAM Siriwardana,DAS Gunaratne,Mehedi Hasan Miraz,4,0,"",""
ball,1,43.2,Sri Lanka,TAM Siriwardana,DAS Gunaratne,Mehedi Hasan Miraz,1,0,"",""
ball,1,43.3,Sri Lanka,DAS Gunaratne,TAM Siriwardana,Mehedi Hasan Miraz,1,0,"",""
ball,1,43.4,Sri Lanka,TAM Siriwardana,DAS Gunaratne,Mehedi Hasan Miraz,0,0,"",""
ball,1,43.5,Sri Lanka,TAM Siriwardana,DAS Gunaratne,Mehedi Hasan Miraz,0,0,"",""
ball,1,43.6,Sri Lanka,TAM Siriwardana,DAS Gunaratne,Mehedi Hasan Miraz,2,0,"",""
ball,1,44.1,Sri Lanka,DAS Gunaratne,TAM Siriwardana,Mashrafe Mortaza,4,0,"",""
ball,1,44.2,Sri Lanka,DAS Gunaratne,TAM Siriwardana,Mashrafe Mortaza,1,0,"",""
ball,1,44.3,Sri Lanka,TAM Siriwardana,DAS Gunaratne,Mashrafe Mortaza,1,0,"",""
ball,1,44.4,Sri Lanka,DAS Gunaratne,TAM Siriwardana,Mashrafe Mortaza,1,0,"",""
ball,1,44.5,Sri Lanka,TAM Siriwardana,DAS Gunaratne,Mashrafe Mortaza,2,0,"",""
ball,1,44.6,Sri Lanka,TAM Siriwardana,DAS Gunaratne,Mashrafe Mortaza,1,0,"",""
ball,1,45.1,Sri Lanka,TAM Siriwardana,DAS Gunaratne,Mehedi Hasan Miraz,2,0,"",""
ball,1,45.2,Sri Lanka,TAM Siriwardana,DAS Gunaratne,Mehedi Hasan Miraz,1,0,"",""
ball,1,45.3,Sri Lanka,DAS Gunaratne,TAM Siriwardana,Mehedi Hasan Miraz,1,0,"",""
ball,1,45.4,Sri Lanka,TAM Siriwardana,DAS Gunaratne,Mehedi Hasan Miraz,0,0,bowled,TAM Siriwardana
ball,1,45.5,Sri Lanka,NLTC Perera,DAS Gunaratne,Mehedi Hasan Miraz,0,0,"",""
ball,1,45.6,Sri Lanka,NLTC Perera,DAS Gunaratne,Mehedi Hasan Miraz,1,0,"",""
ball,1,46.1,Sri Lanka,NLTC Perera,DAS Gunaratne,Mashrafe Mortaza,2,0,"",""
ball,1,46.2,Sri Lanka,NLTC Perera,DAS Gunaratne,Mashrafe Mortaza,2,0,"",""
ball,1,46.3,Sri Lanka,NLTC Perera,DAS Gunaratne,Mashrafe Mortaza,4,0,"",""
ball,1,46.4,Sri Lanka,NLTC Perera,DAS Gunaratne,Mashrafe Mortaza,0,0,run out,NLTC Perera
ball,1,46.5,Sri Lanka,MDK Perera,DAS Gunaratne,Mashrafe Mortaza,1,0,"",""
ball,1,46.6,Sri Lanka,DAS Gunaratne,MDK Perera,Mashrafe Mortaza,6,0,"",""
ball,1,47.1,Sri Lanka,MDK Perera,DAS Gunaratne,Taskin Ahmed,4,0,"",""
ball,1,47.2,Sri Lanka,MDK Perera,DAS Gunaratne,Taskin Ahmed,0,4,"",""
ball,1,47.3,Sri Lanka,MDK Perera,DAS Gunaratne,Taskin Ahmed,1,0,"",""
ball,1,47.4,Sri Lanka,DAS Gunaratne,MDK Perera,Taskin Ahmed,1,0,"",""
ball,1,47.5,Sri Lanka,MDK Perera,DAS Gunaratne,Taskin Ahmed,2,0,"",""
ball,1,47.6,Sri Lanka,MDK Perera,DAS Gunaratne,Taskin Ahmed,1,0,"",""
ball,1,48.1,Sri Lanka,MDK Perera,DAS Gunaratne,Mustafizur Rahman,0,0,"",""
ball,1,48.2,Sri Lanka,MDK Perera,DAS Gunaratne,Mustafizur Rahman,0,0,run out,MDK Perera
ball,1,48.3,Sri Lanka,KMDN Kulasekara,DAS Gunaratne,Mustafizur Rahman,1,0,"",""
ball,1,48.4,Sri Lanka,DAS Gunaratne,KMDN Kulasekara,Mustafizur Rahman,0,0,"",""
ball,1,48.5,Sri Lanka,DAS Gunaratne,KMDN Kulasekara,Mustafizur Rahman,0,1,"",""
ball,1,48.6,Sri Lanka,DAS Gunaratne,KMDN Kulasekara,Mustafizur Rahman,4,0,"",""
ball,1,48.7,Sri Lanka,DAS Gunaratne,KMDN Kulasekara,Mustafizur Rahman,0,0,"",""
ball,1,49.1,Sri Lanka,KMDN Kulasekara,DAS Gunaratne,Taskin Ahmed,1,0,"",""
ball,1,49.2,Sri Lanka,DAS Gunaratne,KMDN Kulasekara,Taskin Ahmed,4,0,"",""
ball,1,49.3,Sri Lanka,DAS Gunaratne,KMDN Kulasekara,Taskin Ahmed,0,0,caught,DAS Gunaratne
ball,1,49.4,Sri Lanka,RAS Lakmal,KMDN Kulasekara,Taskin Ahmed,0,0,caught,RAS Lakmal
ball,1,49.5,Sri Lanka,N Pradeep,KMDN Kulasekara,Taskin Ahmed,0,0,bowled,N Pradeep
