version,1.3.0
info,team,Sri Lanka
info,team,Zimbabwe
info,gender,male
info,season,2017
info,date,2017/07/06
info,series,Zimbabwe in Sri Lanka ODI Series
info,match_number,3
info,venue,"Mahinda Rajapaksa International Cricket Stadium, Sooriyawewa"
info,city,Hambantota
info,toss_winner,Sri Lanka
info,toss_decision,field
info,player_of_match,MD Gunathilaka
info,umpire,IJ Gould
info,umpire,REJ Martinesz
info,reserve_umpire,RSA Palliyaguruge
info,tv_umpire,NJ Llong
info,match_referee,BC Broad
info,winner,Sri Lanka
info,winner_wickets,8
ball,1,0.1,Zimbabwe,H Masakadza,SF Mire,SL Malinga,0,0,"",""
ball,1,0.2,Zimbabwe,H Masakadza,SF Mire,SL Malinga,1,0,"",""
ball,1,0.3,Zimbabwe,SF Mire,H Masakadza,SL Malinga,0,0,"",""
ball,1,0.4,Zimbabwe,SF Mire,H Masakadza,SL Malinga,0,0,"",""
ball,1,0.5,Zimbabwe,SF Mire,H Masakadza,SL Malinga,0,0,"",""
ball,1,0.6,Zimbabwe,SF Mire,H Masakadza,SL Malinga,1,0,"",""
ball,1,1.1,Zimbabwe,SF Mire,H Masakadza,N Pradeep,3,0,"",""
ball,1,1.2,Zimbabwe,H Masakadza,SF Mire,N Pradeep,0,0,"",""
ball,1,1.3,Zimbabwe,H Masakadza,SF Mire,N Pradeep,4,0,"",""
ball,1,1.4,Zimbabwe,H Masakadza,SF Mire,N Pradeep,1,0,"",""
ball,1,1.5,Zimbabwe,SF Mire,H Masakadza,N Pradeep,0,0,"",""
ball,1,1.6,Zimbabwe,SF Mire,H Masakadza,N Pradeep,0,0,"",""
ball,1,2.1,Zimbabwe,H Masakadza,SF Mire,SL Malinga,0,0,"",""
ball,1,2.2,Zimbabwe,H Masakadza,SF Mire,SL Malinga,1,1,"",""
ball,1,2.3,Zimbabwe,SF Mire,H Masakadza,SL Malinga,1,0,"",""
ball,1,2.4,Zimbabwe,H Masakadza,SF Mire,SL Malinga,0,0,"",""
ball,1,2.5,Zimbabwe,H Masakadza,SF Mire,SL Malinga,4,0,"",""
ball,1,2.6,Zimbabwe,H Masakadza,SF Mire,SL Malinga,0,0,"",""
ball,1,2.7,Zimbabwe,H Masakadza,SF Mire,SL Malinga,1,0,"",""
ball,1,3.1,Zimbabwe,H Masakadza,SF Mire,N Pradeep,0,0,"",""
ball,1,3.2,Zimbabwe,H Masakadza,SF Mire,N Pradeep,1,0,"",""
ball,1,3.3,Zimbabwe,SF Mire,H Masakadza,N Pradeep,0,0,"",""
ball,1,3.4,Zimbabwe,SF Mire,H Masakadza,N Pradeep,0,0,"",""
ball,1,3.5,Zimbabwe,SF Mire,H Masakadza,N Pradeep,0,0,"",""
ball,1,3.6,Zimbabwe,SF Mire,H Masakadza,N Pradeep,4,0,"",""
ball,1,4.1,Zimbabwe,H Masakadza,SF Mire,SL Malinga,4,0,"",""
ball,1,4.2,Zimbabwe,H Masakadza,SF Mire,SL Malinga,0,0,"",""
ball,1,4.3,Zimbabwe,H Masakadza,SF Mire,SL Malinga,0,0,"",""
ball,1,4.4,Zimbabwe,H Masakadza,SF Mire,SL Malinga,4,0,"",""
ball,1,4.5,Zimbabwe,H Masakadza,SF Mire,SL Malinga,0,0,"",""
ball,1,4.6,Zimbabwe,H Masakadza,SF Mire,SL Malinga,0,0,"",""
ball,1,5.1,Zimbabwe,SF Mire,H Masakadza,N Pradeep,0,0,"",""
ball,1,5.2,Zimbabwe,SF Mire,H Masakadza,N Pradeep,0,0,"",""
ball,1,5.3,Zimbabwe,SF Mire,H Masakadza,N Pradeep,0,0,"",""
ball,1,5.4,Zimbabwe,SF Mire,H Masakadza,N Pradeep,4,0,"",""
ball,1,5.5,Zimbabwe,SF Mire,H Masakadza,N Pradeep,0,0,"",""
ball,1,5.6,Zimbabwe,SF Mire,H Masakadza,N Pradeep,0,0,"",""
ball,1,6.1,Zimbabwe,H Masakadza,SF Mire,PVD Chameera,0,0,"",""
ball,1,6.2,Zimbabwe,H Masakadza,SF Mire,PVD Chameera,0,0,"",""
ball,1,6.3,Zimbabwe,H Masakadza,SF Mire,PVD Chameera,0,0,"",""
ball,1,6.4,Zimbabwe,H Masakadza,SF Mire,PVD Chameera,0,0,"",""
ball,1,6.5,Zimbabwe,H Masakadza,SF Mire,PVD Chameera,0,0,"",""
ball,1,6.6,Zimbabwe,H Masakadza,SF Mire,PVD Chameera,4,0,"",""
ball,1,7.1,Zimbabwe,SF Mire,H Masakadza,N Pradeep,0,0,"",""
ball,1,7.2,Zimbabwe,SF Mire,H Masakadza,N Pradeep,0,0,"",""
ball,1,7.3,Zimbabwe,SF Mire,H Masakadza,N Pradeep,0,0,lbw,SF Mire
ball,1,7.4,Zimbabwe,TK Musakanda,H Masakadza,N Pradeep,0,0,"",""
ball,1,7.5,Zimbabwe,TK Musakanda,H Masakadza,N Pradeep,0,0,"",""
ball,1,7.6,Zimbabwe,TK Musakanda,H Masakadza,N Pradeep,0,0,"",""
ball,1,8.1,Zimbabwe,H Masakadza,TK Musakanda,PVD Chameera,4,0,"",""
ball,1,8.2,Zimbabwe,H Masakadza,TK Musakanda,PVD Chameera,0,0,"",""
ball,1,8.3,Zimbabwe,H Masakadza,TK Musakanda,PVD Chameera,2,0,"",""
ball,1,8.4,Zimbabwe,H Masakadza,TK Musakanda,PVD Chameera,0,0,"",""
ball,1,8.5,Zimbabwe,H Masakadza,TK Musakanda,PVD Chameera,0,0,"",""
ball,1,8.6,Zimbabwe,H Masakadza,TK Musakanda,PVD Chameera,1,0,"",""
ball,1,9.1,Zimbabwe,H Masakadza,TK Musakanda,N Pradeep,0,0,"",""
ball,1,9.2,Zimbabwe,H Masakadza,TK Musakanda,N Pradeep,0,0,"",""
ball,1,9.3,Zimbabwe,H Masakadza,TK Musakanda,N Pradeep,4,0,"",""
ball,1,9.4,Zimbabwe,H Masakadza,TK Musakanda,N Pradeep,0,0,"",""
ball,1,9.5,Zimbabwe,H Masakadza,TK Musakanda,N Pradeep,1,0,"",""
ball,1,9.6,Zimbabwe,TK Musakanda,H Masakadza,N Pradeep,0,0,"",""
ball,1,10.1,Zimbabwe,H Masakadza,TK Musakanda,PADLR Sandakan,1,0,"",""
ball,1,10.2,Zimbabwe,TK Musakanda,H Masakadza,PADLR Sandakan,4,0,"",""
ball,1,10.3,Zimbabwe,TK Musakanda,H Masakadza,PADLR Sandakan,0,0,"",""
ball,1,10.4,Zimbabwe,TK Musakanda,H Masakadza,PADLR Sandakan,1,0,"",""
ball,1,10.5,Zimbabwe,H Masakadza,TK Musakanda,PADLR Sandakan,1,0,"",""
ball,1,10.6,Zimbabwe,TK Musakanda,H Masakadza,PADLR Sandakan,2,0,"",""
ball,1,11.1,Zimbabwe,H Masakadza,TK Musakanda,PVD Chameera,1,0,"",""
ball,1,11.2,Zimbabwe,TK Musakanda,H Masakadza,PVD Chameera,0,0,"",""
ball,1,11.3,Zimbabwe,TK Musakanda,H Masakadza,PVD Chameera,0,0,"",""
ball,1,11.4,Zimbabwe,TK Musakanda,H Masakadza,PVD Chameera,0,0,"",""
ball,1,11.5,Zimbabwe,TK Musakanda,H Masakadza,PVD Chameera,1,0,"",""
ball,1,11.6,Zimbabwe,H Masakadza,TK Musakanda,PVD Chameera,2,0,"",""
ball,1,12.1,Zimbabwe,TK Musakanda,H Masakadza,PADLR Sandakan,0,0,"",""
ball,1,12.2,Zimbabwe,TK Musakanda,H Masakadza,PADLR Sandakan,0,0,"",""
ball,1,12.3,Zimbabwe,TK Musakanda,H Masakadza,PADLR Sandakan,0,0,"",""
ball,1,12.4,Zimbabwe,TK Musakanda,H Masakadza,PADLR Sandakan,0,0,"",""
ball,1,12.5,Zimbabwe,TK Musakanda,H Masakadza,PADLR Sandakan,0,1,"",""
ball,1,12.6,Zimbabwe,TK Musakanda,H Masakadza,PADLR Sandakan,0,0,"",""
ball,1,12.7,Zimbabwe,TK Musakanda,H Masakadza,PADLR Sandakan,0,0,"",""
ball,1,13.1,Zimbabwe,H Masakadza,TK Musakanda,PVD Chameera,0,0,"",""
ball,1,13.2,Zimbabwe,H Masakadza,TK Musakanda,PVD Chameera,1,0,"",""
ball,1,13.3,Zimbabwe,TK Musakanda,H Masakadza,PVD Chameera,0,0,"",""
ball,1,13.4,Zimbabwe,TK Musakanda,H Masakadza,PVD Chameera,1,0,"",""
ball,1,13.5,Zimbabwe,H Masakadza,TK Musakanda,PVD Chameera,0,0,"",""
ball,1,13.6,Zimbabwe,H Masakadza,TK Musakanda,PVD Chameera,4,0,"",""
ball,1,14.1,Zimbabwe,TK Musakanda,H Masakadza,PADLR Sandakan,1,0,"",""
ball,1,14.2,Zimbabwe,H Masakadza,TK Musakanda,PADLR Sandakan,2,0,"",""
ball,1,14.3,Zimbabwe,H Masakadza,TK Musakanda,PADLR Sandakan,0,0,"",""
ball,1,14.4,Zimbabwe,H Masakadza,TK Musakanda,PADLR Sandakan,1,0,"",""
ball,1,14.5,Zimbabwe,TK Musakanda,H Masakadza,PADLR Sandakan,1,0,"",""
ball,1,14.6,Zimbabwe,H Masakadza,TK Musakanda,PADLR Sandakan,1,0,"",""
ball,1,15.1,Zimbabwe,H Masakadza,TK Musakanda,PVD Chameera,1,0,"",""
ball,1,15.2,Zimbabwe,TK Musakanda,H Masakadza,PVD Chameera,1,0,"",""
ball,1,15.3,Zimbabwe,H Masakadza,TK Musakanda,PVD Chameera,0,0,"",""
ball,1,15.4,Zimbabwe,H Masakadza,TK Musakanda,PVD Chameera,4,0,"",""
ball,1,15.5,Zimbabwe,H Masakadza,TK Musakanda,PVD Chameera,1,0,"",""
ball,1,15.6,Zimbabwe,TK Musakanda,H Masakadza,PVD Chameera,1,0,"",""
ball,1,16.1,Zimbabwe,TK Musakanda,H Masakadza,PADLR Sandakan,0,0,"",""
ball,1,16.2,Zimbabwe,TK Musakanda,H Masakadza,PADLR Sandakan,4,0,"",""
ball,1,16.3,Zimbabwe,TK Musakanda,H Masakadza,PADLR Sandakan,0,0,"",""
ball,1,16.4,Zimbabwe,TK Musakanda,H Masakadza,PADLR Sandakan,1,0,"",""
ball,1,16.5,Zimbabwe,H Masakadza,TK Musakanda,PADLR Sandakan,4,0,"",""
ball,1,16.6,Zimbabwe,H Masakadza,TK Musakanda,PADLR Sandakan,0,0,"",""
ball,1,17.1,Zimbabwe,TK Musakanda,H Masakadza,PWH de Silva,4,0,"",""
ball,1,17.2,Zimbabwe,TK Musakanda,H Masakadza,PWH de Silva,0,0,"",""
ball,1,17.3,Zimbabwe,TK Musakanda,H Masakadza,PWH de Silva,0,0,"",""
ball,1,17.4,Zimbabwe,TK Musakanda,H Masakadza,PWH de Silva,1,0,"",""
ball,1,17.5,Zimbabwe,H Masakadza,TK Musakanda,PWH de Silva,0,0,"",""
ball,1,17.6,Zimbabwe,H Masakadza,TK Musakanda,PWH de Silva,1,0,"",""
ball,1,18.1,Zimbabwe,H Masakadza,TK Musakanda,DAS Gunaratne,0,0,"",""
ball,1,18.2,Zimbabwe,H Masakadza,TK Musakanda,DAS Gunaratne,0,0,"",""
ball,1,18.3,Zimbabwe,H Masakadza,TK Musakanda,DAS Gunaratne,0,0,"",""
ball,1,18.4,Zimbabwe,H Masakadza,TK Musakanda,DAS Gunaratne,0,0,"",""
ball,1,18.5,Zimbabwe,H Masakadza,TK Musakanda,DAS Gunaratne,4,0,"",""
ball,1,18.6,Zimbabwe,H Masakadza,TK Musakanda,DAS Gunaratne,1,0,"",""
ball,1,19.1,Zimbabwe,H Masakadza,TK Musakanda,PWH de Silva,4,0,"",""
ball,1,19.2,Zimbabwe,H Masakadza,TK Musakanda,PWH de Silva,4,0,"",""
ball,1,19.3,Zimbabwe,H Masakadza,TK Musakanda,PWH de Silva,0,0,"",""
ball,1,19.4,Zimbabwe,H Masakadza,TK Musakanda,PWH de Silva,1,0,"",""
ball,1,19.5,Zimbabwe,TK Musakanda,H Masakadza,PWH de Silva,0,0,"",""
ball,1,19.6,Zimbabwe,TK Musakanda,H Masakadza,PWH de Silva,2,0,"",""
ball,1,20.1,Zimbabwe,H Masakadza,TK Musakanda,DAS Gunaratne,0,0,"",""
ball,1,20.2,Zimbabwe,H Masakadza,TK Musakanda,DAS Gunaratne,0,0,"",""
ball,1,20.3,Zimbabwe,H Masakadza,TK Musakanda,DAS Gunaratne,1,0,"",""
ball,1,20.4,Zimbabwe,TK Musakanda,H Masakadza,DAS Gunaratne,0,0,"",""
ball,1,20.5,Zimbabwe,TK Musakanda,H Masakadza,DAS Gunaratne,6,0,"",""
ball,1,20.6,Zimbabwe,TK Musakanda,H Masakadza,DAS Gunaratne,0,0,"",""
ball,1,21.1,Zimbabwe,H Masakadza,TK Musakanda,SL Malinga,2,0,"",""
ball,1,21.2,Zimbabwe,H Masakadza,TK Musakanda,SL Malinga,0,0,"",""
ball,1,21.3,Zimbabwe,H Masakadza,TK Musakanda,SL Malinga,1,0,"",""
ball,1,21.4,Zimbabwe,TK Musakanda,H Masakadza,SL Malinga,2,0,"",""
ball,1,21.5,Zimbabwe,TK Musakanda,H Masakadza,SL Malinga,0,0,"",""
ball,1,21.6,Zimbabwe,TK Musakanda,H Masakadza,SL Malinga,4,0,"",""
ball,1,22.1,Zimbabwe,H Masakadza,TK Musakanda,PADLR Sandakan,3,0,"",""
ball,1,22.2,Zimbabwe,TK Musakanda,H Masakadza,PADLR Sandakan,1,0,"",""
ball,1,22.3,Zimbabwe,H Masakadza,TK Musakanda,PADLR Sandakan,6,0,"",""
ball,1,22.4,Zimbabwe,H Masakadza,TK Musakanda,PADLR Sandakan,1,0,"",""
ball,1,22.5,Zimbabwe,TK Musakanda,H Masakadza,PADLR Sandakan,0,0,"",""
ball,1,22.6,Zimbabwe,TK Musakanda,H Masakadza,PADLR Sandakan,2,0,"",""
ball,1,23.1,Zimbabwe,H Masakadza,TK Musakanda,SL Malinga,1,0,"",""
ball,1,23.2,Zimbabwe,TK Musakanda,H Masakadza,SL Malinga,1,0,"",""
ball,1,23.3,Zimbabwe,H Masakadza,TK Musakanda,SL Malinga,1,0,"",""
ball,1,23.4,Zimbabwe,TK Musakanda,H Masakadza,SL Malinga,2,0,"",""
ball,1,23.5,Zimbabwe,TK Musakanda,H Masakadza,SL Malinga,0,0,"",""
ball,1,23.6,Zimbabwe,TK Musakanda,H Masakadza,SL Malinga,3,0,"",""
ball,1,24.1,Zimbabwe,TK Musakanda,H Masakadza,PADLR Sandakan,0,0,"",""
ball,1,24.2,Zimbabwe,TK Musakanda,H Masakadza,PADLR Sandakan,0,1,"",""
ball,1,24.3,Zimbabwe,H Masakadza,TK Musakanda,PADLR Sandakan,0,0,"",""
ball,1,24.4,Zimbabwe,H Masakadza,TK Musakanda,PADLR Sandakan,4,0,"",""
ball,1,24.5,Zimbabwe,H Masakadza,TK Musakanda,PADLR Sandakan,1,0,"",""
ball,1,24.6,Zimbabwe,TK Musakanda,H Masakadza,PADLR Sandakan,0,0,"",""
ball,1,25.1,Zimbabwe,H Masakadza,TK Musakanda,SL Malinga,0,1,"",""
ball,1,25.2,Zimbabwe,H Masakadza,TK Musakanda,SL Malinga,0,0,"",""
ball,1,25.3,Zimbabwe,H Masakadza,TK Musakanda,SL Malinga,1,0,"",""
ball,1,25.4,Zimbabwe,TK Musakanda,H Masakadza,SL Malinga,0,0,"",""
ball,1,25.5,Zimbabwe,TK Musakanda,H Masakadza,SL Malinga,2,0,"",""
ball,1,25.6,Zimbabwe,TK Musakanda,H Masakadza,SL Malinga,0,1,"",""
ball,1,25.7,Zimbabwe,H Masakadza,TK Musakanda,SL Malinga,2,0,"",""
ball,1,26.1,Zimbabwe,TK Musakanda,H Masakadza,DAS Gunaratne,0,0,"",""
ball,1,26.2,Zimbabwe,TK Musakanda,H Masakadza,DAS Gunaratne,0,0,"",""
ball,1,26.3,Zimbabwe,TK Musakanda,H Masakadza,DAS Gunaratne,0,0,"",""
ball,1,26.4,Zimbabwe,TK Musakanda,H Masakadza,DAS Gunaratne,0,0,caught,TK Musakanda
ball,1,26.5,Zimbabwe,H Masakadza,CR Ervine,DAS Gunaratne,0,0,"",""
ball,1,26.6,Zimbabwe,H Masakadza,CR Ervine,DAS Gunaratne,0,0,"",""
ball,1,27.1,Zimbabwe,CR Ervine,H Masakadza,PVD Chameera,0,0,"",""
ball,1,27.2,Zimbabwe,CR Ervine,H Masakadza,PVD Chameera,0,0,"",""
ball,1,27.3,Zimbabwe,CR Ervine,H Masakadza,PVD Chameera,0,0,"",""
ball,1,27.4,Zimbabwe,CR Ervine,H Masakadza,PVD Chameera,0,0,"",""
ball,1,27.5,Zimbabwe,CR Ervine,H Masakadza,PVD Chameera,1,0,"",""
ball,1,27.6,Zimbabwe,H Masakadza,CR Ervine,PVD Chameera,0,0,"",""
ball,1,28.1,Zimbabwe,CR Ervine,H Masakadza,DAS Gunaratne,4,0,"",""
ball,1,28.2,Zimbabwe,CR Ervine,H Masakadza,DAS Gunaratne,1,0,"",""
ball,1,28.3,Zimbabwe,H Masakadza,CR Ervine,DAS Gunaratne,1,0,"",""
ball,1,28.4,Zimbabwe,CR Ervine,H Masakadza,DAS Gunaratne,0,0,"",""
ball,1,28.5,Zimbabwe,CR Ervine,H Masakadza,DAS Gunaratne,1,0,"",""
ball,1,28.6,Zimbabwe,H Masakadza,CR Ervine,DAS Gunaratne,0,0,"",""
ball,1,29.1,Zimbabwe,CR Ervine,H Masakadza,PVD Chameera,0,0,"",""
ball,1,29.2,Zimbabwe,CR Ervine,H Masakadza,PVD Chameera,0,0,"",""
ball,1,29.3,Zimbabwe,CR Ervine,H Masakadza,PVD Chameera,2,0,"",""
ball,1,29.4,Zimbabwe,CR Ervine,H Masakadza,PVD Chameera,1,0,"",""
ball,1,29.5,Zimbabwe,H Masakadza,CR Ervine,PVD Chameera,1,0,"",""
ball,1,29.6,Zimbabwe,CR Ervine,H Masakadza,PVD Chameera,0,0,"",""
ball,1,30.1,Zimbabwe,H Masakadza,CR Ervine,DAS Gunaratne,0,0,"",""
ball,1,30.2,Zimbabwe,H Masakadza,CR Ervine,DAS Gunaratne,4,0,"",""
ball,1,30.3,Zimbabwe,H Masakadza,CR Ervine,DAS Gunaratne,1,0,"",""
ball,1,30.4,Zimbabwe,CR Ervine,H Masakadza,DAS Gunaratne,1,0,"",""
ball,1,30.5,Zimbabwe,H Masakadza,CR Ervine,DAS Gunaratne,1,0,"",""
ball,1,30.6,Zimbabwe,CR Ervine,H Masakadza,DAS Gunaratne,0,0,"",""
ball,1,31.1,Zimbabwe,H Masakadza,CR Ervine,N Pradeep,0,0,"",""
ball,1,31.2,Zimbabwe,H Masakadza,CR Ervine,N Pradeep,0,0,"",""
ball,1,31.3,Zimbabwe,H Masakadza,CR Ervine,N Pradeep,0,1,"",""
ball,1,31.4,Zimbabwe,H Masakadza,CR Ervine,N Pradeep,2,0,"",""
ball,1,31.5,Zimbabwe,H Masakadza,CR Ervine,N Pradeep,1,0,"",""
ball,1,31.6,Zimbabwe,CR Ervine,H Masakadza,N Pradeep,0,0,"",""
ball,1,31.7,Zimbabwe,CR Ervine,H Masakadza,N Pradeep,2,0,"",""
ball,1,32.1,Zimbabwe,H Masakadza,CR Ervine,PWH de Silva,0,0,caught,H Masakadza
ball,1,32.2,Zimbabwe,CR Ervine,SC Williams,PWH de Silva,1,0,"",""
ball,1,32.3,Zimbabwe,SC Williams,CR Ervine,PWH de Silva,0,0,"",""
ball,1,32.4,Zimbabwe,SC Williams,CR Ervine,PWH de Silva,0,0,"",""
ball,1,32.5,Zimbabwe,SC Williams,CR Ervine,PWH de Silva,1,0,"",""
ball,1,32.6,Zimbabwe,CR Ervine,SC Williams,PWH de Silva,0,0,"",""
ball,1,33.1,Zimbabwe,SC Williams,CR Ervine,DAS Gunaratne,1,0,"",""
ball,1,33.2,Zimbabwe,CR Ervine,SC Williams,DAS Gunaratne,1,0,"",""
ball,1,33.3,Zimbabwe,SC Williams,CR Ervine,DAS Gunaratne,1,0,"",""
ball,1,33.4,Zimbabwe,CR Ervine,SC Williams,DAS Gunaratne,1,0,"",""
ball,1,33.5,Zimbabwe,SC Williams,CR Ervine,DAS Gunaratne,2,0,"",""
ball,1,33.6,Zimbabwe,SC Williams,CR Ervine,DAS Gunaratne,0,0,"",""
ball,1,34.1,Zimbabwe,CR Ervine,SC Williams,PWH de Silva,0,2,"",""
ball,1,34.2,Zimbabwe,SC Williams,CR Ervine,PWH de Silva,2,0,"",""
ball,1,34.3,Zimbabwe,SC Williams,CR Ervine,PWH de Silva,2,0,"",""
ball,1,34.4,Zimbabwe,SC Williams,CR Ervine,PWH de Silva,1,0,"",""
ball,1,34.5,Zimbabwe,CR Ervine,SC Williams,PWH de Silva,0,0,"",""
ball,1,34.6,Zimbabwe,CR Ervine,SC Williams,PWH de Silva,0,0,lbw,CR Ervine
ball,1,34.7,Zimbabwe,MN Waller,SC Williams,PWH de Silva,0,0,"",""
ball,1,35.1,Zimbabwe,SC Williams,MN Waller,MD Gunathilaka,0,0,"",""
ball,1,35.2,Zimbabwe,SC Williams,MN Waller,MD Gunathilaka,0,0,"",""
ball,1,35.3,Zimbabwe,SC Williams,MN Waller,MD Gunathilaka,4,0,"",""
ball,1,35.4,Zimbabwe,SC Williams,MN Waller,MD Gunathilaka,1,0,"",""
ball,1,35.5,Zimbabwe,MN Waller,SC Williams,MD Gunathilaka,0,0,"",""
ball,1,35.6,Zimbabwe,MN Waller,SC Williams,MD Gunathilaka,0,0,"",""
ball,1,36.1,Zimbabwe,SC Williams,MN Waller,PWH de Silva,1,0,"",""
ball,1,36.2,Zimbabwe,MN Waller,SC Williams,PWH de Silva,1,0,"",""
ball,1,36.3,Zimbabwe,SC Williams,MN Waller,PWH de Silva,0,0,"",""
ball,1,36.4,Zimbabwe,SC Williams,MN Waller,PWH de Silva,1,0,"",""
ball,1,36.5,Zimbabwe,MN Waller,SC Williams,PWH de Silva,1,0,"",""
ball,1,36.6,Zimbabwe,SC Williams,MN Waller,PWH de Silva,1,0,"",""
ball,1,37.1,Zimbabwe,SC Williams,MN Waller,PADLR Sandakan,0,0,"",""
ball,1,37.2,Zimbabwe,SC Williams,MN Waller,PADLR Sandakan,1,0,"",""
ball,1,37.3,Zimbabwe,MN Waller,SC Williams,PADLR Sandakan,1,0,"",""
ball,1,37.4,Zimbabwe,SC Williams,MN Waller,PADLR Sandakan,0,0,"",""
ball,1,37.5,Zimbabwe,SC Williams,MN Waller,PADLR Sandakan,0,0,"",""
ball,1,37.6,Zimbabwe,SC Williams,MN Waller,PADLR Sandakan,1,0,"",""
ball,1,38.1,Zimbabwe,SC Williams,MN Waller,DAS Gunaratne,1,0,"",""
ball,1,38.2,Zimbabwe,MN Waller,SC Williams,DAS Gunaratne,1,0,"",""
ball,1,38.3,Zimbabwe,SC Williams,MN Waller,DAS Gunaratne,0,0,"",""
ball,1,38.4,Zimbabwe,SC Williams,MN Waller,DAS Gunaratne,0,0,"",""
ball,1,38.5,Zimbabwe,SC Williams,MN Waller,DAS Gunaratne,1,0,"",""
ball,1,38.6,Zimbabwe,MN Waller,SC Williams,DAS Gunaratne,4,0,"",""
ball,1,39.1,Zimbabwe,SC Williams,MN Waller,PADLR Sandakan,1,0,"",""
ball,1,39.2,Zimbabwe,MN Waller,SC Williams,PADLR Sandakan,0,0,"",""
ball,1,39.3,Zimbabwe,MN Waller,SC Williams,PADLR Sandakan,0,1,"",""
ball,1,39.4,Zimbabwe,MN Waller,SC Williams,PADLR Sandakan,0,0,"",""
ball,1,39.5,Zimbabwe,MN Waller,SC Williams,PADLR Sandakan,1,0,"",""
ball,1,39.6,Zimbabwe,SC Williams,MN Waller,PADLR Sandakan,1,0,"",""
ball,1,39.7,Zimbabwe,MN Waller,SC Williams,PADLR Sandakan,0,0,"",""
ball,1,40.1,Zimbabwe,SC Williams,MN Waller,DAS Gunaratne,1,0,"",""
ball,1,40.2,Zimbabwe,MN Waller,SC Williams,DAS Gunaratne,1,0,"",""
ball,1,40.3,Zimbabwe,SC Williams,MN Waller,DAS Gunaratne,1,0,"",""
ball,1,40.4,Zimbabwe,MN Waller,SC Williams,DAS Gunaratne,1,0,"",""
ball,1,40.5,Zimbabwe,SC Williams,MN Waller,DAS Gunaratne,1,0,"",""
ball,1,40.6,Zimbabwe,MN Waller,SC Williams,DAS Gunaratne,0,0,"",""
ball,1,41.1,Zimbabwe,SC Williams,MN Waller,PWH de Silva,0,0,"",""
ball,1,41.2,Zimbabwe,SC Williams,MN Waller,PWH de Silva,1,0,"",""
ball,1,41.3,Zimbabwe,MN Waller,SC Williams,PWH de Silva,1,0,"",""
ball,1,41.4,Zimbabwe,SC Williams,MN Waller,PWH de Silva,1,0,"",""
ball,1,41.5,Zimbabwe,MN Waller,SC Williams,PWH de Silva,0,0,"",""
ball,1,41.6,Zimbabwe,MN Waller,SC Williams,PWH de Silva,0,0,"",""
ball,1,42.1,Zimbabwe,SC Williams,MN Waller,DAS Gunaratne,0,0,"",""
ball,1,42.2,Zimbabwe,SC Williams,MN Waller,DAS Gunaratne,2,0,"",""
ball,1,42.3,Zimbabwe,SC Williams,MN Waller,DAS Gunaratne,0,0,"",""
ball,1,42.4,Zimbabwe,SC Williams,MN Waller,DAS Gunaratne,1,0,"",""
ball,1,42.5,Zimbabwe,MN Waller,SC Williams,DAS Gunaratne,1,0,"",""
ball,1,42.6,Zimbabwe,SC Williams,MN Waller,DAS Gunaratne,1,0,"",""
ball,1,43.1,Zimbabwe,SC Williams,MN Waller,PWH de Silva,0,0,"",""
ball,1,43.2,Zimbabwe,SC Williams,MN Waller,PWH de Silva,4,0,"",""
ball,1,43.3,Zimbabwe,SC Williams,MN Waller,PWH de Silva,1,0,"",""
ball,1,43.4,Zimbabwe,MN Waller,SC Williams,PWH de Silva,1,0,"",""
ball,1,43.5,Zimbabwe,SC Williams,MN Waller,PWH de Silva,2,0,"",""
ball,1,43.6,Zimbabwe,SC Williams,MN Waller,PWH de Silva,2,0,"",""
ball,1,44.1,Zimbabwe,MN Waller,SC Williams,DAS Gunaratne,1,0,"",""
ball,1,44.2,Zimbabwe,SC Williams,MN Waller,DAS Gunaratne,1,0,"",""
ball,1,44.3,Zimbabwe,MN Waller,SC Williams,DAS Gunaratne,1,0,"",""
ball,1,44.4,Zimbabwe,SC Williams,MN Waller,DAS Gunaratne,0,0,bowled,SC Williams
ball,1,44.5,Zimbabwe,Sikandar Raza,MN Waller,DAS Gunaratne,0,0,"",""
ball,1,44.6,Zimbabwe,Sikandar Raza,MN Waller,DAS Gunaratne,1,0,"",""
ball,1,45.1,Zimbabwe,Sikandar Raza,MN Waller,SL Malinga,2,0,"",""
ball,1,45.2,Zimbabwe,Sikandar Raza,MN Waller,SL Malinga,1,0,"",""
ball,1,45.3,Zimbabwe,MN Waller,Sikandar Raza,SL Malinga,1,0,"",""
ball,1,45.4,Zimbabwe,Sikandar Raza,MN Waller,SL Malinga,0,1,"",""
ball,1,45.5,Zimbabwe,Sikandar Raza,MN Waller,SL Malinga,0,0,"",""
ball,1,45.6,Zimbabwe,Sikandar Raza,MN Waller,SL Malinga,1,0,"",""
ball,1,45.7,Zimbabwe,MN Waller,Sikandar Raza,SL Malinga,0,0,lbw,MN Waller
ball,1,46.1,Zimbabwe,Sikandar Raza,PJ Moor,PADLR Sandakan,1,0,"",""
ball,1,46.2,Zimbabwe,PJ Moor,Sikandar Raza,PADLR Sandakan,2,0,"",""
ball,1,46.3,Zimbabwe,PJ Moor,Sikandar Raza,PADLR Sandakan,4,0,"",""
ball,1,46.4,Zimbabwe,PJ Moor,Sikandar Raza,PADLR Sandakan,0,1,"",""
ball,1,46.5,Zimbabwe,PJ Moor,Sikandar Raza,PADLR Sandakan,1,0,"",""
ball,1,46.6,Zimbabwe,Sikandar Raza,PJ Moor,PADLR Sandakan,0,0,"",""
ball,1,46.7,Zimbabwe,Sikandar Raza,PJ Moor,PADLR Sandakan,1,0,"",""
ball,1,47.1,Zimbabwe,Sikandar Raza,PJ Moor,SL Malinga,1,0,"",""
ball,1,47.2,Zimbabwe,PJ Moor,Sikandar Raza,SL Malinga,1,0,"",""
ball,1,47.3,Zimbabwe,Sikandar Raza,PJ Moor,SL Malinga,1,0,"",""
ball,1,47.4,Zimbabwe,PJ Moor,Sikandar Raza,SL Malinga,0,0,"",""
ball,1,47.5,Zimbabwe,PJ Moor,Sikandar Raza,SL Malinga,0,0,"",""
ball,1,47.6,Zimbabwe,PJ Moor,Sikandar Raza,SL Malinga,4,0,"",""
ball,1,48.1,Zimbabwe,Sikandar Raza,PJ Moor,PADLR Sandakan,1,0,"",""
ball,1,48.2,Zimbabwe,PJ Moor,Sikandar Raza,PADLR Sandakan,0,0,"",""
ball,1,48.3,Zimbabwe,PJ Moor,Sikandar Raza,PADLR Sandakan,6,0,"",""
ball,1,48.4,Zimbabwe,PJ Moor,Sikandar Raza,PADLR Sandakan,6,0,"",""
ball,1,48.5,Zimbabwe,PJ Moor,Sikandar Raza,PADLR Sandakan,0,0,caught,PJ Moor
ball,1,48.6,Zimbabwe,Sikandar Raza,AG Cremer,PADLR Sandakan,0,0,run out,AG Cremer
ball,1,49.1,Zimbabwe,CT Mumba,Sikandar Raza,SL Malinga,1,0,"",""
ball,1,49.2,Zimbabwe,Sikandar Raza,CT Mumba,SL Malinga,4,0,"",""
ball,1,49.3,Zimbabwe,Sikandar Raza,CT Mumba,SL Malinga,4,0,"",""
ball,1,49.4,Zimbabwe,Sikandar Raza,CT Mumba,SL Malinga,1,0,"",""
ball,1,49.5,Zimbabwe,CT Mumba,Sikandar Raza,SL Malinga,1,0,"",""
ball,1,49.6,Zimbabwe,Sikandar Raza,CT Mumba,SL Malinga,6,0,"",""
ball,2,0.1,Sri Lanka,N Dickwella,MD Gunathilaka,CT Mumba,4,0,"",""
ball,2,0.2,Sri Lanka,N Dickwella,MD Gunathilaka,CT Mumba,0,0,"",""
ball,2,0.3,Sri Lanka,N Dickwella,MD Gunathilaka,CT Mumba,0,0,"",""
ball,2,0.4,Sri Lanka,N Dickwella,MD Gunathilaka,CT Mumba,0,1,"",""
ball,2,0.5,Sri Lanka,N Dickwella,MD Gunathilaka,CT Mumba,0,0,"",""
ball,2,0.6,Sri Lanka,N Dickwella,MD Gunathilaka,CT Mumba,0,0,"",""
ball,2,0.7,Sri Lanka,N Dickwella,MD Gunathilaka,CT Mumba,0,0,"",""
ball,2,1.1,Sri Lanka,MD Gunathilaka,N Dickwella,TL Chatara,0,0,"",""
ball,2,1.2,Sri Lanka,MD Gunathilaka,N Dickwella,TL Chatara,0,0,"",""
ball,2,1.3,Sri Lanka,MD Gunathilaka,N Dickwella,TL Chatara,4,0,"",""
ball,2,1.4,Sri Lanka,MD Gunathilaka,N Dickwella,TL Chatara,0,0,"",""
ball,2,1.5,Sri Lanka,MD Gunathilaka,N Dickwella,TL Chatara,0,0,"",""
ball,2,1.6,Sri Lanka,MD Gunathilaka,N Dickwella,TL Chatara,4,0,"",""
ball,2,2.1,Sri Lanka,N Dickwella,MD Gunathilaka,CT Mumba,0,0,"",""
ball,2,2.2,Sri Lanka,N Dickwella,MD Gunathilaka,CT Mumba,1,0,"",""
ball,2,2.3,Sri Lanka,MD Gunathilaka,N Dickwella,CT Mumba,0,0,"",""
ball,2,2.4,Sri Lanka,MD Gunathilaka,N Dickwella,CT Mumba,0,0,"",""
ball,2,2.5,Sri Lanka,MD Gunathilaka,N Dickwella,CT Mumba,4,0,"",""
ball,2,2.6,Sri Lanka,MD Gunathilaka,N Dickwella,CT Mumba,4,0,"",""
ball,2,3.1,Sri Lanka,N Dickwella,MD Gunathilaka,TL Chatara,1,0,"",""
ball,2,3.2,Sri Lanka,MD Gunathilaka,N Dickwella,TL Chatara,2,0,"",""
ball,2,3.3,Sri Lanka,MD Gunathilaka,N Dickwella,TL Chatara,1,0,"",""
ball,2,3.4,Sri Lanka,N Dickwella,MD Gunathilaka,TL Chatara,4,0,"",""
ball,2,3.5,Sri Lanka,N Dickwella,MD Gunathilaka,TL Chatara,0,0,"",""
ball,2,3.6,Sri Lanka,N Dickwella,MD Gunathilaka,TL Chatara,0,0,"",""
ball,2,4.1,Sri Lanka,MD Gunathilaka,N Dickwella,Sikandar Raza,0,0,"",""
ball,2,4.2,Sri Lanka,MD Gunathilaka,N Dickwella,Sikandar Raza,1,0,"",""
ball,2,4.3,Sri Lanka,N Dickwella,MD Gunathilaka,Sikandar Raza,0,1,"",""
ball,2,4.4,Sri Lanka,N Dickwella,MD Gunathilaka,Sikandar Raza,0,0,"",""
ball,2,4.5,Sri Lanka,N Dickwella,MD Gunathilaka,Sikandar Raza,0,0,"",""
ball,2,4.6,Sri Lanka,N Dickwella,MD Gunathilaka,Sikandar Raza,0,0,"",""
ball,2,4.7,Sri Lanka,N Dickwella,MD Gunathilaka,Sikandar Raza,4,0,"",""
ball,2,5.1,Sri Lanka,MD Gunathilaka,N Dickwella,TL Chatara,1,0,"",""
ball,2,5.2,Sri Lanka,N Dickwella,MD Gunathilaka,TL Chatara,4,0,"",""
ball,2,5.3,Sri Lanka,N Dickwella,MD Gunathilaka,TL Chatara,4,0,"",""
ball,2,5.4,Sri Lanka,N Dickwella,MD Gunathilaka,TL Chatara,0,0,"",""
ball,2,5.5,Sri Lanka,N Dickwella,MD Gunathilaka,TL Chatara,1,0,"",""
ball,2,5.6,Sri Lanka,MD Gunathilaka,N Dickwella,TL Chatara,0,0,"",""
ball,2,6.1,Sri Lanka,N Dickwella,MD Gunathilaka,Sikandar Raza,0,0,"",""
ball,2,6.2,Sri Lanka,N Dickwella,MD Gunathilaka,Sikandar Raza,1,0,"",""
ball,2,6.3,Sri Lanka,MD Gunathilaka,N Dickwella,Sikandar Raza,1,0,"",""
ball,2,6.4,Sri Lanka,N Dickwella,MD Gunathilaka,Sikandar Raza,1,0,"",""
ball,2,6.5,Sri Lanka,MD Gunathilaka,N Dickwella,Sikandar Raza,1,0,"",""
ball,2,6.6,Sri Lanka,N Dickwella,MD Gunathilaka,Sikandar Raza,0,0,"",""
ball,2,7.1,Sri Lanka,MD Gunathilaka,N Dickwella,TL Chatara,2,0,"",""
ball,2,7.2,Sri Lanka,MD Gunathilaka,N Dickwella,TL Chatara,0,1,"",""
ball,2,7.3,Sri Lanka,N Dickwella,MD Gunathilaka,TL Chatara,0,0,"",""
ball,2,7.4,Sri Lanka,N Dickwella,MD Gunathilaka,TL Chatara,0,1,"",""
ball,2,7.5,Sri Lanka,N Dickwella,MD Gunathilaka,TL Chatara,4,0,"",""
ball,2,7.6,Sri Lanka,N Dickwella,MD Gunathilaka,TL Chatara,0,0,"",""
ball,2,7.7,Sri Lanka,N Dickwella,MD Gunathilaka,TL Chatara,1,0,"",""
ball,2,8.1,Sri Lanka,N Dickwella,MD Gunathilaka,Sikandar Raza,0,0,"",""
ball,2,8.2,Sri Lanka,N Dickwella,MD Gunathilaka,Sikandar Raza,1,0,"",""
ball,2,8.3,Sri Lanka,MD Gunathilaka,N Dickwella,Sikandar Raza,1,0,"",""
ball,2,8.4,Sri Lanka,N Dickwella,MD Gunathilaka,Sikandar Raza,0,0,"",""
ball,2,8.5,Sri Lanka,N Dickwella,MD Gunathilaka,Sikandar Raza,1,0,"",""
ball,2,8.6,Sri Lanka,MD Gunathilaka,N Dickwella,Sikandar Raza,0,0,"",""
ball,2,9.1,Sri Lanka,N Dickwella,MD Gunathilaka,TL Chatara,0,0,"",""
ball,2,9.2,Sri Lanka,N Dickwella,MD Gunathilaka,TL Chatara,1,0,"",""
ball,2,9.3,Sri Lanka,MD Gunathilaka,N Dickwella,TL Chatara,1,0,"",""
ball,2,9.4,Sri Lanka,N Dickwella,MD Gunathilaka,TL Chatara,0,0,"",""
ball,2,9.5,Sri Lanka,N Dickwella,MD Gunathilaka,TL Chatara,4,0,"",""
ball,2,9.6,Sri Lanka,N Dickwella,MD Gunathilaka,TL Chatara,1,0,"",""
ball,2,10.1,Sri Lanka,N Dickwella,MD Gunathilaka,Sikandar Raza,1,0,"",""
ball,2,10.2,Sri Lanka,MD Gunathilaka,N Dickwella,Sikandar Raza,0,0,"",""
ball,2,10.3,Sri Lanka,MD Gunathilaka,N Dickwella,Sikandar Raza,1,0,"",""
ball,2,10.4,Sri Lanka,N Dickwella,MD Gunathilaka,Sikandar Raza,0,0,"",""
ball,2,10.5,Sri Lanka,N Dickwella,MD Gunathilaka,Sikandar Raza,1,0,"",""
ball,2,10.6,Sri Lanka,MD Gunathilaka,N Dickwella,Sikandar Raza,1,0,"",""
ball,2,11.1,Sri Lanka,MD Gunathilaka,N Dickwella,CT Mumba,4,0,"",""
ball,2,11.2,Sri Lanka,MD Gunathilaka,N Dickwella,CT Mumba,1,0,"",""
ball,2,11.3,Sri Lanka,N Dickwella,MD Gunathilaka,CT Mumba,0,0,"",""
ball,2,11.4,Sri Lanka,N Dickwella,MD Gunathilaka,CT Mumba,1,0,"",""
ball,2,11.5,Sri Lanka,MD Gunathilaka,N Dickwella,CT Mumba,0,0,"",""
ball,2,11.6,Sri Lanka,MD Gunathilaka,N Dickwella,CT Mumba,0,0,"",""
ball,2,12.1,Sri Lanka,N Dickwella,MD Gunathilaka,AG Cremer,0,0,"",""
ball,2,12.2,Sri Lanka,N Dickwella,MD Gunathilaka,AG Cremer,1,0,"",""
ball,2,12.3,Sri Lanka,MD Gunathilaka,N Dickwella,AG Cremer,2,0,"",""
ball,2,12.4,Sri Lanka,MD Gunathilaka,N Dickwella,AG Cremer,0,0,"",""
ball,2,12.5,Sri Lanka,MD Gunathilaka,N Dickwella,AG Cremer,0,5,"",""
ball,2,12.6,Sri Lanka,MD Gunathilaka,N Dickwella,AG Cremer,1,0,"",""
ball,2,12.7,Sri Lanka,N Dickwella,MD Gunathilaka,AG Cremer,1,0,"",""
ball,2,13.1,Sri Lanka,N Dickwella,MD Gunathilaka,CT Mumba,4,0,"",""
ball,2,13.2,Sri Lanka,N Dickwella,MD Gunathilaka,CT Mumba,0,0,"",""
ball,2,13.3,Sri Lanka,N Dickwella,MD Gunathilaka,CT Mumba,0,0,"",""
ball,2,13.4,Sri Lanka,N Dickwella,MD Gunathilaka,CT Mumba,0,0,"",""
ball,2,13.5,Sri Lanka,N Dickwella,MD Gunathilaka,CT Mumba,0,0,"",""
ball,2,13.6,Sri Lanka,N Dickwella,MD Gunathilaka,CT Mumba,1,0,"",""
ball,2,14.1,Sri Lanka,N Dickwella,MD Gunathilaka,AG Cremer,4,0,"",""
ball,2,14.2,Sri Lanka,N Dickwella,MD Gunathilaka,AG Cremer,1,0,"",""
ball,2,14.3,Sri Lanka,MD Gunathilaka,N Dickwella,AG Cremer,1,0,"",""
ball,2,14.4,Sri Lanka,N Dickwella,MD Gunathilaka,AG Cremer,1,0,"",""
ball,2,14.5,Sri Lanka,MD Gunathilaka,N Dickwella,AG Cremer,0,0,"",""
ball,2,14.6,Sri Lanka,MD Gunathilaka,N Dickwella,AG Cremer,0,0,"",""
ball,2,15.1,Sri Lanka,N Dickwella,MD Gunathilaka,CT Mumba,0,0,"",""
ball,2,15.2,Sri Lanka,N Dickwella,MD Gunathilaka,CT Mumba,0,0,"",""
ball,2,15.3,Sri Lanka,N Dickwella,MD Gunathilaka,CT Mumba,0,0,"",""
ball,2,15.4,Sri Lanka,N Dickwella,MD Gunathilaka,CT Mumba,0,0,"",""
ball,2,15.5,Sri Lanka,N Dickwella,MD Gunathilaka,CT Mumba,0,0,"",""
ball,2,15.6,Sri Lanka,N Dickwella,MD Gunathilaka,CT Mumba,1,0,"",""
ball,2,16.1,Sri Lanka,N Dickwella,MD Gunathilaka,AG Cremer,4,0,"",""
ball,2,16.2,Sri Lanka,N Dickwella,MD Gunathilaka,AG Cremer,0,0,"",""
ball,2,16.3,Sri Lanka,N Dickwella,MD Gunathilaka,AG Cremer,0,0,"",""
ball,2,16.4,Sri Lanka,N Dickwella,MD Gunathilaka,AG Cremer,4,0,"",""
ball,2,16.5,Sri Lanka,N Dickwella,MD Gunathilaka,AG Cremer,1,0,"",""
ball,2,16.6,Sri Lanka,MD Gunathilaka,N Dickwella,AG Cremer,1,0,"",""
ball,2,17.1,Sri Lanka,MD Gunathilaka,N Dickwella,SC Williams,1,0,"",""
ball,2,17.2,Sri Lanka,N Dickwella,MD Gunathilaka,SC Williams,0,0,"",""
ball,2,17.3,Sri Lanka,N Dickwella,MD Gunathilaka,SC Williams,1,0,"",""
ball,2,17.4,Sri Lanka,MD Gunathilaka,N Dickwella,SC Williams,0,1,"",""
ball,2,17.5,Sri Lanka,MD Gunathilaka,N Dickwella,SC Williams,1,0,"",""
ball,2,17.6,Sri Lanka,N Dickwella,MD Gunathilaka,SC Williams,0,0,"",""
ball,2,17.7,Sri Lanka,N Dickwella,MD Gunathilaka,SC Williams,0,0,"",""
ball,2,18.1,Sri Lanka,MD Gunathilaka,N Dickwella,Sikandar Raza,0,0,"",""
ball,2,18.2,Sri Lanka,MD Gunathilaka,N Dickwella,Sikandar Raza,3,0,"",""
ball,2,18.3,Sri Lanka,N Dickwella,MD Gunathilaka,Sikandar Raza,0,0,"",""
ball,2,18.4,Sri Lanka,N Dickwella,MD Gunathilaka,Sikandar Raza,0,0,"",""
ball,2,18.5,Sri Lanka,N Dickwella,MD Gunathilaka,Sikandar Raza,1,0,"",""
ball,2,18.6,Sri Lanka,MD Gunathilaka,N Dickwella,Sikandar Raza,0,0,"",""
ball,2,19.1,Sri Lanka,N Dickwella,MD Gunathilaka,SC Williams,0,0,"",""
ball,2,19.2,Sri Lanka,N Dickwella,MD Gunathilaka,SC Williams,1,0,"",""
ball,2,19.3,Sri Lanka,MD Gunathilaka,N Dickwella,SC Williams,0,1,"",""
ball,2,19.4,Sri Lanka,MD Gunathilaka,N Dickwella,SC Williams,0,0,"",""
ball,2,19.5,Sri Lanka,MD Gunathilaka,N Dickwella,SC Williams,0,0,"",""
ball,2,19.6,Sri Lanka,MD Gunathilaka,N Dickwella,SC Williams,1,0,"",""
ball,2,19.7,Sri Lanka,N Dickwella,MD Gunathilaka,SC Williams,1,0,"",""
ball,2,20.1,Sri Lanka,N Dickwella,MD Gunathilaka,Sikandar Raza,1,0,"",""
ball,2,20.2,Sri Lanka,MD Gunathilaka,N Dickwella,Sikandar Raza,4,0,"",""
ball,2,20.3,Sri Lanka,MD Gunathilaka,N Dickwella,Sikandar Raza,0,0,"",""
ball,2,20.4,Sri Lanka,MD Gunathilaka,N Dickwella,Sikandar Raza,0,0,"",""
ball,2,20.5,Sri Lanka,MD Gunathilaka,N Dickwella,Sikandar Raza,1,0,"",""
ball,2,20.6,Sri Lanka,N Dickwella,MD Gunathilaka,Sikandar Raza,1,0,"",""
ball,2,21.1,Sri Lanka,N Dickwella,MD Gunathilaka,SC Williams,4,0,"",""
ball,2,21.2,Sri Lanka,N Dickwella,MD Gunathilaka,SC Williams,1,0,"",""
ball,2,21.3,Sri Lanka,MD Gunathilaka,N Dickwella,SC Williams,4,0,"",""
ball,2,21.4,Sri Lanka,MD Gunathilaka,N Dickwella,SC Williams,0,0,"",""
ball,2,21.5,Sri Lanka,MD Gunathilaka,N Dickwella,SC Williams,0,0,"",""
ball,2,21.6,Sri Lanka,MD Gunathilaka,N Dickwella,SC Williams,0,0,"",""
ball,2,22.1,Sri Lanka,N Dickwella,MD Gunathilaka,Sikandar Raza,0,0,"",""
ball,2,22.2,Sri Lanka,N Dickwella,MD Gunathilaka,Sikandar Raza,2,0,"",""
ball,2,22.3,Sri Lanka,N Dickwella,MD Gunathilaka,Sikandar Raza,0,0,"",""
ball,2,22.4,Sri Lanka,N Dickwella,MD Gunathilaka,Sikandar Raza,1,0,"",""
ball,2,22.5,Sri Lanka,MD Gunathilaka,N Dickwella,Sikandar Raza,0,0,"",""
ball,2,22.6,Sri Lanka,MD Gunathilaka,N Dickwella,Sikandar Raza,1,0,"",""
ball,2,23.1,Sri Lanka,MD Gunathilaka,N Dickwella,SC Williams,0,1,"",""
ball,2,23.2,Sri Lanka,MD Gunathilaka,N Dickwella,SC Williams,4,0,"",""
ball,2,23.3,Sri Lanka,MD Gunathilaka,N Dickwella,SC Williams,1,0,"",""
ball,2,23.4,Sri Lanka,N Dickwella,MD Gunathilaka,SC Williams,1,0,"",""
ball,2,23.5,Sri Lanka,MD Gunathilaka,N Dickwella,SC Williams,0,0,"",""
ball,2,23.6,Sri Lanka,MD Gunathilaka,N Dickwella,SC Williams,0,0,"",""
ball,2,23.7,Sri Lanka,MD Gunathilaka,N Dickwella,SC Williams,1,0,"",""
ball,2,24.1,Sri Lanka,MD Gunathilaka,N Dickwella,Sikandar Raza,1,0,"",""
ball,2,24.2,Sri Lanka,N Dickwella,MD Gunathilaka,Sikandar Raza,1,0,"",""
ball,2,24.3,Sri Lanka,MD Gunathilaka,N Dickwella,Sikandar Raza,1,0,"",""
ball,2,24.4,Sri Lanka,N Dickwella,MD Gunathilaka,Sikandar Raza,1,0,"",""
ball,2,24.5,Sri Lanka,MD Gunathilaka,N Dickwella,Sikandar Raza,1,0,"",""
ball,2,24.6,Sri Lanka,N Dickwella,MD Gunathilaka,Sikandar Raza,0,0,"",""
ball,2,25.1,Sri Lanka,MD Gunathilaka,N Dickwella,SC Williams,1,0,"",""
ball,2,25.2,Sri Lanka,N Dickwella,MD Gunathilaka,SC Williams,1,0,"",""
ball,2,25.3,Sri Lanka,MD Gunathilaka,N Dickwella,SC Williams,1,0,"",""
ball,2,25.4,Sri Lanka,N Dickwella,MD Gunathilaka,SC Williams,1,0,"",""
ball,2,25.5,Sri Lanka,MD Gunathilaka,N Dickwella,SC Williams,1,0,"",""
ball,2,25.6,Sri Lanka,N Dickwella,MD Gunathilaka,SC Williams,0,0,"",""
ball,2,26.1,Sri Lanka,MD Gunathilaka,N Dickwella,MN Waller,0,0,"",""
ball,2,26.2,Sri Lanka,MD Gunathilaka,N Dickwella,MN Waller,1,0,"",""
ball,2,26.3,Sri Lanka,N Dickwella,MD Gunathilaka,MN Waller,1,0,"",""
ball,2,26.4,Sri Lanka,MD Gunathilaka,N Dickwella,MN Waller,0,0,"",""
ball,2,26.5,Sri Lanka,MD Gunathilaka,N Dickwella,MN Waller,0,0,"",""
ball,2,26.6,Sri Lanka,MD Gunathilaka,N Dickwella,MN Waller,0,1,"",""
ball,2,26.7,Sri Lanka,MD Gunathilaka,N Dickwella,MN Waller,1,0,"",""
ball,2,27.1,Sri Lanka,MD Gunathilaka,N Dickwella,AG Cremer,4,0,"",""
ball,2,27.2,Sri Lanka,MD Gunathilaka,N Dickwella,AG Cremer,0,0,"",""
ball,2,27.3,Sri Lanka,MD Gunathilaka,N Dickwella,AG Cremer,0,0,"",""
ball,2,27.4,Sri Lanka,MD Gunathilaka,N Dickwella,AG Cremer,4,0,"",""
ball,2,27.5,Sri Lanka,MD Gunathilaka,N Dickwella,AG Cremer,0,0,"",""
ball,2,27.6,Sri Lanka,MD Gunathilaka,N Dickwella,AG Cremer,0,0,"",""
ball,2,28.1,Sri Lanka,N Dickwella,MD Gunathilaka,MN Waller,0,0,"",""
ball,2,28.2,Sri Lanka,N Dickwella,MD Gunathilaka,MN Waller,0,0,"",""
ball,2,28.3,Sri Lanka,N Dickwella,MD Gunathilaka,MN Waller,4,0,"",""
ball,2,28.4,Sri Lanka,N Dickwella,MD Gunathilaka,MN Waller,0,0,"",""
ball,2,28.5,Sri Lanka,N Dickwella,MD Gunathilaka,MN Waller,1,0,"",""
ball,2,28.6,Sri Lanka,MD Gunathilaka,N Dickwella,MN Waller,0,0,"",""
ball,2,29.1,Sri Lanka,N Dickwella,MD Gunathilaka,AG Cremer,0,0,"",""
ball,2,29.2,Sri Lanka,N Dickwella,MD Gunathilaka,AG Cremer,0,0,"",""
ball,2,29.3,Sri Lanka,N Dickwella,MD Gunathilaka,AG Cremer,1,0,"",""
ball,2,29.4,Sri Lanka,MD Gunathilaka,N Dickwella,AG Cremer,0,0,"",""
ball,2,29.5,Sri Lanka,MD Gunathilaka,N Dickwella,AG Cremer,1,0,"",""
ball,2,29.6,Sri Lanka,N Dickwella,MD Gunathilaka,AG Cremer,1,0,"",""
ball,2,30.1,Sri Lanka,N Dickwella,MD Gunathilaka,MN Waller,0,0,"",""
ball,2,30.2,Sri Lanka,N Dickwella,MD Gunathilaka,MN Waller,1,0,"",""
ball,2,30.3,Sri Lanka,MD Gunathilaka,N Dickwella,MN Waller,0,0,"",""
ball,2,30.4,Sri Lanka,MD Gunathilaka,N Dickwella,MN Waller,0,1,"",""
ball,2,30.5,Sri Lanka,N Dickwella,MD Gunathilaka,MN Waller,1,0,"",""
ball,2,30.6,Sri Lanka,MD Gunathilaka,N Dickwella,MN Waller,0,0,"",""
ball,2,31.1,Sri Lanka,N Dickwella,MD Gunathilaka,AG Cremer,4,0,"",""
ball,2,31.2,Sri Lanka,N Dickwella,MD Gunathilaka,AG Cremer,1,0,"",""
ball,2,31.3,Sri Lanka,MD Gunathilaka,N Dickwella,AG Cremer,0,0,"",""
ball,2,31.4,Sri Lanka,MD Gunathilaka,N Dickwella,AG Cremer,1,0,"",""
ball,2,31.5,Sri Lanka,N Dickwella,MD Gunathilaka,AG Cremer,1,0,"",""
ball,2,31.6,Sri Lanka,MD Gunathilaka,N Dickwella,AG Cremer,1,0,"",""
ball,2,32.1,Sri Lanka,MD Gunathilaka,N Dickwella,MN Waller,0,0,"",""
ball,2,32.2,Sri Lanka,MD Gunathilaka,N Dickwella,MN Waller,1,0,"",""
ball,2,32.3,Sri Lanka,N Dickwella,MD Gunathilaka,MN Waller,1,0,"",""
ball,2,32.4,Sri Lanka,MD Gunathilaka,N Dickwella,MN Waller,2,0,"",""
ball,2,32.5,Sri Lanka,MD Gunathilaka,N Dickwella,MN Waller,1,0,"",""
ball,2,32.6,Sri Lanka,N Dickwella,MD Gunathilaka,MN Waller,0,0,"",""
ball,2,33.1,Sri Lanka,MD Gunathilaka,N Dickwella,AG Cremer,0,0,"",""
ball,2,33.2,Sri Lanka,MD Gunathilaka,N Dickwella,AG Cremer,4,0,"",""
ball,2,33.3,Sri Lanka,MD Gunathilaka,N Dickwella,AG Cremer,0,0,"",""
ball,2,33.4,Sri Lanka,MD Gunathilaka,N Dickwella,AG Cremer,4,0,"",""
ball,2,33.5,Sri Lanka,MD Gunathilaka,N Dickwella,AG Cremer,0,0,"",""
ball,2,33.6,Sri Lanka,MD Gunathilaka,N Dickwella,AG Cremer,0,0,"",""
ball,2,34.1,Sri Lanka,N Dickwella,MD Gunathilaka,MN Waller,0,0,"",""
ball,2,34.2,Sri Lanka,N Dickwella,MD Gunathilaka,MN Waller,0,0,"",""
ball,2,34.3,Sri Lanka,N Dickwella,MD Gunathilaka,MN Waller,1,0,"",""
ball,2,34.4,Sri Lanka,MD Gunathilaka,N Dickwella,MN Waller,0,0,"",""
ball,2,34.5,Sri Lanka,MD Gunathilaka,N Dickwella,MN Waller,4,0,"",""
ball,2,34.6,Sri Lanka,MD Gunathilaka,N Dickwella,MN Waller,1,0,"",""
ball,2,35.1,Sri Lanka,MD Gunathilaka,N Dickwella,SF Mire,0,0,"",""
ball,2,35.2,Sri Lanka,MD Gunathilaka,N Dickwella,SF Mire,4,0,"",""
ball,2,35.3,Sri Lanka,MD Gunathilaka,N Dickwella,SF Mire,0,0,"",""
ball,2,35.4,Sri Lanka,MD Gunathilaka,N Dickwella,SF Mire,4,0,"",""
ball,2,35.5,Sri Lanka,MD Gunathilaka,N Dickwella,SF Mire,2,0,"",""
ball,2,35.6,Sri Lanka,MD Gunathilaka,N Dickwella,SF Mire,0,0,"",""
ball,2,36.1,Sri Lanka,N Dickwella,MD Gunathilaka,MN Waller,0,0,"",""
ball,2,36.2,Sri Lanka,N Dickwella,MD Gunathilaka,MN Waller,0,1,"",""
ball,2,36.3,Sri Lanka,N Dickwella,MD Gunathilaka,MN Waller,1,0,"",""
ball,2,36.4,Sri Lanka,MD Gunathilaka,N Dickwella,MN Waller,1,0,"",""
ball,2,36.5,Sri Lanka,N Dickwella,MD Gunathilaka,MN Waller,0,0,"",""
ball,2,36.6,Sri Lanka,N Dickwella,MD Gunathilaka,MN Waller,0,4,"",""
ball,2,36.7,Sri Lanka,N Dickwella,MD Gunathilaka,MN Waller,0,0,caught,N Dickwella
ball,2,37.1,Sri Lanka,MD Gunathilaka,BKG Mendis,SC Williams,0,0,"",""
ball,2,37.2,Sri Lanka,MD Gunathilaka,BKG Mendis,SC Williams,2,0,"",""
ball,2,37.3,Sri Lanka,MD Gunathilaka,BKG Mendis,SC Williams,6,0,"",""
ball,2,37.4,Sri Lanka,MD Gunathilaka,BKG Mendis,SC Williams,0,0,"",""
ball,2,37.5,Sri Lanka,MD Gunathilaka,BKG Mendis,SC Williams,0,0,bowled,MD Gunathilaka
ball,2,37.6,Sri Lanka,WU Tharanga,BKG Mendis,SC Williams,0,0,"",""
ball,2,38.1,Sri Lanka,BKG Mendis,WU Tharanga,MN Waller,0,0,"",""
ball,2,38.2,Sri Lanka,BKG Mendis,WU Tharanga,MN Waller,1,0,"",""
ball,2,38.3,Sri Lanka,WU Tharanga,BKG Mendis,MN Waller,0,0,"",""
ball,2,38.4,Sri Lanka,WU Tharanga,BKG Mendis,MN Waller,1,0,"",""
ball,2,38.5,Sri Lanka,BKG Mendis,WU Tharanga,MN Waller,2,0,"",""
ball,2,38.6,Sri Lanka,BKG Mendis,WU Tharanga,MN Waller,0,0,"",""
ball,2,39.1,Sri Lanka,WU Tharanga,BKG Mendis,SC Williams,4,0,"",""
ball,2,39.2,Sri Lanka,WU Tharanga,BKG Mendis,SC Williams,2,0,"",""
ball,2,39.3,Sri Lanka,WU Tharanga,BKG Mendis,SC Williams,1,0,"",""
ball,2,39.4,Sri Lanka,BKG Mendis,WU Tharanga,SC Williams,0,0,"",""
ball,2,39.5,Sri Lanka,BKG Mendis,WU Tharanga,SC Williams,0,0,"",""
ball,2,39.6,Sri Lanka,BKG Mendis,WU Tharanga,SC Williams,0,0,"",""
ball,2,40.1,Sri Lanka,WU Tharanga,BKG Mendis,MN Waller,0,0,"",""
ball,2,40.2,Sri Lanka,WU Tharanga,BKG Mendis,MN Waller,0,0,"",""
ball,2,40.3,Sri Lanka,WU Tharanga,BKG Mendis,MN Waller,0,0,"",""
ball,2,40.4,Sri Lanka,WU Tharanga,BKG Mendis,MN Waller,1,0,"",""
ball,2,40.5,Sri Lanka,BKG Mendis,WU Tharanga,MN Waller,0,0,"",""
ball,2,40.6,Sri Lanka,BKG Mendis,WU Tharanga,MN Waller,2,0,"",""
ball,2,41.1,Sri Lanka,WU Tharanga,BKG Mendis,SC Williams,6,0,"",""
ball,2,41.2,Sri Lanka,WU Tharanga,BKG Mendis,SC Williams,2,0,"",""
ball,2,41.3,Sri Lanka,WU Tharanga,BKG Mendis,SC Williams,1,0,"",""
ball,2,41.4,Sri Lanka,BKG Mendis,WU Tharanga,SC Williams,2,0,"",""
ball,2,41.5,Sri Lanka,BKG Mendis,WU Tharanga,SC Williams,1,0,"",""
ball,2,41.6,Sri Lanka,WU Tharanga,BKG Mendis,SC Williams,6,0,"",""
ball,2,42.1,Sri Lanka,BKG Mendis,WU Tharanga,Sikandar Raza,1,0,"",""
ball,2,42.2,Sri Lanka,WU Tharanga,BKG Mendis,Sikandar Raza,1,0,"",""
ball,2,42.3,Sri Lanka,BKG Mendis,WU Tharanga,Sikandar Raza,1,0,"",""
ball,2,42.4,Sri Lanka,WU Tharanga,BKG Mendis,Sikandar Raza,1,0,"",""
ball,2,42.5,Sri Lanka,BKG Mendis,WU Tharanga,Sikandar Raza,4,0,"",""
ball,2,42.6,Sri Lanka,BKG Mendis,WU Tharanga,Sikandar Raza,2,0,"",""
ball,2,43.1,Sri Lanka,WU Tharanga,BKG Mendis,CT Mumba,1,0,"",""
ball,2,43.2,Sri Lanka,BKG Mendis,WU Tharanga,CT Mumba,0,0,"",""
ball,2,43.3,Sri Lanka,BKG Mendis,WU Tharanga,CT Mumba,1,0,"",""
ball,2,43.4,Sri Lanka,WU Tharanga,BKG Mendis,CT Mumba,2,0,"",""
ball,2,43.5,Sri Lanka,WU Tharanga,BKG Mendis,CT Mumba,0,1,"",""
ball,2,43.6,Sri Lanka,WU Tharanga,BKG Mendis,CT Mumba,0,0,"",""
ball,2,43.7,Sri Lanka,WU Tharanga,BKG Mendis,CT Mumba,1,0,"",""
ball,2,44.1,Sri Lanka,WU Tharanga,BKG Mendis,Sikandar Raza,1,0,"",""
ball,2,44.2,Sri Lanka,BKG Mendis,WU Tharanga,Sikandar Raza,1,0,"",""
ball,2,44.3,Sri Lanka,WU Tharanga,BKG Mendis,Sikandar Raza,0,0,"",""
ball,2,44.4,Sri Lanka,WU Tharanga,BKG Mendis,Sikandar Raza,1,0,"",""
ball,2,44.5,Sri Lanka,BKG Mendis,WU Tharanga,Sikandar Raza,1,0,"",""
ball,2,44.6,Sri Lanka,WU Tharanga,BKG Mendis,Sikandar Raza,4,0,"",""
ball,2,45.1,Sri Lanka,BKG Mendis,WU Tharanga,CT Mumba,4,0,"",""
ball,2,45.2,Sri Lanka,BKG Mendis,WU Tharanga,CT Mumba,0,0,"",""
ball,2,45.3,Sri Lanka,BKG Mendis,WU Tharanga,SF Mire,2,0,"",""
ball,2,45.4,Sri Lanka,BKG Mendis,WU Tharanga,SF Mire,1,0,"",""
ball,2,45.5,Sri Lanka,WU Tharanga,BKG Mendis,SF Mire,1,0,"",""
ball,2,45.6,Sri Lanka,BKG Mendis,WU Tharanga,SF Mire,1,0,"",""
ball,2,46.1,Sri Lanka,BKG Mendis,WU Tharanga,TL Chatara,1,0,"",""
ball,2,46.2,Sri Lanka,WU Tharanga,BKG Mendis,TL Chatara,0,0,"",""
ball,2,46.3,Sri Lanka,WU Tharanga,BKG Mendis,TL Chatara,0,1,"",""
ball,2,46.4,Sri Lanka,WU Tharanga,BKG Mendis,TL Chatara,0,0,"",""
ball,2,46.5,Sri Lanka,WU Tharanga,BKG Mendis,TL Chatara,2,0,"",""
ball,2,46.6,Sri Lanka,WU Tharanga,BKG Mendis,TL Chatara,0,0,"",""
ball,2,46.7,Sri Lanka,WU Tharanga,BKG Mendis,TL Chatara,0,1,"",""
ball,2,46.8,Sri Lanka,WU Tharanga,BKG Mendis,TL Chatara,1,0,"",""
ball,2,47.1,Sri Lanka,WU Tharanga,BKG Mendis,SF Mire,0,0,"",""
ball,2,47.2,Sri Lanka,WU Tharanga,BKG Mendis,SF Mire,4,0,"",""
