version,1.3.0
info,team,Australia
info,team,South Africa
info,gender,male
info,season,2019
info,date,2019/07/06
info,competition,World Cup
info,match_number,45
info,venue,Old Trafford
info,city,Manchester
info,toss_winner,South Africa
info,toss_decision,bat
info,player_of_match,F du Plessis
info,umpire,Aleem Dar
info,umpire,HDPK Dharmasena
info,reserve_umpire,RSA Palliyaguruge
info,tv_umpire,S Ravi
info,match_referee,RS Madugalle
info,winner,South Africa
info,winner_runs,10
ball,1,0.1,South Africa,AK Markram,Q de Kock,MA Starc,0,5,"",""
ball,1,0.2,South Africa,AK Markram,Q de Kock,MA Starc,0,0,"",""
ball,1,0.3,South Africa,AK Markram,Q de Kock,MA Starc,0,1,"",""
ball,1,0.4,South Africa,AK Markram,Q de Kock,MA Starc,0,0,"",""
ball,1,0.5,South Africa,AK Markram,Q de Kock,MA Starc,0,0,"",""
ball,1,0.6,South Africa,AK Markram,Q de Kock,MA Starc,4,0,"",""
ball,1,0.7,South Africa,AK Markram,Q de Kock,MA Starc,0,0,"",""
ball,1,0.8,South Africa,AK Markram,Q de Kock,MA Starc,4,0,"",""
ball,1,1.1,South Africa,Q de Kock,AK Markram,JP Behrendorff,2,0,"",""
ball,1,1.2,South Africa,Q de Kock,AK Markram,JP Behrendorff,1,0,"",""
ball,1,1.3,South Africa,AK Markram,Q de Kock,JP Behrendorff,0,0,"",""
ball,1,1.4,South Africa,AK Markram,Q de Kock,JP Behrendorff,0,0,"",""
ball,1,1.5,South Africa,AK Markram,Q de Kock,JP Behrendorff,0,0,"",""
ball,1,1.6,South Africa,AK Markram,Q de Kock,JP Behrendorff,4,0,"",""
ball,1,2.1,South Africa,Q de Kock,AK Markram,MA Starc,0,0,"",""
ball,1,2.2,South Africa,Q de Kock,AK Markram,MA Starc,2,0,"",""
ball,1,2.3,South Africa,Q de Kock,AK Markram,MA Starc,1,0,"",""
ball,1,2.4,South Africa,AK Markram,Q de Kock,MA Starc,0,0,"",""
ball,1,2.5,South Africa,AK Markram,Q de Kock,MA Starc,0,1,"",""
ball,1,2.6,South Africa,AK Markram,Q de Kock,MA Starc,0,0,"",""
ball,1,2.7,South Africa,AK Markram,Q de Kock,MA Starc,0,0,"",""
ball,1,3.1,South Africa,Q de Kock,AK Markram,JP Behrendorff,1,0,"",""
ball,1,3.2,South Africa,AK Markram,Q de Kock,JP Behrendorff,0,0,"",""
ball,1,3.3,South Africa,AK Markram,Q de Kock,JP Behrendorff,4,0,"",""
ball,1,3.4,South Africa,AK Markram,Q de Kock,JP Behrendorff,4,0,"",""
ball,1,3.5,South Africa,AK Markram,Q de Kock,JP Behrendorff,0,0,"",""
ball,1,3.6,South Africa,AK Markram,Q de Kock,JP Behrendorff,0,0,"",""
ball,1,4.1,South Africa,Q de Kock,AK Markram,MA Starc,4,0,"",""
ball,1,4.2,South Africa,Q de Kock,AK Markram,MA Starc,0,0,"",""
ball,1,4.3,South Africa,Q de Kock,AK Markram,MA Starc,0,0,"",""
ball,1,4.4,South Africa,Q de Kock,AK Markram,MA Starc,4,0,"",""
ball,1,4.5,South Africa,Q de Kock,AK Markram,MA Starc,0,0,"",""
ball,1,4.6,South Africa,Q de Kock,AK Markram,MA Starc,0,0,"",""
ball,1,5.1,South Africa,AK Markram,Q de Kock,NM Lyon,1,0,"",""
ball,1,5.2,South Africa,Q de Kock,AK Markram,NM Lyon,0,0,"",""
ball,1,5.3,South Africa,Q de Kock,AK Markram,NM Lyon,1,0,"",""
ball,1,5.4,South Africa,AK Markram,Q de Kock,NM Lyon,4,0,"",""
ball,1,5.5,South Africa,AK Markram,Q de Kock,NM Lyon,0,0,"",""
ball,1,5.6,South Africa,AK Markram,Q de Kock,NM Lyon,0,0,"",""
ball,1,6.1,South Africa,Q de Kock,AK Markram,PJ Cummins,4,0,"",""
ball,1,6.2,South Africa,Q de Kock,AK Markram,PJ Cummins,0,0,"",""
ball,1,6.3,South Africa,Q de Kock,AK Markram,PJ Cummins,0,0,"",""
ball,1,6.4,South Africa,Q de Kock,AK Markram,PJ Cummins,4,0,"",""
ball,1,6.5,South Africa,Q de Kock,AK Markram,PJ Cummins,0,0,"",""
ball,1,6.6,South Africa,Q de Kock,AK Markram,PJ Cummins,1,0,"",""
ball,1,7.1,South Africa,Q de Kock,AK Markram,NM Lyon,1,0,"",""
ball,1,7.2,South Africa,AK Markram,Q de Kock,NM Lyon,6,0,"",""
ball,1,7.3,South Africa,AK Markram,Q de Kock,NM Lyon,1,0,"",""
ball,1,7.4,South Africa,Q de Kock,AK Markram,NM Lyon,0,0,"",""
ball,1,7.5,South Africa,Q de Kock,AK Markram,NM Lyon,1,0,"",""
ball,1,7.6,South Africa,AK Markram,Q de Kock,NM Lyon,0,0,"",""
ball,1,8.1,South Africa,Q de Kock,AK Markram,PJ Cummins,2,0,"",""
ball,1,8.2,South Africa,Q de Kock,AK Markram,PJ Cummins,0,0,"",""
ball,1,8.3,South Africa,Q de Kock,AK Markram,PJ Cummins,0,0,"",""
ball,1,8.4,South Africa,Q de Kock,AK Markram,PJ Cummins,4,0,"",""
ball,1,8.5,South Africa,Q de Kock,AK Markram,PJ Cummins,0,0,"",""
ball,1,8.6,South Africa,Q de Kock,AK Markram,PJ Cummins,0,0,"",""
ball,1,9.1,South Africa,AK Markram,Q de Kock,JP Behrendorff,0,0,"",""
ball,1,9.2,South Africa,AK Markram,Q de Kock,JP Behrendorff,0,0,"",""
ball,1,9.3,South Africa,AK Markram,Q de Kock,JP Behrendorff,0,0,"",""
ball,1,9.4,South Africa,AK Markram,Q de Kock,JP Behrendorff,0,0,"",""
ball,1,9.5,South Africa,AK Markram,Q de Kock,JP Behrendorff,0,0,"",""
ball,1,9.6,South Africa,AK Markram,Q de Kock,JP Behrendorff,1,0,"",""
ball,1,10.1,South Africa,AK Markram,Q de Kock,PJ Cummins,0,0,"",""
ball,1,10.2,South Africa,AK Markram,Q de Kock,PJ Cummins,1,0,"",""
ball,1,10.3,South Africa,Q de Kock,AK Markram,PJ Cummins,3,0,"",""
ball,1,10.4,South Africa,AK Markram,Q de Kock,PJ Cummins,0,1,"",""
ball,1,10.5,South Africa,AK Markram,Q de Kock,PJ Cummins,0,0,"",""
ball,1,10.6,South Africa,AK Markram,Q de Kock,PJ Cummins,0,0,"",""
ball,1,10.7,South Africa,AK Markram,Q de Kock,PJ Cummins,0,0,"",""
ball,1,11.1,South Africa,Q de Kock,AK Markram,NM Lyon,0,0,"",""
ball,1,11.2,South Africa,Q de Kock,AK Markram,NM Lyon,1,0,"",""
ball,1,11.3,South Africa,AK Markram,Q de Kock,NM Lyon,0,0,stumped,AK Markram
ball,1,11.4,South Africa,F du Plessis,Q de Kock,NM Lyon,0,0,"",""
ball,1,11.5,South Africa,F du Plessis,Q de Kock,NM Lyon,1,0,"",""
ball,1,11.6,South Africa,Q de Kock,F du Plessis,NM Lyon,0,0,"",""
ball,1,12.1,South Africa,F du Plessis,Q de Kock,JP Behrendorff,0,0,"",""
ball,1,12.2,South Africa,F du Plessis,Q de Kock,JP Behrendorff,0,0,"",""
ball,1,12.3,South Africa,F du Plessis,Q de Kock,JP Behrendorff,0,0,"",""
ball,1,12.4,South Africa,F du Plessis,Q de Kock,JP Behrendorff,3,0,"",""
ball,1,12.5,South Africa,Q de Kock,F du Plessis,JP Behrendorff,1,0,"",""
ball,1,12.6,South Africa,F du Plessis,Q de Kock,JP Behrendorff,0,0,"",""
ball,1,13.1,South Africa,Q de Kock,F du Plessis,NM Lyon,0,0,"",""
ball,1,13.2,South Africa,Q de Kock,F du Plessis,NM Lyon,2,0,"",""
ball,1,13.3,South Africa,Q de Kock,F du Plessis,NM Lyon,1,0,"",""
ball,1,13.4,South Africa,F du Plessis,Q de Kock,NM Lyon,0,0,"",""
ball,1,13.5,South Africa,F du Plessis,Q de Kock,NM Lyon,2,0,"",""
ball,1,13.6,South Africa,F du Plessis,Q de Kock,NM Lyon,1,0,"",""
ball,1,14.1,South Africa,F du Plessis,Q de Kock,MA Starc,0,0,"",""
ball,1,14.2,South Africa,F du Plessis,Q de Kock,MA Starc,0,4,"",""
ball,1,14.3,South Africa,F du Plessis,Q de Kock,MA Starc,0,0,"",""
ball,1,14.4,South Africa,F du Plessis,Q de Kock,MA Starc,4,0,"",""
ball,1,14.5,South Africa,F du Plessis,Q de Kock,MA Starc,0,0,"",""
ball,1,14.6,South Africa,F du Plessis,Q de Kock,MA Starc,4,0,"",""
ball,1,15.1,South Africa,Q de Kock,F du Plessis,NM Lyon,0,0,"",""
ball,1,15.2,South Africa,Q de Kock,F du Plessis,NM Lyon,0,0,"",""
ball,1,15.3,South Africa,Q de Kock,F du Plessis,NM Lyon,4,0,"",""
ball,1,15.4,South Africa,Q de Kock,F du Plessis,NM Lyon,0,0,"",""
ball,1,15.5,South Africa,Q de Kock,F du Plessis,NM Lyon,1,0,"",""
ball,1,15.6,South Africa,F du Plessis,Q de Kock,NM Lyon,0,0,"",""
ball,1,16.1,South Africa,Q de Kock,F du Plessis,SPD Smith,4,0,"",""
ball,1,16.2,South Africa,Q de Kock,F du Plessis,SPD Smith,0,0,"",""
ball,1,16.3,South Africa,Q de Kock,F du Plessis,SPD Smith,0,0,"",""
ball,1,16.4,South Africa,Q de Kock,F du Plessis,SPD Smith,0,0,"",""
ball,1,16.5,South Africa,Q de Kock,F du Plessis,SPD Smith,0,0,"",""
ball,1,16.6,South Africa,Q de Kock,F du Plessis,SPD Smith,1,0,"",""
ball,1,17.1,South Africa,Q de Kock,F du Plessis,NM Lyon,1,0,"",""
ball,1,17.2,South Africa,F du Plessis,Q de Kock,NM Lyon,1,0,"",""
ball,1,17.3,South Africa,Q de Kock,F du Plessis,NM Lyon,0,0,"",""
ball,1,17.4,South Africa,Q de Kock,F du Plessis,NM Lyon,0,0,caught,Q de Kock
ball,1,17.5,South Africa,HE van der Dussen,F du Plessis,NM Lyon,0,0,"",""
ball,1,17.6,South Africa,HE van der Dussen,F du Plessis,NM Lyon,1,0,"",""
ball,1,18.1,South Africa,HE van der Dussen,F du Plessis,PJ Cummins,0,0,"",""
ball,1,18.2,South Africa,HE van der Dussen,F du Plessis,PJ Cummins,1,0,"",""
ball,1,18.3,South Africa,F du Plessis,HE van der Dussen,PJ Cummins,0,0,"",""
ball,1,18.4,South Africa,F du Plessis,HE van der Dussen,PJ Cummins,0,0,"",""
ball,1,18.5,South Africa,F du Plessis,HE van der Dussen,PJ Cummins,2,0,"",""
ball,1,18.6,South Africa,F du Plessis,HE van der Dussen,PJ Cummins,3,0,"",""
ball,1,19.1,South Africa,F du Plessis,HE van der Dussen,NM Lyon,1,0,"",""
ball,1,19.2,South Africa,HE van der Dussen,F du Plessis,NM Lyon,0,0,"",""
ball,1,19.3,South Africa,HE van der Dussen,F du Plessis,NM Lyon,0,0,"",""
ball,1,19.4,South Africa,HE van der Dussen,F du Plessis,NM Lyon,0,0,"",""
ball,1,19.5,South Africa,HE van der Dussen,F du Plessis,NM Lyon,0,0,"",""
ball,1,19.6,South Africa,HE van der Dussen,F du Plessis,NM Lyon,0,0,"",""
ball,1,20.1,South Africa,F du Plessis,HE van der Dussen,PJ Cummins,1,0,"",""
ball,1,20.2,South Africa,HE van der Dussen,F du Plessis,PJ Cummins,0,0,"",""
ball,1,20.3,South Africa,HE van der Dussen,F du Plessis,PJ Cummins,0,0,"",""
ball,1,20.4,South Africa,HE van der Dussen,F du Plessis,PJ Cummins,0,0,"",""
ball,1,20.5,South Africa,HE van der Dussen,F du Plessis,PJ Cummins,0,0,"",""
ball,1,20.6,South Africa,HE van der Dussen,F du Plessis,PJ Cummins,0,1,"",""
ball,1,21.1,South Africa,HE van der Dussen,F du Plessis,NM Lyon,0,0,"",""
ball,1,21.2,South Africa,HE van der Dussen,F du Plessis,NM Lyon,0,1,"",""
ball,1,21.3,South Africa,F du Plessis,HE van der Dussen,NM Lyon,1,0,"",""
ball,1,21.4,South Africa,HE van der Dussen,F du Plessis,NM Lyon,0,0,"",""
ball,1,21.5,South Africa,HE van der Dussen,F du Plessis,NM Lyon,1,0,"",""
ball,1,21.6,South Africa,F du Plessis,HE van der Dussen,NM Lyon,4,0,"",""
ball,1,22.1,South Africa,HE van der Dussen,F du Plessis,MP Stoinis,0,0,"",""
ball,1,22.2,South Africa,HE van der Dussen,F du Plessis,MP Stoinis,1,0,"",""
ball,1,22.3,South Africa,F du Plessis,HE van der Dussen,MP Stoinis,0,0,"",""
ball,1,22.4,South Africa,F du Plessis,HE van der Dussen,MP Stoinis,1,0,"",""
ball,1,22.5,South Africa,HE van der Dussen,F du Plessis,MP Stoinis,0,0,"",""
ball,1,22.6,South Africa,HE van der Dussen,F du Plessis,MP Stoinis,0,0,"",""
ball,1,23.1,South Africa,F du Plessis,HE van der Dussen,GJ Maxwell,1,0,"",""
ball,1,23.2,South Africa,HE van der Dussen,F du Plessis,GJ Maxwell,0,0,"",""
ball,1,23.3,South Africa,HE van der Dussen,F du Plessis,GJ Maxwell,0,0,"",""
ball,1,23.4,South Africa,HE van der Dussen,F du Plessis,GJ Maxwell,1,0,"",""
ball,1,23.5,South Africa,F du Plessis,HE van der Dussen,GJ Maxwell,0,0,"",""
ball,1,23.6,South Africa,F du Plessis,HE van der Dussen,GJ Maxwell,1,0,"",""
ball,1,24.1,South Africa,F du Plessis,HE van der Dussen,MP Stoinis,2,0,"",""
ball,1,24.2,South Africa,F du Plessis,HE van der Dussen,MP Stoinis,1,0,"",""
ball,1,24.3,South Africa,HE van der Dussen,F du Plessis,MP Stoinis,2,0,"",""
ball,1,24.4,South Africa,HE van der Dussen,F du Plessis,MP Stoinis,1,0,"",""
ball,1,24.5,South Africa,F du Plessis,HE van der Dussen,MP Stoinis,1,0,"",""
ball,1,24.6,South Africa,HE van der Dussen,F du Plessis,MP Stoinis,0,1,"",""
ball,1,24.7,South Africa,HE van der Dussen,F du Plessis,MP Stoinis,0,0,"",""
ball,1,25.1,South Africa,F du Plessis,HE van der Dussen,GJ Maxwell,0,0,"",""
ball,1,25.2,South Africa,F du Plessis,HE van der Dussen,GJ Maxwell,2,0,"",""
ball,1,25.3,South Africa,F du Plessis,HE van der Dussen,GJ Maxwell,0,0,"",""
ball,1,25.4,South Africa,F du Plessis,HE van der Dussen,GJ Maxwell,1,0,"",""
ball,1,25.5,South Africa,HE van der Dussen,F du Plessis,GJ Maxwell,1,0,"",""
ball,1,25.6,South Africa,F du Plessis,HE van der Dussen,GJ Maxwell,0,0,"",""
ball,1,26.1,South Africa,HE van der Dussen,F du Plessis,MP Stoinis,1,0,"",""
ball,1,26.2,South Africa,F du Plessis,HE van der Dussen,MP Stoinis,1,0,"",""
ball,1,26.3,South Africa,HE van der Dussen,F du Plessis,MP Stoinis,1,0,"",""
ball,1,26.4,South Africa,F du Plessis,HE van der Dussen,MP Stoinis,1,0,"",""
ball,1,26.5,South Africa,HE van der Dussen,F du Plessis,MP Stoinis,4,0,"",""
ball,1,26.6,South Africa,HE van der Dussen,F du Plessis,MP Stoinis,1,0,"",""
ball,1,27.1,South Africa,HE van der Dussen,F du Plessis,GJ Maxwell,1,0,"",""
ball,1,27.2,South Africa,F du Plessis,HE van der Dussen,GJ Maxwell,2,0,"",""
ball,1,27.3,South Africa,F du Plessis,HE van der Dussen,GJ Maxwell,0,0,"",""
ball,1,27.4,South Africa,F du Plessis,HE van der Dussen,GJ Maxwell,2,0,"",""
ball,1,27.5,South Africa,F du Plessis,HE van der Dussen,GJ Maxwell,0,0,"",""
ball,1,27.6,South Africa,F du Plessis,HE van der Dussen,GJ Maxwell,0,0,"",""
ball,1,28.1,South Africa,HE van der Dussen,F du Plessis,MA Starc,1,0,"",""
ball,1,28.2,South Africa,F du Plessis,HE van der Dussen,MA Starc,0,0,"",""
ball,1,28.3,South Africa,F du Plessis,HE van der Dussen,MA Starc,0,0,"",""
ball,1,28.4,South Africa,F du Plessis,HE van der Dussen,MA Starc,0,0,"",""
ball,1,28.5,South Africa,F du Plessis,HE van der Dussen,MA Starc,0,0,"",""
ball,1,28.6,South Africa,F du Plessis,HE van der Dussen,MA Starc,4,0,"",""
ball,1,29.1,South Africa,HE van der Dussen,F du Plessis,GJ Maxwell,1,0,"",""
ball,1,29.2,South Africa,F du Plessis,HE van der Dussen,GJ Maxwell,1,0,"",""
ball,1,29.3,South Africa,HE van der Dussen,F du Plessis,GJ Maxwell,0,0,"",""
ball,1,29.4,South Africa,HE van der Dussen,F du Plessis,GJ Maxwell,0,0,"",""
ball,1,29.5,South Africa,HE van der Dussen,F du Plessis,GJ Maxwell,0,0,"",""
ball,1,29.6,South Africa,HE van der Dussen,F du Plessis,GJ Maxwell,1,0,"",""
ball,1,30.1,South Africa,HE van der Dussen,F du Plessis,MA Starc,1,0,"",""
ball,1,30.2,South Africa,F du Plessis,HE van der Dussen,MA Starc,0,0,"",""
ball,1,30.3,South Africa,F du Plessis,HE van der Dussen,MA Starc,1,0,"",""
ball,1,30.4,South Africa,HE van der Dussen,F du Plessis,MA Starc,1,0,"",""
ball,1,30.5,South Africa,F du Plessis,HE van der Dussen,MA Starc,1,0,"",""
ball,1,30.6,South Africa,HE van der Dussen,F du Plessis,MA Starc,0,1,"",""
ball,1,31.1,South Africa,HE van der Dussen,F du Plessis,GJ Maxwell,0,0,"",""
ball,1,31.2,South Africa,HE van der Dussen,F du Plessis,GJ Maxwell,1,0,"",""
ball,1,31.3,South Africa,F du Plessis,HE van der Dussen,GJ Maxwell,0,0,"",""
ball,1,31.4,South Africa,F du Plessis,HE van der Dussen,GJ Maxwell,1,0,"",""
ball,1,31.5,South Africa,HE van der Dussen,F du Plessis,GJ Maxwell,1,0,"",""
ball,1,31.6,South Africa,F du Plessis,HE van der Dussen,GJ Maxwell,1,0,"",""
ball,1,32.1,South Africa,F du Plessis,HE van der Dussen,PJ Cummins,0,0,"",""
ball,1,32.2,South Africa,F du Plessis,HE van der Dussen,PJ Cummins,0,2,"",""
ball,1,32.3,South Africa,F du Plessis,HE van der Dussen,PJ Cummins,0,0,"",""
ball,1,32.4,South Africa,F du Plessis,HE van der Dussen,PJ Cummins,2,0,"",""
ball,1,32.5,South Africa,F du Plessis,HE van der Dussen,PJ Cummins,6,0,"",""
ball,1,32.6,South Africa,F du Plessis,HE van der Dussen,PJ Cummins,4,0,"",""
ball,1,33.1,South Africa,HE van der Dussen,F du Plessis,GJ Maxwell,1,0,"",""
ball,1,33.2,South Africa,F du Plessis,HE van der Dussen,GJ Maxwell,0,0,"",""
ball,1,33.3,South Africa,F du Plessis,HE van der Dussen,GJ Maxwell,1,0,"",""
ball,1,33.4,South Africa,HE van der Dussen,F du Plessis,GJ Maxwell,0,0,"",""
ball,1,33.5,South Africa,HE van der Dussen,F du Plessis,GJ Maxwell,1,0,"",""
ball,1,33.6,South Africa,F du Plessis,HE van der Dussen,GJ Maxwell,2,0,"",""
ball,1,34.1,South Africa,HE van der Dussen,F du Plessis,NM Lyon,2,0,"",""
ball,1,34.2,South Africa,HE van der Dussen,F du Plessis,NM Lyon,1,0,"",""
ball,1,34.3,South Africa,F du Plessis,HE van der Dussen,NM Lyon,6,0,"",""
ball,1,34.4,South Africa,F du Plessis,HE van der Dussen,NM Lyon,0,0,"",""
ball,1,34.5,South Africa,F du Plessis,HE van der Dussen,NM Lyon,1,0,"",""
ball,1,34.6,South Africa,HE van der Dussen,F du Plessis,NM Lyon,0,0,"",""
ball,1,35.1,South Africa,F du Plessis,HE van der Dussen,GJ Maxwell,1,0,"",""
ball,1,35.2,South Africa,HE van der Dussen,F du Plessis,GJ Maxwell,6,0,"",""
ball,1,35.3,South Africa,HE van der Dussen,F du Plessis,GJ Maxwell,1,0,"",""
ball,1,35.4,South Africa,F du Plessis,HE van der Dussen,GJ Maxwell,1,0,"",""
ball,1,35.5,South Africa,HE van der Dussen,F du Plessis,GJ Maxwell,0,0,"",""
ball,1,35.6,South Africa,HE van der Dussen,F du Plessis,GJ Maxwell,0,0,"",""
ball,1,36.1,South Africa,F du Plessis,HE van der Dussen,JP Behrendorff,1,0,"",""
ball,1,36.2,South Africa,HE van der Dussen,F du Plessis,JP Behrendorff,0,0,"",""
ball,1,36.3,South Africa,HE van der Dussen,F du Plessis,JP Behrendorff,1,0,"",""
ball,1,36.4,South Africa,F du Plessis,HE van der Dussen,JP Behrendorff,0,0,"",""
ball,1,36.5,South Africa,F du Plessis,HE van der Dussen,JP Behrendorff,4,0,"",""
ball,1,36.6,South Africa,F du Plessis,HE van der Dussen,JP Behrendorff,4,0,"",""
ball,1,37.1,South Africa,HE van der Dussen,F du Plessis,GJ Maxwell,1,0,"",""
ball,1,37.2,South Africa,F du Plessis,HE van der Dussen,GJ Maxwell,1,0,"",""
ball,1,37.3,South Africa,HE van der Dussen,F du Plessis,GJ Maxwell,1,0,"",""
ball,1,37.4,South Africa,F du Plessis,HE van der Dussen,GJ Maxwell,0,0,"",""
ball,1,37.5,South Africa,F du Plessis,HE van der Dussen,GJ Maxwell,1,0,"",""
ball,1,37.6,South Africa,HE van der Dussen,F du Plessis,GJ Maxwell,0,0,"",""
ball,1,38.1,South Africa,F du Plessis,HE van der Dussen,JP Behrendorff,1,0,"",""
ball,1,38.2,South Africa,HE van der Dussen,F du Plessis,JP Behrendorff,1,0,"",""
ball,1,38.3,South Africa,F du Plessis,HE van der Dussen,JP Behrendorff,1,0,"",""
ball,1,38.4,South Africa,HE van der Dussen,F du Plessis,JP Behrendorff,6,0,"",""
ball,1,38.5,South Africa,HE van der Dussen,F du Plessis,JP Behrendorff,1,0,"",""
ball,1,38.6,South Africa,F du Plessis,HE van der Dussen,JP Behrendorff,0,0,"",""
ball,1,39.1,South Africa,HE van der Dussen,F du Plessis,PJ Cummins,1,0,"",""
ball,1,39.2,South Africa,F du Plessis,HE van der Dussen,PJ Cummins,1,0,"",""
ball,1,39.3,South Africa,HE van der Dussen,F du Plessis,PJ Cummins,1,0,"",""
ball,1,39.4,South Africa,F du Plessis,HE van der Dussen,PJ Cummins,1,0,"",""
ball,1,39.5,South Africa,HE van der Dussen,F du Plessis,PJ Cummins,0,0,"",""
ball,1,39.6,South Africa,HE van der Dussen,F du Plessis,PJ Cummins,0,0,"",""
ball,1,40.1,South Africa,F du Plessis,HE van der Dussen,JP Behrendorff,2,0,"",""
ball,1,40.2,South Africa,F du Plessis,HE van der Dussen,JP Behrendorff,1,0,"",""
ball,1,40.3,South Africa,HE van der Dussen,F du Plessis,JP Behrendorff,1,0,"",""
ball,1,40.4,South Africa,F du Plessis,HE van der Dussen,JP Behrendorff,1,0,"",""
ball,1,40.5,South Africa,HE van der Dussen,F du Plessis,JP Behrendorff,1,0,"",""
ball,1,40.6,South Africa,F du Plessis,HE van der Dussen,JP Behrendorff,0,0,"",""
ball,1,41.1,South Africa,HE van der Dussen,F du Plessis,NM Lyon,0,1,"",""
ball,1,41.2,South Africa,F du Plessis,HE van der Dussen,NM Lyon,0,0,"",""
ball,1,41.3,South Africa,F du Plessis,HE van der Dussen,NM Lyon,0,0,"",""
ball,1,41.4,South Africa,F du Plessis,HE van der Dussen,NM Lyon,1,0,"",""
ball,1,41.5,South Africa,HE van der Dussen,F du Plessis,NM Lyon,4,0,"",""
ball,1,41.6,South Africa,HE van der Dussen,F du Plessis,NM Lyon,0,0,"",""
ball,1,42.1,South Africa,F du Plessis,HE van der Dussen,JP Behrendorff,2,0,"",""
ball,1,42.2,South Africa,F du Plessis,HE van der Dussen,JP Behrendorff,1,0,"",""
ball,1,42.3,South Africa,HE van der Dussen,F du Plessis,JP Behrendorff,4,0,"",""
ball,1,42.4,South Africa,HE van der Dussen,F du Plessis,JP Behrendorff,0,0,"",""
ball,1,42.5,South Africa,HE van der Dussen,F du Plessis,JP Behrendorff,1,0,"",""
ball,1,42.6,South Africa,F du Plessis,HE van der Dussen,JP Behrendorff,0,0,caught,F du Plessis
ball,1,43.1,South Africa,JP Duminy,HE van der Dussen,GJ Maxwell,1,0,"",""
ball,1,43.2,South Africa,HE van der Dussen,JP Duminy,GJ Maxwell,1,0,"",""
ball,1,43.3,South Africa,JP Duminy,HE van der Dussen,GJ Maxwell,0,0,"",""
ball,1,43.4,South Africa,JP Duminy,HE van der Dussen,GJ Maxwell,1,0,"",""
ball,1,43.5,South Africa,HE van der Dussen,JP Duminy,GJ Maxwell,1,0,"",""
ball,1,43.6,South Africa,JP Duminy,HE van der Dussen,GJ Maxwell,0,1,"",""
ball,1,43.7,South Africa,JP Duminy,HE van der Dussen,GJ Maxwell,1,0,"",""
ball,1,44.1,South Africa,JP Duminy,HE van der Dussen,MA Starc,0,0,"",""
ball,1,44.2,South Africa,JP Duminy,HE van der Dussen,MA Starc,1,0,"",""
ball,1,44.3,South Africa,HE van der Dussen,JP Duminy,MA Starc,1,0,"",""
ball,1,44.4,South Africa,JP Duminy,HE van der Dussen,MA Starc,1,0,"",""
ball,1,44.5,South Africa,HE van der Dussen,JP Duminy,MA Starc,1,0,"",""
ball,1,44.6,South Africa,JP Duminy,HE van der Dussen,MA Starc,1,0,"",""
ball,1,45.1,South Africa,JP Duminy,HE van der Dussen,GJ Maxwell,4,0,"",""
ball,1,45.2,South Africa,JP Duminy,HE van der Dussen,GJ Maxwell,1,0,"",""
ball,1,45.3,South Africa,HE van der Dussen,JP Duminy,GJ Maxwell,6,0,"",""
ball,1,45.4,South Africa,HE van der Dussen,JP Duminy,GJ Maxwell,2,0,"",""
ball,1,45.5,South Africa,HE van der Dussen,JP Duminy,GJ Maxwell,0,0,"",""
ball,1,45.6,South Africa,HE van der Dussen,JP Duminy,GJ Maxwell,1,0,"",""
ball,1,46.1,South Africa,HE van der Dussen,JP Duminy,MA Starc,1,0,"",""
ball,1,46.2,South Africa,JP Duminy,HE van der Dussen,MA Starc,1,0,"",""
ball,1,46.3,South Africa,HE van der Dussen,JP Duminy,MA Starc,1,0,"",""
ball,1,46.4,South Africa,JP Duminy,HE van der Dussen,MA Starc,2,0,"",""
ball,1,46.5,South Africa,JP Duminy,HE van der Dussen,MA Starc,0,0,caught,JP Duminy
ball,1,46.6,South Africa,HE van der Dussen,D Pretorius,MA Starc,2,0,"",""
ball,1,47.1,South Africa,D Pretorius,HE van der Dussen,PJ Cummins,0,1,"",""
ball,1,47.2,South Africa,D Pretorius,HE van der Dussen,PJ Cummins,0,0,"",""
ball,1,47.3,South Africa,D Pretorius,HE van der Dussen,PJ Cummins,1,0,"",""
ball,1,47.4,South Africa,HE van der Dussen,D Pretorius,PJ Cummins,6,0,"",""
ball,1,47.5,South Africa,HE van der Dussen,D Pretorius,PJ Cummins,0,1,"",""
ball,1,47.6,South Africa,HE van der Dussen,D Pretorius,PJ Cummins,4,0,"",""
ball,1,47.7,South Africa,HE van der Dussen,D Pretorius,PJ Cummins,2,0,"",""
ball,1,47.8,South Africa,HE van der Dussen,D Pretorius,PJ Cummins,1,0,"",""
ball,1,48.1,South Africa,HE van der Dussen,D Pretorius,MA Starc,1,0,"",""
ball,1,48.2,South Africa,D Pretorius,HE van der Dussen,MA Starc,1,0,"",""
ball,1,48.3,South Africa,HE van der Dussen,D Pretorius,MA Starc,1,0,"",""
ball,1,48.4,South Africa,D Pretorius,HE van der Dussen,MA Starc,0,1,"",""
ball,1,48.5,South Africa,D Pretorius,HE van der Dussen,MA Starc,0,0,"",""
ball,1,48.6,South Africa,D Pretorius,HE van der Dussen,MA Starc,0,0,bowled,D Pretorius
ball,1,48.7,South Africa,AL Phehlukwayo,HE van der Dussen,MA Starc,0,0,"",""
ball,1,49.1,South Africa,HE van der Dussen,AL Phehlukwayo,PJ Cummins,1,0,"",""
ball,1,49.2,South Africa,AL Phehlukwayo,HE van der Dussen,PJ Cummins,4,0,"",""
ball,1,49.3,South Africa,AL Phehlukwayo,HE van der Dussen,PJ Cummins,0,1,"",""
ball,1,49.4,South Africa,HE van der Dussen,AL Phehlukwayo,PJ Cummins,2,0,"",""
ball,1,49.5,South Africa,HE van der Dussen,AL Phehlukwayo,PJ Cummins,0,0,"",""
ball,1,49.6,South Africa,HE van der Dussen,AL Phehlukwayo,PJ Cummins,0,0,caught,HE van der Dussen
ball,2,0.1,Australia,DA Warner,AJ Finch,Imran Tahir,0,0,"",""
ball,2,0.2,Australia,DA Warner,AJ Finch,Imran Tahir,0,0,"",""
ball,2,0.3,Australia,DA Warner,AJ Finch,Imran Tahir,0,0,"",""
ball,2,0.4,Australia,DA Warner,AJ Finch,Imran Tahir,1,0,"",""
ball,2,0.5,Australia,AJ Finch,DA Warner,Imran Tahir,1,0,"",""
ball,2,0.6,Australia,DA Warner,AJ Finch,Imran Tahir,0,0,"",""
ball,2,1.1,Australia,AJ Finch,DA Warner,K Rabada,1,0,"",""
ball,2,1.2,Australia,DA Warner,AJ Finch,K Rabada,0,0,"",""
ball,2,1.3,Australia,DA Warner,AJ Finch,K Rabada,1,0,"",""
ball,2,1.4,Australia,AJ Finch,DA Warner,K Rabada,1,0,"",""
ball,2,1.5,Australia,DA Warner,AJ Finch,K Rabada,0,0,"",""
ball,2,1.6,Australia,DA Warner,AJ Finch,K Rabada,0,0,"",""
ball,2,2.1,Australia,AJ Finch,DA Warner,Imran Tahir,0,0,caught,AJ Finch
ball,2,2.2,Australia,UT Khawaja,DA Warner,Imran Tahir,1,0,"",""
ball,2,2.3,Australia,DA Warner,UT Khawaja,Imran Tahir,2,0,"",""
ball,2,2.4,Australia,DA Warner,UT Khawaja,Imran Tahir,1,0,"",""
ball,2,2.5,Australia,UT Khawaja,DA Warner,Imran Tahir,0,0,"",""
ball,2,2.6,Australia,UT Khawaja,DA Warner,Imran Tahir,4,0,"",""
ball,2,3.1,Australia,DA Warner,UT Khawaja,K Rabada,4,0,"",""
ball,2,3.2,Australia,DA Warner,UT Khawaja,K Rabada,0,0,"",""
ball,2,3.3,Australia,DA Warner,UT Khawaja,K Rabada,0,0,"",""
ball,2,3.4,Australia,DA Warner,UT Khawaja,K Rabada,0,0,"",""
ball,2,3.5,Australia,DA Warner,UT Khawaja,K Rabada,0,0,"",""
ball,2,3.6,Australia,DA Warner,UT Khawaja,K Rabada,1,0,"",""
ball,2,4.1,Australia,DA Warner,UT Khawaja,Imran Tahir,1,0,"",""
ball,2,4.2,Australia,UT Khawaja,DA Warner,Imran Tahir,0,0,"",""
ball,2,4.3,Australia,UT Khawaja,DA Warner,Imran Tahir,1,0,"",""
ball,2,4.4,Australia,DA Warner,UT Khawaja,Imran Tahir,0,0,"",""
ball,2,4.5,Australia,DA Warner,SPD Smith,Imran Tahir,0,0,"",""
ball,2,4.6,Australia,DA Warner,SPD Smith,Imran Tahir,0,0,"",""
ball,2,5.1,Australia,SPD Smith,DA Warner,K Rabada,0,0,"",""
ball,2,5.2,Australia,SPD Smith,DA Warner,K Rabada,0,0,"",""
ball,2,5.3,Australia,SPD Smith,DA Warner,K Rabada,3,0,"",""
ball,2,5.4,Australia,DA Warner,SPD Smith,K Rabada,6,0,"",""
ball,2,5.5,Australia,DA Warner,SPD Smith,K Rabada,0,0,"",""
ball,2,5.6,Australia,DA Warner,SPD Smith,K Rabada,0,0,"",""
ball,2,6.1,Australia,SPD Smith,DA Warner,D Pretorius,0,0,"",""
ball,2,6.2,Australia,SPD Smith,DA Warner,D Pretorius,4,0,"",""
ball,2,6.3,Australia,SPD Smith,DA Warner,D Pretorius,0,0,lbw,SPD Smith
ball,2,6.4,Australia,MP Stoinis,DA Warner,D Pretorius,0,0,"",""
ball,2,6.5,Australia,MP Stoinis,DA Warner,D Pretorius,0,0,"",""
ball,2,6.6,Australia,MP Stoinis,DA Warner,D Pretorius,0,0,"",""
ball,2,7.1,Australia,DA Warner,MP Stoinis,K Rabada,0,0,"",""
ball,2,7.2,Australia,DA Warner,MP Stoinis,K Rabada,0,0,"",""
ball,2,7.3,Australia,DA Warner,MP Stoinis,K Rabada,0,0,"",""
ball,2,7.4,Australia,DA Warner,MP Stoinis,K Rabada,4,0,"",""
ball,2,7.5,Australia,DA Warner,MP Stoinis,K Rabada,1,0,"",""
ball,2,7.6,Australia,MP Stoinis,DA Warner,K Rabada,0,0,"",""
ball,2,8.1,Australia,DA Warner,MP Stoinis,D Pretorius,0,1,"",""
ball,2,8.2,Australia,MP Stoinis,DA Warner,D Pretorius,0,0,"",""
ball,2,8.3,Australia,MP Stoinis,DA Warner,D Pretorius,0,0,"",""
ball,2,8.4,Australia,MP Stoinis,DA Warner,D Pretorius,0,0,"",""
ball,2,8.5,Australia,MP Stoinis,DA Warner,D Pretorius,0,0,"",""
ball,2,8.6,Australia,MP Stoinis,DA Warner,D Pretorius,0,0,"",""
ball,2,9.1,Australia,DA Warner,MP Stoinis,K Rabada,1,0,"",""
ball,2,9.2,Australia,MP Stoinis,DA Warner,K Rabada,0,0,"",""
ball,2,9.3,Australia,MP Stoinis,DA Warner,K Rabada,0,0,"",""
ball,2,9.4,Australia,MP Stoinis,DA Warner,K Rabada,0,0,"",""
ball,2,9.5,Australia,MP Stoinis,DA Warner,K Rabada,0,0,"",""
ball,2,9.6,Australia,MP Stoinis,DA Warner,K Rabada,4,0,"",""
ball,2,10.1,Australia,DA Warner,MP Stoinis,D Pretorius,1,0,"",""
ball,2,10.2,Australia,MP Stoinis,DA Warner,D Pretorius,2,0,"",""
ball,2,10.3,Australia,MP Stoinis,DA Warner,D Pretorius,0,0,"",""
ball,2,10.4,Australia,MP Stoinis,DA Warner,D Pretorius,0,0,"",""
ball,2,10.5,Australia,MP Stoinis,DA Warner,D Pretorius,0,0,"",""
ball,2,10.6,Australia,MP Stoinis,DA Warner,D Pretorius,0,0,"",""
ball,2,11.1,Australia,DA Warner,MP Stoinis,CH Morris,4,0,"",""
ball,2,11.2,Australia,DA Warner,MP Stoinis,CH Morris,0,0,"",""
ball,2,11.3,Australia,DA Warner,MP Stoinis,CH Morris,0,0,"",""
ball,2,11.4,Australia,DA Warner,MP Stoinis,CH Morris,0,0,"",""
ball,2,11.5,Australia,DA Warner,MP Stoinis,CH Morris,0,0,"",""
ball,2,11.6,Australia,DA Warner,MP Stoinis,CH Morris,0,0,"",""
ball,2,12.1,Australia,MP Stoinis,DA Warner,D Pretorius,0,1,"",""
ball,2,12.2,Australia,MP Stoinis,DA Warner,D Pretorius,0,0,"",""
ball,2,12.3,Australia,MP Stoinis,DA Warner,D Pretorius,0,0,"",""
ball,2,12.4,Australia,MP Stoinis,DA Warner,D Pretorius,4,0,"",""
ball,2,12.5,Australia,MP Stoinis,DA Warner,D Pretorius,1,0,"",""
ball,2,12.6,Australia,DA Warner,MP Stoinis,D Pretorius,4,0,"",""
ball,2,12.7,Australia,DA Warner,MP Stoinis,D Pretorius,1,0,"",""
ball,2,13.1,Australia,DA Warner,MP Stoinis,CH Morris,0,0,"",""
ball,2,13.2,Australia,DA Warner,MP Stoinis,CH Morris,0,0,"",""
ball,2,13.3,Australia,DA Warner,MP Stoinis,CH Morris,1,0,"",""
ball,2,13.4,Australia,MP Stoinis,DA Warner,CH Morris,0,0,"",""
ball,2,13.5,Australia,MP Stoinis,DA Warner,CH Morris,0,0,"",""
ball,2,13.6,Australia,MP Stoinis,DA Warner,CH Morris,0,0,"",""
ball,2,14.1,Australia,DA Warner,MP Stoinis,D Pretorius,0,0,"",""
ball,2,14.2,Australia,DA Warner,MP Stoinis,D Pretorius,4,0,"",""
ball,2,14.3,Australia,DA Warner,MP Stoinis,D Pretorius,1,0,"",""
ball,2,14.4,Australia,MP Stoinis,DA Warner,D Pretorius,4,0,"",""
ball,2,14.5,Australia,MP Stoinis,DA Warner,D Pretorius,0,0,"",""
ball,2,14.6,Australia,MP Stoinis,DA Warner,D Pretorius,0,0,"",""
ball,2,15.1,Australia,DA Warner,MP Stoinis,CH Morris,0,0,"",""
ball,2,15.2,Australia,DA Warner,MP Stoinis,CH Morris,0,0,"",""
ball,2,15.3,Australia,DA Warner,MP Stoinis,CH Morris,6,0,"",""
ball,2,15.4,Australia,DA Warner,MP Stoinis,CH Morris,1,0,"",""
ball,2,15.5,Australia,MP Stoinis,DA Warner,CH Morris,1,0,"",""
ball,2,15.6,Australia,DA Warner,MP Stoinis,CH Morris,1,0,"",""
ball,2,16.1,Australia,DA Warner,MP Stoinis,Imran Tahir,0,0,"",""
ball,2,16.2,Australia,DA Warner,MP Stoinis,Imran Tahir,1,0,"",""
ball,2,16.3,Australia,MP Stoinis,DA Warner,Imran Tahir,1,0,"",""
ball,2,16.4,Australia,DA Warner,MP Stoinis,Imran Tahir,0,0,"",""
ball,2,16.5,Australia,DA Warner,MP Stoinis,Imran Tahir,0,0,"",""
ball,2,16.6,Australia,DA Warner,MP Stoinis,Imran Tahir,1,0,"",""
ball,2,17.1,Australia,DA Warner,MP Stoinis,CH Morris,0,0,"",""
ball,2,17.2,Australia,DA Warner,MP Stoinis,CH Morris,1,0,"",""
ball,2,17.3,Australia,MP Stoinis,DA Warner,CH Morris,1,0,"",""
ball,2,17.4,Australia,DA Warner,MP Stoinis,CH Morris,1,0,"",""
ball,2,17.5,Australia,MP Stoinis,DA Warner,CH Morris,4,0,"",""
ball,2,17.6,Australia,MP Stoinis,DA Warner,CH Morris,0,0,"",""
ball,2,18.1,Australia,DA Warner,MP Stoinis,Imran Tahir,4,0,"",""
ball,2,18.2,Australia,DA Warner,MP Stoinis,Imran Tahir,0,0,"",""
ball,2,18.3,Australia,DA Warner,MP Stoinis,Imran Tahir,0,0,run out,MP Stoinis
ball,2,18.4,Australia,GJ Maxwell,DA Warner,Imran Tahir,0,0,"",""
ball,2,18.5,Australia,GJ Maxwell,DA Warner,Imran Tahir,0,0,"",""
ball,2,18.6,Australia,GJ Maxwell,DA Warner,Imran Tahir,0,0,"",""
ball,2,19.1,Australia,DA Warner,GJ Maxwell,T Shamsi,0,0,"",""
ball,2,19.2,Australia,DA Warner,GJ Maxwell,T Shamsi,0,0,"",""
ball,2,19.3,Australia,DA Warner,GJ Maxwell,T Shamsi,0,0,"",""
ball,2,19.4,Australia,DA Warner,GJ Maxwell,T Shamsi,0,0,"",""
ball,2,19.5,Australia,DA Warner,GJ Maxwell,T Shamsi,1,0,"",""
ball,2,19.6,Australia,GJ Maxwell,DA Warner,T Shamsi,1,0,"",""
ball,2,20.1,Australia,GJ Maxwell,DA Warner,AL Phehlukwayo,0,0,"",""
ball,2,20.2,Australia,GJ Maxwell,DA Warner,AL Phehlukwayo,4,0,"",""
ball,2,20.3,Australia,GJ Maxwell,DA Warner,AL Phehlukwayo,1,0,"",""
ball,2,20.4,Australia,DA Warner,GJ Maxwell,AL Phehlukwayo,4,0,"",""
ball,2,20.5,Australia,DA Warner,GJ Maxwell,AL Phehlukwayo,1,0,"",""
ball,2,20.6,Australia,GJ Maxwell,DA Warner,AL Phehlukwayo,0,0,"",""
ball,2,21.1,Australia,DA Warner,GJ Maxwell,T Shamsi,0,0,"",""
ball,2,21.2,Australia,DA Warner,GJ Maxwell,T Shamsi,0,0,"",""
ball,2,21.3,Australia,DA Warner,GJ Maxwell,T Shamsi,1,0,"",""
ball,2,21.4,Australia,GJ Maxwell,DA Warner,T Shamsi,0,0,"",""
ball,2,21.5,Australia,GJ Maxwell,DA Warner,T Shamsi,1,0,"",""
ball,2,21.6,Australia,DA Warner,GJ Maxwell,T Shamsi,4,0,"",""
ball,2,22.1,Australia,GJ Maxwell,DA Warner,K Rabada,0,0,"",""
ball,2,22.2,Australia,GJ Maxwell,DA Warner,K Rabada,0,0,"",""
ball,2,22.3,Australia,GJ Maxwell,DA Warner,K Rabada,2,0,"",""
ball,2,22.4,Australia,GJ Maxwell,DA Warner,K Rabada,0,0,"",""
ball,2,22.5,Australia,GJ Maxwell,DA Warner,K Rabada,0,0,"",""
ball,2,22.6,Australia,GJ Maxwell,DA Warner,K Rabada,1,0,"",""
ball,2,23.1,Australia,GJ Maxwell,DA Warner,T Shamsi,1,0,"",""
ball,2,23.2,Australia,DA Warner,GJ Maxwell,T Shamsi,1,0,"",""
ball,2,23.3,Australia,GJ Maxwell,DA Warner,T Shamsi,0,0,"",""
ball,2,23.4,Australia,GJ Maxwell,DA Warner,T Shamsi,1,0,"",""
ball,2,23.5,Australia,DA Warner,GJ Maxwell,T Shamsi,0,0,"",""
ball,2,23.6,Australia,DA Warner,GJ Maxwell,T Shamsi,0,0,"",""
ball,2,24.1,Australia,GJ Maxwell,DA Warner,K Rabada,0,0,caught,GJ Maxwell
ball,2,24.2,Australia,AT Carey,DA Warner,K Rabada,0,0,"",""
ball,2,24.3,Australia,AT Carey,DA Warner,K Rabada,0,0,"",""
ball,2,24.4,Australia,AT Carey,DA Warner,K Rabada,4,0,"",""
ball,2,24.5,Australia,AT Carey,DA Warner,K Rabada,1,0,"",""
ball,2,24.6,Australia,DA Warner,AT Carey,K Rabada,1,0,"",""
ball,2,25.1,Australia,DA Warner,AT Carey,JP Duminy,1,0,"",""
ball,2,25.2,Australia,AT Carey,DA Warner,JP Duminy,0,0,"",""
ball,2,25.3,Australia,AT Carey,DA Warner,JP Duminy,0,0,"",""
ball,2,25.4,Australia,AT Carey,DA Warner,JP Duminy,0,0,"",""
ball,2,25.5,Australia,AT Carey,DA Warner,JP Duminy,0,0,"",""
ball,2,25.6,Australia,AT Carey,DA Warner,JP Duminy,0,0,"",""
ball,2,26.1,Australia,DA Warner,AT Carey,T Shamsi,1,0,"",""
ball,2,26.2,Australia,AT Carey,DA Warner,T Shamsi,0,0,"",""
ball,2,26.3,Australia,AT Carey,DA Warner,T Shamsi,0,0,"",""
ball,2,26.4,Australia,AT Carey,DA Warner,T Shamsi,1,0,"",""
ball,2,26.5,Australia,DA Warner,AT Carey,T Shamsi,1,0,"",""
ball,2,26.6,Australia,AT Carey,DA Warner,T Shamsi,2,0,"",""
ball,2,27.1,Australia,DA Warner,AT Carey,JP Duminy,1,0,"",""
ball,2,27.2,Australia,AT Carey,DA Warner,JP Duminy,1,0,"",""
ball,2,27.3,Australia,DA Warner,AT Carey,JP Duminy,1,0,"",""
ball,2,27.4,Australia,AT Carey,DA Warner,JP Duminy,1,0,"",""
ball,2,27.5,Australia,DA Warner,AT Carey,JP Duminy,1,0,"",""
ball,2,27.6,Australia,AT Carey,DA Warner,JP Duminy,0,0,"",""
ball,2,28.1,Australia,DA Warner,AT Carey,T Shamsi,0,0,"",""
ball,2,28.2,Australia,DA Warner,AT Carey,T Shamsi,1,0,"",""
ball,2,28.3,Australia,AT Carey,DA Warner,T Shamsi,0,0,"",""
ball,2,28.4,Australia,AT Carey,DA Warner,T Shamsi,1,0,"",""
ball,2,28.5,Australia,DA Warner,AT Carey,T Shamsi,2,0,"",""
ball,2,28.6,Australia,DA Warner,AT Carey,T Shamsi,1,0,"",""
ball,2,29.1,Australia,DA Warner,AT Carey,JP Duminy,4,0,"",""
ball,2,29.2,Australia,DA Warner,AT Carey,JP Duminy,1,0,"",""
ball,2,29.3,Australia,AT Carey,DA Warner,JP Duminy,0,0,"",""
ball,2,29.4,Australia,AT Carey,DA Warner,JP Duminy,1,0,"",""
ball,2,29.5,Australia,DA Warner,AT Carey,JP Duminy,0,0,"",""
ball,2,29.6,Australia,DA Warner,AT Carey,JP Duminy,1,0,"",""
ball,2,30.1,Australia,DA Warner,AT Carey,T Shamsi,0,0,"",""
ball,2,30.2,Australia,DA Warner,AT Carey,T Shamsi,1,0,"",""
ball,2,30.3,Australia,AT Carey,DA Warner,T Shamsi,4,0,"",""
ball,2,30.4,Australia,AT Carey,DA Warner,T Shamsi,1,0,"",""
ball,2,30.5,Australia,DA Warner,AT Carey,T Shamsi,3,0,"",""
ball,2,30.6,Australia,AT Carey,DA Warner,T Shamsi,0,0,"",""
ball,2,31.1,Australia,DA Warner,AT Carey,JP Duminy,0,0,"",""
ball,2,31.2,Australia,DA Warner,AT Carey,JP Duminy,0,1,"",""
ball,2,31.3,Australia,AT Carey,DA Warner,JP Duminy,4,0,"",""
ball,2,31.4,Australia,AT Carey,DA Warner,JP Duminy,0,0,"",""
ball,2,31.5,Australia,AT Carey,DA Warner,JP Duminy,4,0,"",""
ball,2,31.6,Australia,AT Carey,DA Warner,JP Duminy,1,0,"",""
ball,2,32.1,Australia,AT Carey,DA Warner,Imran Tahir,1,0,"",""
ball,2,32.2,Australia,DA Warner,AT Carey,Imran Tahir,4,0,"",""
ball,2,32.3,Australia,DA Warner,AT Carey,Imran Tahir,1,0,"",""
ball,2,32.4,Australia,AT Carey,DA Warner,Imran Tahir,0,0,"",""
ball,2,32.5,Australia,AT Carey,DA Warner,Imran Tahir,0,0,"",""
ball,2,32.6,Australia,AT Carey,DA Warner,Imran Tahir,1,0,"",""
ball,2,33.1,Australia,AT Carey,DA Warner,CH Morris,0,0,"",""
ball,2,33.2,Australia,AT Carey,DA Warner,CH Morris,1,0,"",""
ball,2,33.3,Australia,DA Warner,AT Carey,CH Morris,4,0,"",""
ball,2,33.4,Australia,DA Warner,AT Carey,CH Morris,4,0,"",""
ball,2,33.5,Australia,DA Warner,AT Carey,CH Morris,0,0,"",""
ball,2,33.6,Australia,DA Warner,AT Carey,CH Morris,0,0,"",""
ball,2,34.1,Australia,AT Carey,DA Warner,Imran Tahir,4,0,"",""
ball,2,34.2,Australia,AT Carey,DA Warner,Imran Tahir,1,0,"",""
ball,2,34.3,Australia,DA Warner,AT Carey,Imran Tahir,0,0,"",""
ball,2,34.4,Australia,DA Warner,AT Carey,Imran Tahir,1,0,"",""
ball,2,34.5,Australia,AT Carey,DA Warner,Imran Tahir,1,0,"",""
ball,2,34.6,Australia,DA Warner,AT Carey,Imran Tahir,0,1,"",""
ball,2,35.1,Australia,DA Warner,AT Carey,CH Morris,4,0,"",""
ball,2,35.2,Australia,DA Warner,AT Carey,CH Morris,1,0,"",""
ball,2,35.3,Australia,AT Carey,DA Warner,CH Morris,0,0,"",""
ball,2,35.4,Australia,AT Carey,DA Warner,CH Morris,0,0,"",""
ball,2,35.5,Australia,AT Carey,DA Warner,CH Morris,1,0,"",""
ball,2,35.6,Australia,DA Warner,AT Carey,CH Morris,2,0,"",""
ball,2,36.1,Australia,AT Carey,DA Warner,T Shamsi,4,0,"",""
ball,2,36.2,Australia,AT Carey,DA Warner,T Shamsi,1,0,"",""
ball,2,36.3,Australia,DA Warner,AT Carey,T Shamsi,4,0,"",""
ball,2,36.4,Australia,DA Warner,AT Carey,T Shamsi,4,0,"",""
ball,2,36.5,Australia,DA Warner,AT Carey,T Shamsi,1,0,"",""
ball,2,36.6,Australia,AT Carey,DA Warner,T Shamsi,2,0,"",""
ball,2,37.1,Australia,DA Warner,AT Carey,CH Morris,1,0,"",""
ball,2,37.2,Australia,AT Carey,DA Warner,CH Morris,1,0,"",""
ball,2,37.3,Australia,DA Warner,AT Carey,CH Morris,1,0,"",""
ball,2,37.4,Australia,AT Carey,DA Warner,CH Morris,0,0,"",""
ball,2,37.5,Australia,AT Carey,DA Warner,CH Morris,1,0,"",""
ball,2,37.6,Australia,DA Warner,AT Carey,CH Morris,1,0,"",""
ball,2,38.1,Australia,DA Warner,AT Carey,K Rabada,0,1,"",""
ball,2,38.2,Australia,AT Carey,DA Warner,K Rabada,1,0,"",""
ball,2,38.3,Australia,DA Warner,AT Carey,K Rabada,1,0,"",""
ball,2,38.4,Australia,AT Carey,DA Warner,K Rabada,4,0,"",""
ball,2,38.5,Australia,AT Carey,DA Warner,K Rabada,0,0,"",""
ball,2,38.6,Australia,AT Carey,DA Warner,K Rabada,0,0,"",""
ball,2,39.1,Australia,DA Warner,AT Carey,D Pretorius,0,0,caught,DA Warner
ball,2,39.2,Australia,PJ Cummins,AT Carey,D Pretorius,0,0,"",""
ball,2,39.3,Australia,PJ Cummins,AT Carey,D Pretorius,0,0,"",""
ball,2,39.4,Australia,PJ Cummins,AT Carey,D Pretorius,0,0,"",""
ball,2,39.5,Australia,PJ Cummins,AT Carey,D Pretorius,0,0,"",""
ball,2,39.6,Australia,PJ Cummins,AT Carey,D Pretorius,0,0,"",""
ball,2,40.1,Australia,AT Carey,PJ Cummins,Imran Tahir,2,0,"",""
ball,2,40.2,Australia,AT Carey,PJ Cummins,Imran Tahir,0,0,"",""
ball,2,40.3,Australia,AT Carey,PJ Cummins,Imran Tahir,1,0,"",""
ball,2,40.4,Australia,PJ Cummins,AT Carey,Imran Tahir,1,0,"",""
ball,2,40.5,Australia,AT Carey,PJ Cummins,Imran Tahir,4,0,"",""
ball,2,40.6,Australia,AT Carey,PJ Cummins,Imran Tahir,1,0,"",""
ball,2,41.1,Australia,AT Carey,PJ Cummins,T Shamsi,0,0,"",""
ball,2,41.2,Australia,AT Carey,PJ Cummins,T Shamsi,1,0,"",""
ball,2,41.3,Australia,PJ Cummins,AT Carey,T Shamsi,0,0,"",""
ball,2,41.4,Australia,PJ Cummins,AT Carey,T Shamsi,0,0,"",""
ball,2,41.5,Australia,PJ Cummins,AT Carey,T Shamsi,1,0,"",""
ball,2,41.6,Australia,AT Carey,PJ Cummins,T Shamsi,0,1,"",""
ball,2,41.7,Australia,AT Carey,PJ Cummins,T Shamsi,1,0,"",""
ball,2,42.1,Australia,AT Carey,PJ Cummins,Imran Tahir,1,0,"",""
ball,2,42.2,Australia,PJ Cummins,AT Carey,Imran Tahir,4,0,"",""
ball,2,42.3,Australia,PJ Cummins,AT Carey,Imran Tahir,1,0,"",""
ball,2,42.4,Australia,AT Carey,PJ Cummins,Imran Tahir,6,0,"",""
ball,2,42.5,Australia,AT Carey,PJ Cummins,Imran Tahir,4,0,"",""
ball,2,42.6,Australia,AT Carey,PJ Cummins,Imran Tahir,1,0,"",""
ball,2,43.1,Australia,AT Carey,PJ Cummins,T Shamsi,4,0,"",""
ball,2,43.2,Australia,AT Carey,PJ Cummins,T Shamsi,4,0,"",""
ball,2,43.3,Australia,AT Carey,PJ Cummins,T Shamsi,0,0,"",""
ball,2,43.4,Australia,AT Carey,PJ Cummins,T Shamsi,2,0,"",""
ball,2,43.5,Australia,AT Carey,PJ Cummins,T Shamsi,1,0,"",""
ball,2,43.6,Australia,PJ Cummins,AT Carey,T Shamsi,1,0,"",""
ball,2,44.1,Australia,PJ Cummins,AT Carey,AL Phehlukwayo,0,0,"",""
ball,2,44.2,Australia,PJ Cummins,AT Carey,AL Phehlukwayo,1,0,"",""
ball,2,44.3,Australia,AT Carey,PJ Cummins,AL Phehlukwayo,0,1,"",""
ball,2,44.4,Australia,AT Carey,PJ Cummins,AL Phehlukwayo,1,0,"",""
ball,2,44.5,Australia,PJ Cummins,AT Carey,AL Phehlukwayo,0,0,caught,PJ Cummins
ball,2,44.6,Australia,AT Carey,MA Starc,AL Phehlukwayo,1,0,"",""
ball,2,44.7,Australia,MA Starc,AT Carey,AL Phehlukwayo,1,0,"",""
ball,2,45.1,Australia,MA Starc,AT Carey,CH Morris,1,0,"",""
ball,2,45.2,Australia,AT Carey,MA Starc,CH Morris,0,0,caught,AT Carey
ball,2,45.3,Australia,MA Starc,UT Khawaja,CH Morris,0,0,"",""
ball,2,45.4,Australia,MA Starc,UT Khawaja,CH Morris,2,0,"",""
ball,2,45.5,Australia,MA Starc,UT Khawaja,CH Morris,0,0,"",""
ball,2,45.6,Australia,MA Starc,UT Khawaja,CH Morris,0,0,"",""
ball,2,46.1,Australia,UT Khawaja,MA Starc,K Rabada,0,0,"",""
ball,2,46.2,Australia,UT Khawaja,MA Starc,K Rabada,0,0,"",""
ball,2,46.3,Australia,UT Khawaja,MA Starc,K Rabada,1,0,"",""
ball,2,46.4,Australia,MA Starc,UT Khawaja,K Rabada,1,0,"",""
ball,2,46.5,Australia,UT Khawaja,MA Starc,K Rabada,4,0,"",""
ball,2,46.6,Australia,UT Khawaja,MA Starc,K Rabada,1,0,"",""
ball,2,47.1,Australia,UT Khawaja,MA Starc,CH Morris,1,0,"",""
ball,2,47.2,Australia,MA Starc,UT Khawaja,CH Morris,6,0,"",""
ball,2,47.3,Australia,MA Starc,UT Khawaja,CH Morris,4,0,"",""
ball,2,47.4,Australia,MA Starc,UT Khawaja,CH Morris,1,0,"",""
ball,2,47.5,Australia,UT Khawaja,MA Starc,CH Morris,4,0,"",""
ball,2,47.6,Australia,UT Khawaja,MA Starc,CH Morris,1,0,"",""
ball,2,48.1,Australia,UT Khawaja,MA Starc,K Rabada,0,0,bowled,UT Khawaja
ball,2,48.2,Australia,JP Behrendorff,MA Starc,K Rabada,2,0,"",""
ball,2,48.3,Australia,JP Behrendorff,MA Starc,K Rabada,2,0,"",""
ball,2,48.4,Australia,JP Behrendorff,MA Starc,K Rabada,1,0,"",""
ball,2,48.5,Australia,MA Starc,JP Behrendorff,K Rabada,0,0,bowled,MA Starc
ball,2,48.6,Australia,NM Lyon,JP Behrendorff,K Rabada,2,0,"",""
ball,2,49.1,Australia,JP Behrendorff,NM Lyon,AL Phehlukwayo,3,0,"",""
ball,2,49.2,Australia,NM Lyon,JP Behrendorff,AL Phehlukwayo,1,0,"",""
ball,2,49.3,Australia,JP Behrendorff,NM Lyon,AL Phehlukwayo,2,0,"",""
ball,2,49.4,Australia,JP Behrendorff,NM Lyon,AL Phehlukwayo,1,0,"",""
ball,2,49.5,Australia,NM Lyon,JP Behrendorff,AL Phehlukwayo,0,0,caught,NM Lyon
