version,1.3.0
info,team,Afghanistan
info,team,Sri Lanka
info,gender,male
info,season,2019
info,date,2019/06/04
info,competition,World Cup
info,match_number,7
info,venue,Sophia Gardens
info,city,Cardiff
info,toss_winner,Afghanistan
info,toss_decision,field
info,player_of_match,N Pradeep
info,umpire,P Wilson
info,umpire,NJ Llong
info,reserve_umpire,IJ Gould
info,tv_umpire,RJ Tucker
info,match_referee,AJ Pycroft
info,winner,Sri Lanka
info,winner_runs,34
info,method,D/L
ball,1,0.1,Sri Lanka,FDM Karunaratne,MDKJ Perera,Dawlat Zadran,0,0,"",""
ball,1,0.2,Sri Lanka,FDM Karunaratne,MDKJ Perera,Dawlat Zadran,0,0,"",""
ball,1,0.3,Sri Lanka,FDM Karunaratne,MDKJ Perera,Dawlat Zadran,0,0,"",""
ball,1,0.4,Sri Lanka,FDM Karunaratne,MDKJ Perera,Dawlat Zadran,0,0,"",""
ball,1,0.5,Sri Lanka,FDM Karunaratne,MDKJ Perera,Dawlat Zadran,0,1,"",""
ball,1,0.6,Sri Lanka,FDM Karunaratne,MDKJ Perera,Dawlat Zadran,4,0,"",""
ball,1,0.7,Sri Lanka,FDM Karunaratne,MDKJ Perera,Dawlat Zadran,0,0,"",""
ball,1,1.1,Sri Lanka,MDKJ Perera,FDM Karunaratne,Hamid Hassan,4,0,"",""
ball,1,1.2,Sri Lanka,MDKJ Perera,FDM Karunaratne,Hamid Hassan,3,0,"",""
ball,1,1.3,Sri Lanka,FDM Karunaratne,MDKJ Perera,Hamid Hassan,0,1,"",""
ball,1,1.4,Sri Lanka,MDKJ Perera,FDM Karunaratne,Hamid Hassan,4,0,"",""
ball,1,1.5,Sri Lanka,MDKJ Perera,FDM Karunaratne,Hamid Hassan,1,0,"",""
ball,1,1.6,Sri Lanka,FDM Karunaratne,MDKJ Perera,Hamid Hassan,2,0,"",""
ball,1,2.1,Sri Lanka,MDKJ Perera,FDM Karunaratne,Dawlat Zadran,0,0,"",""
ball,1,2.2,Sri Lanka,MDKJ Perera,FDM Karunaratne,Dawlat Zadran,1,0,"",""
ball,1,2.3,Sri Lanka,FDM Karunaratne,MDKJ Perera,Dawlat Zadran,0,0,"",""
ball,1,2.4,Sri Lanka,FDM Karunaratne,MDKJ Perera,Dawlat Zadran,0,0,"",""
ball,1,2.5,Sri Lanka,FDM Karunaratne,MDKJ Perera,Dawlat Zadran,0,0,"",""
ball,1,2.6,Sri Lanka,FDM Karunaratne,MDKJ Perera,Dawlat Zadran,0,0,"",""
ball,1,3.1,Sri Lanka,MDKJ Perera,FDM Karunaratne,Hamid Hassan,1,0,"",""
ball,1,3.2,Sri Lanka,FDM Karunaratne,MDKJ Perera,Hamid Hassan,0,5,"",""
ball,1,3.3,Sri Lanka,FDM Karunaratne,MDKJ Perera,Hamid Hassan,1,0,"",""
ball,1,3.4,Sri Lanka,MDKJ Perera,FDM Karunaratne,Hamid Hassan,4,0,"",""
ball,1,3.5,Sri Lanka,MDKJ Perera,FDM Karunaratne,Hamid Hassan,1,0,"",""
ball,1,3.6,Sri Lanka,FDM Karunaratne,MDKJ Perera,Hamid Hassan,4,0,"",""
ball,1,3.7,Sri Lanka,FDM Karunaratne,MDKJ Perera,Hamid Hassan,0,0,"",""
ball,1,4.1,Sri Lanka,MDKJ Perera,FDM Karunaratne,Dawlat Zadran,0,0,"",""
ball,1,4.2,Sri Lanka,MDKJ Perera,FDM Karunaratne,Dawlat Zadran,4,0,"",""
ball,1,4.3,Sri Lanka,MDKJ Perera,FDM Karunaratne,Dawlat Zadran,0,5,"",""
ball,1,4.4,Sri Lanka,MDKJ Perera,FDM Karunaratne,Dawlat Zadran,1,0,"",""
ball,1,4.5,Sri Lanka,FDM Karunaratne,MDKJ Perera,Dawlat Zadran,0,0,"",""
ball,1,4.6,Sri Lanka,FDM Karunaratne,MDKJ Perera,Dawlat Zadran,0,1,"",""
ball,1,4.7,Sri Lanka,FDM Karunaratne,MDKJ Perera,Dawlat Zadran,0,4,"",""
ball,1,4.8,Sri Lanka,FDM Karunaratne,MDKJ Perera,Dawlat Zadran,0,0,"",""
ball,1,5.1,Sri Lanka,MDKJ Perera,FDM Karunaratne,Mujeeb Ur Rahman,1,0,"",""
ball,1,5.2,Sri Lanka,FDM Karunaratne,MDKJ Perera,Mujeeb Ur Rahman,1,0,"",""
ball,1,5.3,Sri Lanka,MDKJ Perera,FDM Karunaratne,Mujeeb Ur Rahman,1,0,"",""
ball,1,5.4,Sri Lanka,FDM Karunaratne,MDKJ Perera,Mujeeb Ur Rahman,0,0,"",""
ball,1,5.5,Sri Lanka,FDM Karunaratne,MDKJ Perera,Mujeeb Ur Rahman,0,0,"",""
ball,1,5.6,Sri Lanka,FDM Karunaratne,MDKJ Perera,Mujeeb Ur Rahman,4,0,"",""
ball,1,6.1,Sri Lanka,MDKJ Perera,FDM Karunaratne,Mohammad Nabi,0,0,"",""
ball,1,6.2,Sri Lanka,MDKJ Perera,FDM Karunaratne,Mohammad Nabi,1,0,"",""
ball,1,6.3,Sri Lanka,FDM Karunaratne,MDKJ Perera,Mohammad Nabi,0,0,"",""
ball,1,6.4,Sri Lanka,FDM Karunaratne,MDKJ Perera,Mohammad Nabi,1,0,"",""
ball,1,6.5,Sri Lanka,MDKJ Perera,FDM Karunaratne,Mohammad Nabi,0,0,"",""
ball,1,6.6,Sri Lanka,MDKJ Perera,FDM Karunaratne,Mohammad Nabi,0,1,"",""
ball,1,7.1,Sri Lanka,MDKJ Perera,FDM Karunaratne,Mujeeb Ur Rahman,0,1,"",""
ball,1,7.2,Sri Lanka,MDKJ Perera,FDM Karunaratne,Mujeeb Ur Rahman,0,0,"",""
ball,1,7.3,Sri Lanka,MDKJ Perera,FDM Karunaratne,Mujeeb Ur Rahman,4,0,"",""
ball,1,7.4,Sri Lanka,MDKJ Perera,FDM Karunaratne,Mujeeb Ur Rahman,4,0,"",""
ball,1,7.5,Sri Lanka,MDKJ Perera,FDM Karunaratne,Mujeeb Ur Rahman,0,0,"",""
ball,1,7.6,Sri Lanka,MDKJ Perera,FDM Karunaratne,Mujeeb Ur Rahman,0,0,"",""
ball,1,7.7,Sri Lanka,MDKJ Perera,FDM Karunaratne,Mujeeb Ur Rahman,0,0,"",""
ball,1,8.1,Sri Lanka,FDM Karunaratne,MDKJ Perera,Mohammad Nabi,1,0,"",""
ball,1,8.2,Sri Lanka,MDKJ Perera,FDM Karunaratne,Mohammad Nabi,1,0,"",""
ball,1,8.3,Sri Lanka,FDM Karunaratne,MDKJ Perera,Mohammad Nabi,2,0,"",""
ball,1,8.4,Sri Lanka,FDM Karunaratne,MDKJ Perera,Mohammad Nabi,0,0,"",""
ball,1,8.5,Sri Lanka,FDM Karunaratne,MDKJ Perera,Mohammad Nabi,1,0,"",""
ball,1,8.6,Sri Lanka,MDKJ Perera,FDM Karunaratne,Mohammad Nabi,0,0,"",""
ball,1,9.1,Sri Lanka,FDM Karunaratne,MDKJ Perera,Mujeeb Ur Rahman,1,0,"",""
ball,1,9.2,Sri Lanka,MDKJ Perera,FDM Karunaratne,Mujeeb Ur Rahman,1,0,"",""
ball,1,9.3,Sri Lanka,FDM Karunaratne,MDKJ Perera,Mujeeb Ur Rahman,0,0,"",""
ball,1,9.4,Sri Lanka,FDM Karunaratne,MDKJ Perera,Mujeeb Ur Rahman,0,0,"",""
ball,1,9.5,Sri Lanka,FDM Karunaratne,MDKJ Perera,Mujeeb Ur Rahman,1,0,"",""
ball,1,9.6,Sri Lanka,MDKJ Perera,FDM Karunaratne,Mujeeb Ur Rahman,0,0,"",""
ball,1,10.1,Sri Lanka,FDM Karunaratne,MDKJ Perera,Gulbadin Naib,1,0,"",""
ball,1,10.2,Sri Lanka,MDKJ Perera,FDM Karunaratne,Gulbadin Naib,1,0,"",""
ball,1,10.3,Sri Lanka,FDM Karunaratne,MDKJ Perera,Gulbadin Naib,0,0,"",""
ball,1,10.4,Sri Lanka,FDM Karunaratne,MDKJ Perera,Gulbadin Naib,0,0,"",""
ball,1,10.5,Sri Lanka,FDM Karunaratne,MDKJ Perera,Gulbadin Naib,1,0,"",""
ball,1,10.6,Sri Lanka,MDKJ Perera,FDM Karunaratne,Gulbadin Naib,1,0,"",""
ball,1,11.1,Sri Lanka,MDKJ Perera,FDM Karunaratne,Mohammad Nabi,1,0,"",""
ball,1,11.2,Sri Lanka,FDM Karunaratne,MDKJ Perera,Mohammad Nabi,0,0,"",""
ball,1,11.3,Sri Lanka,FDM Karunaratne,MDKJ Perera,Mohammad Nabi,0,0,"",""
ball,1,11.4,Sri Lanka,FDM Karunaratne,MDKJ Perera,Mohammad Nabi,0,0,"",""
ball,1,11.5,Sri Lanka,FDM Karunaratne,MDKJ Perera,Mohammad Nabi,1,0,"",""
ball,1,11.6,Sri Lanka,MDKJ Perera,FDM Karunaratne,Mohammad Nabi,1,0,"",""
ball,1,12.1,Sri Lanka,MDKJ Perera,FDM Karunaratne,Gulbadin Naib,1,0,"",""
ball,1,12.2,Sri Lanka,FDM Karunaratne,MDKJ Perera,Gulbadin Naib,2,0,"",""
ball,1,12.3,Sri Lanka,FDM Karunaratne,MDKJ Perera,Gulbadin Naib,1,0,"",""
ball,1,12.4,Sri Lanka,MDKJ Perera,FDM Karunaratne,Gulbadin Naib,1,0,"",""
ball,1,12.5,Sri Lanka,FDM Karunaratne,MDKJ Perera,Gulbadin Naib,0,0,"",""
ball,1,12.6,Sri Lanka,FDM Karunaratne,MDKJ Perera,Gulbadin Naib,1,0,"",""
ball,1,13.1,Sri Lanka,FDM Karunaratne,MDKJ Perera,Mohammad Nabi,0,0,caught,FDM Karunaratne
ball,1,13.2,Sri Lanka,MDKJ Perera,HDRL Thirimanne,Mohammad Nabi,1,0,"",""
ball,1,13.3,Sri Lanka,HDRL Thirimanne,MDKJ Perera,Mohammad Nabi,1,0,"",""
ball,1,13.4,Sri Lanka,MDKJ Perera,HDRL Thirimanne,Mohammad Nabi,0,0,"",""
ball,1,13.5,Sri Lanka,MDKJ Perera,HDRL Thirimanne,Mohammad Nabi,1,0,"",""
ball,1,13.6,Sri Lanka,HDRL Thirimanne,MDKJ Perera,Mohammad Nabi,0,0,"",""
ball,1,14.1,Sri Lanka,MDKJ Perera,HDRL Thirimanne,Gulbadin Naib,1,0,"",""
ball,1,14.2,Sri Lanka,HDRL Thirimanne,MDKJ Perera,Gulbadin Naib,0,0,"",""
ball,1,14.3,Sri Lanka,HDRL Thirimanne,MDKJ Perera,Gulbadin Naib,1,0,"",""
ball,1,14.4,Sri Lanka,MDKJ Perera,HDRL Thirimanne,Gulbadin Naib,1,0,"",""
ball,1,14.5,Sri Lanka,HDRL Thirimanne,MDKJ Perera,Gulbadin Naib,0,1,"",""
ball,1,14.6,Sri Lanka,HDRL Thirimanne,MDKJ Perera,Gulbadin Naib,4,0,"",""
ball,1,14.7,Sri Lanka,HDRL Thirimanne,MDKJ Perera,Gulbadin Naib,1,0,"",""
ball,1,15.1,Sri Lanka,HDRL Thirimanne,MDKJ Perera,Rashid Khan,3,0,"",""
ball,1,15.2,Sri Lanka,MDKJ Perera,HDRL Thirimanne,Rashid Khan,1,0,"",""
ball,1,15.3,Sri Lanka,HDRL Thirimanne,MDKJ Perera,Rashid Khan,0,0,"",""
ball,1,15.4,Sri Lanka,HDRL Thirimanne,MDKJ Perera,Rashid Khan,0,0,"",""
ball,1,15.5,Sri Lanka,HDRL Thirimanne,MDKJ Perera,Rashid Khan,1,0,"",""
ball,1,15.6,Sri Lanka,MDKJ Perera,HDRL Thirimanne,Rashid Khan,0,0,"",""
ball,1,16.1,Sri Lanka,HDRL Thirimanne,MDKJ Perera,Gulbadin Naib,0,0,"",""
ball,1,16.2,Sri Lanka,HDRL Thirimanne,MDKJ Perera,Gulbadin Naib,0,0,"",""
ball,1,16.3,Sri Lanka,HDRL Thirimanne,MDKJ Perera,Gulbadin Naib,2,0,"",""
ball,1,16.4,Sri Lanka,HDRL Thirimanne,MDKJ Perera,Gulbadin Naib,1,1,"",""
ball,1,16.5,Sri Lanka,MDKJ Perera,HDRL Thirimanne,Gulbadin Naib,0,1,"",""
ball,1,16.6,Sri Lanka,MDKJ Perera,HDRL Thirimanne,Gulbadin Naib,0,1,"",""
ball,1,16.7,Sri Lanka,MDKJ Perera,HDRL Thirimanne,Gulbadin Naib,4,0,"",""
ball,1,16.8,Sri Lanka,MDKJ Perera,HDRL Thirimanne,Gulbadin Naib,2,0,"",""
ball,1,16.9,Sri Lanka,MDKJ Perera,HDRL Thirimanne,Gulbadin Naib,2,1,"",""
ball,1,16.1,Sri Lanka,MDKJ Perera,HDRL Thirimanne,Gulbadin Naib,4,0,"",""
ball,1,17.1,Sri Lanka,HDRL Thirimanne,MDKJ Perera,Rashid Khan,0,0,"",""
ball,1,17.2,Sri Lanka,HDRL Thirimanne,MDKJ Perera,Rashid Khan,0,0,"",""
ball,1,17.3,Sri Lanka,HDRL Thirimanne,MDKJ Perera,Rashid Khan,0,0,"",""
ball,1,17.4,Sri Lanka,HDRL Thirimanne,MDKJ Perera,Rashid Khan,1,0,"",""
ball,1,17.5,Sri Lanka,MDKJ Perera,HDRL Thirimanne,Rashid Khan,1,0,"",""
ball,1,17.6,Sri Lanka,HDRL Thirimanne,MDKJ Perera,Rashid Khan,1,0,"",""
ball,1,18.1,Sri Lanka,HDRL Thirimanne,MDKJ Perera,Hamid Hassan,1,0,"",""
ball,1,18.2,Sri Lanka,MDKJ Perera,HDRL Thirimanne,Hamid Hassan,1,0,"",""
ball,1,18.3,Sri Lanka,HDRL Thirimanne,MDKJ Perera,Hamid Hassan,0,0,"",""
ball,1,18.4,Sri Lanka,HDRL Thirimanne,MDKJ Perera,Hamid Hassan,1,0,"",""
ball,1,18.5,Sri Lanka,MDKJ Perera,HDRL Thirimanne,Hamid Hassan,1,0,"",""
ball,1,18.6,Sri Lanka,HDRL Thirimanne,MDKJ Perera,Hamid Hassan,1,0,"",""
ball,1,19.1,Sri Lanka,HDRL Thirimanne,MDKJ Perera,Rashid Khan,2,0,"",""
ball,1,19.2,Sri Lanka,HDRL Thirimanne,MDKJ Perera,Rashid Khan,0,0,"",""
ball,1,19.3,Sri Lanka,HDRL Thirimanne,MDKJ Perera,Rashid Khan,0,0,"",""
ball,1,19.4,Sri Lanka,HDRL Thirimanne,MDKJ Perera,Rashid Khan,0,0,"",""
ball,1,19.5,Sri Lanka,HDRL Thirimanne,MDKJ Perera,Rashid Khan,0,0,"",""
ball,1,19.6,Sri Lanka,HDRL Thirimanne,MDKJ Perera,Rashid Khan,1,0,"",""
ball,1,20.1,Sri Lanka,HDRL Thirimanne,MDKJ Perera,Hamid Hassan,2,0,"",""
ball,1,20.2,Sri Lanka,HDRL Thirimanne,MDKJ Perera,Hamid Hassan,1,0,"",""
ball,1,20.3,Sri Lanka,MDKJ Perera,HDRL Thirimanne,Hamid Hassan,0,0,"",""
ball,1,20.4,Sri Lanka,MDKJ Perera,HDRL Thirimanne,Hamid Hassan,2,0,"",""
ball,1,20.5,Sri Lanka,MDKJ Perera,HDRL Thirimanne,Hamid Hassan,0,0,"",""
ball,1,20.6,Sri Lanka,MDKJ Perera,HDRL Thirimanne,Hamid Hassan,0,0,"",""
ball,1,21.1,Sri Lanka,HDRL Thirimanne,MDKJ Perera,Mohammad Nabi,0,0,"",""
ball,1,21.2,Sri Lanka,HDRL Thirimanne,MDKJ Perera,Mohammad Nabi,0,0,bowled,HDRL Thirimanne
ball,1,21.3,Sri Lanka,BKG Mendis,MDKJ Perera,Mohammad Nabi,2,0,"",""
ball,1,21.4,Sri Lanka,BKG Mendis,MDKJ Perera,Mohammad Nabi,0,0,caught,BKG Mendis
ball,1,21.5,Sri Lanka,AD Mathews,MDKJ Perera,Mohammad Nabi,0,0,"",""
ball,1,21.6,Sri Lanka,AD Mathews,MDKJ Perera,Mohammad Nabi,0,0,caught,AD Mathews
ball,1,22.1,Sri Lanka,MDKJ Perera,DM de Silva,Hamid Hassan,2,0,"",""
ball,1,22.2,Sri Lanka,MDKJ Perera,DM de Silva,Hamid Hassan,1,0,"",""
ball,1,22.3,Sri Lanka,DM de Silva,MDKJ Perera,Hamid Hassan,0,0,"",""
ball,1,22.4,Sri Lanka,DM de Silva,MDKJ Perera,Hamid Hassan,0,0,"",""
ball,1,22.5,Sri Lanka,DM de Silva,MDKJ Perera,Hamid Hassan,0,0,"",""
ball,1,22.6,Sri Lanka,DM de Silva,MDKJ Perera,Hamid Hassan,0,0,caught,DM de Silva
ball,1,23.1,Sri Lanka,MDKJ Perera,NLTC Perera,Mohammad Nabi,0,0,"",""
ball,1,23.2,Sri Lanka,MDKJ Perera,NLTC Perera,Mohammad Nabi,1,0,"",""
ball,1,23.3,Sri Lanka,NLTC Perera,MDKJ Perera,Mohammad Nabi,0,0,"",""
ball,1,23.4,Sri Lanka,NLTC Perera,MDKJ Perera,Mohammad Nabi,1,0,"",""
ball,1,23.5,Sri Lanka,MDKJ Perera,NLTC Perera,Mohammad Nabi,0,0,"",""
ball,1,23.6,Sri Lanka,MDKJ Perera,NLTC Perera,Mohammad Nabi,1,0,"",""
ball,1,24.1,Sri Lanka,MDKJ Perera,NLTC Perera,Hamid Hassan,0,0,"",""
ball,1,24.2,Sri Lanka,MDKJ Perera,NLTC Perera,Hamid Hassan,0,0,"",""
ball,1,24.3,Sri Lanka,MDKJ Perera,NLTC Perera,Hamid Hassan,0,0,"",""
ball,1,24.4,Sri Lanka,MDKJ Perera,NLTC Perera,Hamid Hassan,1,0,"",""
ball,1,24.5,Sri Lanka,NLTC Perera,MDKJ Perera,Hamid Hassan,1,0,"",""
ball,1,24.6,Sri Lanka,MDKJ Perera,NLTC Perera,Hamid Hassan,1,0,"",""
ball,1,25.1,Sri Lanka,MDKJ Perera,NLTC Perera,Mohammad Nabi,0,0,"",""
ball,1,25.2,Sri Lanka,MDKJ Perera,NLTC Perera,Mohammad Nabi,2,0,"",""
ball,1,25.3,Sri Lanka,MDKJ Perera,NLTC Perera,Mohammad Nabi,0,1,"",""
ball,1,25.4,Sri Lanka,MDKJ Perera,NLTC Perera,Mohammad Nabi,0,1,"",""
ball,1,25.5,Sri Lanka,NLTC Perera,MDKJ Perera,Mohammad Nabi,0,0,run out,NLTC Perera
ball,1,25.6,Sri Lanka,I Udana,MDKJ Perera,Mohammad Nabi,0,0,"",""
ball,1,25.7,Sri Lanka,I Udana,MDKJ Perera,Mohammad Nabi,0,0,"",""
ball,1,26.1,Sri Lanka,MDKJ Perera,I Udana,Hamid Hassan,1,0,"",""
ball,1,26.2,Sri Lanka,I Udana,MDKJ Perera,Hamid Hassan,0,0,"",""
ball,1,26.3,Sri Lanka,I Udana,MDKJ Perera,Hamid Hassan,0,0,"",""
ball,1,26.4,Sri Lanka,I Udana,MDKJ Perera,Hamid Hassan,0,0,"",""
ball,1,26.5,Sri Lanka,I Udana,MDKJ Perera,Hamid Hassan,0,5,"",""
ball,1,26.6,Sri Lanka,I Udana,MDKJ Perera,Hamid Hassan,1,0,"",""
ball,1,26.7,Sri Lanka,MDKJ Perera,I Udana,Hamid Hassan,0,0,"",""
ball,1,27.1,Sri Lanka,I Udana,MDKJ Perera,Mohammad Nabi,6,0,"",""
ball,1,27.2,Sri Lanka,I Udana,MDKJ Perera,Mohammad Nabi,1,0,"",""
ball,1,27.3,Sri Lanka,MDKJ Perera,I Udana,Mohammad Nabi,0,0,"",""
ball,1,27.4,Sri Lanka,MDKJ Perera,I Udana,Mohammad Nabi,0,0,"",""
ball,1,27.5,Sri Lanka,MDKJ Perera,I Udana,Mohammad Nabi,0,0,"",""
ball,1,27.6,Sri Lanka,MDKJ Perera,I Udana,Mohammad Nabi,0,0,"",""
ball,1,28.1,Sri Lanka,I Udana,MDKJ Perera,Rashid Khan,1,0,"",""
ball,1,28.2,Sri Lanka,MDKJ Perera,I Udana,Rashid Khan,0,0,"",""
ball,1,28.3,Sri Lanka,MDKJ Perera,I Udana,Rashid Khan,1,0,"",""
ball,1,28.4,Sri Lanka,I Udana,MDKJ Perera,Rashid Khan,0,0,"",""
ball,1,28.5,Sri Lanka,I Udana,MDKJ Perera,Rashid Khan,0,0,"",""
ball,1,28.6,Sri Lanka,I Udana,MDKJ Perera,Rashid Khan,0,0,"",""
ball,1,29.1,Sri Lanka,MDKJ Perera,I Udana,Mohammad Nabi,0,0,"",""
ball,1,29.2,Sri Lanka,MDKJ Perera,I Udana,Mohammad Nabi,0,0,"",""
ball,1,29.3,Sri Lanka,MDKJ Perera,I Udana,Mohammad Nabi,0,0,"",""
ball,1,29.4,Sri Lanka,MDKJ Perera,I Udana,Mohammad Nabi,1,0,"",""
ball,1,29.5,Sri Lanka,I Udana,MDKJ Perera,Mohammad Nabi,0,0,"",""
ball,1,29.6,Sri Lanka,I Udana,MDKJ Perera,Mohammad Nabi,1,0,"",""
ball,1,30.1,Sri Lanka,I Udana,MDKJ Perera,Rashid Khan,0,0,"",""
ball,1,30.2,Sri Lanka,I Udana,MDKJ Perera,Rashid Khan,0,0,"",""
ball,1,30.3,Sri Lanka,I Udana,MDKJ Perera,Rashid Khan,0,0,"",""
ball,1,30.4,Sri Lanka,I Udana,MDKJ Perera,Rashid Khan,0,0,"",""
ball,1,30.5,Sri Lanka,I Udana,MDKJ Perera,Rashid Khan,0,0,"",""
ball,1,30.6,Sri Lanka,I Udana,MDKJ Perera,Rashid Khan,0,0,"",""
ball,1,31.1,Sri Lanka,MDKJ Perera,I Udana,Dawlat Zadran,0,0,"",""
ball,1,31.2,Sri Lanka,MDKJ Perera,I Udana,Dawlat Zadran,1,0,"",""
ball,1,31.3,Sri Lanka,I Udana,MDKJ Perera,Dawlat Zadran,0,0,bowled,I Udana
ball,1,31.4,Sri Lanka,RAS Lakmal,MDKJ Perera,Dawlat Zadran,0,0,"",""
ball,1,31.5,Sri Lanka,RAS Lakmal,MDKJ Perera,Dawlat Zadran,0,0,"",""
ball,1,31.6,Sri Lanka,RAS Lakmal,MDKJ Perera,Dawlat Zadran,1,0,"",""
ball,1,32.1,Sri Lanka,RAS Lakmal,MDKJ Perera,Rashid Khan,1,0,"",""
ball,1,32.2,Sri Lanka,MDKJ Perera,RAS Lakmal,Rashid Khan,0,0,caught,MDKJ Perera
ball,1,32.3,Sri Lanka,SL Malinga,RAS Lakmal,Rashid Khan,0,0,"",""
ball,1,32.4,Sri Lanka,SL Malinga,RAS Lakmal,Rashid Khan,0,0,"",""
ball,1,32.5,Sri Lanka,SL Malinga,RAS Lakmal,Rashid Khan,0,2,"",""
ball,1,32.6,Sri Lanka,SL Malinga,RAS Lakmal,Rashid Khan,0,0,"",""
ball,1,33.1,Sri Lanka,RAS Lakmal,SL Malinga,Dawlat Zadran,1,0,"",""
ball,1,33.2,Sri Lanka,SL Malinga,RAS Lakmal,Dawlat Zadran,0,0,"",""
ball,1,33.3,Sri Lanka,SL Malinga,RAS Lakmal,Dawlat Zadran,0,0,"",""
ball,1,33.4,Sri Lanka,SL Malinga,RAS Lakmal,Dawlat Zadran,4,0,"",""
ball,1,33.5,Sri Lanka,SL Malinga,RAS Lakmal,Dawlat Zadran,0,1,"",""
ball,1,33.6,Sri Lanka,RAS Lakmal,SL Malinga,Dawlat Zadran,1,0,"",""
ball,1,34.1,Sri Lanka,RAS Lakmal,SL Malinga,Rashid Khan,1,0,"",""
ball,1,34.2,Sri Lanka,SL Malinga,RAS Lakmal,Rashid Khan,0,0,"",""
ball,1,34.3,Sri Lanka,SL Malinga,RAS Lakmal,Rashid Khan,0,0,"",""
ball,1,34.4,Sri Lanka,SL Malinga,RAS Lakmal,Rashid Khan,0,0,"",""
ball,1,34.5,Sri Lanka,SL Malinga,RAS Lakmal,Rashid Khan,0,0,"",""
ball,1,34.6,Sri Lanka,SL Malinga,RAS Lakmal,Rashid Khan,0,0,"",""
ball,1,35.1,Sri Lanka,RAS Lakmal,SL Malinga,Dawlat Zadran,4,0,"",""
ball,1,35.2,Sri Lanka,RAS Lakmal,SL Malinga,Dawlat Zadran,0,0,"",""
ball,1,35.3,Sri Lanka,RAS Lakmal,SL Malinga,Dawlat Zadran,4,0,"",""
ball,1,35.4,Sri Lanka,RAS Lakmal,SL Malinga,Dawlat Zadran,0,0,"",""
ball,1,35.5,Sri Lanka,RAS Lakmal,SL Malinga,Dawlat Zadran,1,0,"",""
ball,1,35.6,Sri Lanka,SL Malinga,RAS Lakmal,Dawlat Zadran,0,0,bowled,SL Malinga
ball,1,36.1,Sri Lanka,RAS Lakmal,N Pradeep,Rashid Khan,1,0,"",""
ball,1,36.2,Sri Lanka,N Pradeep,RAS Lakmal,Rashid Khan,0,0,"",""
ball,1,36.3,Sri Lanka,N Pradeep,RAS Lakmal,Rashid Khan,0,0,"",""
ball,1,36.4,Sri Lanka,N Pradeep,RAS Lakmal,Rashid Khan,0,1,"",""
ball,1,36.5,Sri Lanka,N Pradeep,RAS Lakmal,Rashid Khan,0,0,"",""
ball,1,36.6,Sri Lanka,N Pradeep,RAS Lakmal,Rashid Khan,0,0,bowled,N Pradeep
ball,2,0.1,Afghanistan,Mohammad Shahzad,Hazratullah,SL Malinga,0,0,"",""
ball,2,0.2,Afghanistan,Mohammad Shahzad,Hazratullah,SL Malinga,0,0,"",""
ball,2,0.3,Afghanistan,Mohammad Shahzad,Hazratullah,SL Malinga,1,0,"",""
ball,2,0.4,Afghanistan,Hazratullah,Mohammad Shahzad,SL Malinga,2,0,"",""
ball,2,0.5,Afghanistan,Hazratullah,Mohammad Shahzad,SL Malinga,1,0,"",""
ball,2,0.6,Afghanistan,Mohammad Shahzad,Hazratullah,SL Malinga,2,0,"",""
ball,2,1.1,Afghanistan,Hazratullah,Mohammad Shahzad,RAS Lakmal,0,0,"",""
ball,2,1.2,Afghanistan,Hazratullah,Mohammad Shahzad,RAS Lakmal,6,0,"",""
ball,2,1.3,Afghanistan,Hazratullah,Mohammad Shahzad,RAS Lakmal,1,0,"",""
ball,2,1.4,Afghanistan,Mohammad Shahzad,Hazratullah,RAS Lakmal,0,0,"",""
ball,2,1.5,Afghanistan,Mohammad Shahzad,Hazratullah,RAS Lakmal,4,0,"",""
ball,2,1.6,Afghanistan,Mohammad Shahzad,Hazratullah,RAS Lakmal,0,0,"",""
ball,2,2.1,Afghanistan,Hazratullah,Mohammad Shahzad,SL Malinga,0,0,"",""
ball,2,2.2,Afghanistan,Hazratullah,Mohammad Shahzad,SL Malinga,0,0,"",""
ball,2,2.3,Afghanistan,Hazratullah,Mohammad Shahzad,SL Malinga,4,0,"",""
ball,2,2.4,Afghanistan,Hazratullah,Mohammad Shahzad,SL Malinga,0,0,"",""
ball,2,2.5,Afghanistan,Hazratullah,Mohammad Shahzad,SL Malinga,0,0,"",""
ball,2,2.6,Afghanistan,Hazratullah,Mohammad Shahzad,SL Malinga,1,0,"",""
ball,2,3.1,Afghanistan,Hazratullah,Mohammad Shahzad,RAS Lakmal,4,0,"",""
ball,2,3.2,Afghanistan,Hazratullah,Mohammad Shahzad,RAS Lakmal,0,1,"",""
ball,2,3.3,Afghanistan,Hazratullah,Mohammad Shahzad,RAS Lakmal,0,0,"",""
ball,2,3.4,Afghanistan,Hazratullah,Mohammad Shahzad,RAS Lakmal,1,0,"",""
ball,2,3.5,Afghanistan,Mohammad Shahzad,Hazratullah,RAS Lakmal,0,1,"",""
ball,2,3.6,Afghanistan,Mohammad Shahzad,Hazratullah,RAS Lakmal,0,0,"",""
ball,2,3.7,Afghanistan,Mohammad Shahzad,Hazratullah,RAS Lakmal,0,0,"",""
ball,2,3.8,Afghanistan,Mohammad Shahzad,Hazratullah,RAS Lakmal,0,0,"",""
ball,2,4.1,Afghanistan,Hazratullah,Mohammad Shahzad,SL Malinga,4,0,"",""
ball,2,4.2,Afghanistan,Hazratullah,Mohammad Shahzad,SL Malinga,1,0,"",""
ball,2,4.3,Afghanistan,Mohammad Shahzad,Hazratullah,SL Malinga,0,0,"",""
ball,2,4.4,Afghanistan,Mohammad Shahzad,Hazratullah,SL Malinga,0,0,caught,Mohammad Shahzad
ball,2,4.5,Afghanistan,Rahmat Shah,Hazratullah,SL Malinga,0,0,"",""
ball,2,4.6,Afghanistan,Rahmat Shah,Hazratullah,SL Malinga,0,0,"",""
ball,2,5.1,Afghanistan,Hazratullah,Rahmat Shah,I Udana,0,0,"",""
ball,2,5.2,Afghanistan,Hazratullah,Rahmat Shah,I Udana,1,0,"",""
ball,2,5.3,Afghanistan,Rahmat Shah,Hazratullah,I Udana,1,0,"",""
ball,2,5.4,Afghanistan,Hazratullah,Rahmat Shah,I Udana,0,0,"",""
ball,2,5.5,Afghanistan,Hazratullah,Rahmat Shah,I Udana,1,0,"",""
ball,2,5.6,Afghanistan,Rahmat Shah,Hazratullah,I Udana,0,0,"",""
ball,2,6.1,Afghanistan,Hazratullah,Rahmat Shah,SL Malinga,0,1,"",""
ball,2,6.2,Afghanistan,Hazratullah,Rahmat Shah,SL Malinga,0,0,"",""
ball,2,6.3,Afghanistan,Hazratullah,Rahmat Shah,SL Malinga,1,0,"",""
ball,2,6.4,Afghanistan,Rahmat Shah,Hazratullah,SL Malinga,0,0,"",""
ball,2,6.5,Afghanistan,Rahmat Shah,Hazratullah,SL Malinga,1,0,"",""
ball,2,6.6,Afghanistan,Hazratullah,Rahmat Shah,SL Malinga,1,0,"",""
ball,2,6.7,Afghanistan,Rahmat Shah,Hazratullah,SL Malinga,0,0,"",""
ball,2,7.1,Afghanistan,Hazratullah,Rahmat Shah,I Udana,1,0,"",""
ball,2,7.2,Afghanistan,Rahmat Shah,Hazratullah,I Udana,0,0,"",""
ball,2,7.3,Afghanistan,Rahmat Shah,Hazratullah,I Udana,0,0,"",""
ball,2,7.4,Afghanistan,Rahmat Shah,Hazratullah,I Udana,0,0,"",""
ball,2,7.5,Afghanistan,Rahmat Shah,Hazratullah,I Udana,0,0,caught,Rahmat Shah
ball,2,7.6,Afghanistan,Hashmatullah Shahidi,Hazratullah,I Udana,1,0,"",""
ball,2,8.1,Afghanistan,Hashmatullah Shahidi,Hazratullah,N Pradeep,0,0,"",""
ball,2,8.2,Afghanistan,Hashmatullah Shahidi,Hazratullah,N Pradeep,0,0,"",""
ball,2,8.3,Afghanistan,Hashmatullah Shahidi,Hazratullah,N Pradeep,1,0,"",""
ball,2,8.4,Afghanistan,Hazratullah,Hashmatullah Shahidi,N Pradeep,0,0,caught,Hazratullah
ball,2,8.5,Afghanistan,Mohammad Nabi,Hashmatullah Shahidi,N Pradeep,0,0,"",""
ball,2,8.6,Afghanistan,Mohammad Nabi,Hashmatullah Shahidi,N Pradeep,0,0,"",""
ball,2,9.1,Afghanistan,Hashmatullah Shahidi,Mohammad Nabi,I Udana,0,0,"",""
ball,2,9.2,Afghanistan,Hashmatullah Shahidi,Mohammad Nabi,I Udana,0,0,"",""
ball,2,9.3,Afghanistan,Hashmatullah Shahidi,Mohammad Nabi,I Udana,1,0,"",""
ball,2,9.4,Afghanistan,Mohammad Nabi,Hashmatullah Shahidi,I Udana,0,0,"",""
ball,2,9.5,Afghanistan,Mohammad Nabi,Hashmatullah Shahidi,I Udana,1,0,"",""
ball,2,9.6,Afghanistan,Hashmatullah Shahidi,Mohammad Nabi,I Udana,0,0,"",""
ball,2,10.1,Afghanistan,Mohammad Nabi,Hashmatullah Shahidi,N Pradeep,0,0,"",""
ball,2,10.2,Afghanistan,Mohammad Nabi,Hashmatullah Shahidi,N Pradeep,0,0,"",""
ball,2,10.3,Afghanistan,Mohammad Nabi,Hashmatullah Shahidi,N Pradeep,0,0,"",""
ball,2,10.4,Afghanistan,Mohammad Nabi,Hashmatullah Shahidi,N Pradeep,0,0,"",""
ball,2,10.5,Afghanistan,Mohammad Nabi,Hashmatullah Shahidi,N Pradeep,4,0,"",""
ball,2,10.6,Afghanistan,Mohammad Nabi,Hashmatullah Shahidi,N Pradeep,1,0,"",""
ball,2,11.1,Afghanistan,Mohammad Nabi,Hashmatullah Shahidi,I Udana,3,0,"",""
ball,2,11.2,Afghanistan,Hashmatullah Shahidi,Mohammad Nabi,I Udana,0,0,"",""
ball,2,11.3,Afghanistan,Hashmatullah Shahidi,Mohammad Nabi,I Udana,0,0,"",""
ball,2,11.4,Afghanistan,Hashmatullah Shahidi,Mohammad Nabi,I Udana,0,0,"",""
ball,2,11.5,Afghanistan,Hashmatullah Shahidi,Mohammad Nabi,I Udana,1,0,"",""
ball,2,11.6,Afghanistan,Mohammad Nabi,Hashmatullah Shahidi,I Udana,2,0,"",""
ball,2,12.1,Afghanistan,Hashmatullah Shahidi,Mohammad Nabi,N Pradeep,0,0,"",""
ball,2,12.2,Afghanistan,Hashmatullah Shahidi,Mohammad Nabi,N Pradeep,0,0,"",""
ball,2,12.3,Afghanistan,Hashmatullah Shahidi,Mohammad Nabi,N Pradeep,0,0,"",""
ball,2,12.4,Afghanistan,Hashmatullah Shahidi,Mohammad Nabi,N Pradeep,0,0,"",""
ball,2,12.5,Afghanistan,Hashmatullah Shahidi,Mohammad Nabi,N Pradeep,0,0,caught,Hashmatullah Shahidi
ball,2,12.6,Afghanistan,Gulbadin Naib,Mohammad Nabi,N Pradeep,0,0,"",""
ball,2,13.1,Afghanistan,Mohammad Nabi,Gulbadin Naib,NLTC Perera,0,0,"",""
ball,2,13.2,Afghanistan,Mohammad Nabi,Gulbadin Naib,NLTC Perera,0,0,"",""
ball,2,13.3,Afghanistan,Mohammad Nabi,Gulbadin Naib,NLTC Perera,0,0,"",""
ball,2,13.4,Afghanistan,Mohammad Nabi,Gulbadin Naib,NLTC Perera,0,0,bowled,Mohammad Nabi
ball,2,13.5,Afghanistan,Najibullah Zadran,Gulbadin Naib,NLTC Perera,0,0,"",""
ball,2,13.6,Afghanistan,Najibullah Zadran,Gulbadin Naib,NLTC Perera,3,0,"",""
ball,2,14.1,Afghanistan,Najibullah Zadran,Gulbadin Naib,N Pradeep,0,0,"",""
ball,2,14.2,Afghanistan,Najibullah Zadran,Gulbadin Naib,N Pradeep,0,0,"",""
ball,2,14.3,Afghanistan,Najibullah Zadran,Gulbadin Naib,N Pradeep,4,0,"",""
ball,2,14.4,Afghanistan,Najibullah Zadran,Gulbadin Naib,N Pradeep,1,0,"",""
ball,2,14.5,Afghanistan,Gulbadin Naib,Najibullah Zadran,N Pradeep,0,0,"",""
ball,2,14.6,Afghanistan,Gulbadin Naib,Najibullah Zadran,N Pradeep,0,0,"",""
ball,2,15.1,Afghanistan,Najibullah Zadran,Gulbadin Naib,NLTC Perera,4,0,"",""
ball,2,15.2,Afghanistan,Najibullah Zadran,Gulbadin Naib,NLTC Perera,0,0,"",""
ball,2,15.3,Afghanistan,Najibullah Zadran,Gulbadin Naib,NLTC Perera,4,0,"",""
ball,2,15.4,Afghanistan,Najibullah Zadran,Gulbadin Naib,NLTC Perera,0,0,"",""
ball,2,15.5,Afghanistan,Najibullah Zadran,Gulbadin Naib,NLTC Perera,0,0,"",""
ball,2,15.6,Afghanistan,Najibullah Zadran,Gulbadin Naib,NLTC Perera,0,0,"",""
ball,2,16.1,Afghanistan,Gulbadin Naib,Najibullah Zadran,N Pradeep,1,0,"",""
ball,2,16.2,Afghanistan,Najibullah Zadran,Gulbadin Naib,N Pradeep,0,0,"",""
ball,2,16.3,Afghanistan,Najibullah Zadran,Gulbadin Naib,N Pradeep,0,1,"",""
ball,2,16.4,Afghanistan,Najibullah Zadran,Gulbadin Naib,N Pradeep,0,0,"",""
ball,2,16.5,Afghanistan,Najibullah Zadran,Gulbadin Naib,N Pradeep,0,0,"",""
ball,2,16.6,Afghanistan,Najibullah Zadran,Gulbadin Naib,N Pradeep,1,0,"",""
ball,2,16.7,Afghanistan,Gulbadin Naib,Najibullah Zadran,N Pradeep,0,0,"",""
ball,2,17.1,Afghanistan,Najibullah Zadran,Gulbadin Naib,NLTC Perera,0,0,"",""
ball,2,17.2,Afghanistan,Najibullah Zadran,Gulbadin Naib,NLTC Perera,0,0,"",""
ball,2,17.3,Afghanistan,Najibullah Zadran,Gulbadin Naib,NLTC Perera,0,1,"",""
ball,2,17.4,Afghanistan,Gulbadin Naib,Najibullah Zadran,NLTC Perera,1,0,"",""
ball,2,17.5,Afghanistan,Najibullah Zadran,Gulbadin Naib,NLTC Perera,2,0,"",""
ball,2,17.6,Afghanistan,Najibullah Zadran,Gulbadin Naib,NLTC Perera,0,1,"",""
ball,2,17.7,Afghanistan,Najibullah Zadran,Gulbadin Naib,NLTC Perera,0,1,"",""
ball,2,17.8,Afghanistan,Najibullah Zadran,Gulbadin Naib,NLTC Perera,0,0,"",""
ball,2,18.1,Afghanistan,Gulbadin Naib,Najibullah Zadran,SL Malinga,4,0,"",""
ball,2,18.2,Afghanistan,Gulbadin Naib,Najibullah Zadran,SL Malinga,4,0,"",""
ball,2,18.3,Afghanistan,Gulbadin Naib,Najibullah Zadran,SL Malinga,0,0,"",""
ball,2,18.4,Afghanistan,Gulbadin Naib,Najibullah Zadran,SL Malinga,0,1,"",""
ball,2,18.5,Afghanistan,Gulbadin Naib,Najibullah Zadran,SL Malinga,1,0,"",""
ball,2,18.6,Afghanistan,Najibullah Zadran,Gulbadin Naib,SL Malinga,0,0,"",""
ball,2,18.7,Afghanistan,Najibullah Zadran,Gulbadin Naib,SL Malinga,1,0,"",""
ball,2,19.1,Afghanistan,Gulbadin Naib,Najibullah Zadran,NLTC Perera,0,0,"",""
ball,2,19.2,Afghanistan,Gulbadin Naib,Najibullah Zadran,NLTC Perera,0,0,"",""
ball,2,19.3,Afghanistan,Gulbadin Naib,Najibullah Zadran,NLTC Perera,1,0,"",""
ball,2,19.4,Afghanistan,Najibullah Zadran,Gulbadin Naib,NLTC Perera,0,0,"",""
ball,2,19.5,Afghanistan,Najibullah Zadran,Gulbadin Naib,NLTC Perera,1,0,"",""
ball,2,19.6,Afghanistan,Gulbadin Naib,Najibullah Zadran,NLTC Perera,1,0,"",""
ball,2,20.1,Afghanistan,Gulbadin Naib,Najibullah Zadran,RAS Lakmal,0,0,"",""
ball,2,20.2,Afghanistan,Gulbadin Naib,Najibullah Zadran,RAS Lakmal,0,0,"",""
ball,2,20.3,Afghanistan,Gulbadin Naib,Najibullah Zadran,RAS Lakmal,0,0,"",""
ball,2,20.4,Afghanistan,Gulbadin Naib,Najibullah Zadran,RAS Lakmal,0,0,"",""
ball,2,20.5,Afghanistan,Gulbadin Naib,Najibullah Zadran,RAS Lakmal,1,0,"",""
ball,2,20.6,Afghanistan,Najibullah Zadran,Gulbadin Naib,RAS Lakmal,2,0,"",""
ball,2,21.1,Afghanistan,Gulbadin Naib,Najibullah Zadran,I Udana,2,0,"",""
ball,2,21.2,Afghanistan,Gulbadin Naib,Najibullah Zadran,I Udana,0,0,"",""
ball,2,21.3,Afghanistan,Gulbadin Naib,Najibullah Zadran,I Udana,0,0,"",""
ball,2,21.4,Afghanistan,Gulbadin Naib,Najibullah Zadran,I Udana,2,0,"",""
ball,2,21.5,Afghanistan,Gulbadin Naib,Najibullah Zadran,I Udana,0,0,"",""
ball,2,21.6,Afghanistan,Gulbadin Naib,Najibullah Zadran,I Udana,2,0,"",""
ball,2,22.1,Afghanistan,Najibullah Zadran,Gulbadin Naib,N Pradeep,0,0,"",""
ball,2,22.2,Afghanistan,Najibullah Zadran,Gulbadin Naib,N Pradeep,0,0,"",""
ball,2,22.3,Afghanistan,Najibullah Zadran,Gulbadin Naib,N Pradeep,0,0,"",""
ball,2,22.4,Afghanistan,Najibullah Zadran,Gulbadin Naib,N Pradeep,0,1,"",""
ball,2,22.5,Afghanistan,Najibullah Zadran,Gulbadin Naib,N Pradeep,0,0,"",""
ball,2,22.6,Afghanistan,Najibullah Zadran,Gulbadin Naib,N Pradeep,0,0,"",""
ball,2,22.7,Afghanistan,Najibullah Zadran,Gulbadin Naib,N Pradeep,0,1,"",""
ball,2,22.8,Afghanistan,Najibullah Zadran,Gulbadin Naib,N Pradeep,0,0,"",""
ball,2,23.1,Afghanistan,Gulbadin Naib,Najibullah Zadran,DM de Silva,0,0,"",""
ball,2,23.2,Afghanistan,Gulbadin Naib,Najibullah Zadran,DM de Silva,1,0,"",""
ball,2,23.3,Afghanistan,Najibullah Zadran,Gulbadin Naib,DM de Silva,0,0,"",""
ball,2,23.4,Afghanistan,Najibullah Zadran,Gulbadin Naib,DM de Silva,1,0,"",""
ball,2,23.5,Afghanistan,Gulbadin Naib,Najibullah Zadran,DM de Silva,1,0,"",""
ball,2,23.6,Afghanistan,Najibullah Zadran,Gulbadin Naib,DM de Silva,4,0,"",""
ball,2,24.1,Afghanistan,Gulbadin Naib,Najibullah Zadran,N Pradeep,1,0,"",""
ball,2,24.2,Afghanistan,Najibullah Zadran,Gulbadin Naib,N Pradeep,1,0,"",""
ball,2,24.3,Afghanistan,Gulbadin Naib,Najibullah Zadran,N Pradeep,0,0,"",""
ball,2,24.4,Afghanistan,Gulbadin Naib,Najibullah Zadran,N Pradeep,0,5,"",""
ball,2,24.5,Afghanistan,Gulbadin Naib,Najibullah Zadran,N Pradeep,0,0,"",""
ball,2,24.6,Afghanistan,Gulbadin Naib,Najibullah Zadran,N Pradeep,0,0,lbw,Gulbadin Naib
ball,2,24.7,Afghanistan,Rashid Khan,Najibullah Zadran,N Pradeep,1,0,"",""
ball,2,25.1,Afghanistan,Rashid Khan,Najibullah Zadran,RAS Lakmal,0,0,"",""
ball,2,25.2,Afghanistan,Rashid Khan,Najibullah Zadran,RAS Lakmal,1,0,"",""
ball,2,25.3,Afghanistan,Najibullah Zadran,Rashid Khan,RAS Lakmal,0,0,"",""
ball,2,25.4,Afghanistan,Najibullah Zadran,Rashid Khan,RAS Lakmal,0,0,"",""
ball,2,25.5,Afghanistan,Najibullah Zadran,Rashid Khan,RAS Lakmal,0,0,"",""
ball,2,25.6,Afghanistan,Najibullah Zadran,Rashid Khan,RAS Lakmal,0,0,"",""
ball,2,26.1,Afghanistan,Rashid Khan,Najibullah Zadran,N Pradeep,0,0,bowled,Rashid Khan
ball,2,26.2,Afghanistan,Dawlat Zadran,Najibullah Zadran,N Pradeep,0,0,"",""
ball,2,26.3,Afghanistan,Dawlat Zadran,Najibullah Zadran,N Pradeep,0,0,"",""
ball,2,26.4,Afghanistan,Dawlat Zadran,Najibullah Zadran,N Pradeep,4,0,"",""
ball,2,26.5,Afghanistan,Dawlat Zadran,Najibullah Zadran,N Pradeep,0,0,"",""
ball,2,26.6,Afghanistan,Dawlat Zadran,Najibullah Zadran,N Pradeep,0,0,"",""
ball,2,27.1,Afghanistan,Najibullah Zadran,Dawlat Zadran,RAS Lakmal,1,0,"",""
ball,2,27.2,Afghanistan,Dawlat Zadran,Najibullah Zadran,RAS Lakmal,0,0,"",""
ball,2,27.3,Afghanistan,Dawlat Zadran,Najibullah Zadran,RAS Lakmal,0,0,"",""
ball,2,27.4,Afghanistan,Dawlat Zadran,Najibullah Zadran,RAS Lakmal,1,0,"",""
ball,2,27.5,Afghanistan,Najibullah Zadran,Dawlat Zadran,RAS Lakmal,1,0,"",""
ball,2,27.6,Afghanistan,Dawlat Zadran,Najibullah Zadran,RAS Lakmal,0,0,"",""
ball,2,28.1,Afghanistan,Najibullah Zadran,Dawlat Zadran,N Pradeep,0,0,"",""
ball,2,28.2,Afghanistan,Najibullah Zadran,Dawlat Zadran,N Pradeep,0,0,"",""
ball,2,28.3,Afghanistan,Najibullah Zadran,Dawlat Zadran,N Pradeep,0,0,"",""
ball,2,28.4,Afghanistan,Najibullah Zadran,Dawlat Zadran,N Pradeep,2,0,"",""
ball,2,28.5,Afghanistan,Najibullah Zadran,Dawlat Zadran,N Pradeep,1,0,"",""
ball,2,28.6,Afghanistan,Dawlat Zadran,Najibullah Zadran,N Pradeep,0,0,"",""
ball,2,29.1,Afghanistan,Najibullah Zadran,Dawlat Zadran,RAS Lakmal,1,0,"",""
ball,2,29.2,Afghanistan,Dawlat Zadran,Najibullah Zadran,RAS Lakmal,0,0,"",""
ball,2,29.3,Afghanistan,Dawlat Zadran,Najibullah Zadran,RAS Lakmal,0,0,"",""
ball,2,29.4,Afghanistan,Dawlat Zadran,Najibullah Zadran,RAS Lakmal,0,0,"",""
ball,2,29.5,Afghanistan,Dawlat Zadran,Najibullah Zadran,RAS Lakmal,1,0,"",""
ball,2,29.6,Afghanistan,Najibullah Zadran,Dawlat Zadran,RAS Lakmal,0,0,"",""
ball,2,30.1,Afghanistan,Dawlat Zadran,Najibullah Zadran,SL Malinga,0,1,"",""
ball,2,30.2,Afghanistan,Dawlat Zadran,Najibullah Zadran,SL Malinga,0,0,"",""
ball,2,30.3,Afghanistan,Dawlat Zadran,Najibullah Zadran,SL Malinga,0,0,"",""
ball,2,30.4,Afghanistan,Dawlat Zadran,Najibullah Zadran,SL Malinga,0,0,"",""
ball,2,30.5,Afghanistan,Dawlat Zadran,Najibullah Zadran,SL Malinga,0,0,bowled,Dawlat Zadran
ball,2,30.6,Afghanistan,Hamid Hassan,Najibullah Zadran,SL Malinga,0,0,"",""
ball,2,30.7,Afghanistan,Hamid Hassan,Najibullah Zadran,SL Malinga,0,0,"",""
ball,2,31.1,Afghanistan,Najibullah Zadran,Hamid Hassan,I Udana,0,0,"",""
ball,2,31.2,Afghanistan,Najibullah Zadran,Hamid Hassan,I Udana,4,0,"",""
ball,2,31.3,Afghanistan,Najibullah Zadran,Hamid Hassan,I Udana,0,0,"",""
ball,2,31.4,Afghanistan,Najibullah Zadran,Hamid Hassan,I Udana,4,1,"",""
ball,2,31.5,Afghanistan,Najibullah Zadran,Hamid Hassan,I Udana,0,0,"",""
ball,2,31.6,Afghanistan,Najibullah Zadran,Hamid Hassan,I Udana,0,0,"",""
ball,2,31.7,Afghanistan,Najibullah Zadran,Hamid Hassan,I Udana,0,0,run out,Najibullah Zadran
ball,2,32.1,Afghanistan,Mujeeb Ur Rahman,Hamid Hassan,SL Malinga,1,0,"",""
ball,2,32.2,Afghanistan,Hamid Hassan,Mujeeb Ur Rahman,SL Malinga,0,0,"",""
ball,2,32.3,Afghanistan,Hamid Hassan,Mujeeb Ur Rahman,SL Malinga,6,0,"",""
ball,2,32.4,Afghanistan,Hamid Hassan,Mujeeb Ur Rahman,SL Malinga,0,0,bowled,Hamid Hassan
