version,1.3.0
info,team,South Africa
info,team,Pakistan
info,gender,male
info,season,2018/19
info,date,2019/01/30
info,series,Pakistan tour of South Africa 2018/19
info,match_number,5
info,venue,Newlands
info,city,Cape Town
info,toss_winner,South Africa
info,toss_decision,field
info,player_of_match,Q de Kock
info,umpire,AT Holdstock
info,umpire,GO Brathwaite
info,reserve_umpire,A Paleker
info,tv_umpire,PR Reiffel
info,match_referee,RS Madugalle
info,winner,South Africa
info,winner_wickets,7
ball,1,0.1,Pakistan,Imam-ul-Haq,Fakhar Zaman,DW Steyn,2,0,"",""
ball,1,0.2,Pakistan,Imam-ul-Haq,Fakhar Zaman,DW Steyn,4,0,"",""
ball,1,0.3,Pakistan,Imam-ul-Haq,Fakhar Zaman,DW Steyn,0,0,"",""
ball,1,0.4,Pakistan,Imam-ul-Haq,Fakhar Zaman,DW Steyn,0,0,"",""
ball,1,0.5,Pakistan,Imam-ul-Haq,Fakhar Zaman,DW Steyn,1,0,"",""
ball,1,0.6,Pakistan,Fakhar Zaman,Imam-ul-Haq,DW Steyn,0,0,"",""
ball,1,1.1,Pakistan,Imam-ul-Haq,Fakhar Zaman,Imran Tahir,0,0,"",""
ball,1,1.2,Pakistan,Imam-ul-Haq,Fakhar Zaman,Imran Tahir,1,0,"",""
ball,1,1.3,Pakistan,Fakhar Zaman,Imam-ul-Haq,Imran Tahir,0,0,"",""
ball,1,1.4,Pakistan,Fakhar Zaman,Imam-ul-Haq,Imran Tahir,0,0,"",""
ball,1,1.5,Pakistan,Fakhar Zaman,Imam-ul-Haq,Imran Tahir,0,0,"",""
ball,1,1.6,Pakistan,Fakhar Zaman,Imam-ul-Haq,Imran Tahir,0,0,"",""
ball,1,2.1,Pakistan,Imam-ul-Haq,Fakhar Zaman,DW Steyn,0,0,"",""
ball,1,2.2,Pakistan,Imam-ul-Haq,Fakhar Zaman,DW Steyn,0,0,"",""
ball,1,2.3,Pakistan,Imam-ul-Haq,Fakhar Zaman,DW Steyn,0,0,caught,Imam-ul-Haq
ball,1,2.4,Pakistan,Fakhar Zaman,Babar Azam,DW Steyn,0,0,"",""
ball,1,2.5,Pakistan,Fakhar Zaman,Babar Azam,DW Steyn,3,0,"",""
ball,1,2.6,Pakistan,Babar Azam,Fakhar Zaman,DW Steyn,0,0,"",""
ball,1,3.1,Pakistan,Fakhar Zaman,Babar Azam,Imran Tahir,1,0,"",""
ball,1,3.2,Pakistan,Babar Azam,Fakhar Zaman,Imran Tahir,4,0,"",""
ball,1,3.3,Pakistan,Babar Azam,Fakhar Zaman,Imran Tahir,1,0,"",""
ball,1,3.4,Pakistan,Fakhar Zaman,Babar Azam,Imran Tahir,0,0,"",""
ball,1,3.5,Pakistan,Fakhar Zaman,Babar Azam,Imran Tahir,0,0,"",""
ball,1,3.6,Pakistan,Fakhar Zaman,Babar Azam,Imran Tahir,1,0,"",""
ball,1,4.1,Pakistan,Fakhar Zaman,Babar Azam,DW Steyn,1,0,"",""
ball,1,4.2,Pakistan,Babar Azam,Fakhar Zaman,DW Steyn,4,0,"",""
ball,1,4.3,Pakistan,Babar Azam,Fakhar Zaman,DW Steyn,1,0,"",""
ball,1,4.4,Pakistan,Fakhar Zaman,Babar Azam,DW Steyn,1,0,"",""
ball,1,4.5,Pakistan,Babar Azam,Fakhar Zaman,DW Steyn,0,0,"",""
ball,1,4.6,Pakistan,Babar Azam,Fakhar Zaman,DW Steyn,0,0,"",""
ball,1,5.1,Pakistan,Fakhar Zaman,Babar Azam,K Rabada,0,0,"",""
ball,1,5.2,Pakistan,Fakhar Zaman,Babar Azam,K Rabada,0,0,"",""
ball,1,5.3,Pakistan,Fakhar Zaman,Babar Azam,K Rabada,0,0,"",""
ball,1,5.4,Pakistan,Fakhar Zaman,Babar Azam,K Rabada,0,0,"",""
ball,1,5.5,Pakistan,Fakhar Zaman,Babar Azam,K Rabada,4,0,"",""
ball,1,5.6,Pakistan,Fakhar Zaman,Babar Azam,K Rabada,0,0,"",""
ball,1,6.1,Pakistan,Babar Azam,Fakhar Zaman,DW Steyn,1,0,"",""
ball,1,6.2,Pakistan,Fakhar Zaman,Babar Azam,DW Steyn,4,0,"",""
ball,1,6.3,Pakistan,Fakhar Zaman,Babar Azam,DW Steyn,4,0,"",""
ball,1,6.4,Pakistan,Fakhar Zaman,Babar Azam,DW Steyn,1,0,"",""
ball,1,6.5,Pakistan,Babar Azam,Fakhar Zaman,DW Steyn,0,0,"",""
ball,1,6.6,Pakistan,Babar Azam,Fakhar Zaman,DW Steyn,4,0,"",""
ball,1,7.1,Pakistan,Fakhar Zaman,Babar Azam,K Rabada,0,0,"",""
ball,1,7.2,Pakistan,Fakhar Zaman,Babar Azam,K Rabada,0,0,"",""
ball,1,7.3,Pakistan,Fakhar Zaman,Babar Azam,K Rabada,0,0,"",""
ball,1,7.4,Pakistan,Fakhar Zaman,Babar Azam,K Rabada,0,0,"",""
ball,1,7.5,Pakistan,Fakhar Zaman,Babar Azam,K Rabada,0,0,"",""
ball,1,7.6,Pakistan,Fakhar Zaman,Babar Azam,K Rabada,0,0,"",""
ball,1,8.1,Pakistan,Babar Azam,Fakhar Zaman,DW Steyn,0,0,"",""
ball,1,8.2,Pakistan,Babar Azam,Fakhar Zaman,DW Steyn,0,0,"",""
ball,1,8.3,Pakistan,Babar Azam,Fakhar Zaman,DW Steyn,0,0,"",""
ball,1,8.4,Pakistan,Babar Azam,Fakhar Zaman,DW Steyn,0,1,"",""
ball,1,8.5,Pakistan,Babar Azam,Fakhar Zaman,DW Steyn,1,0,"",""
ball,1,8.6,Pakistan,Fakhar Zaman,Babar Azam,DW Steyn,2,0,"",""
ball,1,8.7,Pakistan,Fakhar Zaman,Babar Azam,DW Steyn,1,0,"",""
ball,1,9.1,Pakistan,Fakhar Zaman,Babar Azam,K Rabada,4,0,"",""
ball,1,9.2,Pakistan,Fakhar Zaman,Babar Azam,K Rabada,0,0,"",""
ball,1,9.3,Pakistan,Fakhar Zaman,Babar Azam,K Rabada,0,0,"",""
ball,1,9.4,Pakistan,Fakhar Zaman,Babar Azam,K Rabada,0,0,"",""
ball,1,9.5,Pakistan,Fakhar Zaman,Babar Azam,K Rabada,0,0,"",""
ball,1,9.6,Pakistan,Fakhar Zaman,Babar Azam,K Rabada,1,0,"",""
ball,1,10.1,Pakistan,Fakhar Zaman,Babar Azam,D Pretorius,1,0,"",""
ball,1,10.2,Pakistan,Babar Azam,Fakhar Zaman,D Pretorius,0,0,"",""
ball,1,10.3,Pakistan,Babar Azam,Fakhar Zaman,D Pretorius,0,0,"",""
ball,1,10.4,Pakistan,Babar Azam,Fakhar Zaman,D Pretorius,1,0,"",""
ball,1,10.5,Pakistan,Fakhar Zaman,Babar Azam,D Pretorius,1,0,"",""
ball,1,10.6,Pakistan,Babar Azam,Fakhar Zaman,D Pretorius,1,0,"",""
ball,1,11.1,Pakistan,Babar Azam,Fakhar Zaman,K Rabada,0,0,"",""
ball,1,11.2,Pakistan,Babar Azam,Fakhar Zaman,K Rabada,0,0,"",""
ball,1,11.3,Pakistan,Babar Azam,Fakhar Zaman,K Rabada,0,0,"",""
ball,1,11.4,Pakistan,Babar Azam,Fakhar Zaman,K Rabada,4,0,"",""
ball,1,11.5,Pakistan,Babar Azam,Fakhar Zaman,K Rabada,1,0,"",""
ball,1,11.6,Pakistan,Fakhar Zaman,Babar Azam,K Rabada,0,0,"",""
ball,1,12.1,Pakistan,Babar Azam,Fakhar Zaman,D Pretorius,1,0,"",""
ball,1,12.2,Pakistan,Fakhar Zaman,Babar Azam,D Pretorius,0,0,"",""
ball,1,12.3,Pakistan,Fakhar Zaman,Babar Azam,D Pretorius,0,0,"",""
ball,1,12.4,Pakistan,Fakhar Zaman,Babar Azam,D Pretorius,1,0,"",""
ball,1,12.5,Pakistan,Babar Azam,Fakhar Zaman,D Pretorius,0,0,bowled,Babar Azam
ball,1,12.6,Pakistan,Mohammad Hafeez,Fakhar Zaman,D Pretorius,2,0,"",""
ball,1,13.1,Pakistan,Fakhar Zaman,Mohammad Hafeez,K Rabada,0,0,"",""
ball,1,13.2,Pakistan,Fakhar Zaman,Mohammad Hafeez,K Rabada,0,0,"",""
ball,1,13.3,Pakistan,Fakhar Zaman,Mohammad Hafeez,K Rabada,1,0,"",""
ball,1,13.4,Pakistan,Mohammad Hafeez,Fakhar Zaman,K Rabada,0,0,"",""
ball,1,13.5,Pakistan,Mohammad Hafeez,Fakhar Zaman,K Rabada,0,0,"",""
ball,1,13.6,Pakistan,Mohammad Hafeez,Fakhar Zaman,K Rabada,0,0,"",""
ball,1,14.1,Pakistan,Fakhar Zaman,Mohammad Hafeez,D Pretorius,2,0,"",""
ball,1,14.2,Pakistan,Fakhar Zaman,Mohammad Hafeez,D Pretorius,0,0,"",""
ball,1,14.3,Pakistan,Fakhar Zaman,Mohammad Hafeez,D Pretorius,1,0,"",""
ball,1,14.4,Pakistan,Mohammad Hafeez,Fakhar Zaman,D Pretorius,2,0,"",""
ball,1,14.5,Pakistan,Mohammad Hafeez,Fakhar Zaman,D Pretorius,1,0,"",""
ball,1,14.6,Pakistan,Fakhar Zaman,Mohammad Hafeez,D Pretorius,4,0,"",""
ball,1,15.1,Pakistan,Mohammad Hafeez,Fakhar Zaman,DW Steyn,4,0,"",""
ball,1,15.2,Pakistan,Mohammad Hafeez,Fakhar Zaman,DW Steyn,0,0,"",""
ball,1,15.3,Pakistan,Mohammad Hafeez,Fakhar Zaman,DW Steyn,0,0,"",""
ball,1,15.4,Pakistan,Mohammad Hafeez,Fakhar Zaman,DW Steyn,0,0,"",""
ball,1,15.5,Pakistan,Mohammad Hafeez,Fakhar Zaman,DW Steyn,0,0,"",""
ball,1,15.6,Pakistan,Mohammad Hafeez,Fakhar Zaman,DW Steyn,1,0,"",""
ball,1,16.1,Pakistan,Mohammad Hafeez,Fakhar Zaman,D Pretorius,0,0,"",""
ball,1,16.2,Pakistan,Mohammad Hafeez,Fakhar Zaman,D Pretorius,0,0,"",""
ball,1,16.3,Pakistan,Mohammad Hafeez,Fakhar Zaman,D Pretorius,1,0,"",""
ball,1,16.4,Pakistan,Fakhar Zaman,Mohammad Hafeez,D Pretorius,1,0,"",""
ball,1,16.5,Pakistan,Mohammad Hafeez,Fakhar Zaman,D Pretorius,0,0,"",""
ball,1,16.6,Pakistan,Mohammad Hafeez,Fakhar Zaman,D Pretorius,2,0,"",""
ball,1,17.1,Pakistan,Fakhar Zaman,Mohammad Hafeez,DW Steyn,1,0,"",""
ball,1,17.2,Pakistan,Mohammad Hafeez,Fakhar Zaman,DW Steyn,0,0,"",""
ball,1,17.3,Pakistan,Mohammad Hafeez,Fakhar Zaman,DW Steyn,0,0,"",""
ball,1,17.4,Pakistan,Mohammad Hafeez,Fakhar Zaman,DW Steyn,1,0,"",""
ball,1,17.5,Pakistan,Fakhar Zaman,Mohammad Hafeez,DW Steyn,1,0,"",""
ball,1,17.6,Pakistan,Mohammad Hafeez,Fakhar Zaman,DW Steyn,0,0,"",""
ball,1,18.1,Pakistan,Fakhar Zaman,Mohammad Hafeez,D Pretorius,4,0,"",""
ball,1,18.2,Pakistan,Fakhar Zaman,Mohammad Hafeez,D Pretorius,0,0,"",""
ball,1,18.3,Pakistan,Fakhar Zaman,Mohammad Hafeez,D Pretorius,0,0,"",""
ball,1,18.4,Pakistan,Fakhar Zaman,Mohammad Hafeez,D Pretorius,1,0,"",""
ball,1,18.5,Pakistan,Mohammad Hafeez,Fakhar Zaman,D Pretorius,0,0,"",""
ball,1,18.6,Pakistan,Mohammad Hafeez,Fakhar Zaman,D Pretorius,1,0,"",""
ball,1,19.1,Pakistan,Mohammad Hafeez,Fakhar Zaman,PWA Mulder,0,0,"",""
ball,1,19.2,Pakistan,Mohammad Hafeez,Fakhar Zaman,PWA Mulder,1,0,"",""
ball,1,19.3,Pakistan,Fakhar Zaman,Mohammad Hafeez,PWA Mulder,1,0,"",""
ball,1,19.4,Pakistan,Mohammad Hafeez,Fakhar Zaman,PWA Mulder,1,0,"",""
ball,1,19.5,Pakistan,Fakhar Zaman,Mohammad Hafeez,PWA Mulder,4,0,"",""
ball,1,19.6,Pakistan,Fakhar Zaman,Mohammad Hafeez,PWA Mulder,1,0,"",""
ball,1,20.1,Pakistan,Fakhar Zaman,Mohammad Hafeez,AL Phehlukwayo,4,0,"",""
ball,1,20.2,Pakistan,Fakhar Zaman,Mohammad Hafeez,AL Phehlukwayo,1,0,"",""
ball,1,20.3,Pakistan,Mohammad Hafeez,Fakhar Zaman,AL Phehlukwayo,0,0,"",""
ball,1,20.4,Pakistan,Mohammad Hafeez,Fakhar Zaman,AL Phehlukwayo,0,0,caught,Mohammad Hafeez
ball,1,20.5,Pakistan,Shoaib Malik,Fakhar Zaman,AL Phehlukwayo,2,0,"",""
ball,1,20.6,Pakistan,Shoaib Malik,Fakhar Zaman,AL Phehlukwayo,0,0,"",""
ball,1,21.1,Pakistan,Fakhar Zaman,Shoaib Malik,PWA Mulder,1,0,"",""
ball,1,21.2,Pakistan,Shoaib Malik,Fakhar Zaman,PWA Mulder,0,0,"",""
ball,1,21.3,Pakistan,Shoaib Malik,Fakhar Zaman,PWA Mulder,1,0,"",""
ball,1,21.4,Pakistan,Fakhar Zaman,Shoaib Malik,PWA Mulder,1,0,"",""
ball,1,21.5,Pakistan,Shoaib Malik,Fakhar Zaman,PWA Mulder,0,0,"",""
ball,1,21.6,Pakistan,Shoaib Malik,Fakhar Zaman,PWA Mulder,1,0,"",""
ball,1,22.1,Pakistan,Shoaib Malik,Fakhar Zaman,AL Phehlukwayo,0,0,"",""
ball,1,22.2,Pakistan,Shoaib Malik,Fakhar Zaman,AL Phehlukwayo,0,0,"",""
ball,1,22.3,Pakistan,Shoaib Malik,Fakhar Zaman,AL Phehlukwayo,0,1,"",""
ball,1,22.4,Pakistan,Shoaib Malik,Fakhar Zaman,AL Phehlukwayo,0,0,"",""
ball,1,22.5,Pakistan,Shoaib Malik,Fakhar Zaman,AL Phehlukwayo,1,0,"",""
ball,1,22.6,Pakistan,Fakhar Zaman,Shoaib Malik,AL Phehlukwayo,4,0,"",""
ball,1,22.7,Pakistan,Fakhar Zaman,Shoaib Malik,AL Phehlukwayo,1,0,"",""
ball,1,23.1,Pakistan,Fakhar Zaman,Shoaib Malik,K Rabada,1,0,"",""
ball,1,23.2,Pakistan,Shoaib Malik,Fakhar Zaman,K Rabada,1,0,"",""
ball,1,23.3,Pakistan,Fakhar Zaman,Shoaib Malik,K Rabada,0,0,"",""
ball,1,23.4,Pakistan,Fakhar Zaman,Shoaib Malik,K Rabada,4,0,"",""
ball,1,23.5,Pakistan,Fakhar Zaman,Shoaib Malik,K Rabada,0,0,"",""
ball,1,23.6,Pakistan,Fakhar Zaman,Shoaib Malik,K Rabada,0,0,"",""
ball,1,24.1,Pakistan,Shoaib Malik,Fakhar Zaman,AL Phehlukwayo,0,0,"",""
ball,1,24.2,Pakistan,Shoaib Malik,Fakhar Zaman,AL Phehlukwayo,1,0,"",""
ball,1,24.3,Pakistan,Fakhar Zaman,Shoaib Malik,AL Phehlukwayo,0,0,"",""
ball,1,24.4,Pakistan,Fakhar Zaman,Shoaib Malik,AL Phehlukwayo,0,0,"",""
ball,1,24.5,Pakistan,Fakhar Zaman,Shoaib Malik,AL Phehlukwayo,0,0,caught,Fakhar Zaman
ball,1,24.6,Pakistan,Mohammad Rizwan,Shoaib Malik,AL Phehlukwayo,0,0,"",""
ball,1,25.1,Pakistan,Shoaib Malik,Mohammad Rizwan,K Rabada,0,0,"",""
ball,1,25.2,Pakistan,Shoaib Malik,Mohammad Rizwan,K Rabada,0,0,"",""
ball,1,25.3,Pakistan,Shoaib Malik,Mohammad Rizwan,K Rabada,0,0,"",""
ball,1,25.4,Pakistan,Shoaib Malik,Mohammad Rizwan,K Rabada,2,0,"",""
ball,1,25.5,Pakistan,Shoaib Malik,Mohammad Rizwan,K Rabada,0,1,"",""
ball,1,25.6,Pakistan,Shoaib Malik,Mohammad Rizwan,K Rabada,1,0,"",""
ball,1,25.7,Pakistan,Mohammad Rizwan,Shoaib Malik,K Rabada,0,0,"",""
ball,1,26.1,Pakistan,Shoaib Malik,Mohammad Rizwan,AL Phehlukwayo,1,0,"",""
ball,1,26.2,Pakistan,Mohammad Rizwan,Shoaib Malik,AL Phehlukwayo,0,0,"",""
ball,1,26.3,Pakistan,Mohammad Rizwan,Shoaib Malik,AL Phehlukwayo,0,0,"",""
ball,1,26.4,Pakistan,Mohammad Rizwan,Shoaib Malik,AL Phehlukwayo,0,0,"",""
ball,1,26.5,Pakistan,Mohammad Rizwan,Shoaib Malik,AL Phehlukwayo,0,0,"",""
ball,1,26.6,Pakistan,Mohammad Rizwan,Shoaib Malik,AL Phehlukwayo,1,0,"",""
ball,1,27.1,Pakistan,Mohammad Rizwan,Shoaib Malik,Imran Tahir,0,0,"",""
ball,1,27.2,Pakistan,Mohammad Rizwan,Shoaib Malik,Imran Tahir,1,0,"",""
ball,1,27.3,Pakistan,Shoaib Malik,Mohammad Rizwan,Imran Tahir,1,0,"",""
ball,1,27.4,Pakistan,Mohammad Rizwan,Shoaib Malik,Imran Tahir,0,0,"",""
ball,1,27.5,Pakistan,Mohammad Rizwan,Shoaib Malik,Imran Tahir,0,0,"",""
ball,1,27.6,Pakistan,Mohammad Rizwan,Shoaib Malik,Imran Tahir,0,0,"",""
ball,1,28.1,Pakistan,Shoaib Malik,Mohammad Rizwan,AL Phehlukwayo,0,0,"",""
ball,1,28.2,Pakistan,Shoaib Malik,Mohammad Rizwan,AL Phehlukwayo,0,0,"",""
ball,1,28.3,Pakistan,Shoaib Malik,Mohammad Rizwan,AL Phehlukwayo,1,0,"",""
ball,1,28.4,Pakistan,Mohammad Rizwan,Shoaib Malik,AL Phehlukwayo,4,0,"",""
ball,1,28.5,Pakistan,Mohammad Rizwan,Shoaib Malik,AL Phehlukwayo,0,0,"",""
ball,1,28.6,Pakistan,Mohammad Rizwan,Shoaib Malik,AL Phehlukwayo,0,0,"",""
ball,1,29.1,Pakistan,Shoaib Malik,Mohammad Rizwan,Imran Tahir,0,0,"",""
ball,1,29.2,Pakistan,Shoaib Malik,Mohammad Rizwan,Imran Tahir,1,0,"",""
ball,1,29.3,Pakistan,Mohammad Rizwan,Shoaib Malik,Imran Tahir,0,0,"",""
ball,1,29.4,Pakistan,Mohammad Rizwan,Shoaib Malik,Imran Tahir,0,0,"",""
ball,1,29.5,Pakistan,Mohammad Rizwan,Shoaib Malik,Imran Tahir,1,0,"",""
ball,1,29.6,Pakistan,Shoaib Malik,Mohammad Rizwan,Imran Tahir,0,0,"",""
ball,1,30.1,Pakistan,Mohammad Rizwan,Shoaib Malik,AL Phehlukwayo,0,0,"",""
ball,1,30.2,Pakistan,Mohammad Rizwan,Shoaib Malik,AL Phehlukwayo,0,0,"",""
ball,1,30.3,Pakistan,Mohammad Rizwan,Shoaib Malik,AL Phehlukwayo,0,0,"",""
ball,1,30.4,Pakistan,Mohammad Rizwan,Shoaib Malik,AL Phehlukwayo,0,0,"",""
ball,1,30.5,Pakistan,Mohammad Rizwan,Shoaib Malik,AL Phehlukwayo,0,0,"",""
ball,1,30.6,Pakistan,Mohammad Rizwan,Shoaib Malik,AL Phehlukwayo,1,0,"",""
ball,1,31.1,Pakistan,Mohammad Rizwan,Shoaib Malik,Imran Tahir,0,0,"",""
ball,1,31.2,Pakistan,Mohammad Rizwan,Shoaib Malik,Imran Tahir,1,0,"",""
ball,1,31.3,Pakistan,Shoaib Malik,Mohammad Rizwan,Imran Tahir,1,0,"",""
ball,1,31.4,Pakistan,Mohammad Rizwan,Shoaib Malik,Imran Tahir,0,0,"",""
ball,1,31.5,Pakistan,Mohammad Rizwan,Shoaib Malik,Imran Tahir,0,0,"",""
ball,1,31.6,Pakistan,Mohammad Rizwan,Shoaib Malik,Imran Tahir,1,0,"",""
ball,1,32.1,Pakistan,Mohammad Rizwan,Shoaib Malik,D Pretorius,0,0,caught,Mohammad Rizwan
ball,1,32.2,Pakistan,Shadab Khan,Shoaib Malik,D Pretorius,0,0,"",""
ball,1,32.3,Pakistan,Shadab Khan,Shoaib Malik,D Pretorius,0,0,"",""
ball,1,32.4,Pakistan,Shadab Khan,Shoaib Malik,D Pretorius,0,0,"",""
ball,1,32.5,Pakistan,Shadab Khan,Shoaib Malik,D Pretorius,0,0,"",""
ball,1,32.6,Pakistan,Shadab Khan,Shoaib Malik,D Pretorius,0,0,"",""
ball,1,33.1,Pakistan,Shoaib Malik,Shadab Khan,Imran Tahir,1,0,"",""
ball,1,33.2,Pakistan,Shadab Khan,Shoaib Malik,Imran Tahir,0,0,"",""
ball,1,33.3,Pakistan,Shadab Khan,Shoaib Malik,Imran Tahir,0,0,"",""
ball,1,33.4,Pakistan,Shadab Khan,Shoaib Malik,Imran Tahir,1,0,"",""
ball,1,33.5,Pakistan,Shoaib Malik,Shadab Khan,Imran Tahir,0,0,"",""
ball,1,33.6,Pakistan,Shoaib Malik,Shadab Khan,Imran Tahir,1,0,"",""
ball,1,34.1,Pakistan,Shoaib Malik,Shadab Khan,D Pretorius,1,0,"",""
ball,1,34.2,Pakistan,Shadab Khan,Shoaib Malik,D Pretorius,0,0,"",""
ball,1,34.3,Pakistan,Shadab Khan,Shoaib Malik,D Pretorius,1,0,"",""
ball,1,34.4,Pakistan,Shoaib Malik,Shadab Khan,D Pretorius,1,0,"",""
ball,1,34.5,Pakistan,Shadab Khan,Shoaib Malik,D Pretorius,0,0,"",""
ball,1,34.6,Pakistan,Shadab Khan,Shoaib Malik,D Pretorius,2,0,"",""
ball,1,35.1,Pakistan,Shoaib Malik,Shadab Khan,Imran Tahir,0,0,"",""
ball,1,35.2,Pakistan,Shoaib Malik,Shadab Khan,Imran Tahir,0,0,"",""
ball,1,35.3,Pakistan,Shoaib Malik,Shadab Khan,Imran Tahir,1,0,"",""
ball,1,35.4,Pakistan,Shadab Khan,Shoaib Malik,Imran Tahir,0,0,"",""
ball,1,35.5,Pakistan,Shadab Khan,Shoaib Malik,Imran Tahir,1,0,"",""
ball,1,35.6,Pakistan,Shoaib Malik,Shadab Khan,Imran Tahir,4,0,"",""
ball,1,36.1,Pakistan,Shadab Khan,Shoaib Malik,D Pretorius,1,0,"",""
ball,1,36.2,Pakistan,Shoaib Malik,Shadab Khan,D Pretorius,0,0,"",""
ball,1,36.3,Pakistan,Shoaib Malik,Shadab Khan,D Pretorius,1,0,"",""
ball,1,36.4,Pakistan,Shadab Khan,Shoaib Malik,D Pretorius,0,0,"",""
ball,1,36.5,Pakistan,Shadab Khan,Shoaib Malik,D Pretorius,0,0,"",""
ball,1,36.6,Pakistan,Shadab Khan,Shoaib Malik,D Pretorius,2,0,"",""
ball,1,37.1,Pakistan,Shoaib Malik,Shadab Khan,Imran Tahir,1,0,"",""
ball,1,37.2,Pakistan,Shadab Khan,Shoaib Malik,Imran Tahir,0,0,"",""
ball,1,37.3,Pakistan,Shadab Khan,Shoaib Malik,Imran Tahir,0,0,"",""
ball,1,37.4,Pakistan,Shadab Khan,Shoaib Malik,Imran Tahir,0,0,"",""
ball,1,37.5,Pakistan,Shadab Khan,Shoaib Malik,Imran Tahir,0,1,"",""
ball,1,37.6,Pakistan,Shoaib Malik,Shadab Khan,Imran Tahir,1,0,"",""
ball,1,38.1,Pakistan,Shoaib Malik,Shadab Khan,D Pretorius,2,0,"",""
ball,1,38.2,Pakistan,Shoaib Malik,Shadab Khan,D Pretorius,0,0,"",""
ball,1,38.3,Pakistan,Shoaib Malik,Shadab Khan,D Pretorius,1,0,"",""
ball,1,38.4,Pakistan,Shadab Khan,Shoaib Malik,D Pretorius,1,0,"",""
ball,1,38.5,Pakistan,Shoaib Malik,Shadab Khan,D Pretorius,1,0,"",""
ball,1,38.6,Pakistan,Shadab Khan,Shoaib Malik,D Pretorius,1,0,run out,Shoaib Malik
ball,1,39.1,Pakistan,Shadab Khan,Imad Wasim,Imran Tahir,0,0,"",""
ball,1,39.2,Pakistan,Shadab Khan,Imad Wasim,Imran Tahir,0,0,"",""
ball,1,39.3,Pakistan,Shadab Khan,Imad Wasim,Imran Tahir,1,0,"",""
ball,1,39.4,Pakistan,Imad Wasim,Shadab Khan,Imran Tahir,0,0,"",""
ball,1,39.5,Pakistan,Imad Wasim,Shadab Khan,Imran Tahir,1,0,"",""
ball,1,39.6,Pakistan,Shadab Khan,Imad Wasim,Imran Tahir,1,0,"",""
ball,1,40.1,Pakistan,Shadab Khan,Imad Wasim,D Pretorius,1,0,"",""
ball,1,40.2,Pakistan,Imad Wasim,Shadab Khan,D Pretorius,1,0,"",""
ball,1,40.3,Pakistan,Shadab Khan,Imad Wasim,D Pretorius,0,0,"",""
ball,1,40.4,Pakistan,Shadab Khan,Imad Wasim,D Pretorius,1,0,"",""
ball,1,40.5,Pakistan,Imad Wasim,Shadab Khan,D Pretorius,0,0,"",""
ball,1,40.6,Pakistan,Imad Wasim,Shadab Khan,D Pretorius,0,0,"",""
ball,1,41.1,Pakistan,Shadab Khan,Imad Wasim,Imran Tahir,0,0,"",""
ball,1,41.2,Pakistan,Shadab Khan,Imad Wasim,Imran Tahir,0,0,"",""
ball,1,41.3,Pakistan,Shadab Khan,Imad Wasim,Imran Tahir,2,0,"",""
ball,1,41.4,Pakistan,Shadab Khan,Imad Wasim,Imran Tahir,0,0,"",""
ball,1,41.5,Pakistan,Shadab Khan,Imad Wasim,Imran Tahir,1,0,"",""
ball,1,41.6,Pakistan,Imad Wasim,Shadab Khan,Imran Tahir,4,0,"",""
ball,1,42.1,Pakistan,Shadab Khan,Imad Wasim,AL Phehlukwayo,0,0,"",""
ball,1,42.2,Pakistan,Shadab Khan,Imad Wasim,AL Phehlukwayo,0,0,"",""
ball,1,42.3,Pakistan,Shadab Khan,Imad Wasim,AL Phehlukwayo,0,0,"",""
ball,1,42.4,Pakistan,Shadab Khan,Imad Wasim,AL Phehlukwayo,1,0,"",""
ball,1,42.5,Pakistan,Imad Wasim,Shadab Khan,AL Phehlukwayo,4,0,"",""
ball,1,42.6,Pakistan,Imad Wasim,Shadab Khan,AL Phehlukwayo,1,0,"",""
ball,1,43.1,Pakistan,Imad Wasim,Shadab Khan,PWA Mulder,4,0,"",""
ball,1,43.2,Pakistan,Imad Wasim,Shadab Khan,PWA Mulder,1,0,"",""
ball,1,43.3,Pakistan,Shadab Khan,Imad Wasim,PWA Mulder,1,0,"",""
ball,1,43.4,Pakistan,Imad Wasim,Shadab Khan,PWA Mulder,1,0,"",""
ball,1,43.5,Pakistan,Shadab Khan,Imad Wasim,PWA Mulder,0,0,caught,Shadab Khan
ball,1,43.6,Pakistan,Mohammad Amir,Imad Wasim,PWA Mulder,0,1,"",""
ball,1,43.7,Pakistan,Mohammad Amir,Imad Wasim,PWA Mulder,0,0,"",""
ball,1,44.1,Pakistan,Imad Wasim,Mohammad Amir,AL Phehlukwayo,0,1,"",""
ball,1,44.2,Pakistan,Imad Wasim,Mohammad Amir,AL Phehlukwayo,0,0,"",""
ball,1,44.3,Pakistan,Imad Wasim,Mohammad Amir,AL Phehlukwayo,1,0,"",""
ball,1,44.4,Pakistan,Mohammad Amir,Imad Wasim,AL Phehlukwayo,1,0,"",""
ball,1,44.5,Pakistan,Imad Wasim,Mohammad Amir,AL Phehlukwayo,1,0,"",""
ball,1,44.6,Pakistan,Mohammad Amir,Imad Wasim,AL Phehlukwayo,1,0,"",""
ball,1,44.7,Pakistan,Imad Wasim,Mohammad Amir,AL Phehlukwayo,0,1,"",""
ball,1,44.8,Pakistan,Imad Wasim,Mohammad Amir,AL Phehlukwayo,1,0,"",""
ball,1,45.1,Pakistan,Imad Wasim,Mohammad Amir,K Rabada,1,0,"",""
ball,1,45.2,Pakistan,Mohammad Amir,Imad Wasim,K Rabada,0,0,"",""
ball,1,45.3,Pakistan,Mohammad Amir,Imad Wasim,K Rabada,2,0,"",""
ball,1,45.4,Pakistan,Mohammad Amir,Imad Wasim,K Rabada,0,0,"",""
ball,1,45.5,Pakistan,Mohammad Amir,Imad Wasim,K Rabada,0,0,"",""
ball,1,45.6,Pakistan,Mohammad Amir,Imad Wasim,K Rabada,1,0,"",""
ball,1,46.1,Pakistan,Mohammad Amir,Imad Wasim,AL Phehlukwayo,1,0,"",""
ball,1,46.2,Pakistan,Imad Wasim,Mohammad Amir,AL Phehlukwayo,0,0,"",""
ball,1,46.3,Pakistan,Imad Wasim,Mohammad Amir,AL Phehlukwayo,2,0,"",""
ball,1,46.4,Pakistan,Imad Wasim,Mohammad Amir,AL Phehlukwayo,0,0,"",""
ball,1,46.5,Pakistan,Imad Wasim,Mohammad Amir,AL Phehlukwayo,2,0,"",""
ball,1,46.6,Pakistan,Imad Wasim,Mohammad Amir,AL Phehlukwayo,1,0,"",""
ball,1,47.1,Pakistan,Imad Wasim,Mohammad Amir,K Rabada,1,0,"",""
ball,1,47.2,Pakistan,Mohammad Amir,Imad Wasim,K Rabada,0,1,"",""
ball,1,47.3,Pakistan,Imad Wasim,Mohammad Amir,K Rabada,1,0,"",""
ball,1,47.4,Pakistan,Mohammad Amir,Imad Wasim,K Rabada,0,0,"",""
ball,1,47.5,Pakistan,Mohammad Amir,Imad Wasim,K Rabada,0,0,bowled,Mohammad Amir
ball,1,47.6,Pakistan,Shaheen Shah Afridi,Imad Wasim,K Rabada,0,0,"",""
ball,1,48.1,Pakistan,Imad Wasim,Shaheen Shah Afridi,DW Steyn,6,0,"",""
ball,1,48.2,Pakistan,Imad Wasim,Shaheen Shah Afridi,DW Steyn,1,0,"",""
ball,1,48.3,Pakistan,Shaheen Shah Afridi,Imad Wasim,DW Steyn,0,0,"",""
ball,1,48.4,Pakistan,Shaheen Shah Afridi,Imad Wasim,DW Steyn,0,0,"",""
ball,1,48.5,Pakistan,Shaheen Shah Afridi,Imad Wasim,DW Steyn,0,0,"",""
ball,1,48.6,Pakistan,Shaheen Shah Afridi,Imad Wasim,DW Steyn,0,0,"",""
ball,1,49.1,Pakistan,Imad Wasim,Shaheen Shah Afridi,K Rabada,0,0,"",""
ball,1,49.2,Pakistan,Imad Wasim,Shaheen Shah Afridi,K Rabada,0,0,"",""
ball,1,49.3,Pakistan,Imad Wasim,Shaheen Shah Afridi,K Rabada,0,0,"",""
ball,1,49.4,Pakistan,Imad Wasim,Shaheen Shah Afridi,K Rabada,4,0,"",""
ball,1,49.5,Pakistan,Imad Wasim,Shaheen Shah Afridi,K Rabada,2,0,"",""
ball,1,49.6,Pakistan,Imad Wasim,Shaheen Shah Afridi,K Rabada,6,0,"",""
ball,2,0.1,South Africa,Q de Kock,HM Amla,Usman Shinwari,0,0,"",""
ball,2,0.2,South Africa,Q de Kock,HM Amla,Usman Shinwari,1,0,"",""
ball,2,0.3,South Africa,HM Amla,Q de Kock,Usman Shinwari,1,0,"",""
ball,2,0.4,South Africa,Q de Kock,HM Amla,Usman Shinwari,0,0,"",""
ball,2,0.5,South Africa,Q de Kock,HM Amla,Usman Shinwari,0,0,"",""
ball,2,0.6,South Africa,Q de Kock,HM Amla,Usman Shinwari,0,0,"",""
ball,2,1.1,South Africa,HM Amla,Q de Kock,Shaheen Shah Afridi,0,1,"",""
ball,2,1.2,South Africa,HM Amla,Q de Kock,Shaheen Shah Afridi,1,0,"",""
ball,2,1.3,South Africa,Q de Kock,HM Amla,Shaheen Shah Afridi,1,0,"",""
ball,2,1.4,South Africa,HM Amla,Q de Kock,Shaheen Shah Afridi,0,0,"",""
ball,2,1.5,South Africa,HM Amla,Q de Kock,Shaheen Shah Afridi,0,0,"",""
ball,2,1.6,South Africa,HM Amla,Q de Kock,Shaheen Shah Afridi,0,0,"",""
ball,2,1.7,South Africa,HM Amla,Q de Kock,Shaheen Shah Afridi,4,0,"",""
ball,2,2.1,South Africa,Q de Kock,HM Amla,Usman Shinwari,0,0,"",""
ball,2,2.2,South Africa,Q de Kock,HM Amla,Usman Shinwari,6,0,"",""
ball,2,2.3,South Africa,Q de Kock,HM Amla,Usman Shinwari,4,0,"",""
ball,2,2.4,South Africa,Q de Kock,HM Amla,Usman Shinwari,0,1,"",""
ball,2,2.5,South Africa,Q de Kock,HM Amla,Usman Shinwari,2,0,"",""
ball,2,2.6,South Africa,Q de Kock,HM Amla,Usman Shinwari,0,0,"",""
ball,2,2.7,South Africa,Q de Kock,HM Amla,Usman Shinwari,0,0,"",""
ball,2,3.1,South Africa,HM Amla,Q de Kock,Shaheen Shah Afridi,0,0,"",""
ball,2,3.2,South Africa,HM Amla,Q de Kock,Shaheen Shah Afridi,1,0,"",""
ball,2,3.3,South Africa,Q de Kock,HM Amla,Shaheen Shah Afridi,0,0,"",""
ball,2,3.4,South Africa,Q de Kock,HM Amla,Shaheen Shah Afridi,4,0,"",""
ball,2,3.5,South Africa,Q de Kock,HM Amla,Shaheen Shah Afridi,0,1,"",""
ball,2,3.6,South Africa,Q de Kock,HM Amla,Shaheen Shah Afridi,0,0,"",""
ball,2,3.7,South Africa,Q de Kock,HM Amla,Shaheen Shah Afridi,0,0,"",""
ball,2,4.1,South Africa,HM Amla,Q de Kock,Usman Shinwari,0,0,"",""
ball,2,4.2,South Africa,HM Amla,Q de Kock,Usman Shinwari,0,0,"",""
ball,2,4.3,South Africa,HM Amla,Q de Kock,Usman Shinwari,1,0,"",""
ball,2,4.4,South Africa,Q de Kock,HM Amla,Usman Shinwari,4,0,"",""
ball,2,4.5,South Africa,Q de Kock,HM Amla,Usman Shinwari,0,0,"",""
ball,2,4.6,South Africa,Q de Kock,HM Amla,Usman Shinwari,0,0,"",""
ball,2,5.1,South Africa,HM Amla,Q de Kock,Shaheen Shah Afridi,0,0,"",""
ball,2,5.2,South Africa,HM Amla,Q de Kock,Shaheen Shah Afridi,4,0,"",""
ball,2,5.3,South Africa,HM Amla,Q de Kock,Shaheen Shah Afridi,0,0,"",""
ball,2,5.4,South Africa,HM Amla,Q de Kock,Shaheen Shah Afridi,2,0,"",""
ball,2,5.5,South Africa,HM Amla,Q de Kock,Shaheen Shah Afridi,0,0,"",""
ball,2,5.6,South Africa,HM Amla,Q de Kock,Shaheen Shah Afridi,0,0,caught,HM Amla
ball,2,6.1,South Africa,Q de Kock,RR Hendricks,Usman Shinwari,1,0,"",""
ball,2,6.2,South Africa,RR Hendricks,Q de Kock,Usman Shinwari,0,0,"",""
ball,2,6.3,South Africa,RR Hendricks,Q de Kock,Usman Shinwari,0,0,"",""
ball,2,6.4,South Africa,RR Hendricks,Q de Kock,Usman Shinwari,0,0,"",""
ball,2,6.5,South Africa,RR Hendricks,Q de Kock,Usman Shinwari,0,0,"",""
ball,2,6.6,South Africa,RR Hendricks,Q de Kock,Usman Shinwari,0,0,"",""
ball,2,7.1,South Africa,Q de Kock,RR Hendricks,Shaheen Shah Afridi,0,0,"",""
ball,2,7.2,South Africa,Q de Kock,RR Hendricks,Shaheen Shah Afridi,1,0,"",""
ball,2,7.3,South Africa,RR Hendricks,Q de Kock,Shaheen Shah Afridi,0,0,"",""
ball,2,7.4,South Africa,RR Hendricks,Q de Kock,Shaheen Shah Afridi,1,0,"",""
ball,2,7.5,South Africa,Q de Kock,RR Hendricks,Shaheen Shah Afridi,0,0,"",""
ball,2,7.6,South Africa,Q de Kock,RR Hendricks,Shaheen Shah Afridi,4,0,"",""
ball,2,8.1,South Africa,RR Hendricks,Q de Kock,Mohammad Amir,4,0,"",""
ball,2,8.2,South Africa,RR Hendricks,Q de Kock,Mohammad Amir,4,0,"",""
ball,2,8.3,South Africa,RR Hendricks,Q de Kock,Mohammad Amir,0,0,"",""
ball,2,8.4,South Africa,RR Hendricks,Q de Kock,Mohammad Amir,1,0,"",""
ball,2,8.5,South Africa,Q de Kock,RR Hendricks,Mohammad Amir,0,1,"",""
ball,2,8.6,South Africa,RR Hendricks,Q de Kock,Mohammad Amir,1,0,"",""
ball,2,9.1,South Africa,RR Hendricks,Q de Kock,Shadab Khan,1,0,"",""
ball,2,9.2,South Africa,Q de Kock,RR Hendricks,Shadab Khan,4,0,"",""
ball,2,9.3,South Africa,Q de Kock,RR Hendricks,Shadab Khan,0,0,"",""
ball,2,9.4,South Africa,Q de Kock,RR Hendricks,Shadab Khan,1,0,"",""
ball,2,9.5,South Africa,RR Hendricks,Q de Kock,Shadab Khan,2,0,"",""
ball,2,9.6,South Africa,RR Hendricks,Q de Kock,Shadab Khan,0,0,"",""
ball,2,10.1,South Africa,Q de Kock,RR Hendricks,Mohammad Amir,1,0,"",""
ball,2,10.2,South Africa,RR Hendricks,Q de Kock,Mohammad Amir,4,0,"",""
ball,2,10.3,South Africa,RR Hendricks,Q de Kock,Mohammad Amir,0,0,"",""
ball,2,10.4,South Africa,RR Hendricks,Q de Kock,Mohammad Amir,0,0,"",""
ball,2,10.5,South Africa,RR Hendricks,Q de Kock,Mohammad Amir,0,0,"",""
ball,2,10.6,South Africa,RR Hendricks,Q de Kock,Mohammad Amir,1,0,"",""
ball,2,11.1,South Africa,RR Hendricks,Q de Kock,Shadab Khan,1,0,"",""
ball,2,11.2,South Africa,Q de Kock,RR Hendricks,Shadab Khan,1,0,"",""
ball,2,11.3,South Africa,RR Hendricks,Q de Kock,Shadab Khan,1,0,"",""
ball,2,11.4,South Africa,Q de Kock,RR Hendricks,Shadab Khan,4,0,"",""
ball,2,11.5,South Africa,Q de Kock,RR Hendricks,Shadab Khan,1,0,"",""
ball,2,11.6,South Africa,RR Hendricks,Q de Kock,Shadab Khan,1,0,"",""
ball,2,12.1,South Africa,RR Hendricks,Q de Kock,Mohammad Amir,2,0,"",""
ball,2,12.2,South Africa,RR Hendricks,Q de Kock,Mohammad Amir,1,0,"",""
ball,2,12.3,South Africa,Q de Kock,RR Hendricks,Mohammad Amir,1,0,"",""
ball,2,12.4,South Africa,RR Hendricks,Q de Kock,Mohammad Amir,0,0,"",""
ball,2,12.5,South Africa,RR Hendricks,Q de Kock,Mohammad Amir,1,0,"",""
ball,2,12.6,South Africa,Q de Kock,RR Hendricks,Mohammad Amir,1,0,"",""
ball,2,13.1,South Africa,Q de Kock,RR Hendricks,Shadab Khan,1,0,"",""
ball,2,13.2,South Africa,RR Hendricks,Q de Kock,Shadab Khan,0,0,"",""
ball,2,13.3,South Africa,RR Hendricks,Q de Kock,Shadab Khan,6,0,"",""
ball,2,13.4,South Africa,RR Hendricks,Q de Kock,Shadab Khan,1,0,"",""
ball,2,13.5,South Africa,Q de Kock,RR Hendricks,Shadab Khan,4,0,"",""
ball,2,13.6,South Africa,Q de Kock,RR Hendricks,Shadab Khan,0,0,"",""
ball,2,14.1,South Africa,RR Hendricks,Q de Kock,Mohammad Amir,1,0,"",""
ball,2,14.2,South Africa,Q de Kock,RR Hendricks,Mohammad Amir,1,0,"",""
ball,2,14.3,South Africa,RR Hendricks,Q de Kock,Mohammad Amir,0,0,"",""
ball,2,14.4,South Africa,RR Hendricks,Q de Kock,Mohammad Amir,0,0,caught,RR Hendricks
ball,2,14.5,South Africa,Q de Kock,F du Plessis,Mohammad Amir,0,0,"",""
ball,2,14.6,South Africa,Q de Kock,F du Plessis,Mohammad Amir,1,0,"",""
ball,2,15.1,South Africa,Q de Kock,F du Plessis,Shadab Khan,1,0,"",""
ball,2,15.2,South Africa,F du Plessis,Q de Kock,Shadab Khan,0,0,"",""
ball,2,15.3,South Africa,F du Plessis,Q de Kock,Shadab Khan,0,0,"",""
ball,2,15.4,South Africa,F du Plessis,Q de Kock,Shadab Khan,1,0,"",""
ball,2,15.5,South Africa,Q de Kock,F du Plessis,Shadab Khan,0,0,"",""
ball,2,15.6,South Africa,Q de Kock,F du Plessis,Shadab Khan,4,0,"",""
ball,2,16.1,South Africa,F du Plessis,Q de Kock,Mohammad Amir,0,0,"",""
ball,2,16.2,South Africa,F du Plessis,Q de Kock,Mohammad Amir,1,0,"",""
ball,2,16.3,South Africa,Q de Kock,F du Plessis,Mohammad Amir,1,0,"",""
ball,2,16.4,South Africa,F du Plessis,Q de Kock,Mohammad Amir,4,0,"",""
ball,2,16.5,South Africa,F du Plessis,Q de Kock,Mohammad Amir,0,0,"",""
ball,2,16.6,South Africa,F du Plessis,Q de Kock,Mohammad Amir,0,0,"",""
ball,2,17.1,South Africa,Q de Kock,F du Plessis,Mohammad Hafeez,0,0,"",""
ball,2,17.2,South Africa,Q de Kock,F du Plessis,Mohammad Hafeez,1,0,"",""
ball,2,17.3,South Africa,F du Plessis,Q de Kock,Mohammad Hafeez,1,0,"",""
ball,2,17.4,South Africa,Q de Kock,F du Plessis,Mohammad Hafeez,0,0,"",""
ball,2,17.5,South Africa,Q de Kock,F du Plessis,Mohammad Hafeez,4,0,"",""
ball,2,17.6,South Africa,Q de Kock,F du Plessis,Mohammad Hafeez,1,0,"",""
ball,2,18.1,South Africa,Q de Kock,F du Plessis,Usman Shinwari,6,0,"",""
ball,2,18.2,South Africa,Q de Kock,F du Plessis,Usman Shinwari,0,0,"",""
ball,2,18.3,South Africa,Q de Kock,F du Plessis,Usman Shinwari,1,0,"",""
ball,2,18.4,South Africa,F du Plessis,Q de Kock,Usman Shinwari,1,0,"",""
ball,2,18.5,South Africa,Q de Kock,F du Plessis,Usman Shinwari,4,0,"",""
ball,2,18.6,South Africa,Q de Kock,F du Plessis,Usman Shinwari,6,0,"",""
ball,2,19.1,South Africa,F du Plessis,Q de Kock,Imad Wasim,0,0,"",""
ball,2,19.2,South Africa,F du Plessis,Q de Kock,Imad Wasim,1,0,"",""
ball,2,19.3,South Africa,Q de Kock,F du Plessis,Imad Wasim,1,0,"",""
ball,2,19.4,South Africa,F du Plessis,Q de Kock,Imad Wasim,0,0,"",""
ball,2,19.5,South Africa,F du Plessis,Q de Kock,Imad Wasim,1,0,"",""
ball,2,19.6,South Africa,Q de Kock,F du Plessis,Imad Wasim,4,0,"",""
ball,2,20.1,South Africa,F du Plessis,Q de Kock,Usman Shinwari,1,0,"",""
ball,2,20.2,South Africa,Q de Kock,F du Plessis,Usman Shinwari,0,0,caught,Q de Kock
ball,2,20.3,South Africa,F du Plessis,HE van der Dussen,Usman Shinwari,0,0,"",""
ball,2,20.4,South Africa,F du Plessis,HE van der Dussen,Usman Shinwari,1,0,"",""
ball,2,20.5,South Africa,HE van der Dussen,F du Plessis,Usman Shinwari,0,0,"",""
ball,2,20.6,South Africa,HE van der Dussen,F du Plessis,Usman Shinwari,0,0,"",""
ball,2,21.1,South Africa,F du Plessis,HE van der Dussen,Imad Wasim,0,0,"",""
ball,2,21.2,South Africa,F du Plessis,HE van der Dussen,Imad Wasim,1,0,"",""
ball,2,21.3,South Africa,HE van der Dussen,F du Plessis,Imad Wasim,0,0,"",""
ball,2,21.4,South Africa,HE van der Dussen,F du Plessis,Imad Wasim,0,0,"",""
ball,2,21.5,South Africa,HE van der Dussen,F du Plessis,Imad Wasim,1,0,"",""
ball,2,21.6,South Africa,F du Plessis,HE van der Dussen,Imad Wasim,1,0,"",""
ball,2,22.1,South Africa,F du Plessis,HE van der Dussen,Usman Shinwari,0,0,"",""
ball,2,22.2,South Africa,F du Plessis,HE van der Dussen,Usman Shinwari,0,1,"",""
ball,2,22.3,South Africa,F du Plessis,HE van der Dussen,Usman Shinwari,0,0,"",""
ball,2,22.4,South Africa,F du Plessis,HE van der Dussen,Usman Shinwari,1,0,"",""
ball,2,22.5,South Africa,HE van der Dussen,F du Plessis,Usman Shinwari,0,0,"",""
ball,2,22.6,South Africa,HE van der Dussen,F du Plessis,Usman Shinwari,0,0,"",""
ball,2,22.7,South Africa,HE van der Dussen,F du Plessis,Usman Shinwari,0,0,"",""
ball,2,23.1,South Africa,F du Plessis,HE van der Dussen,Imad Wasim,1,0,"",""
ball,2,23.2,South Africa,HE van der Dussen,F du Plessis,Imad Wasim,1,0,"",""
ball,2,23.3,South Africa,F du Plessis,HE van der Dussen,Imad Wasim,0,0,"",""
ball,2,23.4,South Africa,F du Plessis,HE van der Dussen,Imad Wasim,1,0,"",""
ball,2,23.5,South Africa,HE van der Dussen,F du Plessis,Imad Wasim,0,0,"",""
ball,2,23.6,South Africa,HE van der Dussen,F du Plessis,Imad Wasim,1,0,"",""
ball,2,24.1,South Africa,HE van der Dussen,F du Plessis,Shaheen Shah Afridi,0,0,"",""
ball,2,24.2,South Africa,HE van der Dussen,F du Plessis,Shaheen Shah Afridi,0,0,"",""
ball,2,24.3,South Africa,HE van der Dussen,F du Plessis,Shaheen Shah Afridi,0,0,"",""
ball,2,24.4,South Africa,HE van der Dussen,F du Plessis,Shaheen Shah Afridi,0,0,"",""
ball,2,24.5,South Africa,HE van der Dussen,F du Plessis,Shaheen Shah Afridi,2,0,"",""
ball,2,24.6,South Africa,HE van der Dussen,F du Plessis,Shaheen Shah Afridi,3,0,"",""
ball,2,25.1,South Africa,HE van der Dussen,F du Plessis,Imad Wasim,0,0,"",""
ball,2,25.2,South Africa,HE van der Dussen,F du Plessis,Imad Wasim,1,0,"",""
ball,2,25.3,South Africa,F du Plessis,HE van der Dussen,Imad Wasim,0,0,"",""
ball,2,25.4,South Africa,F du Plessis,HE van der Dussen,Imad Wasim,1,0,"",""
ball,2,25.5,South Africa,HE van der Dussen,F du Plessis,Imad Wasim,1,0,"",""
ball,2,25.6,South Africa,F du Plessis,HE van der Dussen,Imad Wasim,0,0,"",""
ball,2,26.1,South Africa,HE van der Dussen,F du Plessis,Shadab Khan,1,0,"",""
ball,2,26.2,South Africa,F du Plessis,HE van der Dussen,Shadab Khan,0,0,"",""
ball,2,26.3,South Africa,F du Plessis,HE van der Dussen,Shadab Khan,1,0,"",""
ball,2,26.4,South Africa,HE van der Dussen,F du Plessis,Shadab Khan,2,0,"",""
ball,2,26.5,South Africa,HE van der Dussen,F du Plessis,Shadab Khan,0,0,"",""
ball,2,26.6,South Africa,HE van der Dussen,F du Plessis,Shadab Khan,1,0,"",""
ball,2,27.1,South Africa,HE van der Dussen,F du Plessis,Imad Wasim,1,0,"",""
ball,2,27.2,South Africa,F du Plessis,HE van der Dussen,Imad Wasim,0,0,"",""
ball,2,27.3,South Africa,F du Plessis,HE van der Dussen,Imad Wasim,0,0,"",""
ball,2,27.4,South Africa,F du Plessis,HE van der Dussen,Imad Wasim,0,0,"",""
ball,2,27.5,South Africa,F du Plessis,HE van der Dussen,Imad Wasim,0,0,"",""
ball,2,27.6,South Africa,F du Plessis,HE van der Dussen,Imad Wasim,1,0,"",""
ball,2,28.1,South Africa,F du Plessis,HE van der Dussen,Shadab Khan,2,0,"",""
ball,2,28.2,South Africa,F du Plessis,HE van der Dussen,Shadab Khan,2,0,"",""
ball,2,28.3,South Africa,F du Plessis,HE van der Dussen,Shadab Khan,1,0,"",""
ball,2,28.4,South Africa,HE van der Dussen,F du Plessis,Shadab Khan,1,0,"",""
ball,2,28.5,South Africa,F du Plessis,HE van der Dussen,Shadab Khan,1,0,"",""
ball,2,28.6,South Africa,HE van der Dussen,F du Plessis,Shadab Khan,1,0,"",""
ball,2,29.1,South Africa,HE van der Dussen,F du Plessis,Imad Wasim,0,4,"",""
ball,2,29.2,South Africa,F du Plessis,HE van der Dussen,Imad Wasim,1,0,"",""
ball,2,29.3,South Africa,HE van der Dussen,F du Plessis,Imad Wasim,0,0,"",""
ball,2,29.4,South Africa,HE van der Dussen,F du Plessis,Imad Wasim,0,0,"",""
ball,2,29.5,South Africa,HE van der Dussen,F du Plessis,Imad Wasim,1,0,"",""
ball,2,29.6,South Africa,F du Plessis,HE van der Dussen,Imad Wasim,1,0,"",""
ball,2,29.7,South Africa,HE van der Dussen,F du Plessis,Imad Wasim,2,0,"",""
ball,2,30.1,South Africa,F du Plessis,HE van der Dussen,Mohammad Amir,2,0,"",""
ball,2,30.2,South Africa,F du Plessis,HE van der Dussen,Mohammad Amir,0,0,"",""
ball,2,30.3,South Africa,F du Plessis,HE van der Dussen,Mohammad Amir,0,0,"",""
ball,2,30.4,South Africa,F du Plessis,HE van der Dussen,Mohammad Amir,0,1,"",""
ball,2,30.5,South Africa,F du Plessis,HE van der Dussen,Mohammad Amir,0,0,"",""
ball,2,30.6,South Africa,F du Plessis,HE van der Dussen,Mohammad Amir,0,0,"",""
ball,2,30.7,South Africa,F du Plessis,HE van der Dussen,Mohammad Amir,1,0,"",""
ball,2,31.1,South Africa,F du Plessis,HE van der Dussen,Imad Wasim,1,0,"",""
ball,2,31.2,South Africa,HE van der Dussen,F du Plessis,Imad Wasim,6,0,"",""
ball,2,31.3,South Africa,HE van der Dussen,F du Plessis,Imad Wasim,1,0,"",""
ball,2,31.4,South Africa,F du Plessis,HE van der Dussen,Imad Wasim,1,0,"",""
ball,2,31.5,South Africa,HE van der Dussen,F du Plessis,Imad Wasim,0,0,"",""
ball,2,31.6,South Africa,HE van der Dussen,F du Plessis,Imad Wasim,1,0,"",""
ball,2,32.1,South Africa,HE van der Dussen,F du Plessis,Mohammad Amir,0,0,"",""
ball,2,32.2,South Africa,HE van der Dussen,F du Plessis,Mohammad Amir,1,0,"",""
ball,2,32.3,South Africa,F du Plessis,HE van der Dussen,Mohammad Amir,1,0,"",""
ball,2,32.4,South Africa,HE van der Dussen,F du Plessis,Mohammad Amir,0,0,"",""
ball,2,32.5,South Africa,HE van der Dussen,F du Plessis,Mohammad Amir,1,0,"",""
ball,2,32.6,South Africa,F du Plessis,HE van der Dussen,Mohammad Amir,1,0,"",""
ball,2,33.1,South Africa,F du Plessis,HE van der Dussen,Shadab Khan,0,0,"",""
ball,2,33.2,South Africa,F du Plessis,HE van der Dussen,Shadab Khan,0,0,"",""
ball,2,33.3,South Africa,F du Plessis,HE van der Dussen,Shadab Khan,2,0,"",""
ball,2,33.4,South Africa,F du Plessis,HE van der Dussen,Shadab Khan,0,0,"",""
ball,2,33.5,South Africa,F du Plessis,HE van der Dussen,Shadab Khan,1,0,"",""
ball,2,33.6,South Africa,HE van der Dussen,F du Plessis,Shadab Khan,1,0,"",""
ball,2,34.1,South Africa,HE van der Dussen,F du Plessis,Mohammad Amir,1,0,"",""
ball,2,34.2,South Africa,F du Plessis,HE van der Dussen,Mohammad Amir,0,0,"",""
ball,2,34.3,South Africa,F du Plessis,HE van der Dussen,Mohammad Amir,0,0,"",""
ball,2,34.4,South Africa,F du Plessis,HE van der Dussen,Mohammad Amir,0,0,"",""
ball,2,34.5,South Africa,F du Plessis,HE van der Dussen,Mohammad Amir,0,0,"",""
ball,2,34.6,South Africa,F du Plessis,HE van der Dussen,Mohammad Amir,0,0,"",""
ball,2,35.1,South Africa,HE van der Dussen,F du Plessis,Shadab Khan,0,0,"",""
ball,2,35.2,South Africa,HE van der Dussen,F du Plessis,Shadab Khan,0,0,"",""
ball,2,35.3,South Africa,HE van der Dussen,F du Plessis,Shadab Khan,0,0,"",""
ball,2,35.4,South Africa,HE van der Dussen,F du Plessis,Shadab Khan,0,0,"",""
ball,2,35.5,South Africa,HE van der Dussen,F du Plessis,Shadab Khan,1,0,"",""
ball,2,35.6,South Africa,F du Plessis,HE van der Dussen,Shadab Khan,4,0,"",""
ball,2,36.1,South Africa,HE van der Dussen,F du Plessis,Shaheen Shah Afridi,1,0,"",""
ball,2,36.2,South Africa,F du Plessis,HE van der Dussen,Shaheen Shah Afridi,1,0,"",""
ball,2,36.3,South Africa,HE van der Dussen,F du Plessis,Shaheen Shah Afridi,0,0,"",""
ball,2,36.4,South Africa,HE van der Dussen,F du Plessis,Shaheen Shah Afridi,0,0,"",""
ball,2,36.5,South Africa,HE van der Dussen,F du Plessis,Shaheen Shah Afridi,1,0,"",""
ball,2,36.6,South Africa,F du Plessis,HE van der Dussen,Shaheen Shah Afridi,0,0,"",""
ball,2,37.1,South Africa,HE van der Dussen,F du Plessis,Shadab Khan,0,0,"",""
ball,2,37.2,South Africa,HE van der Dussen,F du Plessis,Shadab Khan,0,0,"",""
ball,2,37.3,South Africa,HE van der Dussen,F du Plessis,Shadab Khan,6,0,"",""
ball,2,37.4,South Africa,HE van der Dussen,F du Plessis,Shadab Khan,1,0,"",""
ball,2,37.5,South Africa,F du Plessis,HE van der Dussen,Shadab Khan,1,0,"",""
ball,2,37.6,South Africa,HE van der Dussen,F du Plessis,Shadab Khan,0,0,"",""
ball,2,38.1,South Africa,F du Plessis,HE van der Dussen,Shaheen Shah Afridi,0,0,"",""
ball,2,38.2,South Africa,F du Plessis,HE van der Dussen,Shaheen Shah Afridi,0,0,"",""
ball,2,38.3,South Africa,F du Plessis,HE van der Dussen,Shaheen Shah Afridi,1,0,"",""
ball,2,38.4,South Africa,HE van der Dussen,F du Plessis,Shaheen Shah Afridi,0,0,"",""
ball,2,38.5,South Africa,HE van der Dussen,F du Plessis,Shaheen Shah Afridi,0,0,"",""
ball,2,38.6,South Africa,HE van der Dussen,F du Plessis,Shaheen Shah Afridi,0,0,"",""
ball,2,39.1,South Africa,F du Plessis,HE van der Dussen,Shadab Khan,4,0,"",""
ball,2,39.2,South Africa,F du Plessis,HE van der Dussen,Shadab Khan,0,0,"",""
ball,2,39.3,South Africa,F du Plessis,HE van der Dussen,Shadab Khan,1,0,"",""
ball,2,39.4,South Africa,HE van der Dussen,F du Plessis,Shadab Khan,0,0,"",""
ball,2,39.5,South Africa,HE van der Dussen,F du Plessis,Shadab Khan,2,0,"",""
ball,2,39.6,South Africa,HE van der Dussen,F du Plessis,Shadab Khan,6,0,"",""
