version,1.3.0
info,team,South Africa
info,team,Sri Lanka
info,gender,male
info,season,2018/19
info,date,2019/03/03
info,series,Sri Lanka tour of South Africa 2018/19
info,match_number,1
info,venue,The Wanderers Stadium
info,city,Johannesburg
info,toss_winner,South Africa
info,toss_decision,field
info,player_of_match,F du Plessis
info,umpire,RA Kettleborough
info,umpire,BP Jele
info,reserve_umpire,S George
info,tv_umpire,Aleem Dar
info,match_referee,RB Richardson
info,winner,South Africa
info,winner_wickets,8
ball,1,0.1,Sri Lanka,N Dickwella,WU Tharanga,K Rabada,4,0,"",""
ball,1,0.2,Sri Lanka,N Dickwella,WU Tharanga,K Rabada,4,0,"",""
ball,1,0.3,Sri Lanka,N Dickwella,WU Tharanga,K Rabada,0,0,"",""
ball,1,0.4,Sri Lanka,N Dickwella,WU Tharanga,K Rabada,0,0,"",""
ball,1,0.5,Sri Lanka,N Dickwella,WU Tharanga,K Rabada,0,0,"",""
ball,1,0.6,Sri Lanka,N Dickwella,WU Tharanga,K Rabada,0,0,"",""
ball,1,1.1,Sri Lanka,WU Tharanga,N Dickwella,L Ngidi,4,0,"",""
ball,1,1.2,Sri Lanka,WU Tharanga,N Dickwella,L Ngidi,0,0,"",""
ball,1,1.3,Sri Lanka,WU Tharanga,N Dickwella,L Ngidi,1,0,"",""
ball,1,1.4,Sri Lanka,N Dickwella,WU Tharanga,L Ngidi,0,0,caught and bowled,N Dickwella
ball,1,1.5,Sri Lanka,MDKJ Perera,WU Tharanga,L Ngidi,0,0,"",""
ball,1,1.6,Sri Lanka,MDKJ Perera,WU Tharanga,L Ngidi,0,0,"",""
ball,1,2.1,Sri Lanka,WU Tharanga,MDKJ Perera,K Rabada,0,0,"",""
ball,1,2.2,Sri Lanka,WU Tharanga,MDKJ Perera,K Rabada,0,0,"",""
ball,1,2.3,Sri Lanka,WU Tharanga,MDKJ Perera,K Rabada,4,0,"",""
ball,1,2.4,Sri Lanka,WU Tharanga,MDKJ Perera,K Rabada,0,0,"",""
ball,1,2.5,Sri Lanka,WU Tharanga,MDKJ Perera,K Rabada,0,0,"",""
ball,1,2.6,Sri Lanka,WU Tharanga,MDKJ Perera,K Rabada,0,0,"",""
ball,1,3.1,Sri Lanka,MDKJ Perera,WU Tharanga,L Ngidi,4,0,"",""
ball,1,3.2,Sri Lanka,MDKJ Perera,WU Tharanga,L Ngidi,1,0,"",""
ball,1,3.3,Sri Lanka,WU Tharanga,MDKJ Perera,L Ngidi,0,0,"",""
ball,1,3.4,Sri Lanka,WU Tharanga,MDKJ Perera,L Ngidi,0,1,"",""
ball,1,3.5,Sri Lanka,WU Tharanga,MDKJ Perera,L Ngidi,0,0,bowled,WU Tharanga
ball,1,3.6,Sri Lanka,BOP Fernando,MDKJ Perera,L Ngidi,0,0,"",""
ball,1,3.7,Sri Lanka,BOP Fernando,MDKJ Perera,L Ngidi,1,0,"",""
ball,1,4.1,Sri Lanka,BOP Fernando,MDKJ Perera,K Rabada,0,0,"",""
ball,1,4.2,Sri Lanka,BOP Fernando,MDKJ Perera,K Rabada,0,0,"",""
ball,1,4.3,Sri Lanka,BOP Fernando,MDKJ Perera,K Rabada,0,0,"",""
ball,1,4.4,Sri Lanka,BOP Fernando,MDKJ Perera,K Rabada,0,0,"",""
ball,1,4.5,Sri Lanka,BOP Fernando,MDKJ Perera,K Rabada,1,0,"",""
ball,1,4.6,Sri Lanka,MDKJ Perera,BOP Fernando,K Rabada,1,0,"",""
ball,1,5.1,Sri Lanka,MDKJ Perera,BOP Fernando,L Ngidi,0,0,"",""
ball,1,5.2,Sri Lanka,MDKJ Perera,BOP Fernando,L Ngidi,0,0,"",""
ball,1,5.3,Sri Lanka,MDKJ Perera,BOP Fernando,L Ngidi,0,0,"",""
ball,1,5.4,Sri Lanka,MDKJ Perera,BOP Fernando,L Ngidi,1,0,"",""
ball,1,5.5,Sri Lanka,BOP Fernando,MDKJ Perera,L Ngidi,0,0,"",""
ball,1,5.6,Sri Lanka,BOP Fernando,MDKJ Perera,L Ngidi,4,0,"",""
ball,1,6.1,Sri Lanka,MDKJ Perera,BOP Fernando,K Rabada,1,0,"",""
ball,1,6.2,Sri Lanka,BOP Fernando,MDKJ Perera,K Rabada,1,0,"",""
ball,1,6.3,Sri Lanka,MDKJ Perera,BOP Fernando,K Rabada,0,0,"",""
ball,1,6.4,Sri Lanka,MDKJ Perera,BOP Fernando,K Rabada,2,0,"",""
ball,1,6.5,Sri Lanka,MDKJ Perera,BOP Fernando,K Rabada,0,0,"",""
ball,1,6.6,Sri Lanka,MDKJ Perera,BOP Fernando,K Rabada,0,0,"",""
ball,1,7.1,Sri Lanka,BOP Fernando,MDKJ Perera,L Ngidi,0,0,"",""
ball,1,7.2,Sri Lanka,BOP Fernando,MDKJ Perera,L Ngidi,0,0,"",""
ball,1,7.3,Sri Lanka,BOP Fernando,MDKJ Perera,L Ngidi,1,0,"",""
ball,1,7.4,Sri Lanka,MDKJ Perera,BOP Fernando,L Ngidi,1,0,"",""
ball,1,7.5,Sri Lanka,BOP Fernando,MDKJ Perera,L Ngidi,1,0,"",""
ball,1,7.6,Sri Lanka,MDKJ Perera,BOP Fernando,L Ngidi,0,0,"",""
ball,1,8.1,Sri Lanka,BOP Fernando,MDKJ Perera,K Rabada,0,0,"",""
ball,1,8.2,Sri Lanka,BOP Fernando,MDKJ Perera,K Rabada,0,0,"",""
ball,1,8.3,Sri Lanka,BOP Fernando,MDKJ Perera,K Rabada,0,0,"",""
ball,1,8.4,Sri Lanka,BOP Fernando,MDKJ Perera,K Rabada,4,0,"",""
ball,1,8.5,Sri Lanka,BOP Fernando,MDKJ Perera,K Rabada,6,0,"",""
ball,1,8.6,Sri Lanka,BOP Fernando,MDKJ Perera,K Rabada,1,0,"",""
ball,1,9.1,Sri Lanka,BOP Fernando,MDKJ Perera,L Ngidi,0,0,"",""
ball,1,9.2,Sri Lanka,BOP Fernando,MDKJ Perera,L Ngidi,0,0,"",""
ball,1,9.3,Sri Lanka,BOP Fernando,MDKJ Perera,L Ngidi,4,0,"",""
ball,1,9.4,Sri Lanka,BOP Fernando,MDKJ Perera,L Ngidi,0,0,"",""
ball,1,9.5,Sri Lanka,BOP Fernando,MDKJ Perera,L Ngidi,0,0,"",""
ball,1,9.6,Sri Lanka,BOP Fernando,MDKJ Perera,L Ngidi,6,0,"",""
ball,1,10.1,Sri Lanka,MDKJ Perera,BOP Fernando,A Nortje,0,0,"",""
ball,1,10.2,Sri Lanka,MDKJ Perera,BOP Fernando,A Nortje,1,0,"",""
ball,1,10.3,Sri Lanka,BOP Fernando,MDKJ Perera,A Nortje,0,0,"",""
ball,1,10.4,Sri Lanka,BOP Fernando,MDKJ Perera,A Nortje,0,0,"",""
ball,1,10.5,Sri Lanka,BOP Fernando,MDKJ Perera,A Nortje,4,0,"",""
ball,1,10.6,Sri Lanka,BOP Fernando,MDKJ Perera,A Nortje,1,0,"",""
ball,1,11.1,Sri Lanka,BOP Fernando,MDKJ Perera,D Pretorius,0,0,"",""
ball,1,11.2,Sri Lanka,BOP Fernando,MDKJ Perera,D Pretorius,1,0,"",""
ball,1,11.3,Sri Lanka,MDKJ Perera,BOP Fernando,D Pretorius,4,0,"",""
ball,1,11.4,Sri Lanka,MDKJ Perera,BOP Fernando,D Pretorius,0,0,"",""
ball,1,11.5,Sri Lanka,MDKJ Perera,BOP Fernando,D Pretorius,1,0,"",""
ball,1,11.6,Sri Lanka,BOP Fernando,MDKJ Perera,D Pretorius,2,0,"",""
ball,1,12.1,Sri Lanka,MDKJ Perera,BOP Fernando,A Nortje,0,0,"",""
ball,1,12.2,Sri Lanka,MDKJ Perera,BOP Fernando,A Nortje,1,0,"",""
ball,1,12.3,Sri Lanka,BOP Fernando,MDKJ Perera,A Nortje,0,0,"",""
ball,1,12.4,Sri Lanka,BOP Fernando,MDKJ Perera,A Nortje,4,0,"",""
ball,1,12.5,Sri Lanka,BOP Fernando,MDKJ Perera,A Nortje,1,0,"",""
ball,1,12.6,Sri Lanka,MDKJ Perera,BOP Fernando,A Nortje,1,0,"",""
ball,1,13.1,Sri Lanka,MDKJ Perera,BOP Fernando,D Pretorius,1,0,"",""
ball,1,13.2,Sri Lanka,BOP Fernando,MDKJ Perera,D Pretorius,1,0,"",""
ball,1,13.3,Sri Lanka,MDKJ Perera,BOP Fernando,D Pretorius,1,0,"",""
ball,1,13.4,Sri Lanka,BOP Fernando,MDKJ Perera,D Pretorius,0,0,"",""
ball,1,13.5,Sri Lanka,BOP Fernando,MDKJ Perera,D Pretorius,1,0,"",""
ball,1,13.6,Sri Lanka,MDKJ Perera,BOP Fernando,D Pretorius,0,0,"",""
ball,1,14.1,Sri Lanka,BOP Fernando,MDKJ Perera,A Nortje,0,0,"",""
ball,1,14.2,Sri Lanka,BOP Fernando,MDKJ Perera,A Nortje,1,0,"",""
ball,1,14.3,Sri Lanka,MDKJ Perera,BOP Fernando,A Nortje,0,0,"",""
ball,1,14.4,Sri Lanka,MDKJ Perera,BOP Fernando,A Nortje,4,0,"",""
ball,1,14.5,Sri Lanka,MDKJ Perera,BOP Fernando,A Nortje,4,0,"",""
ball,1,14.6,Sri Lanka,MDKJ Perera,BOP Fernando,A Nortje,0,0,"",""
ball,1,15.1,Sri Lanka,BOP Fernando,MDKJ Perera,D Pretorius,1,0,"",""
ball,1,15.2,Sri Lanka,MDKJ Perera,BOP Fernando,D Pretorius,2,0,"",""
ball,1,15.3,Sri Lanka,MDKJ Perera,BOP Fernando,D Pretorius,1,0,"",""
ball,1,15.4,Sri Lanka,BOP Fernando,MDKJ Perera,D Pretorius,0,0,"",""
ball,1,15.5,Sri Lanka,BOP Fernando,MDKJ Perera,D Pretorius,0,0,"",""
ball,1,15.6,Sri Lanka,BOP Fernando,MDKJ Perera,D Pretorius,0,0,"",""
ball,1,16.1,Sri Lanka,MDKJ Perera,BOP Fernando,Imran Tahir,1,0,"",""
ball,1,16.2,Sri Lanka,BOP Fernando,MDKJ Perera,Imran Tahir,1,0,"",""
ball,1,16.3,Sri Lanka,MDKJ Perera,BOP Fernando,Imran Tahir,0,0,"",""
ball,1,16.4,Sri Lanka,MDKJ Perera,BOP Fernando,Imran Tahir,0,0,caught,MDKJ Perera
ball,1,16.5,Sri Lanka,BKG Mendis,BOP Fernando,Imran Tahir,0,0,"",""
ball,1,16.6,Sri Lanka,BKG Mendis,BOP Fernando,Imran Tahir,0,0,"",""
ball,1,17.1,Sri Lanka,BOP Fernando,BKG Mendis,D Pretorius,1,0,"",""
ball,1,17.2,Sri Lanka,BKG Mendis,BOP Fernando,D Pretorius,0,0,"",""
ball,1,17.3,Sri Lanka,BKG Mendis,BOP Fernando,D Pretorius,0,0,"",""
ball,1,17.4,Sri Lanka,BKG Mendis,BOP Fernando,D Pretorius,1,0,"",""
ball,1,17.5,Sri Lanka,BOP Fernando,BKG Mendis,D Pretorius,0,0,"",""
ball,1,17.6,Sri Lanka,BOP Fernando,BKG Mendis,D Pretorius,0,0,"",""
ball,1,18.1,Sri Lanka,BKG Mendis,BOP Fernando,Imran Tahir,0,0,"",""
ball,1,18.2,Sri Lanka,BKG Mendis,BOP Fernando,Imran Tahir,0,0,"",""
ball,1,18.3,Sri Lanka,BKG Mendis,BOP Fernando,Imran Tahir,0,0,"",""
ball,1,18.4,Sri Lanka,BKG Mendis,BOP Fernando,Imran Tahir,0,0,run out,BOP Fernando
ball,1,18.5,Sri Lanka,DM de Silva,BKG Mendis,Imran Tahir,0,0,"",""
ball,1,18.6,Sri Lanka,DM de Silva,BKG Mendis,Imran Tahir,0,0,"",""
ball,1,19.1,Sri Lanka,BKG Mendis,DM de Silva,A Nortje,0,0,"",""
ball,1,19.2,Sri Lanka,BKG Mendis,DM de Silva,A Nortje,0,0,"",""
ball,1,19.3,Sri Lanka,BKG Mendis,DM de Silva,A Nortje,1,0,"",""
ball,1,19.4,Sri Lanka,DM de Silva,BKG Mendis,A Nortje,0,0,"",""
ball,1,19.5,Sri Lanka,DM de Silva,BKG Mendis,A Nortje,0,0,"",""
ball,1,19.6,Sri Lanka,DM de Silva,BKG Mendis,A Nortje,0,0,"",""
ball,1,20.1,Sri Lanka,BKG Mendis,DM de Silva,Imran Tahir,0,0,"",""
ball,1,20.2,Sri Lanka,BKG Mendis,DM de Silva,Imran Tahir,0,0,"",""
ball,1,20.3,Sri Lanka,BKG Mendis,DM de Silva,Imran Tahir,1,0,"",""
ball,1,20.4,Sri Lanka,DM de Silva,BKG Mendis,Imran Tahir,0,0,"",""
ball,1,20.5,Sri Lanka,DM de Silva,BKG Mendis,Imran Tahir,2,0,"",""
ball,1,20.6,Sri Lanka,DM de Silva,BKG Mendis,Imran Tahir,2,0,"",""
ball,1,21.1,Sri Lanka,BKG Mendis,DM de Silva,A Nortje,4,0,"",""
ball,1,21.2,Sri Lanka,BKG Mendis,DM de Silva,A Nortje,0,0,"",""
ball,1,21.3,Sri Lanka,BKG Mendis,DM de Silva,A Nortje,1,0,"",""
ball,1,21.4,Sri Lanka,DM de Silva,BKG Mendis,A Nortje,0,0,"",""
ball,1,21.5,Sri Lanka,DM de Silva,BKG Mendis,A Nortje,0,0,"",""
ball,1,21.6,Sri Lanka,DM de Silva,BKG Mendis,A Nortje,4,0,"",""
ball,1,22.1,Sri Lanka,BKG Mendis,DM de Silva,Imran Tahir,0,0,"",""
ball,1,22.2,Sri Lanka,BKG Mendis,DM de Silva,Imran Tahir,0,0,"",""
ball,1,22.3,Sri Lanka,BKG Mendis,DM de Silva,Imran Tahir,0,0,"",""
ball,1,22.4,Sri Lanka,BKG Mendis,DM de Silva,Imran Tahir,1,0,"",""
ball,1,22.5,Sri Lanka,DM de Silva,BKG Mendis,Imran Tahir,0,0,"",""
ball,1,22.6,Sri Lanka,DM de Silva,BKG Mendis,Imran Tahir,1,0,"",""
ball,1,23.1,Sri Lanka,DM de Silva,BKG Mendis,PWA Mulder,1,0,"",""
ball,1,23.2,Sri Lanka,BKG Mendis,DM de Silva,PWA Mulder,1,0,"",""
ball,1,23.3,Sri Lanka,DM de Silva,BKG Mendis,PWA Mulder,0,0,"",""
ball,1,23.4,Sri Lanka,DM de Silva,BKG Mendis,PWA Mulder,1,0,"",""
ball,1,23.5,Sri Lanka,BKG Mendis,DM de Silva,PWA Mulder,1,0,"",""
ball,1,23.6,Sri Lanka,DM de Silva,BKG Mendis,PWA Mulder,0,0,"",""
ball,1,24.1,Sri Lanka,BKG Mendis,DM de Silva,Imran Tahir,1,0,"",""
ball,1,24.2,Sri Lanka,DM de Silva,BKG Mendis,Imran Tahir,0,0,"",""
ball,1,24.3,Sri Lanka,DM de Silva,BKG Mendis,Imran Tahir,1,0,"",""
ball,1,24.4,Sri Lanka,BKG Mendis,DM de Silva,Imran Tahir,1,0,"",""
ball,1,24.5,Sri Lanka,DM de Silva,BKG Mendis,Imran Tahir,0,0,"",""
ball,1,24.6,Sri Lanka,DM de Silva,BKG Mendis,Imran Tahir,1,0,"",""
ball,1,25.1,Sri Lanka,DM de Silva,BKG Mendis,PWA Mulder,2,0,"",""
ball,1,25.2,Sri Lanka,DM de Silva,BKG Mendis,PWA Mulder,0,0,"",""
ball,1,25.3,Sri Lanka,DM de Silva,BKG Mendis,PWA Mulder,1,0,"",""
ball,1,25.4,Sri Lanka,BKG Mendis,DM de Silva,PWA Mulder,1,0,"",""
ball,1,25.5,Sri Lanka,DM de Silva,BKG Mendis,PWA Mulder,0,0,"",""
ball,1,25.6,Sri Lanka,DM de Silva,BKG Mendis,PWA Mulder,1,0,"",""
ball,1,26.1,Sri Lanka,DM de Silva,BKG Mendis,Imran Tahir,1,0,"",""
ball,1,26.2,Sri Lanka,BKG Mendis,DM de Silva,Imran Tahir,0,0,"",""
ball,1,26.3,Sri Lanka,BKG Mendis,DM de Silva,Imran Tahir,0,0,"",""
ball,1,26.4,Sri Lanka,BKG Mendis,DM de Silva,Imran Tahir,1,0,"",""
ball,1,26.5,Sri Lanka,DM de Silva,BKG Mendis,Imran Tahir,0,0,"",""
ball,1,26.6,Sri Lanka,DM de Silva,BKG Mendis,Imran Tahir,0,0,"",""
ball,1,27.1,Sri Lanka,BKG Mendis,DM de Silva,PWA Mulder,1,0,"",""
ball,1,27.2,Sri Lanka,DM de Silva,BKG Mendis,PWA Mulder,1,0,"",""
ball,1,27.3,Sri Lanka,BKG Mendis,DM de Silva,PWA Mulder,1,0,"",""
ball,1,27.4,Sri Lanka,DM de Silva,BKG Mendis,PWA Mulder,1,0,"",""
ball,1,27.5,Sri Lanka,BKG Mendis,DM de Silva,PWA Mulder,0,0,"",""
ball,1,27.6,Sri Lanka,BKG Mendis,DM de Silva,PWA Mulder,2,0,"",""
ball,1,28.1,Sri Lanka,DM de Silva,BKG Mendis,Imran Tahir,1,0,"",""
ball,1,28.2,Sri Lanka,BKG Mendis,DM de Silva,Imran Tahir,1,0,"",""
ball,1,28.3,Sri Lanka,DM de Silva,BKG Mendis,Imran Tahir,0,0,"",""
ball,1,28.4,Sri Lanka,DM de Silva,BKG Mendis,Imran Tahir,1,0,"",""
ball,1,28.5,Sri Lanka,BKG Mendis,DM de Silva,Imran Tahir,0,0,"",""
ball,1,28.6,Sri Lanka,BKG Mendis,DM de Silva,Imran Tahir,0,0,"",""
ball,1,29.1,Sri Lanka,DM de Silva,BKG Mendis,PWA Mulder,0,0,"",""
ball,1,29.2,Sri Lanka,DM de Silva,BKG Mendis,PWA Mulder,0,0,"",""
ball,1,29.3,Sri Lanka,DM de Silva,BKG Mendis,PWA Mulder,0,0,"",""
ball,1,29.4,Sri Lanka,DM de Silva,BKG Mendis,PWA Mulder,1,0,"",""
ball,1,29.5,Sri Lanka,BKG Mendis,DM de Silva,PWA Mulder,0,0,"",""
ball,1,29.6,Sri Lanka,BKG Mendis,DM de Silva,PWA Mulder,4,0,"",""
ball,1,30.1,Sri Lanka,DM de Silva,BKG Mendis,D Pretorius,0,0,"",""
ball,1,30.2,Sri Lanka,DM de Silva,BKG Mendis,D Pretorius,2,0,"",""
ball,1,30.3,Sri Lanka,DM de Silva,BKG Mendis,D Pretorius,4,0,"",""
ball,1,30.4,Sri Lanka,DM de Silva,BKG Mendis,D Pretorius,1,0,"",""
ball,1,30.5,Sri Lanka,BKG Mendis,DM de Silva,D Pretorius,0,0,"",""
ball,1,30.6,Sri Lanka,BKG Mendis,DM de Silva,D Pretorius,1,0,"",""
ball,1,31.1,Sri Lanka,BKG Mendis,DM de Silva,L Ngidi,4,0,"",""
ball,1,31.2,Sri Lanka,BKG Mendis,DM de Silva,L Ngidi,2,0,"",""
ball,1,31.3,Sri Lanka,BKG Mendis,DM de Silva,L Ngidi,0,0,"",""
ball,1,31.4,Sri Lanka,BKG Mendis,DM de Silva,L Ngidi,1,0,"",""
ball,1,31.5,Sri Lanka,DM de Silva,BKG Mendis,L Ngidi,0,0,"",""
ball,1,31.6,Sri Lanka,DM de Silva,BKG Mendis,L Ngidi,0,0,"",""
ball,1,32.1,Sri Lanka,BKG Mendis,DM de Silva,D Pretorius,0,0,"",""
ball,1,32.2,Sri Lanka,BKG Mendis,DM de Silva,D Pretorius,6,0,"",""
ball,1,32.3,Sri Lanka,BKG Mendis,DM de Silva,D Pretorius,0,0,"",""
ball,1,32.4,Sri Lanka,BKG Mendis,DM de Silva,D Pretorius,1,0,"",""
ball,1,32.5,Sri Lanka,DM de Silva,BKG Mendis,D Pretorius,1,0,"",""
ball,1,32.6,Sri Lanka,BKG Mendis,DM de Silva,D Pretorius,1,0,"",""
ball,1,33.1,Sri Lanka,BKG Mendis,DM de Silva,L Ngidi,4,0,"",""
ball,1,33.2,Sri Lanka,BKG Mendis,DM de Silva,L Ngidi,2,0,"",""
ball,1,33.3,Sri Lanka,BKG Mendis,DM de Silva,L Ngidi,0,0,"",""
ball,1,33.4,Sri Lanka,BKG Mendis,DM de Silva,L Ngidi,1,0,"",""
ball,1,33.5,Sri Lanka,DM de Silva,BKG Mendis,L Ngidi,2,0,"",""
ball,1,33.6,Sri Lanka,DM de Silva,BKG Mendis,L Ngidi,0,0,"",""
ball,1,34.1,Sri Lanka,BKG Mendis,DM de Silva,D Pretorius,4,0,"",""
ball,1,34.2,Sri Lanka,BKG Mendis,DM de Silva,D Pretorius,1,0,"",""
ball,1,34.3,Sri Lanka,DM de Silva,BKG Mendis,D Pretorius,1,0,"",""
ball,1,34.4,Sri Lanka,BKG Mendis,DM de Silva,D Pretorius,1,0,"",""
ball,1,34.5,Sri Lanka,DM de Silva,BKG Mendis,D Pretorius,1,0,"",""
ball,1,34.6,Sri Lanka,BKG Mendis,DM de Silva,D Pretorius,1,0,"",""
ball,1,35.1,Sri Lanka,BKG Mendis,DM de Silva,K Rabada,0,0,"",""
ball,1,35.2,Sri Lanka,BKG Mendis,DM de Silva,K Rabada,0,0,"",""
ball,1,35.3,Sri Lanka,BKG Mendis,DM de Silva,K Rabada,0,0,"",""
ball,1,35.4,Sri Lanka,BKG Mendis,DM de Silva,K Rabada,1,0,"",""
ball,1,35.5,Sri Lanka,DM de Silva,BKG Mendis,K Rabada,4,0,"",""
ball,1,35.6,Sri Lanka,DM de Silva,BKG Mendis,K Rabada,0,0,"",""
ball,1,36.1,Sri Lanka,BKG Mendis,DM de Silva,Imran Tahir,1,0,"",""
ball,1,36.2,Sri Lanka,DM de Silva,BKG Mendis,Imran Tahir,0,0,stumped,DM de Silva
ball,1,36.3,Sri Lanka,NLTC Perera,BKG Mendis,Imran Tahir,1,0,"",""
ball,1,36.4,Sri Lanka,BKG Mendis,NLTC Perera,Imran Tahir,1,0,"",""
ball,1,36.5,Sri Lanka,NLTC Perera,BKG Mendis,Imran Tahir,1,0,"",""
ball,1,36.6,Sri Lanka,BKG Mendis,NLTC Perera,Imran Tahir,0,0,"",""
ball,1,37.1,Sri Lanka,NLTC Perera,BKG Mendis,K Rabada,1,0,"",""
ball,1,37.2,Sri Lanka,BKG Mendis,NLTC Perera,K Rabada,1,0,"",""
ball,1,37.3,Sri Lanka,NLTC Perera,BKG Mendis,K Rabada,1,0,"",""
ball,1,37.4,Sri Lanka,BKG Mendis,NLTC Perera,K Rabada,0,1,"",""
ball,1,37.5,Sri Lanka,BKG Mendis,NLTC Perera,K Rabada,0,0,"",""
ball,1,37.6,Sri Lanka,BKG Mendis,NLTC Perera,K Rabada,1,0,"",""
ball,1,37.7,Sri Lanka,NLTC Perera,BKG Mendis,K Rabada,0,5,"",""
ball,1,37.8,Sri Lanka,NLTC Perera,BKG Mendis,K Rabada,0,0,"",""
ball,1,38.1,Sri Lanka,BKG Mendis,NLTC Perera,Imran Tahir,0,0,"",""
ball,1,38.2,Sri Lanka,BKG Mendis,NLTC Perera,Imran Tahir,1,0,"",""
ball,1,38.3,Sri Lanka,NLTC Perera,BKG Mendis,Imran Tahir,1,0,"",""
ball,1,38.4,Sri Lanka,BKG Mendis,NLTC Perera,Imran Tahir,0,0,"",""
ball,1,38.5,Sri Lanka,BKG Mendis,NLTC Perera,Imran Tahir,0,0,"",""
ball,1,38.6,Sri Lanka,BKG Mendis,NLTC Perera,Imran Tahir,0,0,caught,BKG Mendis
ball,1,39.1,Sri Lanka,NLTC Perera,A Dananjaya,K Rabada,1,0,run out,A Dananjaya
ball,1,39.2,Sri Lanka,NLTC Perera,SL Malinga,K Rabada,1,0,"",""
ball,1,39.3,Sri Lanka,SL Malinga,NLTC Perera,K Rabada,1,0,"",""
ball,1,39.4,Sri Lanka,NLTC Perera,SL Malinga,K Rabada,0,0,caught,NLTC Perera
ball,1,39.5,Sri Lanka,PADLR Sandakan,SL Malinga,K Rabada,0,0,"",""
ball,1,39.6,Sri Lanka,PADLR Sandakan,SL Malinga,K Rabada,0,0,"",""
ball,1,40.1,Sri Lanka,SL Malinga,PADLR Sandakan,Imran Tahir,0,0,"",""
ball,1,40.2,Sri Lanka,SL Malinga,PADLR Sandakan,Imran Tahir,1,0,"",""
ball,1,40.3,Sri Lanka,PADLR Sandakan,SL Malinga,Imran Tahir,0,0,"",""
ball,1,40.4,Sri Lanka,PADLR Sandakan,SL Malinga,Imran Tahir,1,0,"",""
ball,1,40.5,Sri Lanka,SL Malinga,PADLR Sandakan,Imran Tahir,0,0,"",""
ball,1,40.6,Sri Lanka,SL Malinga,PADLR Sandakan,Imran Tahir,0,0,"",""
ball,1,41.1,Sri Lanka,PADLR Sandakan,SL Malinga,K Rabada,0,0,"",""
ball,1,41.2,Sri Lanka,PADLR Sandakan,SL Malinga,K Rabada,1,0,"",""
ball,1,41.3,Sri Lanka,SL Malinga,PADLR Sandakan,K Rabada,0,0,"",""
ball,1,41.4,Sri Lanka,SL Malinga,PADLR Sandakan,K Rabada,0,0,"",""
ball,1,41.5,Sri Lanka,SL Malinga,PADLR Sandakan,K Rabada,0,0,"",""
ball,1,41.6,Sri Lanka,SL Malinga,PADLR Sandakan,K Rabada,0,0,"",""
ball,1,42.1,Sri Lanka,PADLR Sandakan,SL Malinga,L Ngidi,1,0,"",""
ball,1,42.2,Sri Lanka,SL Malinga,PADLR Sandakan,L Ngidi,0,0,"",""
ball,1,42.3,Sri Lanka,SL Malinga,PADLR Sandakan,L Ngidi,0,0,"",""
ball,1,42.4,Sri Lanka,SL Malinga,PADLR Sandakan,L Ngidi,1,0,"",""
ball,1,42.5,Sri Lanka,PADLR Sandakan,SL Malinga,L Ngidi,0,0,"",""
ball,1,42.6,Sri Lanka,PADLR Sandakan,SL Malinga,L Ngidi,0,0,"",""
ball,1,43.1,Sri Lanka,SL Malinga,PADLR Sandakan,A Nortje,0,0,"",""
ball,1,43.2,Sri Lanka,SL Malinga,PADLR Sandakan,A Nortje,1,0,"",""
ball,1,43.3,Sri Lanka,PADLR Sandakan,SL Malinga,A Nortje,0,0,caught,PADLR Sandakan
ball,1,43.4,Sri Lanka,MVT Fernando,SL Malinga,A Nortje,0,0,"",""
ball,1,43.5,Sri Lanka,MVT Fernando,SL Malinga,A Nortje,0,0,"",""
ball,1,43.6,Sri Lanka,MVT Fernando,SL Malinga,A Nortje,0,0,"",""
ball,1,44.1,Sri Lanka,SL Malinga,MVT Fernando,L Ngidi,0,0,"",""
ball,1,44.2,Sri Lanka,SL Malinga,MVT Fernando,L Ngidi,1,0,"",""
ball,1,44.3,Sri Lanka,MVT Fernando,SL Malinga,L Ngidi,0,0,"",""
ball,1,44.4,Sri Lanka,MVT Fernando,SL Malinga,L Ngidi,1,0,"",""
ball,1,44.5,Sri Lanka,SL Malinga,MVT Fernando,L Ngidi,0,0,"",""
ball,1,44.6,Sri Lanka,SL Malinga,MVT Fernando,L Ngidi,4,0,"",""
ball,1,45.1,Sri Lanka,MVT Fernando,SL Malinga,A Nortje,0,0,"",""
ball,1,45.2,Sri Lanka,MVT Fernando,SL Malinga,A Nortje,0,0,"",""
ball,1,45.3,Sri Lanka,MVT Fernando,SL Malinga,A Nortje,0,0,"",""
ball,1,45.4,Sri Lanka,MVT Fernando,SL Malinga,A Nortje,0,0,"",""
ball,1,45.5,Sri Lanka,MVT Fernando,SL Malinga,A Nortje,0,0,"",""
ball,1,45.6,Sri Lanka,MVT Fernando,SL Malinga,A Nortje,0,0,"",""
ball,1,46.1,Sri Lanka,SL Malinga,MVT Fernando,L Ngidi,0,0,"",""
ball,1,46.2,Sri Lanka,SL Malinga,MVT Fernando,L Ngidi,4,0,"",""
ball,1,46.3,Sri Lanka,SL Malinga,MVT Fernando,L Ngidi,0,0,"",""
ball,1,46.4,Sri Lanka,SL Malinga,MVT Fernando,L Ngidi,0,0,"",""
ball,1,46.5,Sri Lanka,SL Malinga,MVT Fernando,L Ngidi,2,0,"",""
ball,1,46.6,Sri Lanka,SL Malinga,MVT Fernando,L Ngidi,0,0,caught,SL Malinga
ball,2,0.1,South Africa,Q de Kock,RR Hendricks,SL Malinga,1,0,"",""
ball,2,0.2,South Africa,RR Hendricks,Q de Kock,SL Malinga,0,0,"",""
ball,2,0.3,South Africa,RR Hendricks,Q de Kock,SL Malinga,0,0,"",""
ball,2,0.4,South Africa,RR Hendricks,Q de Kock,SL Malinga,1,0,"",""
ball,2,0.5,South Africa,Q de Kock,RR Hendricks,SL Malinga,4,0,"",""
ball,2,0.6,South Africa,Q de Kock,RR Hendricks,SL Malinga,1,0,"",""
ball,2,1.1,South Africa,Q de Kock,RR Hendricks,MVT Fernando,0,0,"",""
ball,2,1.2,South Africa,Q de Kock,RR Hendricks,MVT Fernando,0,0,"",""
ball,2,1.3,South Africa,Q de Kock,RR Hendricks,MVT Fernando,2,0,"",""
ball,2,1.4,South Africa,Q de Kock,RR Hendricks,MVT Fernando,4,0,"",""
ball,2,1.5,South Africa,Q de Kock,RR Hendricks,MVT Fernando,1,0,"",""
ball,2,1.6,South Africa,RR Hendricks,Q de Kock,MVT Fernando,0,0,caught,RR Hendricks
ball,2,2.1,South Africa,Q de Kock,F du Plessis,SL Malinga,0,0,"",""
ball,2,2.2,South Africa,Q de Kock,F du Plessis,SL Malinga,1,0,"",""
ball,2,2.3,South Africa,F du Plessis,Q de Kock,SL Malinga,0,0,"",""
ball,2,2.4,South Africa,F du Plessis,Q de Kock,SL Malinga,0,0,"",""
ball,2,2.5,South Africa,F du Plessis,Q de Kock,SL Malinga,1,0,"",""
ball,2,2.6,South Africa,Q de Kock,F du Plessis,SL Malinga,0,0,"",""
ball,2,3.1,South Africa,F du Plessis,Q de Kock,MVT Fernando,0,0,"",""
ball,2,3.2,South Africa,F du Plessis,Q de Kock,MVT Fernando,0,1,"",""
ball,2,3.3,South Africa,F du Plessis,Q de Kock,MVT Fernando,0,0,"",""
ball,2,3.4,South Africa,F du Plessis,Q de Kock,MVT Fernando,2,0,"",""
ball,2,3.5,South Africa,F du Plessis,Q de Kock,MVT Fernando,0,0,"",""
ball,2,3.6,South Africa,F du Plessis,Q de Kock,MVT Fernando,0,0,"",""
ball,2,3.7,South Africa,F du Plessis,Q de Kock,MVT Fernando,4,0,"",""
ball,2,4.1,South Africa,Q de Kock,F du Plessis,SL Malinga,2,0,"",""
ball,2,4.2,South Africa,Q de Kock,F du Plessis,SL Malinga,1,0,"",""
ball,2,4.3,South Africa,F du Plessis,Q de Kock,SL Malinga,0,0,"",""
ball,2,4.4,South Africa,F du Plessis,Q de Kock,SL Malinga,2,0,"",""
ball,2,4.5,South Africa,F du Plessis,Q de Kock,SL Malinga,0,0,"",""
ball,2,4.6,South Africa,F du Plessis,Q de Kock,SL Malinga,0,0,"",""
ball,2,5.1,South Africa,Q de Kock,F du Plessis,MVT Fernando,0,0,"",""
ball,2,5.2,South Africa,Q de Kock,F du Plessis,MVT Fernando,1,0,"",""
ball,2,5.3,South Africa,F du Plessis,Q de Kock,MVT Fernando,4,0,"",""
ball,2,5.4,South Africa,F du Plessis,Q de Kock,MVT Fernando,2,0,"",""
ball,2,5.5,South Africa,F du Plessis,Q de Kock,MVT Fernando,4,0,"",""
ball,2,5.6,South Africa,F du Plessis,Q de Kock,MVT Fernando,0,0,"",""
ball,2,6.1,South Africa,Q de Kock,F du Plessis,A Dananjaya,4,0,"",""
ball,2,6.2,South Africa,Q de Kock,F du Plessis,A Dananjaya,0,0,"",""
ball,2,6.3,South Africa,Q de Kock,F du Plessis,A Dananjaya,0,0,"",""
ball,2,6.4,South Africa,Q de Kock,F du Plessis,A Dananjaya,0,0,"",""
ball,2,6.5,South Africa,Q de Kock,F du Plessis,A Dananjaya,1,0,"",""
ball,2,6.6,South Africa,F du Plessis,Q de Kock,A Dananjaya,1,0,"",""
ball,2,7.1,South Africa,F du Plessis,Q de Kock,NLTC Perera,0,0,"",""
ball,2,7.2,South Africa,F du Plessis,Q de Kock,NLTC Perera,0,0,"",""
ball,2,7.3,South Africa,F du Plessis,Q de Kock,NLTC Perera,4,0,"",""
ball,2,7.4,South Africa,F du Plessis,Q de Kock,NLTC Perera,4,0,"",""
ball,2,7.5,South Africa,F du Plessis,Q de Kock,NLTC Perera,4,0,"",""
ball,2,7.6,South Africa,F du Plessis,Q de Kock,NLTC Perera,0,0,"",""
ball,2,8.1,South Africa,Q de Kock,F du Plessis,A Dananjaya,0,0,"",""
ball,2,8.2,South Africa,Q de Kock,F du Plessis,A Dananjaya,1,0,"",""
ball,2,8.3,South Africa,F du Plessis,Q de Kock,A Dananjaya,0,0,"",""
ball,2,8.4,South Africa,F du Plessis,Q de Kock,A Dananjaya,1,0,"",""
ball,2,8.5,South Africa,Q de Kock,F du Plessis,A Dananjaya,1,0,"",""
ball,2,8.6,South Africa,F du Plessis,Q de Kock,A Dananjaya,0,0,"",""
ball,2,9.1,South Africa,Q de Kock,F du Plessis,NLTC Perera,0,0,"",""
ball,2,9.2,South Africa,Q de Kock,F du Plessis,NLTC Perera,5,0,"",""
ball,2,9.3,South Africa,F du Plessis,Q de Kock,NLTC Perera,0,0,"",""
ball,2,9.4,South Africa,F du Plessis,Q de Kock,NLTC Perera,0,0,"",""
ball,2,9.5,South Africa,F du Plessis,Q de Kock,NLTC Perera,0,0,"",""
ball,2,9.6,South Africa,F du Plessis,Q de Kock,NLTC Perera,0,0,"",""
ball,2,10.1,South Africa,Q de Kock,F du Plessis,DM de Silva,2,0,"",""
ball,2,10.2,South Africa,Q de Kock,F du Plessis,DM de Silva,0,0,"",""
ball,2,10.3,South Africa,Q de Kock,F du Plessis,DM de Silva,0,0,"",""
ball,2,10.4,South Africa,Q de Kock,F du Plessis,DM de Silva,0,0,"",""
ball,2,10.5,South Africa,Q de Kock,F du Plessis,DM de Silva,0,0,"",""
ball,2,10.6,South Africa,Q de Kock,F du Plessis,DM de Silva,0,0,"",""
ball,2,11.1,South Africa,F du Plessis,Q de Kock,NLTC Perera,1,0,"",""
ball,2,11.2,South Africa,Q de Kock,F du Plessis,NLTC Perera,1,0,"",""
ball,2,11.3,South Africa,F du Plessis,Q de Kock,NLTC Perera,1,0,"",""
ball,2,11.4,South Africa,Q de Kock,F du Plessis,NLTC Perera,0,0,"",""
ball,2,11.5,South Africa,Q de Kock,F du Plessis,NLTC Perera,0,0,"",""
ball,2,11.6,South Africa,Q de Kock,F du Plessis,NLTC Perera,2,0,"",""
ball,2,12.1,South Africa,F du Plessis,Q de Kock,DM de Silva,1,0,"",""
ball,2,12.2,South Africa,Q de Kock,F du Plessis,DM de Silva,0,0,"",""
ball,2,12.3,South Africa,Q de Kock,F du Plessis,DM de Silva,1,0,"",""
ball,2,12.4,South Africa,F du Plessis,Q de Kock,DM de Silva,0,0,"",""
ball,2,12.5,South Africa,F du Plessis,Q de Kock,DM de Silva,1,0,"",""
ball,2,12.6,South Africa,Q de Kock,F du Plessis,DM de Silva,0,0,"",""
ball,2,13.1,South Africa,F du Plessis,Q de Kock,PADLR Sandakan,0,0,"",""
ball,2,13.2,South Africa,F du Plessis,Q de Kock,PADLR Sandakan,1,0,"",""
ball,2,13.3,South Africa,Q de Kock,F du Plessis,PADLR Sandakan,1,0,"",""
ball,2,13.4,South Africa,F du Plessis,Q de Kock,PADLR Sandakan,1,0,"",""
ball,2,13.5,South Africa,Q de Kock,F du Plessis,PADLR Sandakan,1,0,"",""
ball,2,13.6,South Africa,F du Plessis,Q de Kock,PADLR Sandakan,0,0,"",""
ball,2,14.1,South Africa,Q de Kock,F du Plessis,DM de Silva,1,0,"",""
ball,2,14.2,South Africa,F du Plessis,Q de Kock,DM de Silva,0,0,"",""
ball,2,14.3,South Africa,F du Plessis,Q de Kock,DM de Silva,0,0,"",""
ball,2,14.4,South Africa,F du Plessis,Q de Kock,DM de Silva,0,0,"",""
ball,2,14.5,South Africa,F du Plessis,Q de Kock,DM de Silva,0,0,"",""
ball,2,14.6,South Africa,F du Plessis,Q de Kock,DM de Silva,0,0,"",""
ball,2,15.1,South Africa,Q de Kock,F du Plessis,PADLR Sandakan,1,0,"",""
ball,2,15.2,South Africa,F du Plessis,Q de Kock,PADLR Sandakan,0,0,"",""
ball,2,15.3,South Africa,F du Plessis,Q de Kock,PADLR Sandakan,0,0,"",""
ball,2,15.4,South Africa,F du Plessis,Q de Kock,PADLR Sandakan,1,0,"",""
ball,2,15.5,South Africa,Q de Kock,F du Plessis,PADLR Sandakan,0,0,"",""
ball,2,15.6,South Africa,Q de Kock,F du Plessis,PADLR Sandakan,1,0,"",""
ball,2,16.1,South Africa,Q de Kock,F du Plessis,DM de Silva,0,0,"",""
ball,2,16.2,South Africa,Q de Kock,F du Plessis,DM de Silva,1,0,"",""
ball,2,16.3,South Africa,F du Plessis,Q de Kock,DM de Silva,4,0,"",""
ball,2,16.4,South Africa,F du Plessis,Q de Kock,DM de Silva,0,0,"",""
ball,2,16.5,South Africa,F du Plessis,Q de Kock,DM de Silva,6,0,"",""
ball,2,16.6,South Africa,F du Plessis,Q de Kock,DM de Silva,4,0,"",""
ball,2,17.1,South Africa,Q de Kock,F du Plessis,SL Malinga,1,0,"",""
ball,2,17.2,South Africa,F du Plessis,Q de Kock,SL Malinga,0,0,"",""
ball,2,17.3,South Africa,F du Plessis,Q de Kock,SL Malinga,1,0,"",""
ball,2,17.4,South Africa,Q de Kock,F du Plessis,SL Malinga,0,0,"",""
ball,2,17.5,South Africa,Q de Kock,F du Plessis,SL Malinga,1,0,"",""
ball,2,17.6,South Africa,F du Plessis,Q de Kock,SL Malinga,0,0,"",""
ball,2,18.1,South Africa,Q de Kock,F du Plessis,A Dananjaya,4,0,"",""
ball,2,18.2,South Africa,Q de Kock,F du Plessis,A Dananjaya,0,0,"",""
ball,2,18.3,South Africa,Q de Kock,F du Plessis,A Dananjaya,0,0,"",""
ball,2,18.4,South Africa,Q de Kock,F du Plessis,A Dananjaya,1,0,"",""
ball,2,18.5,South Africa,F du Plessis,Q de Kock,A Dananjaya,0,0,"",""
ball,2,18.6,South Africa,F du Plessis,Q de Kock,A Dananjaya,0,0,"",""
ball,2,19.1,South Africa,Q de Kock,F du Plessis,SL Malinga,0,0,"",""
ball,2,19.2,South Africa,Q de Kock,F du Plessis,SL Malinga,4,0,"",""
ball,2,19.3,South Africa,Q de Kock,F du Plessis,SL Malinga,0,0,"",""
ball,2,19.4,South Africa,Q de Kock,F du Plessis,SL Malinga,2,0,"",""
ball,2,19.5,South Africa,Q de Kock,F du Plessis,SL Malinga,0,0,"",""
ball,2,19.6,South Africa,Q de Kock,F du Plessis,SL Malinga,4,0,"",""
ball,2,20.1,South Africa,F du Plessis,Q de Kock,PADLR Sandakan,1,0,"",""
ball,2,20.2,South Africa,Q de Kock,F du Plessis,PADLR Sandakan,4,0,"",""
ball,2,20.3,South Africa,Q de Kock,F du Plessis,PADLR Sandakan,4,0,"",""
ball,2,20.4,South Africa,Q de Kock,F du Plessis,PADLR Sandakan,4,0,"",""
ball,2,20.5,South Africa,Q de Kock,F du Plessis,PADLR Sandakan,0,0,"",""
ball,2,20.6,South Africa,Q de Kock,F du Plessis,PADLR Sandakan,0,0,"",""
ball,2,21.1,South Africa,F du Plessis,Q de Kock,A Dananjaya,1,0,"",""
ball,2,21.2,South Africa,Q de Kock,F du Plessis,A Dananjaya,4,0,"",""
ball,2,21.3,South Africa,Q de Kock,F du Plessis,A Dananjaya,4,0,"",""
ball,2,21.4,South Africa,Q de Kock,F du Plessis,A Dananjaya,0,0,"",""
ball,2,21.5,South Africa,Q de Kock,F du Plessis,A Dananjaya,1,0,"",""
ball,2,21.6,South Africa,F du Plessis,Q de Kock,A Dananjaya,1,0,"",""
ball,2,22.1,South Africa,F du Plessis,Q de Kock,PADLR Sandakan,1,0,"",""
ball,2,22.2,South Africa,Q de Kock,F du Plessis,PADLR Sandakan,0,0,"",""
ball,2,22.3,South Africa,Q de Kock,F du Plessis,PADLR Sandakan,1,0,"",""
ball,2,22.4,South Africa,F du Plessis,Q de Kock,PADLR Sandakan,0,0,"",""
ball,2,22.5,South Africa,F du Plessis,Q de Kock,PADLR Sandakan,4,0,"",""
ball,2,22.6,South Africa,F du Plessis,Q de Kock,PADLR Sandakan,4,0,"",""
ball,2,23.1,South Africa,Q de Kock,F du Plessis,A Dananjaya,0,0,"",""
ball,2,23.2,South Africa,Q de Kock,F du Plessis,A Dananjaya,0,0,lbw,Q de Kock
ball,2,23.3,South Africa,HE van der Dussen,F du Plessis,A Dananjaya,0,0,"",""
ball,2,23.4,South Africa,HE van der Dussen,F du Plessis,A Dananjaya,0,0,"",""
ball,2,23.5,South Africa,HE van der Dussen,F du Plessis,A Dananjaya,1,0,"",""
ball,2,23.6,South Africa,F du Plessis,HE van der Dussen,A Dananjaya,0,0,"",""
ball,2,24.1,South Africa,HE van der Dussen,F du Plessis,PADLR Sandakan,0,0,"",""
ball,2,24.2,South Africa,HE van der Dussen,F du Plessis,PADLR Sandakan,0,0,"",""
ball,2,24.3,South Africa,HE van der Dussen,F du Plessis,PADLR Sandakan,1,0,"",""
ball,2,24.4,South Africa,F du Plessis,HE van der Dussen,PADLR Sandakan,1,0,"",""
ball,2,24.5,South Africa,HE van der Dussen,F du Plessis,PADLR Sandakan,0,0,"",""
ball,2,24.6,South Africa,HE van der Dussen,F du Plessis,PADLR Sandakan,0,2,"",""
ball,2,24.7,South Africa,F du Plessis,HE van der Dussen,PADLR Sandakan,0,0,"",""
ball,2,25.1,South Africa,HE van der Dussen,F du Plessis,A Dananjaya,1,0,"",""
ball,2,25.2,South Africa,F du Plessis,HE van der Dussen,A Dananjaya,1,0,"",""
ball,2,25.3,South Africa,HE van der Dussen,F du Plessis,A Dananjaya,0,0,"",""
ball,2,25.4,South Africa,HE van der Dussen,F du Plessis,A Dananjaya,1,0,"",""
ball,2,25.5,South Africa,F du Plessis,HE van der Dussen,A Dananjaya,0,0,"",""
ball,2,25.6,South Africa,F du Plessis,HE van der Dussen,A Dananjaya,1,0,"",""
ball,2,26.1,South Africa,F du Plessis,HE van der Dussen,PADLR Sandakan,0,1,"",""
ball,2,26.2,South Africa,F du Plessis,HE van der Dussen,PADLR Sandakan,1,0,"",""
ball,2,26.3,South Africa,HE van der Dussen,F du Plessis,PADLR Sandakan,1,0,"",""
ball,2,26.4,South Africa,F du Plessis,HE van der Dussen,PADLR Sandakan,1,0,"",""
ball,2,26.5,South Africa,HE van der Dussen,F du Plessis,PADLR Sandakan,1,0,"",""
ball,2,26.6,South Africa,F du Plessis,HE van der Dussen,PADLR Sandakan,0,1,"",""
ball,2,26.7,South Africa,HE van der Dussen,F du Plessis,PADLR Sandakan,1,0,"",""
ball,2,27.1,South Africa,HE van der Dussen,F du Plessis,A Dananjaya,1,0,"",""
ball,2,27.2,South Africa,F du Plessis,HE van der Dussen,A Dananjaya,0,0,"",""
ball,2,27.3,South Africa,F du Plessis,HE van der Dussen,A Dananjaya,0,0,"",""
ball,2,27.4,South Africa,F du Plessis,HE van der Dussen,A Dananjaya,1,0,"",""
ball,2,27.5,South Africa,HE van der Dussen,F du Plessis,A Dananjaya,0,0,"",""
ball,2,27.6,South Africa,HE van der Dussen,F du Plessis,A Dananjaya,1,0,"",""
ball,2,28.1,South Africa,HE van der Dussen,F du Plessis,SL Malinga,0,1,"",""
ball,2,28.2,South Africa,HE van der Dussen,F du Plessis,SL Malinga,1,0,"",""
ball,2,28.3,South Africa,F du Plessis,HE van der Dussen,SL Malinga,1,0,"",""
ball,2,28.4,South Africa,HE van der Dussen,F du Plessis,SL Malinga,0,0,"",""
ball,2,28.5,South Africa,HE van der Dussen,F du Plessis,SL Malinga,0,0,"",""
ball,2,28.6,South Africa,HE van der Dussen,F du Plessis,SL Malinga,1,0,"",""
ball,2,28.7,South Africa,F du Plessis,HE van der Dussen,SL Malinga,4,0,"",""
ball,2,29.1,South Africa,HE van der Dussen,F du Plessis,A Dananjaya,1,0,"",""
ball,2,29.2,South Africa,F du Plessis,HE van der Dussen,A Dananjaya,1,0,"",""
ball,2,29.3,South Africa,HE van der Dussen,F du Plessis,A Dananjaya,0,0,"",""
ball,2,29.4,South Africa,HE van der Dussen,F du Plessis,A Dananjaya,0,0,"",""
ball,2,29.5,South Africa,HE van der Dussen,F du Plessis,A Dananjaya,1,0,"",""
ball,2,29.6,South Africa,F du Plessis,HE van der Dussen,A Dananjaya,2,0,"",""
ball,2,30.1,South Africa,HE van der Dussen,F du Plessis,SL Malinga,1,0,"",""
ball,2,30.2,South Africa,F du Plessis,HE van der Dussen,SL Malinga,0,0,"",""
ball,2,30.3,South Africa,F du Plessis,HE van der Dussen,SL Malinga,0,0,"",""
ball,2,30.4,South Africa,F du Plessis,HE van der Dussen,SL Malinga,0,0,"",""
ball,2,30.5,South Africa,F du Plessis,HE van der Dussen,SL Malinga,0,0,"",""
ball,2,30.6,South Africa,F du Plessis,HE van der Dussen,SL Malinga,1,0,"",""
ball,2,31.1,South Africa,F du Plessis,HE van der Dussen,A Dananjaya,0,0,"",""
ball,2,31.2,South Africa,F du Plessis,HE van der Dussen,A Dananjaya,4,0,"",""
ball,2,31.3,South Africa,F du Plessis,HE van der Dussen,A Dananjaya,4,0,"",""
ball,2,31.4,South Africa,F du Plessis,HE van der Dussen,A Dananjaya,1,0,"",""
ball,2,31.5,South Africa,HE van der Dussen,F du Plessis,A Dananjaya,1,0,"",""
ball,2,31.6,South Africa,F du Plessis,HE van der Dussen,A Dananjaya,1,0,"",""
ball,2,32.1,South Africa,F du Plessis,HE van der Dussen,PADLR Sandakan,0,0,"",""
ball,2,32.2,South Africa,F du Plessis,HE van der Dussen,PADLR Sandakan,0,0,"",""
ball,2,32.3,South Africa,F du Plessis,HE van der Dussen,PADLR Sandakan,1,0,"",""
ball,2,32.4,South Africa,HE van der Dussen,F du Plessis,PADLR Sandakan,0,0,"",""
ball,2,32.5,South Africa,HE van der Dussen,F du Plessis,PADLR Sandakan,4,0,"",""
ball,2,32.6,South Africa,HE van der Dussen,F du Plessis,PADLR Sandakan,0,0,"",""
ball,2,33.1,South Africa,F du Plessis,HE van der Dussen,A Dananjaya,1,0,"",""
ball,2,33.2,South Africa,HE van der Dussen,F du Plessis,A Dananjaya,1,0,"",""
ball,2,33.3,South Africa,F du Plessis,HE van der Dussen,A Dananjaya,0,0,"",""
ball,2,33.4,South Africa,F du Plessis,HE van der Dussen,A Dananjaya,0,0,"",""
ball,2,33.5,South Africa,F du Plessis,HE van der Dussen,A Dananjaya,0,0,"",""
ball,2,33.6,South Africa,F du Plessis,HE van der Dussen,A Dananjaya,1,0,"",""
ball,2,34.1,South Africa,F du Plessis,HE van der Dussen,PADLR Sandakan,1,0,"",""
ball,2,34.2,South Africa,HE van der Dussen,F du Plessis,PADLR Sandakan,1,0,"",""
ball,2,34.3,South Africa,F du Plessis,HE van der Dussen,PADLR Sandakan,1,0,"",""
ball,2,34.4,South Africa,HE van der Dussen,F du Plessis,PADLR Sandakan,1,0,"",""
ball,2,34.5,South Africa,F du Plessis,HE van der Dussen,PADLR Sandakan,0,0,"",""
ball,2,34.6,South Africa,F du Plessis,HE van der Dussen,PADLR Sandakan,1,0,"",""
ball,2,35.1,South Africa,F du Plessis,HE van der Dussen,MVT Fernando,1,0,"",""
ball,2,35.2,South Africa,HE van der Dussen,F du Plessis,MVT Fernando,1,0,"",""
ball,2,35.3,South Africa,F du Plessis,HE van der Dussen,MVT Fernando,1,0,"",""
ball,2,35.4,South Africa,HE van der Dussen,F du Plessis,MVT Fernando,4,0,"",""
ball,2,35.5,South Africa,HE van der Dussen,F du Plessis,MVT Fernando,0,0,"",""
ball,2,35.6,South Africa,HE van der Dussen,F du Plessis,MVT Fernando,0,0,"",""
ball,2,36.1,South Africa,F du Plessis,HE van der Dussen,PADLR Sandakan,0,0,"",""
ball,2,36.2,South Africa,F du Plessis,HE van der Dussen,PADLR Sandakan,1,0,"",""
ball,2,36.3,South Africa,HE van der Dussen,F du Plessis,PADLR Sandakan,1,0,"",""
ball,2,36.4,South Africa,F du Plessis,HE van der Dussen,PADLR Sandakan,0,0,"",""
ball,2,36.5,South Africa,F du Plessis,HE van der Dussen,PADLR Sandakan,0,0,"",""
ball,2,36.6,South Africa,F du Plessis,HE van der Dussen,PADLR Sandakan,0,0,"",""
ball,2,37.1,South Africa,HE van der Dussen,F du Plessis,MVT Fernando,0,0,"",""
ball,2,37.2,South Africa,HE van der Dussen,F du Plessis,MVT Fernando,1,0,"",""
ball,2,37.3,South Africa,F du Plessis,HE van der Dussen,MVT Fernando,0,0,"",""
ball,2,37.4,South Africa,F du Plessis,HE van der Dussen,MVT Fernando,2,0,"",""
ball,2,37.5,South Africa,F du Plessis,HE van der Dussen,MVT Fernando,4,0,"",""
ball,2,37.6,South Africa,F du Plessis,HE van der Dussen,MVT Fernando,4,0,"",""
ball,2,38.1,South Africa,HE van der Dussen,F du Plessis,PADLR Sandakan,0,0,"",""
ball,2,38.2,South Africa,HE van der Dussen,F du Plessis,PADLR Sandakan,0,0,"",""
ball,2,38.3,South Africa,HE van der Dussen,F du Plessis,PADLR Sandakan,2,0,"",""
ball,2,38.4,South Africa,HE van der Dussen,F du Plessis,PADLR Sandakan,1,0,"",""
ball,2,38.5,South Africa,F du Plessis,HE van der Dussen,PADLR Sandakan,1,0,"",""
