version,1.3.0
info,team,Australia
info,team,Bangladesh
info,gender,male
info,season,2019
info,date,2019/06/20
info,competition,World Cup
info,match_number,26
info,venue,Trent Bridge
info,city,Nottingham
info,toss_winner,Australia
info,toss_decision,bat
info,player_of_match,DA Warner
info,umpire,RA Kettleborough
info,umpire,MA Gough
info,reserve_umpire,Aleem Dar
info,tv_umpire,RK Illingworth
info,match_referee,JJ Crowe
info,winner,Australia
info,winner_runs,48
ball,1,0.1,Australia,DA Warner,AJ Finch,Mashrafe Mortaza,0,0,"",""
ball,1,0.2,Australia,DA Warner,AJ Finch,Mashrafe Mortaza,0,0,"",""
ball,1,0.3,Australia,DA Warner,AJ Finch,Mashrafe Mortaza,0,0,"",""
ball,1,0.4,Australia,DA Warner,AJ Finch,Mashrafe Mortaza,1,0,"",""
ball,1,0.5,Australia,AJ Finch,DA Warner,Mashrafe Mortaza,4,0,"",""
ball,1,0.6,Australia,AJ Finch,DA Warner,Mashrafe Mortaza,0,0,"",""
ball,1,1.1,Australia,DA Warner,AJ Finch,Mustafizur Rahman,0,0,"",""
ball,1,1.2,Australia,DA Warner,AJ Finch,Mustafizur Rahman,4,0,"",""
ball,1,1.3,Australia,DA Warner,AJ Finch,Mustafizur Rahman,0,0,"",""
ball,1,1.4,Australia,DA Warner,AJ Finch,Mustafizur Rahman,0,0,"",""
ball,1,1.5,Australia,DA Warner,AJ Finch,Mustafizur Rahman,0,0,"",""
ball,1,1.6,Australia,DA Warner,AJ Finch,Mustafizur Rahman,0,0,"",""
ball,1,2.1,Australia,AJ Finch,DA Warner,Mashrafe Mortaza,0,0,"",""
ball,1,2.2,Australia,AJ Finch,DA Warner,Mashrafe Mortaza,0,0,"",""
ball,1,2.3,Australia,AJ Finch,DA Warner,Mashrafe Mortaza,1,0,"",""
ball,1,2.4,Australia,DA Warner,AJ Finch,Mashrafe Mortaza,0,0,"",""
ball,1,2.5,Australia,DA Warner,AJ Finch,Mashrafe Mortaza,1,0,"",""
ball,1,2.6,Australia,AJ Finch,DA Warner,Mashrafe Mortaza,0,1,"",""
ball,1,3.1,Australia,AJ Finch,DA Warner,Mustafizur Rahman,0,0,"",""
ball,1,3.2,Australia,AJ Finch,DA Warner,Mustafizur Rahman,0,1,"",""
ball,1,3.3,Australia,AJ Finch,DA Warner,Mustafizur Rahman,1,0,"",""
ball,1,3.4,Australia,DA Warner,AJ Finch,Mustafizur Rahman,0,0,"",""
ball,1,3.5,Australia,DA Warner,AJ Finch,Mustafizur Rahman,0,0,"",""
ball,1,3.6,Australia,DA Warner,AJ Finch,Mustafizur Rahman,4,0,"",""
ball,1,3.7,Australia,DA Warner,AJ Finch,Mustafizur Rahman,0,0,"",""
ball,1,4.1,Australia,AJ Finch,DA Warner,Mashrafe Mortaza,6,0,"",""
ball,1,4.2,Australia,AJ Finch,DA Warner,Mashrafe Mortaza,0,0,"",""
ball,1,4.3,Australia,AJ Finch,DA Warner,Mashrafe Mortaza,1,0,"",""
ball,1,4.4,Australia,DA Warner,AJ Finch,Mashrafe Mortaza,0,0,"",""
ball,1,4.5,Australia,DA Warner,AJ Finch,Mashrafe Mortaza,0,0,"",""
ball,1,4.6,Australia,DA Warner,AJ Finch,Mashrafe Mortaza,2,0,"",""
ball,1,5.1,Australia,AJ Finch,DA Warner,Mustafizur Rahman,1,0,"",""
ball,1,5.2,Australia,DA Warner,AJ Finch,Mustafizur Rahman,0,1,"",""
ball,1,5.3,Australia,AJ Finch,DA Warner,Mustafizur Rahman,1,0,"",""
ball,1,5.4,Australia,DA Warner,AJ Finch,Mustafizur Rahman,0,0,"",""
ball,1,5.5,Australia,DA Warner,AJ Finch,Mustafizur Rahman,1,0,"",""
ball,1,5.6,Australia,AJ Finch,DA Warner,Mustafizur Rahman,0,0,"",""
ball,1,6.1,Australia,DA Warner,AJ Finch,Mashrafe Mortaza,0,0,"",""
ball,1,6.2,Australia,DA Warner,AJ Finch,Mashrafe Mortaza,0,0,"",""
ball,1,6.3,Australia,DA Warner,AJ Finch,Mashrafe Mortaza,0,0,"",""
ball,1,6.4,Australia,DA Warner,AJ Finch,Mashrafe Mortaza,4,0,"",""
ball,1,6.5,Australia,DA Warner,AJ Finch,Mashrafe Mortaza,0,0,"",""
ball,1,6.6,Australia,DA Warner,AJ Finch,Mashrafe Mortaza,1,0,"",""
ball,1,7.1,Australia,DA Warner,AJ Finch,Mustafizur Rahman,1,0,"",""
ball,1,7.2,Australia,AJ Finch,DA Warner,Mustafizur Rahman,0,0,"",""
ball,1,7.3,Australia,AJ Finch,DA Warner,Mustafizur Rahman,1,0,"",""
ball,1,7.4,Australia,DA Warner,AJ Finch,Mustafizur Rahman,6,0,"",""
ball,1,7.5,Australia,DA Warner,AJ Finch,Mustafizur Rahman,0,0,"",""
ball,1,7.6,Australia,DA Warner,AJ Finch,Mustafizur Rahman,0,0,"",""
ball,1,8.1,Australia,AJ Finch,DA Warner,Mashrafe Mortaza,2,0,"",""
ball,1,8.2,Australia,AJ Finch,DA Warner,Mashrafe Mortaza,0,0,"",""
ball,1,8.3,Australia,AJ Finch,DA Warner,Mashrafe Mortaza,0,0,"",""
ball,1,8.4,Australia,AJ Finch,DA Warner,Mashrafe Mortaza,0,0,"",""
ball,1,8.5,Australia,AJ Finch,DA Warner,Mashrafe Mortaza,0,0,"",""
ball,1,8.6,Australia,AJ Finch,DA Warner,Mashrafe Mortaza,1,0,"",""
ball,1,9.1,Australia,AJ Finch,DA Warner,Shakib Al Hasan,0,0,"",""
ball,1,9.2,Australia,AJ Finch,DA Warner,Shakib Al Hasan,0,0,"",""
ball,1,9.3,Australia,AJ Finch,DA Warner,Shakib Al Hasan,4,0,"",""
ball,1,9.4,Australia,AJ Finch,DA Warner,Shakib Al Hasan,1,0,"",""
ball,1,9.5,Australia,DA Warner,AJ Finch,Shakib Al Hasan,1,0,"",""
ball,1,9.6,Australia,AJ Finch,DA Warner,Shakib Al Hasan,0,0,"",""
ball,1,10.1,Australia,DA Warner,AJ Finch,Mashrafe Mortaza,1,0,"",""
ball,1,10.2,Australia,AJ Finch,DA Warner,Mashrafe Mortaza,1,0,"",""
ball,1,10.3,Australia,DA Warner,AJ Finch,Mashrafe Mortaza,0,0,"",""
ball,1,10.4,Australia,DA Warner,AJ Finch,Mashrafe Mortaza,1,0,"",""
ball,1,10.5,Australia,AJ Finch,DA Warner,Mashrafe Mortaza,0,0,"",""
ball,1,10.6,Australia,AJ Finch,DA Warner,Mashrafe Mortaza,4,0,"",""
ball,1,11.1,Australia,DA Warner,AJ Finch,Shakib Al Hasan,0,0,"",""
ball,1,11.2,Australia,DA Warner,AJ Finch,Shakib Al Hasan,1,0,"",""
ball,1,11.3,Australia,AJ Finch,DA Warner,Shakib Al Hasan,1,0,"",""
ball,1,11.4,Australia,DA Warner,AJ Finch,Shakib Al Hasan,3,0,"",""
ball,1,11.5,Australia,AJ Finch,DA Warner,Shakib Al Hasan,1,0,"",""
ball,1,11.6,Australia,DA Warner,AJ Finch,Shakib Al Hasan,1,0,"",""
ball,1,12.1,Australia,DA Warner,AJ Finch,Rubel Hossain,0,0,"",""
ball,1,12.2,Australia,DA Warner,AJ Finch,Rubel Hossain,1,0,"",""
ball,1,12.3,Australia,AJ Finch,DA Warner,Rubel Hossain,1,0,"",""
ball,1,12.4,Australia,DA Warner,AJ Finch,Rubel Hossain,2,0,"",""
ball,1,12.5,Australia,DA Warner,AJ Finch,Rubel Hossain,0,0,"",""
ball,1,12.6,Australia,DA Warner,AJ Finch,Rubel Hossain,1,0,"",""
ball,1,13.1,Australia,DA Warner,AJ Finch,Shakib Al Hasan,4,0,"",""
ball,1,13.2,Australia,DA Warner,AJ Finch,Shakib Al Hasan,6,0,"",""
ball,1,13.3,Australia,DA Warner,AJ Finch,Shakib Al Hasan,0,0,"",""
ball,1,13.4,Australia,DA Warner,AJ Finch,Shakib Al Hasan,0,0,"",""
ball,1,13.5,Australia,DA Warner,AJ Finch,Shakib Al Hasan,0,0,"",""
ball,1,13.6,Australia,DA Warner,AJ Finch,Shakib Al Hasan,1,0,"",""
ball,1,14.1,Australia,DA Warner,AJ Finch,Rubel Hossain,0,0,"",""
ball,1,14.2,Australia,DA Warner,AJ Finch,Rubel Hossain,1,0,"",""
ball,1,14.3,Australia,AJ Finch,DA Warner,Rubel Hossain,0,0,"",""
ball,1,14.4,Australia,AJ Finch,DA Warner,Rubel Hossain,1,0,"",""
ball,1,14.5,Australia,DA Warner,AJ Finch,Rubel Hossain,0,0,"",""
ball,1,14.6,Australia,DA Warner,AJ Finch,Rubel Hossain,1,0,"",""
ball,1,15.1,Australia,DA Warner,AJ Finch,Mehedi Hasan Miraz,0,1,"",""
ball,1,15.2,Australia,DA Warner,AJ Finch,Mehedi Hasan Miraz,1,0,"",""
ball,1,15.3,Australia,AJ Finch,DA Warner,Mehedi Hasan Miraz,0,0,"",""
ball,1,15.4,Australia,AJ Finch,DA Warner,Mehedi Hasan Miraz,0,0,"",""
ball,1,15.5,Australia,AJ Finch,DA Warner,Mehedi Hasan Miraz,6,0,"",""
ball,1,15.6,Australia,AJ Finch,DA Warner,Mehedi Hasan Miraz,4,0,"",""
ball,1,15.7,Australia,AJ Finch,DA Warner,Mehedi Hasan Miraz,0,0,"",""
ball,1,16.1,Australia,DA Warner,AJ Finch,Rubel Hossain,0,0,"",""
ball,1,16.2,Australia,DA Warner,AJ Finch,Rubel Hossain,0,0,"",""
ball,1,16.3,Australia,DA Warner,AJ Finch,Rubel Hossain,2,0,"",""
ball,1,16.4,Australia,DA Warner,AJ Finch,Rubel Hossain,0,0,"",""
ball,1,16.5,Australia,DA Warner,AJ Finch,Rubel Hossain,1,0,"",""
ball,1,16.6,Australia,AJ Finch,DA Warner,Rubel Hossain,0,0,"",""
ball,1,17.1,Australia,DA Warner,AJ Finch,Mehedi Hasan Miraz,0,0,"",""
ball,1,17.2,Australia,DA Warner,AJ Finch,Mehedi Hasan Miraz,0,0,"",""
ball,1,17.3,Australia,DA Warner,AJ Finch,Mehedi Hasan Miraz,1,0,"",""
ball,1,17.4,Australia,AJ Finch,DA Warner,Mehedi Hasan Miraz,1,0,"",""
ball,1,17.5,Australia,DA Warner,AJ Finch,Mehedi Hasan Miraz,0,0,"",""
ball,1,17.6,Australia,DA Warner,AJ Finch,Mehedi Hasan Miraz,1,0,"",""
ball,1,18.1,Australia,DA Warner,AJ Finch,Rubel Hossain,0,0,"",""
ball,1,18.2,Australia,DA Warner,AJ Finch,Rubel Hossain,0,0,"",""
ball,1,18.3,Australia,DA Warner,AJ Finch,Rubel Hossain,1,0,"",""
ball,1,18.4,Australia,AJ Finch,DA Warner,Rubel Hossain,1,0,"",""
ball,1,18.5,Australia,DA Warner,AJ Finch,Rubel Hossain,0,1,"",""
ball,1,18.6,Australia,DA Warner,AJ Finch,Rubel Hossain,0,1,"",""
ball,1,18.7,Australia,DA Warner,AJ Finch,Rubel Hossain,0,0,"",""
ball,1,18.8,Australia,DA Warner,AJ Finch,Rubel Hossain,2,0,"",""
ball,1,19.1,Australia,AJ Finch,DA Warner,Mehedi Hasan Miraz,0,0,"",""
ball,1,19.2,Australia,AJ Finch,DA Warner,Mehedi Hasan Miraz,2,0,"",""
ball,1,19.3,Australia,AJ Finch,DA Warner,Mehedi Hasan Miraz,0,0,"",""
ball,1,19.4,Australia,AJ Finch,DA Warner,Mehedi Hasan Miraz,4,0,"",""
ball,1,19.5,Australia,AJ Finch,DA Warner,Mehedi Hasan Miraz,1,0,"",""
ball,1,19.6,Australia,DA Warner,AJ Finch,Mehedi Hasan Miraz,0,0,"",""
ball,1,20.1,Australia,AJ Finch,DA Warner,Soumya Sarkar,0,0,"",""
ball,1,20.2,Australia,AJ Finch,DA Warner,Soumya Sarkar,1,0,"",""
ball,1,20.3,Australia,DA Warner,AJ Finch,Soumya Sarkar,2,0,"",""
ball,1,20.4,Australia,DA Warner,AJ Finch,Soumya Sarkar,1,0,"",""
ball,1,20.5,Australia,AJ Finch,DA Warner,Soumya Sarkar,0,0,caught,AJ Finch
ball,1,20.6,Australia,UT Khawaja,DA Warner,Soumya Sarkar,0,0,"",""
ball,1,21.1,Australia,DA Warner,UT Khawaja,Mehedi Hasan Miraz,1,0,"",""
ball,1,21.2,Australia,UT Khawaja,DA Warner,Mehedi Hasan Miraz,0,0,"",""
ball,1,21.3,Australia,UT Khawaja,DA Warner,Mehedi Hasan Miraz,1,0,"",""
ball,1,21.4,Australia,DA Warner,UT Khawaja,Mehedi Hasan Miraz,0,0,"",""
ball,1,21.5,Australia,DA Warner,UT Khawaja,Mehedi Hasan Miraz,0,0,"",""
ball,1,21.6,Australia,DA Warner,UT Khawaja,Mehedi Hasan Miraz,0,0,"",""
ball,1,22.1,Australia,UT Khawaja,DA Warner,Soumya Sarkar,0,0,"",""
ball,1,22.2,Australia,UT Khawaja,DA Warner,Soumya Sarkar,0,0,"",""
ball,1,22.3,Australia,UT Khawaja,DA Warner,Soumya Sarkar,0,0,"",""
ball,1,22.4,Australia,UT Khawaja,DA Warner,Soumya Sarkar,0,0,"",""
ball,1,22.5,Australia,UT Khawaja,DA Warner,Soumya Sarkar,0,1,"",""
ball,1,22.6,Australia,DA Warner,UT Khawaja,Soumya Sarkar,1,0,"",""
ball,1,23.1,Australia,DA Warner,UT Khawaja,Mehedi Hasan Miraz,2,0,"",""
ball,1,23.2,Australia,DA Warner,UT Khawaja,Mehedi Hasan Miraz,1,0,"",""
ball,1,23.3,Australia,UT Khawaja,DA Warner,Mehedi Hasan Miraz,0,0,"",""
ball,1,23.4,Australia,UT Khawaja,DA Warner,Mehedi Hasan Miraz,2,0,"",""
ball,1,23.5,Australia,UT Khawaja,DA Warner,Mehedi Hasan Miraz,1,0,"",""
ball,1,23.6,Australia,DA Warner,UT Khawaja,Mehedi Hasan Miraz,1,0,"",""
ball,1,24.1,Australia,DA Warner,UT Khawaja,Soumya Sarkar,0,0,"",""
ball,1,24.2,Australia,DA Warner,UT Khawaja,Soumya Sarkar,0,0,"",""
ball,1,24.3,Australia,DA Warner,UT Khawaja,Soumya Sarkar,1,0,"",""
ball,1,24.4,Australia,UT Khawaja,DA Warner,Soumya Sarkar,2,0,"",""
ball,1,24.5,Australia,UT Khawaja,DA Warner,Soumya Sarkar,4,0,"",""
ball,1,24.6,Australia,UT Khawaja,DA Warner,Soumya Sarkar,0,0,"",""
ball,1,25.1,Australia,DA Warner,UT Khawaja,Mehedi Hasan Miraz,0,0,"",""
ball,1,25.2,Australia,DA Warner,UT Khawaja,Mehedi Hasan Miraz,1,0,"",""
ball,1,25.3,Australia,UT Khawaja,DA Warner,Mehedi Hasan Miraz,1,0,"",""
ball,1,25.4,Australia,DA Warner,UT Khawaja,Mehedi Hasan Miraz,1,0,"",""
ball,1,25.5,Australia,UT Khawaja,DA Warner,Mehedi Hasan Miraz,1,0,"",""
ball,1,25.6,Australia,DA Warner,UT Khawaja,Mehedi Hasan Miraz,1,0,"",""
ball,1,26.1,Australia,DA Warner,UT Khawaja,Soumya Sarkar,1,0,"",""
ball,1,26.2,Australia,UT Khawaja,DA Warner,Soumya Sarkar,1,0,"",""
ball,1,26.3,Australia,DA Warner,UT Khawaja,Soumya Sarkar,1,0,"",""
ball,1,26.4,Australia,UT Khawaja,DA Warner,Soumya Sarkar,0,0,"",""
ball,1,26.5,Australia,UT Khawaja,DA Warner,Soumya Sarkar,1,0,"",""
ball,1,26.6,Australia,DA Warner,UT Khawaja,Soumya Sarkar,1,0,"",""
ball,1,27.1,Australia,DA Warner,UT Khawaja,Mehedi Hasan Miraz,0,0,"",""
ball,1,27.2,Australia,DA Warner,UT Khawaja,Mehedi Hasan Miraz,1,0,"",""
ball,1,27.3,Australia,UT Khawaja,DA Warner,Mehedi Hasan Miraz,1,0,"",""
ball,1,27.4,Australia,DA Warner,UT Khawaja,Mehedi Hasan Miraz,1,0,"",""
ball,1,27.5,Australia,UT Khawaja,DA Warner,Mehedi Hasan Miraz,1,0,"",""
ball,1,27.6,Australia,DA Warner,UT Khawaja,Mehedi Hasan Miraz,0,0,"",""
ball,1,28.1,Australia,UT Khawaja,DA Warner,Soumya Sarkar,1,0,"",""
ball,1,28.2,Australia,DA Warner,UT Khawaja,Soumya Sarkar,4,0,"",""
ball,1,28.3,Australia,DA Warner,UT Khawaja,Soumya Sarkar,1,0,"",""
ball,1,28.4,Australia,UT Khawaja,DA Warner,Soumya Sarkar,1,0,"",""
ball,1,28.5,Australia,DA Warner,UT Khawaja,Soumya Sarkar,4,0,"",""
ball,1,28.6,Australia,DA Warner,UT Khawaja,Soumya Sarkar,1,0,"",""
ball,1,29.1,Australia,DA Warner,UT Khawaja,Mehedi Hasan Miraz,1,0,"",""
ball,1,29.2,Australia,UT Khawaja,DA Warner,Mehedi Hasan Miraz,1,0,"",""
ball,1,29.3,Australia,DA Warner,UT Khawaja,Mehedi Hasan Miraz,1,0,"",""
ball,1,29.4,Australia,UT Khawaja,DA Warner,Mehedi Hasan Miraz,0,0,"",""
ball,1,29.5,Australia,UT Khawaja,DA Warner,Mehedi Hasan Miraz,0,0,"",""
ball,1,29.6,Australia,UT Khawaja,DA Warner,Mehedi Hasan Miraz,0,0,"",""
ball,1,30.1,Australia,DA Warner,UT Khawaja,Shakib Al Hasan,1,0,"",""
ball,1,30.2,Australia,UT Khawaja,DA Warner,Shakib Al Hasan,0,0,"",""
ball,1,30.3,Australia,UT Khawaja,DA Warner,Shakib Al Hasan,2,0,"",""
ball,1,30.4,Australia,UT Khawaja,DA Warner,Shakib Al Hasan,1,0,"",""
ball,1,30.5,Australia,DA Warner,UT Khawaja,Shakib Al Hasan,1,0,"",""
ball,1,30.6,Australia,UT Khawaja,DA Warner,Shakib Al Hasan,4,0,"",""
ball,1,31.1,Australia,DA Warner,UT Khawaja,Mehedi Hasan Miraz,4,0,"",""
ball,1,31.2,Australia,DA Warner,UT Khawaja,Mehedi Hasan Miraz,0,0,"",""
ball,1,31.3,Australia,DA Warner,UT Khawaja,Mehedi Hasan Miraz,1,0,"",""
ball,1,31.4,Australia,UT Khawaja,DA Warner,Mehedi Hasan Miraz,1,0,"",""
ball,1,31.5,Australia,DA Warner,UT Khawaja,Mehedi Hasan Miraz,3,0,"",""
ball,1,31.6,Australia,UT Khawaja,DA Warner,Mehedi Hasan Miraz,0,0,"",""
ball,1,32.1,Australia,DA Warner,UT Khawaja,Shakib Al Hasan,0,0,"",""
ball,1,32.2,Australia,DA Warner,UT Khawaja,Shakib Al Hasan,1,0,"",""
ball,1,32.3,Australia,UT Khawaja,DA Warner,Shakib Al Hasan,1,0,"",""
ball,1,32.4,Australia,DA Warner,UT Khawaja,Shakib Al Hasan,0,0,"",""
ball,1,32.5,Australia,DA Warner,UT Khawaja,Shakib Al Hasan,1,0,"",""
ball,1,32.6,Australia,UT Khawaja,DA Warner,Shakib Al Hasan,1,0,"",""
ball,1,33.1,Australia,UT Khawaja,DA Warner,Mehedi Hasan Miraz,2,0,"",""
ball,1,33.2,Australia,UT Khawaja,DA Warner,Mehedi Hasan Miraz,1,0,"",""
ball,1,33.3,Australia,DA Warner,UT Khawaja,Mehedi Hasan Miraz,1,0,"",""
ball,1,33.4,Australia,UT Khawaja,DA Warner,Mehedi Hasan Miraz,1,0,"",""
ball,1,33.5,Australia,DA Warner,UT Khawaja,Mehedi Hasan Miraz,1,0,"",""
ball,1,33.6,Australia,UT Khawaja,DA Warner,Mehedi Hasan Miraz,1,0,"",""
ball,1,34.1,Australia,UT Khawaja,DA Warner,Mashrafe Mortaza,1,0,"",""
ball,1,34.2,Australia,DA Warner,UT Khawaja,Mashrafe Mortaza,0,0,"",""
ball,1,34.3,Australia,DA Warner,UT Khawaja,Mashrafe Mortaza,4,0,"",""
ball,1,34.4,Australia,DA Warner,UT Khawaja,Mashrafe Mortaza,1,0,"",""
ball,1,34.5,Australia,UT Khawaja,DA Warner,Mashrafe Mortaza,4,0,"",""
ball,1,34.6,Australia,UT Khawaja,DA Warner,Mashrafe Mortaza,1,0,"",""
ball,1,35.1,Australia,UT Khawaja,DA Warner,Rubel Hossain,1,0,"",""
ball,1,35.2,Australia,DA Warner,UT Khawaja,Rubel Hossain,1,0,"",""
ball,1,35.3,Australia,UT Khawaja,DA Warner,Rubel Hossain,1,0,"",""
ball,1,35.4,Australia,DA Warner,UT Khawaja,Rubel Hossain,0,0,"",""
ball,1,35.5,Australia,DA Warner,UT Khawaja,Rubel Hossain,0,0,"",""
ball,1,35.6,Australia,DA Warner,UT Khawaja,Rubel Hossain,1,0,"",""
ball,1,36.1,Australia,DA Warner,UT Khawaja,Mustafizur Rahman,1,0,"",""
ball,1,36.2,Australia,UT Khawaja,DA Warner,Mustafizur Rahman,0,0,"",""
ball,1,36.3,Australia,UT Khawaja,DA Warner,Mustafizur Rahman,1,0,"",""
ball,1,36.4,Australia,DA Warner,UT Khawaja,Mustafizur Rahman,0,1,"",""
ball,1,36.5,Australia,UT Khawaja,DA Warner,Mustafizur Rahman,1,0,"",""
ball,1,36.6,Australia,DA Warner,UT Khawaja,Mustafizur Rahman,2,0,"",""
ball,1,37.1,Australia,UT Khawaja,DA Warner,Rubel Hossain,1,0,"",""
ball,1,37.2,Australia,DA Warner,UT Khawaja,Rubel Hossain,4,0,"",""
ball,1,37.3,Australia,DA Warner,UT Khawaja,Rubel Hossain,1,0,"",""
ball,1,37.4,Australia,UT Khawaja,DA Warner,Rubel Hossain,4,0,"",""
ball,1,37.5,Australia,UT Khawaja,DA Warner,Rubel Hossain,1,0,"",""
ball,1,37.6,Australia,DA Warner,UT Khawaja,Rubel Hossain,1,0,"",""
ball,1,38.1,Australia,DA Warner,UT Khawaja,Mustafizur Rahman,0,0,"",""
ball,1,38.2,Australia,DA Warner,UT Khawaja,Mustafizur Rahman,4,0,"",""
ball,1,38.3,Australia,DA Warner,UT Khawaja,Mustafizur Rahman,0,1,"",""
ball,1,38.4,Australia,UT Khawaja,DA Warner,Mustafizur Rahman,0,0,"",""
ball,1,38.5,Australia,UT Khawaja,DA Warner,Mustafizur Rahman,0,0,"",""
ball,1,38.6,Australia,UT Khawaja,DA Warner,Mustafizur Rahman,2,0,"",""
ball,1,39.1,Australia,DA Warner,UT Khawaja,Rubel Hossain,0,1,"",""
ball,1,39.2,Australia,DA Warner,UT Khawaja,Rubel Hossain,6,0,"",""
ball,1,39.3,Australia,DA Warner,UT Khawaja,Rubel Hossain,2,0,"",""
ball,1,39.4,Australia,DA Warner,UT Khawaja,Rubel Hossain,1,0,"",""
ball,1,39.5,Australia,UT Khawaja,DA Warner,Rubel Hossain,1,0,"",""
ball,1,39.6,Australia,DA Warner,UT Khawaja,Rubel Hossain,1,0,"",""
ball,1,39.7,Australia,UT Khawaja,DA Warner,Rubel Hossain,1,0,"",""
ball,1,40.1,Australia,UT Khawaja,DA Warner,Shakib Al Hasan,0,0,"",""
ball,1,40.2,Australia,UT Khawaja,DA Warner,Shakib Al Hasan,2,0,"",""
ball,1,40.3,Australia,UT Khawaja,DA Warner,Shakib Al Hasan,1,0,"",""
ball,1,40.4,Australia,DA Warner,UT Khawaja,Shakib Al Hasan,4,0,"",""
ball,1,40.5,Australia,DA Warner,UT Khawaja,Shakib Al Hasan,0,0,"",""
ball,1,40.6,Australia,DA Warner,UT Khawaja,Shakib Al Hasan,6,0,"",""
ball,1,41.1,Australia,UT Khawaja,DA Warner,Mustafizur Rahman,4,0,"",""
ball,1,41.2,Australia,UT Khawaja,DA Warner,Mustafizur Rahman,4,0,"",""
ball,1,41.3,Australia,UT Khawaja,DA Warner,Mustafizur Rahman,2,0,"",""
ball,1,41.4,Australia,UT Khawaja,DA Warner,Mustafizur Rahman,4,0,"",""
ball,1,41.5,Australia,UT Khawaja,DA Warner,Mustafizur Rahman,4,0,"",""
ball,1,41.6,Australia,UT Khawaja,DA Warner,Mustafizur Rahman,1,0,"",""
ball,1,42.1,Australia,UT Khawaja,DA Warner,Mashrafe Mortaza,1,0,"",""
ball,1,42.2,Australia,DA Warner,UT Khawaja,Mashrafe Mortaza,6,0,"",""
ball,1,42.3,Australia,DA Warner,UT Khawaja,Mashrafe Mortaza,1,0,"",""
ball,1,42.4,Australia,UT Khawaja,DA Warner,Mashrafe Mortaza,4,0,"",""
ball,1,42.5,Australia,UT Khawaja,DA Warner,Mashrafe Mortaza,1,0,"",""
ball,1,42.6,Australia,DA Warner,UT Khawaja,Mashrafe Mortaza,1,0,"",""
ball,1,43.1,Australia,DA Warner,UT Khawaja,Rubel Hossain,0,1,"",""
ball,1,43.2,Australia,UT Khawaja,DA Warner,Rubel Hossain,1,0,"",""
ball,1,43.3,Australia,DA Warner,UT Khawaja,Rubel Hossain,4,0,"",""
ball,1,43.4,Australia,DA Warner,UT Khawaja,Rubel Hossain,4,0,"",""
ball,1,43.5,Australia,DA Warner,UT Khawaja,Rubel Hossain,2,0,"",""
ball,1,43.6,Australia,DA Warner,UT Khawaja,Rubel Hossain,1,0,"",""
ball,1,44.1,Australia,DA Warner,UT Khawaja,Soumya Sarkar,4,0,"",""
ball,1,44.2,Australia,DA Warner,UT Khawaja,Soumya Sarkar,0,0,caught,DA Warner
ball,1,44.3,Australia,GJ Maxwell,UT Khawaja,Soumya Sarkar,2,0,"",""
ball,1,44.4,Australia,GJ Maxwell,UT Khawaja,Soumya Sarkar,1,0,"",""
ball,1,44.5,Australia,UT Khawaja,GJ Maxwell,Soumya Sarkar,1,0,"",""
ball,1,44.6,Australia,GJ Maxwell,UT Khawaja,Soumya Sarkar,4,0,"",""
ball,1,45.1,Australia,UT Khawaja,GJ Maxwell,Rubel Hossain,1,1,"",""
ball,1,45.2,Australia,GJ Maxwell,UT Khawaja,Rubel Hossain,6,0,"",""
ball,1,45.3,Australia,GJ Maxwell,UT Khawaja,Rubel Hossain,4,0,"",""
ball,1,45.4,Australia,GJ Maxwell,UT Khawaja,Rubel Hossain,6,0,"",""
ball,1,45.5,Australia,GJ Maxwell,UT Khawaja,Rubel Hossain,0,0,"",""
ball,1,45.6,Australia,GJ Maxwell,UT Khawaja,Rubel Hossain,3,0,"",""
ball,1,45.7,Australia,UT Khawaja,GJ Maxwell,Rubel Hossain,4,0,"",""
ball,1,46.1,Australia,GJ Maxwell,UT Khawaja,Soumya Sarkar,6,0,"",""
ball,1,46.2,Australia,GJ Maxwell,UT Khawaja,Soumya Sarkar,0,0,run out,GJ Maxwell
ball,1,46.3,Australia,MP Stoinis,UT Khawaja,Soumya Sarkar,0,0,"",""
ball,1,46.4,Australia,MP Stoinis,UT Khawaja,Soumya Sarkar,1,0,"",""
ball,1,46.5,Australia,UT Khawaja,MP Stoinis,Soumya Sarkar,0,0,caught,UT Khawaja
ball,1,46.6,Australia,SPD Smith,MP Stoinis,Soumya Sarkar,1,0,"",""
ball,1,47.1,Australia,SPD Smith,MP Stoinis,Mustafizur Rahman,0,0,lbw,SPD Smith
ball,1,47.2,Australia,AT Carey,MP Stoinis,Mustafizur Rahman,1,0,"",""
ball,1,47.3,Australia,MP Stoinis,AT Carey,Mustafizur Rahman,1,0,"",""
ball,1,47.4,Australia,AT Carey,MP Stoinis,Mustafizur Rahman,1,0,"",""
ball,1,47.5,Australia,MP Stoinis,AT Carey,Mustafizur Rahman,1,0,"",""
ball,1,47.6,Australia,AT Carey,MP Stoinis,Mustafizur Rahman,1,0,"",""
ball,1,48.1,Australia,AT Carey,MP Stoinis,Soumya Sarkar,1,0,"",""
ball,1,48.2,Australia,MP Stoinis,AT Carey,Soumya Sarkar,2,0,"",""
ball,1,48.3,Australia,MP Stoinis,AT Carey,Soumya Sarkar,0,0,"",""
ball,1,48.4,Australia,MP Stoinis,AT Carey,Soumya Sarkar,1,0,"",""
ball,1,48.5,Australia,AT Carey,MP Stoinis,Soumya Sarkar,4,0,"",""
ball,1,48.6,Australia,AT Carey,MP Stoinis,Soumya Sarkar,1,0,"",""
ball,1,49.1,Australia,AT Carey,MP Stoinis,Mustafizur Rahman,1,0,"",""
ball,1,49.2,Australia,MP Stoinis,AT Carey,Mustafizur Rahman,1,0,"",""
ball,1,49.3,Australia,AT Carey,MP Stoinis,Mustafizur Rahman,1,0,"",""
ball,1,49.4,Australia,MP Stoinis,AT Carey,Mustafizur Rahman,4,0,"",""
ball,1,49.5,Australia,MP Stoinis,AT Carey,Mustafizur Rahman,4,0,"",""
ball,1,49.6,Australia,MP Stoinis,AT Carey,Mustafizur Rahman,2,0,"",""
ball,2,0.1,Bangladesh,Tamim Iqbal,Soumya Sarkar,MA Starc,0,0,"",""
ball,2,0.2,Bangladesh,Tamim Iqbal,Soumya Sarkar,MA Starc,0,0,"",""
ball,2,0.3,Bangladesh,Tamim Iqbal,Soumya Sarkar,MA Starc,3,0,"",""
ball,2,0.4,Bangladesh,Soumya Sarkar,Tamim Iqbal,MA Starc,0,0,"",""
ball,2,0.5,Bangladesh,Soumya Sarkar,Tamim Iqbal,MA Starc,1,0,"",""
ball,2,0.6,Bangladesh,Tamim Iqbal,Soumya Sarkar,MA Starc,0,0,"",""
ball,2,1.1,Bangladesh,Soumya Sarkar,Tamim Iqbal,PJ Cummins,0,0,"",""
ball,2,1.2,Bangladesh,Soumya Sarkar,Tamim Iqbal,PJ Cummins,1,0,"",""
ball,2,1.3,Bangladesh,Tamim Iqbal,Soumya Sarkar,PJ Cummins,0,0,"",""
ball,2,1.4,Bangladesh,Tamim Iqbal,Soumya Sarkar,PJ Cummins,4,0,"",""
ball,2,1.5,Bangladesh,Tamim Iqbal,Soumya Sarkar,PJ Cummins,0,0,"",""
ball,2,1.6,Bangladesh,Tamim Iqbal,Soumya Sarkar,PJ Cummins,0,0,"",""
ball,2,2.1,Bangladesh,Soumya Sarkar,Tamim Iqbal,MA Starc,0,1,"",""
ball,2,2.2,Bangladesh,Tamim Iqbal,Soumya Sarkar,MA Starc,0,0,"",""
ball,2,2.3,Bangladesh,Tamim Iqbal,Soumya Sarkar,MA Starc,1,0,"",""
ball,2,2.4,Bangladesh,Soumya Sarkar,Tamim Iqbal,MA Starc,4,0,"",""
ball,2,2.5,Bangladesh,Soumya Sarkar,Tamim Iqbal,MA Starc,4,0,"",""
ball,2,2.6,Bangladesh,Soumya Sarkar,Tamim Iqbal,MA Starc,0,0,"",""
ball,2,3.1,Bangladesh,Tamim Iqbal,Soumya Sarkar,PJ Cummins,0,0,"",""
ball,2,3.2,Bangladesh,Tamim Iqbal,Soumya Sarkar,PJ Cummins,0,4,"",""
ball,2,3.3,Bangladesh,Tamim Iqbal,Soumya Sarkar,PJ Cummins,0,0,"",""
ball,2,3.4,Bangladesh,Tamim Iqbal,Soumya Sarkar,PJ Cummins,0,0,"",""
ball,2,3.5,Bangladesh,Tamim Iqbal,Soumya Sarkar,PJ Cummins,0,0,run out,Soumya Sarkar
ball,2,3.6,Bangladesh,Tamim Iqbal,Shakib Al Hasan,PJ Cummins,0,0,"",""
ball,2,4.1,Bangladesh,Shakib Al Hasan,Tamim Iqbal,MA Starc,0,0,"",""
ball,2,4.2,Bangladesh,Shakib Al Hasan,Tamim Iqbal,MA Starc,0,0,"",""
ball,2,4.3,Bangladesh,Shakib Al Hasan,Tamim Iqbal,MA Starc,1,0,"",""
ball,2,4.4,Bangladesh,Tamim Iqbal,Shakib Al Hasan,MA Starc,0,0,"",""
ball,2,4.5,Bangladesh,Tamim Iqbal,Shakib Al Hasan,MA Starc,1,0,"",""
ball,2,4.6,Bangladesh,Shakib Al Hasan,Tamim Iqbal,MA Starc,0,0,"",""
ball,2,5.1,Bangladesh,Tamim Iqbal,Shakib Al Hasan,GJ Maxwell,4,0,"",""
ball,2,5.2,Bangladesh,Tamim Iqbal,Shakib Al Hasan,GJ Maxwell,0,0,"",""
ball,2,5.3,Bangladesh,Tamim Iqbal,Shakib Al Hasan,GJ Maxwell,1,0,"",""
ball,2,5.4,Bangladesh,Shakib Al Hasan,Tamim Iqbal,GJ Maxwell,1,0,"",""
ball,2,5.5,Bangladesh,Tamim Iqbal,Shakib Al Hasan,GJ Maxwell,0,0,"",""
ball,2,5.6,Bangladesh,Tamim Iqbal,Shakib Al Hasan,GJ Maxwell,1,0,"",""
ball,2,6.1,Bangladesh,Tamim Iqbal,Shakib Al Hasan,PJ Cummins,4,0,"",""
ball,2,6.2,Bangladesh,Tamim Iqbal,Shakib Al Hasan,PJ Cummins,0,0,"",""
ball,2,6.3,Bangladesh,Tamim Iqbal,Shakib Al Hasan,PJ Cummins,0,0,"",""
ball,2,6.4,Bangladesh,Tamim Iqbal,Shakib Al Hasan,PJ Cummins,0,0,"",""
ball,2,6.5,Bangladesh,Tamim Iqbal,Shakib Al Hasan,PJ Cummins,0,0,"",""
ball,2,6.6,Bangladesh,Tamim Iqbal,Shakib Al Hasan,PJ Cummins,2,0,"",""
ball,2,7.1,Bangladesh,Shakib Al Hasan,Tamim Iqbal,NM Coulter-Nile,0,1,"",""
ball,2,7.2,Bangladesh,Shakib Al Hasan,Tamim Iqbal,NM Coulter-Nile,1,0,"",""
ball,2,7.3,Bangladesh,Tamim Iqbal,Shakib Al Hasan,NM Coulter-Nile,0,0,"",""
ball,2,7.4,Bangladesh,Tamim Iqbal,Shakib Al Hasan,NM Coulter-Nile,0,0,"",""
ball,2,7.5,Bangladesh,Tamim Iqbal,Shakib Al Hasan,NM Coulter-Nile,1,0,"",""
ball,2,7.6,Bangladesh,Shakib Al Hasan,Tamim Iqbal,NM Coulter-Nile,0,0,"",""
ball,2,7.7,Bangladesh,Shakib Al Hasan,Tamim Iqbal,NM Coulter-Nile,0,0,"",""
ball,2,8.1,Bangladesh,Tamim Iqbal,Shakib Al Hasan,PJ Cummins,0,0,"",""
ball,2,8.2,Bangladesh,Tamim Iqbal,Shakib Al Hasan,PJ Cummins,0,0,"",""
ball,2,8.3,Bangladesh,Tamim Iqbal,Shakib Al Hasan,PJ Cummins,1,0,"",""
ball,2,8.4,Bangladesh,Shakib Al Hasan,Tamim Iqbal,PJ Cummins,2,0,"",""
ball,2,8.5,Bangladesh,Shakib Al Hasan,Tamim Iqbal,PJ Cummins,4,0,"",""
ball,2,8.6,Bangladesh,Shakib Al Hasan,Tamim Iqbal,PJ Cummins,0,1,"",""
ball,2,9.1,Bangladesh,Shakib Al Hasan,Tamim Iqbal,NM Coulter-Nile,0,0,"",""
ball,2,9.2,Bangladesh,Shakib Al Hasan,Tamim Iqbal,NM Coulter-Nile,0,0,"",""
ball,2,9.3,Bangladesh,Shakib Al Hasan,Tamim Iqbal,NM Coulter-Nile,0,0,"",""
ball,2,9.4,Bangladesh,Shakib Al Hasan,Tamim Iqbal,NM Coulter-Nile,0,0,"",""
ball,2,9.5,Bangladesh,Shakib Al Hasan,Tamim Iqbal,NM Coulter-Nile,4,0,"",""
ball,2,9.6,Bangladesh,Shakib Al Hasan,Tamim Iqbal,NM Coulter-Nile,0,0,"",""
ball,2,10.1,Bangladesh,Tamim Iqbal,Shakib Al Hasan,GJ Maxwell,1,0,"",""
ball,2,10.2,Bangladesh,Shakib Al Hasan,Tamim Iqbal,GJ Maxwell,2,0,"",""
ball,2,10.3,Bangladesh,Shakib Al Hasan,Tamim Iqbal,GJ Maxwell,2,0,"",""
ball,2,10.4,Bangladesh,Shakib Al Hasan,Tamim Iqbal,GJ Maxwell,1,0,"",""
ball,2,10.5,Bangladesh,Tamim Iqbal,Shakib Al Hasan,GJ Maxwell,0,0,"",""
ball,2,10.6,Bangladesh,Tamim Iqbal,Shakib Al Hasan,GJ Maxwell,0,0,"",""
ball,2,11.1,Bangladesh,Shakib Al Hasan,Tamim Iqbal,NM Coulter-Nile,0,0,"",""
ball,2,11.2,Bangladesh,Shakib Al Hasan,Tamim Iqbal,NM Coulter-Nile,1,0,"",""
ball,2,11.3,Bangladesh,Tamim Iqbal,Shakib Al Hasan,NM Coulter-Nile,0,0,"",""
ball,2,11.4,Bangladesh,Tamim Iqbal,Shakib Al Hasan,NM Coulter-Nile,1,0,"",""
ball,2,11.5,Bangladesh,Shakib Al Hasan,Tamim Iqbal,NM Coulter-Nile,1,0,"",""
ball,2,11.6,Bangladesh,Tamim Iqbal,Shakib Al Hasan,NM Coulter-Nile,1,0,"",""
ball,2,12.1,Bangladesh,Tamim Iqbal,Shakib Al Hasan,GJ Maxwell,1,0,"",""
ball,2,12.2,Bangladesh,Shakib Al Hasan,Tamim Iqbal,GJ Maxwell,4,0,"",""
ball,2,12.3,Bangladesh,Shakib Al Hasan,Tamim Iqbal,GJ Maxwell,4,0,"",""
ball,2,12.4,Bangladesh,Shakib Al Hasan,Tamim Iqbal,GJ Maxwell,0,0,"",""
ball,2,12.5,Bangladesh,Shakib Al Hasan,Tamim Iqbal,GJ Maxwell,2,0,"",""
ball,2,12.6,Bangladesh,Shakib Al Hasan,Tamim Iqbal,GJ Maxwell,1,0,"",""
ball,2,13.1,Bangladesh,Shakib Al Hasan,Tamim Iqbal,NM Coulter-Nile,0,0,"",""
ball,2,13.2,Bangladesh,Shakib Al Hasan,Tamim Iqbal,NM Coulter-Nile,1,0,"",""
ball,2,13.3,Bangladesh,Tamim Iqbal,Shakib Al Hasan,NM Coulter-Nile,0,0,"",""
ball,2,13.4,Bangladesh,Tamim Iqbal,Shakib Al Hasan,NM Coulter-Nile,1,0,"",""
ball,2,13.5,Bangladesh,Shakib Al Hasan,Tamim Iqbal,NM Coulter-Nile,0,0,"",""
ball,2,13.6,Bangladesh,Shakib Al Hasan,Tamim Iqbal,NM Coulter-Nile,1,0,"",""
ball,2,14.1,Bangladesh,Shakib Al Hasan,Tamim Iqbal,MP Stoinis,1,0,"",""
ball,2,14.2,Bangladesh,Tamim Iqbal,Shakib Al Hasan,MP Stoinis,1,0,"",""
ball,2,14.3,Bangladesh,Shakib Al Hasan,Tamim Iqbal,MP Stoinis,1,0,"",""
ball,2,14.4,Bangladesh,Tamim Iqbal,Shakib Al Hasan,MP Stoinis,1,0,"",""
ball,2,14.5,Bangladesh,Shakib Al Hasan,Tamim Iqbal,MP Stoinis,1,0,"",""
ball,2,14.6,Bangladesh,Tamim Iqbal,Shakib Al Hasan,MP Stoinis,1,0,"",""
ball,2,15.1,Bangladesh,Tamim Iqbal,Shakib Al Hasan,NM Coulter-Nile,2,0,"",""
ball,2,15.2,Bangladesh,Tamim Iqbal,Shakib Al Hasan,NM Coulter-Nile,1,0,"",""
ball,2,15.3,Bangladesh,Shakib Al Hasan,Tamim Iqbal,NM Coulter-Nile,1,0,"",""
ball,2,15.4,Bangladesh,Tamim Iqbal,Shakib Al Hasan,NM Coulter-Nile,1,0,"",""
ball,2,15.5,Bangladesh,Shakib Al Hasan,Tamim Iqbal,NM Coulter-Nile,1,0,"",""
ball,2,15.6,Bangladesh,Tamim Iqbal,Shakib Al Hasan,NM Coulter-Nile,1,0,"",""
ball,2,16.1,Bangladesh,Tamim Iqbal,Shakib Al Hasan,MP Stoinis,4,0,"",""
ball,2,16.2,Bangladesh,Tamim Iqbal,Shakib Al Hasan,MP Stoinis,0,0,"",""
ball,2,16.3,Bangladesh,Tamim Iqbal,Shakib Al Hasan,MP Stoinis,0,0,"",""
ball,2,16.4,Bangladesh,Tamim Iqbal,Shakib Al Hasan,MP Stoinis,1,0,"",""
ball,2,16.5,Bangladesh,Shakib Al Hasan,Tamim Iqbal,MP Stoinis,1,0,"",""
ball,2,16.6,Bangladesh,Tamim Iqbal,Shakib Al Hasan,MP Stoinis,1,0,"",""
ball,2,17.1,Bangladesh,Tamim Iqbal,Shakib Al Hasan,A Zampa,0,0,"",""
ball,2,17.2,Bangladesh,Tamim Iqbal,Shakib Al Hasan,A Zampa,0,0,"",""
ball,2,17.3,Bangladesh,Tamim Iqbal,Shakib Al Hasan,A Zampa,1,0,"",""
ball,2,17.4,Bangladesh,Shakib Al Hasan,Tamim Iqbal,A Zampa,1,0,"",""
ball,2,17.5,Bangladesh,Tamim Iqbal,Shakib Al Hasan,A Zampa,1,0,"",""
ball,2,17.6,Bangladesh,Shakib Al Hasan,Tamim Iqbal,A Zampa,1,0,"",""
ball,2,18.1,Bangladesh,Shakib Al Hasan,Tamim Iqbal,MP Stoinis,0,0,caught,Shakib Al Hasan
ball,2,18.2,Bangladesh,Mushfiqur Rahim,Tamim Iqbal,MP Stoinis,0,0,"",""
ball,2,18.3,Bangladesh,Mushfiqur Rahim,Tamim Iqbal,MP Stoinis,1,0,"",""
ball,2,18.4,Bangladesh,Tamim Iqbal,Mushfiqur Rahim,MP Stoinis,0,0,"",""
ball,2,18.5,Bangladesh,Tamim Iqbal,Mushfiqur Rahim,MP Stoinis,1,0,"",""
ball,2,18.6,Bangladesh,Mushfiqur Rahim,Tamim Iqbal,MP Stoinis,1,0,"",""
ball,2,19.1,Bangladesh,Mushfiqur Rahim,Tamim Iqbal,A Zampa,2,0,"",""
ball,2,19.2,Bangladesh,Mushfiqur Rahim,Tamim Iqbal,A Zampa,4,0,"",""
ball,2,19.3,Bangladesh,Mushfiqur Rahim,Tamim Iqbal,A Zampa,0,0,"",""
ball,2,19.4,Bangladesh,Mushfiqur Rahim,Tamim Iqbal,A Zampa,0,0,"",""
ball,2,19.5,Bangladesh,Mushfiqur Rahim,Tamim Iqbal,A Zampa,0,0,"",""
ball,2,19.6,Bangladesh,Mushfiqur Rahim,Tamim Iqbal,A Zampa,1,0,"",""
ball,2,20.1,Bangladesh,Mushfiqur Rahim,Tamim Iqbal,MP Stoinis,1,0,"",""
ball,2,20.2,Bangladesh,Tamim Iqbal,Mushfiqur Rahim,MP Stoinis,0,0,"",""
ball,2,20.3,Bangladesh,Tamim Iqbal,Mushfiqur Rahim,MP Stoinis,4,0,"",""
ball,2,20.4,Bangladesh,Tamim Iqbal,Mushfiqur Rahim,MP Stoinis,1,0,"",""
ball,2,20.5,Bangladesh,Mushfiqur Rahim,Tamim Iqbal,MP Stoinis,1,0,"",""
ball,2,20.6,Bangladesh,Tamim Iqbal,Mushfiqur Rahim,MP Stoinis,1,0,"",""
ball,2,21.1,Bangladesh,Tamim Iqbal,Mushfiqur Rahim,A Zampa,1,0,"",""
ball,2,21.2,Bangladesh,Mushfiqur Rahim,Tamim Iqbal,A Zampa,0,0,"",""
ball,2,21.3,Bangladesh,Mushfiqur Rahim,Tamim Iqbal,A Zampa,1,0,"",""
ball,2,21.4,Bangladesh,Tamim Iqbal,Mushfiqur Rahim,A Zampa,1,0,"",""
ball,2,21.5,Bangladesh,Mushfiqur Rahim,Tamim Iqbal,A Zampa,6,0,"",""
ball,2,21.6,Bangladesh,Mushfiqur Rahim,Tamim Iqbal,A Zampa,0,0,"",""
ball,2,22.1,Bangladesh,Tamim Iqbal,Mushfiqur Rahim,MA Starc,1,0,"",""
ball,2,22.2,Bangladesh,Mushfiqur Rahim,Tamim Iqbal,MA Starc,0,0,"",""
ball,2,22.3,Bangladesh,Mushfiqur Rahim,Tamim Iqbal,MA Starc,0,0,"",""
ball,2,22.4,Bangladesh,Mushfiqur Rahim,Tamim Iqbal,MA Starc,1,0,"",""
ball,2,22.5,Bangladesh,Tamim Iqbal,Mushfiqur Rahim,MA Starc,3,0,"",""
ball,2,22.6,Bangladesh,Mushfiqur Rahim,Tamim Iqbal,MA Starc,1,0,"",""
ball,2,23.1,Bangladesh,Mushfiqur Rahim,Tamim Iqbal,A Zampa,1,0,"",""
ball,2,23.2,Bangladesh,Tamim Iqbal,Mushfiqur Rahim,A Zampa,4,0,"",""
ball,2,23.3,Bangladesh,Tamim Iqbal,Mushfiqur Rahim,A Zampa,0,0,"",""
ball,2,23.4,Bangladesh,Tamim Iqbal,Mushfiqur Rahim,A Zampa,1,0,"",""
ball,2,23.5,Bangladesh,Mushfiqur Rahim,Tamim Iqbal,A Zampa,0,0,"",""
ball,2,23.6,Bangladesh,Mushfiqur Rahim,Tamim Iqbal,A Zampa,0,1,"",""
ball,2,23.7,Bangladesh,Mushfiqur Rahim,Tamim Iqbal,A Zampa,2,0,"",""
ball,2,24.1,Bangladesh,Tamim Iqbal,Mushfiqur Rahim,MA Starc,0,0,bowled,Tamim Iqbal
ball,2,24.2,Bangladesh,Liton Das,Mushfiqur Rahim,MA Starc,0,0,"",""
ball,2,24.3,Bangladesh,Liton Das,Mushfiqur Rahim,MA Starc,1,0,"",""
ball,2,24.4,Bangladesh,Mushfiqur Rahim,Liton Das,MA Starc,1,0,"",""
ball,2,24.5,Bangladesh,Liton Das,Mushfiqur Rahim,MA Starc,0,0,"",""
ball,2,24.6,Bangladesh,Liton Das,Mushfiqur Rahim,MA Starc,0,0,"",""
ball,2,25.1,Bangladesh,Mushfiqur Rahim,Liton Das,PJ Cummins,0,0,"",""
ball,2,25.2,Bangladesh,Mushfiqur Rahim,Liton Das,PJ Cummins,1,0,"",""
ball,2,25.3,Bangladesh,Liton Das,Mushfiqur Rahim,PJ Cummins,0,0,"",""
ball,2,25.4,Bangladesh,Liton Das,Mushfiqur Rahim,PJ Cummins,1,0,"",""
ball,2,25.5,Bangladesh,Mushfiqur Rahim,Liton Das,PJ Cummins,0,0,"",""
ball,2,25.6,Bangladesh,Mushfiqur Rahim,Liton Das,PJ Cummins,1,0,"",""
ball,2,26.1,Bangladesh,Mushfiqur Rahim,Liton Das,MA Starc,1,0,"",""
ball,2,26.2,Bangladesh,Liton Das,Mushfiqur Rahim,MA Starc,1,0,"",""
ball,2,26.3,Bangladesh,Mushfiqur Rahim,Liton Das,MA Starc,0,0,"",""
ball,2,26.4,Bangladesh,Mushfiqur Rahim,Liton Das,MA Starc,1,0,"",""
ball,2,26.5,Bangladesh,Liton Das,Mushfiqur Rahim,MA Starc,1,0,"",""
ball,2,26.6,Bangladesh,Mushfiqur Rahim,Liton Das,MA Starc,4,0,"",""
ball,2,27.1,Bangladesh,Liton Das,Mushfiqur Rahim,PJ Cummins,1,0,"",""
ball,2,27.2,Bangladesh,Mushfiqur Rahim,Liton Das,PJ Cummins,0,0,"",""
ball,2,27.3,Bangladesh,Mushfiqur Rahim,Liton Das,PJ Cummins,1,0,"",""
ball,2,27.4,Bangladesh,Liton Das,Mushfiqur Rahim,PJ Cummins,4,0,"",""
ball,2,27.5,Bangladesh,Liton Das,Mushfiqur Rahim,PJ Cummins,0,0,"",""
ball,2,27.6,Bangladesh,Liton Das,Mushfiqur Rahim,PJ Cummins,4,0,"",""
ball,2,28.1,Bangladesh,Mushfiqur Rahim,Liton Das,NM Coulter-Nile,1,0,"",""
ball,2,28.2,Bangladesh,Liton Das,Mushfiqur Rahim,NM Coulter-Nile,4,0,"",""
ball,2,28.3,Bangladesh,Liton Das,Mushfiqur Rahim,NM Coulter-Nile,2,0,"",""
ball,2,28.4,Bangladesh,Liton Das,Mushfiqur Rahim,NM Coulter-Nile,1,0,"",""
ball,2,28.5,Bangladesh,Mushfiqur Rahim,Liton Das,NM Coulter-Nile,0,0,"",""
ball,2,28.6,Bangladesh,Mushfiqur Rahim,Liton Das,NM Coulter-Nile,0,0,"",""
ball,2,29.1,Bangladesh,Liton Das,Mushfiqur Rahim,A Zampa,0,0,"",""
ball,2,29.2,Bangladesh,Liton Das,Mushfiqur Rahim,A Zampa,0,0,lbw,Liton Das
ball,2,29.3,Bangladesh,Mahmudullah,Mushfiqur Rahim,A Zampa,1,0,"",""
ball,2,29.4,Bangladesh,Mushfiqur Rahim,Mahmudullah,A Zampa,0,0,"",""
ball,2,29.5,Bangladesh,Mushfiqur Rahim,Mahmudullah,A Zampa,1,0,"",""
ball,2,29.6,Bangladesh,Mahmudullah,Mushfiqur Rahim,A Zampa,0,0,"",""
ball,2,30.1,Bangladesh,Mushfiqur Rahim,Mahmudullah,NM Coulter-Nile,0,0,"",""
ball,2,30.2,Bangladesh,Mushfiqur Rahim,Mahmudullah,NM Coulter-Nile,1,0,"",""
ball,2,30.3,Bangladesh,Mahmudullah,Mushfiqur Rahim,NM Coulter-Nile,1,0,"",""
ball,2,30.4,Bangladesh,Mushfiqur Rahim,Mahmudullah,NM Coulter-Nile,1,0,"",""
ball,2,30.5,Bangladesh,Mahmudullah,Mushfiqur Rahim,NM Coulter-Nile,0,0,"",""
ball,2,30.6,Bangladesh,Mahmudullah,Mushfiqur Rahim,NM Coulter-Nile,0,0,"",""
ball,2,31.1,Bangladesh,Mushfiqur Rahim,Mahmudullah,A Zampa,0,0,"",""
ball,2,31.2,Bangladesh,Mushfiqur Rahim,Mahmudullah,A Zampa,1,0,"",""
ball,2,31.3,Bangladesh,Mahmudullah,Mushfiqur Rahim,A Zampa,0,0,"",""
ball,2,31.4,Bangladesh,Mahmudullah,Mushfiqur Rahim,A Zampa,1,0,"",""
ball,2,31.5,Bangladesh,Mushfiqur Rahim,Mahmudullah,A Zampa,1,0,"",""
ball,2,31.6,Bangladesh,Mahmudullah,Mushfiqur Rahim,A Zampa,1,0,"",""
ball,2,32.1,Bangladesh,Mahmudullah,Mushfiqur Rahim,NM Coulter-Nile,0,0,"",""
ball,2,32.2,Bangladesh,Mahmudullah,Mushfiqur Rahim,NM Coulter-Nile,1,0,"",""
ball,2,32.3,Bangladesh,Mushfiqur Rahim,Mahmudullah,NM Coulter-Nile,4,0,"",""
ball,2,32.4,Bangladesh,Mushfiqur Rahim,Mahmudullah,NM Coulter-Nile,1,0,"",""
ball,2,32.5,Bangladesh,Mahmudullah,Mushfiqur Rahim,NM Coulter-Nile,4,0,"",""
ball,2,32.6,Bangladesh,Mahmudullah,Mushfiqur Rahim,NM Coulter-Nile,0,0,"",""
ball,2,33.1,Bangladesh,Mushfiqur Rahim,Mahmudullah,A Zampa,0,0,"",""
ball,2,33.2,Bangladesh,Mushfiqur Rahim,Mahmudullah,A Zampa,1,0,"",""
ball,2,33.3,Bangladesh,Mahmudullah,Mushfiqur Rahim,A Zampa,1,0,"",""
ball,2,33.4,Bangladesh,Mushfiqur Rahim,Mahmudullah,A Zampa,0,0,"",""
ball,2,33.5,Bangladesh,Mushfiqur Rahim,Mahmudullah,A Zampa,1,0,"",""
ball,2,33.6,Bangladesh,Mahmudullah,Mushfiqur Rahim,A Zampa,4,0,"",""
ball,2,34.1,Bangladesh,Mushfiqur Rahim,Mahmudullah,PJ Cummins,1,0,"",""
ball,2,34.2,Bangladesh,Mahmudullah,Mushfiqur Rahim,PJ Cummins,1,0,"",""
ball,2,34.3,Bangladesh,Mushfiqur Rahim,Mahmudullah,PJ Cummins,0,0,"",""
ball,2,34.4,Bangladesh,Mushfiqur Rahim,Mahmudullah,PJ Cummins,0,0,"",""
ball,2,34.5,Bangladesh,Mushfiqur Rahim,Mahmudullah,PJ Cummins,4,0,"",""
ball,2,34.6,Bangladesh,Mushfiqur Rahim,Mahmudullah,PJ Cummins,1,0,"",""
ball,2,35.1,Bangladesh,Mushfiqur Rahim,Mahmudullah,MA Starc,4,0,"",""
ball,2,35.2,Bangladesh,Mushfiqur Rahim,Mahmudullah,MA Starc,1,0,"",""
ball,2,35.3,Bangladesh,Mahmudullah,Mushfiqur Rahim,MA Starc,0,0,"",""
ball,2,35.4,Bangladesh,Mahmudullah,Mushfiqur Rahim,MA Starc,1,0,"",""
ball,2,35.5,Bangladesh,Mushfiqur Rahim,Mahmudullah,MA Starc,1,0,"",""
ball,2,35.6,Bangladesh,Mahmudullah,Mushfiqur Rahim,MA Starc,1,0,"",""
ball,2,36.1,Bangladesh,Mahmudullah,Mushfiqur Rahim,PJ Cummins,1,0,"",""
ball,2,36.2,Bangladesh,Mushfiqur Rahim,Mahmudullah,PJ Cummins,0,0,"",""
ball,2,36.3,Bangladesh,Mushfiqur Rahim,Mahmudullah,PJ Cummins,2,0,"",""
ball,2,36.4,Bangladesh,Mushfiqur Rahim,Mahmudullah,PJ Cummins,0,0,"",""
ball,2,36.5,Bangladesh,Mushfiqur Rahim,Mahmudullah,PJ Cummins,0,0,"",""
ball,2,36.6,Bangladesh,Mushfiqur Rahim,Mahmudullah,PJ Cummins,0,0,"",""
ball,2,37.1,Bangladesh,Mahmudullah,Mushfiqur Rahim,MA Starc,1,0,"",""
ball,2,37.2,Bangladesh,Mushfiqur Rahim,Mahmudullah,MA Starc,1,0,"",""
ball,2,37.3,Bangladesh,Mahmudullah,Mushfiqur Rahim,MA Starc,0,1,"",""
ball,2,37.4,Bangladesh,Mushfiqur Rahim,Mahmudullah,MA Starc,4,0,"",""
ball,2,37.5,Bangladesh,Mushfiqur Rahim,Mahmudullah,MA Starc,0,0,"",""
ball,2,37.6,Bangladesh,Mushfiqur Rahim,Mahmudullah,MA Starc,0,0,"",""
ball,2,38.1,Bangladesh,Mahmudullah,Mushfiqur Rahim,MP Stoinis,1,0,"",""
ball,2,38.2,Bangladesh,Mushfiqur Rahim,Mahmudullah,MP Stoinis,2,0,"",""
ball,2,38.3,Bangladesh,Mushfiqur Rahim,Mahmudullah,MP Stoinis,1,0,"",""
ball,2,38.4,Bangladesh,Mahmudullah,Mushfiqur Rahim,MP Stoinis,0,0,"",""
ball,2,38.5,Bangladesh,Mahmudullah,Mushfiqur Rahim,MP Stoinis,2,0,"",""
ball,2,38.6,Bangladesh,Mahmudullah,Mushfiqur Rahim,MP Stoinis,2,0,"",""
ball,2,39.1,Bangladesh,Mushfiqur Rahim,Mahmudullah,A Zampa,2,0,"",""
ball,2,39.2,Bangladesh,Mushfiqur Rahim,Mahmudullah,A Zampa,4,0,"",""
ball,2,39.3,Bangladesh,Mushfiqur Rahim,Mahmudullah,A Zampa,0,0,"",""
ball,2,39.4,Bangladesh,Mushfiqur Rahim,Mahmudullah,A Zampa,1,0,"",""
ball,2,39.5,Bangladesh,Mahmudullah,Mushfiqur Rahim,A Zampa,4,0,"",""
ball,2,39.6,Bangladesh,Mahmudullah,Mushfiqur Rahim,A Zampa,0,0,"",""
ball,2,40.1,Bangladesh,Mushfiqur Rahim,Mahmudullah,MP Stoinis,0,1,"",""
ball,2,40.2,Bangladesh,Mahmudullah,Mushfiqur Rahim,MP Stoinis,1,0,"",""
ball,2,40.3,Bangladesh,Mushfiqur Rahim,Mahmudullah,MP Stoinis,1,0,"",""
ball,2,40.4,Bangladesh,Mahmudullah,Mushfiqur Rahim,MP Stoinis,0,0,"",""
ball,2,40.5,Bangladesh,Mahmudullah,Mushfiqur Rahim,MP Stoinis,1,0,"",""
ball,2,40.6,Bangladesh,Mushfiqur Rahim,Mahmudullah,MP Stoinis,0,0,"",""
ball,2,41.1,Bangladesh,Mahmudullah,Mushfiqur Rahim,A Zampa,0,0,"",""
ball,2,41.2,Bangladesh,Mahmudullah,Mushfiqur Rahim,A Zampa,2,0,"",""
ball,2,41.3,Bangladesh,Mahmudullah,Mushfiqur Rahim,A Zampa,6,0,"",""
ball,2,41.4,Bangladesh,Mahmudullah,Mushfiqur Rahim,A Zampa,0,0,"",""
ball,2,41.5,Bangladesh,Mahmudullah,Mushfiqur Rahim,A Zampa,6,0,"",""
ball,2,41.6,Bangladesh,Mahmudullah,Mushfiqur Rahim,A Zampa,1,0,"",""
ball,2,42.1,Bangladesh,Mahmudullah,Mushfiqur Rahim,PJ Cummins,1,0,"",""
ball,2,42.2,Bangladesh,Mushfiqur Rahim,Mahmudullah,PJ Cummins,0,5,"",""
ball,2,42.3,Bangladesh,Mushfiqur Rahim,Mahmudullah,PJ Cummins,0,1,"",""
ball,2,42.4,Bangladesh,Mushfiqur Rahim,Mahmudullah,PJ Cummins,1,0,"",""
ball,2,42.5,Bangladesh,Mahmudullah,Mushfiqur Rahim,PJ Cummins,1,0,"",""
ball,2,42.6,Bangladesh,Mushfiqur Rahim,Mahmudullah,PJ Cummins,1,0,"",""
ball,2,42.7,Bangladesh,Mahmudullah,Mushfiqur Rahim,PJ Cummins,0,1,"",""
ball,2,42.8,Bangladesh,Mahmudullah,Mushfiqur Rahim,PJ Cummins,1,0,"",""
ball,2,42.9,Bangladesh,Mushfiqur Rahim,Mahmudullah,PJ Cummins,1,0,"",""
ball,2,43.1,Bangladesh,Mushfiqur Rahim,Mahmudullah,NM Coulter-Nile,1,0,"",""
ball,2,43.2,Bangladesh,Mahmudullah,Mushfiqur Rahim,NM Coulter-Nile,1,0,"",""
ball,2,43.3,Bangladesh,Mushfiqur Rahim,Mahmudullah,NM Coulter-Nile,1,0,"",""
ball,2,43.4,Bangladesh,Mahmudullah,Mushfiqur Rahim,NM Coulter-Nile,4,0,"",""
ball,2,43.5,Bangladesh,Mahmudullah,Mushfiqur Rahim,NM Coulter-Nile,4,0,"",""
ball,2,43.6,Bangladesh,Mahmudullah,Mushfiqur Rahim,NM Coulter-Nile,1,0,"",""
ball,2,44.1,Bangladesh,Mahmudullah,Mushfiqur Rahim,PJ Cummins,1,0,"",""
ball,2,44.2,Bangladesh,Mushfiqur Rahim,Mahmudullah,PJ Cummins,1,0,"",""
ball,2,44.3,Bangladesh,Mahmudullah,Mushfiqur Rahim,PJ Cummins,1,0,"",""
ball,2,44.4,Bangladesh,Mushfiqur Rahim,Mahmudullah,PJ Cummins,1,0,"",""
ball,2,44.5,Bangladesh,Mahmudullah,Mushfiqur Rahim,PJ Cummins,6,0,"",""
ball,2,44.6,Bangladesh,Mahmudullah,Mushfiqur Rahim,PJ Cummins,1,0,"",""
ball,2,45.1,Bangladesh,Mahmudullah,Mushfiqur Rahim,NM Coulter-Nile,0,0,"",""
ball,2,45.2,Bangladesh,Mahmudullah,Mushfiqur Rahim,NM Coulter-Nile,2,0,"",""
ball,2,45.3,Bangladesh,Mahmudullah,Mushfiqur Rahim,NM Coulter-Nile,0,0,caught,Mahmudullah
ball,2,45.4,Bangladesh,Sabbir Rahman,Mushfiqur Rahim,NM Coulter-Nile,0,0,bowled,Sabbir Rahman
ball,2,45.5,Bangladesh,Mehedi Hasan Miraz,Mushfiqur Rahim,NM Coulter-Nile,1,0,"",""
ball,2,45.6,Bangladesh,Mushfiqur Rahim,Mehedi Hasan Miraz,NM Coulter-Nile,1,0,"",""
ball,2,46.1,Bangladesh,Mushfiqur Rahim,Mehedi Hasan Miraz,MA Starc,1,0,"",""
ball,2,46.2,Bangladesh,Mehedi Hasan Miraz,Mushfiqur Rahim,MA Starc,1,0,"",""
ball,2,46.3,Bangladesh,Mushfiqur Rahim,Mehedi Hasan Miraz,MA Starc,1,0,"",""
ball,2,46.4,Bangladesh,Mehedi Hasan Miraz,Mushfiqur Rahim,MA Starc,2,0,"",""
ball,2,46.5,Bangladesh,Mehedi Hasan Miraz,Mushfiqur Rahim,MA Starc,0,0,"",""
ball,2,46.6,Bangladesh,Mehedi Hasan Miraz,Mushfiqur Rahim,MA Starc,1,0,"",""
ball,2,47.1,Bangladesh,Mehedi Hasan Miraz,Mushfiqur Rahim,MP Stoinis,1,0,"",""
ball,2,47.2,Bangladesh,Mushfiqur Rahim,Mehedi Hasan Miraz,MP Stoinis,4,0,"",""
ball,2,47.3,Bangladesh,Mushfiqur Rahim,Mehedi Hasan Miraz,MP Stoinis,2,0,"",""
ball,2,47.4,Bangladesh,Mushfiqur Rahim,Mehedi Hasan Miraz,MP Stoinis,4,0,"",""
ball,2,47.5,Bangladesh,Mushfiqur Rahim,Mehedi Hasan Miraz,MP Stoinis,0,0,"",""
ball,2,47.6,Bangladesh,Mushfiqur Rahim,Mehedi Hasan Miraz,MP Stoinis,1,0,"",""
ball,2,48.1,Bangladesh,Mushfiqur Rahim,Mehedi Hasan Miraz,MA Starc,1,0,"",""
ball,2,48.2,Bangladesh,Mehedi Hasan Miraz,Mushfiqur Rahim,MA Starc,0,0,caught,Mehedi Hasan Miraz
ball,2,48.3,Bangladesh,Mushfiqur Rahim,Mashrafe Mortaza,MA Starc,1,0,"",""
ball,2,48.4,Bangladesh,Mashrafe Mortaza,Mushfiqur Rahim,MA Starc,1,0,"",""
ball,2,48.5,Bangladesh,Mushfiqur Rahim,Mashrafe Mortaza,MA Starc,0,0,"",""
ball,2,48.6,Bangladesh,Mushfiqur Rahim,Mashrafe Mortaza,MA Starc,1,0,"",""
ball,2,49.1,Bangladesh,Mushfiqur Rahim,Mashrafe Mortaza,MP Stoinis,1,0,"",""
ball,2,49.2,Bangladesh,Mashrafe Mortaza,Mushfiqur Rahim,MP Stoinis,0,0,"",""
ball,2,49.3,Bangladesh,Mashrafe Mortaza,Mushfiqur Rahim,MP Stoinis,4,0,"",""
ball,2,49.4,Bangladesh,Mashrafe Mortaza,Mushfiqur Rahim,MP Stoinis,1,0,"",""
ball,2,49.5,Bangladesh,Mushfiqur Rahim,Mashrafe Mortaza,MP Stoinis,1,0,"",""
ball,2,49.6,Bangladesh,Mashrafe Mortaza,Mushfiqur Rahim,MP Stoinis,0,0,caught,Mashrafe Mortaza
