version,1.3.0
info,team,England
info,team,Australia
info,gender,male
info,season,2019
info,date,2019/06/25
info,competition,World Cup
info,match_number,32
info,venue,Lord's
info,city,London
info,toss_winner,England
info,toss_decision,field
info,player_of_match,AJ Finch
info,umpire,CB Gaffaney
info,umpire,S Ravi
info,reserve_umpire,JS Wilson
info,tv_umpire,HDPK Dharmasena
info,match_referee,RS Madugalle
info,winner,Australia
info,winner_runs,64
ball,1,0.1,Australia,AJ Finch,DA Warner,CR Woakes,0,0,"",""
ball,1,0.2,Australia,AJ Finch,DA Warner,CR Woakes,4,0,"",""
ball,1,0.3,Australia,AJ Finch,DA Warner,CR Woakes,0,2,"",""
ball,1,0.4,Australia,AJ Finch,DA Warner,CR Woakes,1,0,"",""
ball,1,0.5,Australia,DA Warner,AJ Finch,CR Woakes,0,0,"",""
ball,1,0.6,Australia,DA Warner,AJ Finch,CR Woakes,0,0,"",""
ball,1,1.1,Australia,AJ Finch,DA Warner,JC Archer,4,0,"",""
ball,1,1.2,Australia,AJ Finch,DA Warner,JC Archer,0,0,"",""
ball,1,1.3,Australia,AJ Finch,DA Warner,JC Archer,0,0,"",""
ball,1,1.4,Australia,AJ Finch,DA Warner,JC Archer,0,0,"",""
ball,1,1.5,Australia,AJ Finch,DA Warner,JC Archer,0,0,"",""
ball,1,1.6,Australia,AJ Finch,DA Warner,JC Archer,0,0,"",""
ball,1,2.1,Australia,DA Warner,AJ Finch,CR Woakes,0,0,"",""
ball,1,2.2,Australia,DA Warner,AJ Finch,CR Woakes,0,0,"",""
ball,1,2.3,Australia,DA Warner,AJ Finch,CR Woakes,0,0,"",""
ball,1,2.4,Australia,DA Warner,AJ Finch,CR Woakes,0,0,"",""
ball,1,2.5,Australia,DA Warner,AJ Finch,CR Woakes,0,0,"",""
ball,1,2.6,Australia,DA Warner,AJ Finch,CR Woakes,2,0,"",""
ball,1,3.1,Australia,AJ Finch,DA Warner,JC Archer,0,0,"",""
ball,1,3.2,Australia,AJ Finch,DA Warner,JC Archer,0,0,"",""
ball,1,3.3,Australia,AJ Finch,DA Warner,JC Archer,1,0,"",""
ball,1,3.4,Australia,DA Warner,AJ Finch,JC Archer,0,0,"",""
ball,1,3.5,Australia,DA Warner,AJ Finch,JC Archer,0,0,"",""
ball,1,3.6,Australia,DA Warner,AJ Finch,JC Archer,4,0,"",""
ball,1,4.1,Australia,AJ Finch,DA Warner,CR Woakes,0,0,"",""
ball,1,4.2,Australia,AJ Finch,DA Warner,CR Woakes,4,0,"",""
ball,1,4.3,Australia,AJ Finch,DA Warner,CR Woakes,0,0,"",""
ball,1,4.4,Australia,AJ Finch,DA Warner,CR Woakes,0,0,"",""
ball,1,4.5,Australia,AJ Finch,DA Warner,CR Woakes,1,0,"",""
ball,1,4.6,Australia,DA Warner,AJ Finch,CR Woakes,0,0,"",""
ball,1,5.1,Australia,AJ Finch,DA Warner,JC Archer,2,0,"",""
ball,1,5.2,Australia,AJ Finch,DA Warner,JC Archer,1,0,"",""
ball,1,5.3,Australia,DA Warner,AJ Finch,JC Archer,0,0,"",""
ball,1,5.4,Australia,DA Warner,AJ Finch,JC Archer,0,0,"",""
ball,1,5.5,Australia,DA Warner,AJ Finch,JC Archer,0,0,"",""
ball,1,5.6,Australia,DA Warner,AJ Finch,JC Archer,0,0,"",""
ball,1,6.1,Australia,AJ Finch,DA Warner,CR Woakes,0,0,"",""
ball,1,6.2,Australia,AJ Finch,DA Warner,CR Woakes,1,0,"",""
ball,1,6.3,Australia,DA Warner,AJ Finch,CR Woakes,4,0,"",""
ball,1,6.4,Australia,DA Warner,AJ Finch,CR Woakes,0,0,"",""
ball,1,6.5,Australia,DA Warner,AJ Finch,CR Woakes,1,0,"",""
ball,1,6.6,Australia,AJ Finch,DA Warner,CR Woakes,0,0,"",""
ball,1,7.1,Australia,DA Warner,AJ Finch,JC Archer,0,0,"",""
ball,1,7.2,Australia,DA Warner,AJ Finch,JC Archer,0,0,"",""
ball,1,7.3,Australia,DA Warner,AJ Finch,JC Archer,0,0,"",""
ball,1,7.4,Australia,DA Warner,AJ Finch,JC Archer,3,0,"",""
ball,1,7.5,Australia,AJ Finch,DA Warner,JC Archer,0,0,"",""
ball,1,7.6,Australia,AJ Finch,DA Warner,JC Archer,0,0,"",""
ball,1,8.1,Australia,DA Warner,AJ Finch,CR Woakes,0,0,"",""
ball,1,8.2,Australia,DA Warner,AJ Finch,CR Woakes,0,0,"",""
ball,1,8.3,Australia,DA Warner,AJ Finch,CR Woakes,0,0,"",""
ball,1,8.4,Australia,DA Warner,AJ Finch,CR Woakes,1,0,"",""
ball,1,8.5,Australia,AJ Finch,DA Warner,CR Woakes,0,0,"",""
ball,1,8.6,Australia,AJ Finch,DA Warner,CR Woakes,0,0,"",""
ball,1,9.1,Australia,DA Warner,AJ Finch,JC Archer,2,0,"",""
ball,1,9.2,Australia,DA Warner,AJ Finch,JC Archer,4,0,"",""
ball,1,9.3,Australia,DA Warner,AJ Finch,JC Archer,1,0,"",""
ball,1,9.4,Australia,AJ Finch,DA Warner,JC Archer,0,0,"",""
ball,1,9.5,Australia,AJ Finch,DA Warner,JC Archer,0,0,"",""
ball,1,9.6,Australia,AJ Finch,DA Warner,JC Archer,1,0,"",""
ball,1,10.1,Australia,AJ Finch,DA Warner,CR Woakes,0,0,"",""
ball,1,10.2,Australia,AJ Finch,DA Warner,CR Woakes,0,0,"",""
ball,1,10.3,Australia,AJ Finch,DA Warner,CR Woakes,0,0,"",""
ball,1,10.4,Australia,AJ Finch,DA Warner,CR Woakes,1,0,"",""
ball,1,10.5,Australia,DA Warner,AJ Finch,CR Woakes,0,0,"",""
ball,1,10.6,Australia,DA Warner,AJ Finch,CR Woakes,0,0,"",""
ball,1,11.1,Australia,AJ Finch,DA Warner,MA Wood,0,0,"",""
ball,1,11.2,Australia,AJ Finch,DA Warner,MA Wood,4,0,"",""
ball,1,11.3,Australia,AJ Finch,DA Warner,MA Wood,0,0,"",""
ball,1,11.4,Australia,AJ Finch,DA Warner,MA Wood,0,0,"",""
ball,1,11.5,Australia,AJ Finch,DA Warner,MA Wood,0,1,"",""
ball,1,11.6,Australia,DA Warner,AJ Finch,MA Wood,0,0,"",""
ball,1,12.1,Australia,AJ Finch,DA Warner,CR Woakes,4,0,"",""
ball,1,12.2,Australia,AJ Finch,DA Warner,CR Woakes,0,1,"",""
ball,1,12.3,Australia,AJ Finch,DA Warner,CR Woakes,0,0,"",""
ball,1,12.4,Australia,AJ Finch,DA Warner,CR Woakes,0,0,"",""
ball,1,12.5,Australia,AJ Finch,DA Warner,CR Woakes,0,0,"",""
ball,1,12.6,Australia,AJ Finch,DA Warner,CR Woakes,4,0,"",""
ball,1,12.7,Australia,AJ Finch,DA Warner,CR Woakes,0,0,"",""
ball,1,13.1,Australia,DA Warner,AJ Finch,MA Wood,4,0,"",""
ball,1,13.2,Australia,DA Warner,AJ Finch,MA Wood,3,0,"",""
ball,1,13.3,Australia,AJ Finch,DA Warner,MA Wood,4,0,"",""
ball,1,13.4,Australia,AJ Finch,DA Warner,MA Wood,0,0,"",""
ball,1,13.5,Australia,AJ Finch,DA Warner,MA Wood,0,1,"",""
ball,1,13.6,Australia,AJ Finch,DA Warner,MA Wood,0,0,"",""
ball,1,13.7,Australia,AJ Finch,DA Warner,MA Wood,0,0,"",""
ball,1,14.1,Australia,DA Warner,AJ Finch,BA Stokes,1,0,"",""
ball,1,14.2,Australia,AJ Finch,DA Warner,BA Stokes,0,0,"",""
ball,1,14.3,Australia,AJ Finch,DA Warner,BA Stokes,1,0,"",""
ball,1,14.4,Australia,DA Warner,AJ Finch,BA Stokes,1,0,"",""
ball,1,14.5,Australia,AJ Finch,DA Warner,BA Stokes,0,0,"",""
ball,1,14.6,Australia,AJ Finch,DA Warner,BA Stokes,1,0,"",""
ball,1,15.1,Australia,AJ Finch,DA Warner,MA Wood,4,0,"",""
ball,1,15.2,Australia,AJ Finch,DA Warner,MA Wood,0,0,"",""
ball,1,15.3,Australia,AJ Finch,DA Warner,MA Wood,0,0,"",""
ball,1,15.4,Australia,AJ Finch,DA Warner,MA Wood,0,0,"",""
ball,1,15.5,Australia,AJ Finch,DA Warner,MA Wood,4,0,"",""
ball,1,15.6,Australia,AJ Finch,DA Warner,MA Wood,0,0,"",""
ball,1,16.1,Australia,DA Warner,AJ Finch,MM Ali,2,0,"",""
ball,1,16.2,Australia,DA Warner,AJ Finch,MM Ali,0,0,"",""
ball,1,16.3,Australia,DA Warner,AJ Finch,MM Ali,0,0,"",""
ball,1,16.4,Australia,DA Warner,AJ Finch,MM Ali,3,0,"",""
ball,1,16.5,Australia,AJ Finch,DA Warner,MM Ali,1,0,"",""
ball,1,16.6,Australia,DA Warner,AJ Finch,MM Ali,1,0,"",""
ball,1,17.1,Australia,DA Warner,AJ Finch,AU Rashid,2,0,"",""
ball,1,17.2,Australia,DA Warner,AJ Finch,AU Rashid,0,0,"",""
ball,1,17.3,Australia,DA Warner,AJ Finch,AU Rashid,4,0,"",""
ball,1,17.4,Australia,DA Warner,AJ Finch,AU Rashid,0,0,"",""
ball,1,17.5,Australia,DA Warner,AJ Finch,AU Rashid,4,0,"",""
ball,1,17.6,Australia,DA Warner,AJ Finch,AU Rashid,0,0,"",""
ball,1,18.1,Australia,AJ Finch,DA Warner,MM Ali,2,0,"",""
ball,1,18.2,Australia,AJ Finch,DA Warner,MM Ali,1,0,"",""
ball,1,18.3,Australia,DA Warner,AJ Finch,MM Ali,1,0,"",""
ball,1,18.4,Australia,AJ Finch,DA Warner,MM Ali,1,0,"",""
ball,1,18.5,Australia,DA Warner,AJ Finch,MM Ali,0,0,"",""
ball,1,18.6,Australia,DA Warner,AJ Finch,MM Ali,1,0,"",""
ball,1,19.1,Australia,DA Warner,AJ Finch,AU Rashid,1,0,"",""
ball,1,19.2,Australia,AJ Finch,DA Warner,AU Rashid,1,0,"",""
ball,1,19.3,Australia,DA Warner,AJ Finch,AU Rashid,0,0,"",""
ball,1,19.4,Australia,DA Warner,AJ Finch,AU Rashid,1,0,"",""
ball,1,19.5,Australia,AJ Finch,DA Warner,AU Rashid,0,0,"",""
ball,1,19.6,Australia,AJ Finch,DA Warner,AU Rashid,1,0,"",""
ball,1,20.1,Australia,AJ Finch,DA Warner,MM Ali,0,0,"",""
ball,1,20.2,Australia,AJ Finch,DA Warner,MM Ali,0,0,"",""
ball,1,20.3,Australia,AJ Finch,DA Warner,MM Ali,0,0,"",""
ball,1,20.4,Australia,AJ Finch,DA Warner,MM Ali,1,0,"",""
ball,1,20.5,Australia,DA Warner,AJ Finch,MM Ali,1,0,"",""
ball,1,20.6,Australia,AJ Finch,DA Warner,MM Ali,0,0,"",""
ball,1,21.1,Australia,DA Warner,AJ Finch,AU Rashid,0,0,"",""
ball,1,21.2,Australia,DA Warner,AJ Finch,AU Rashid,0,0,"",""
ball,1,21.3,Australia,DA Warner,AJ Finch,AU Rashid,1,0,"",""
ball,1,21.4,Australia,AJ Finch,DA Warner,AU Rashid,1,0,"",""
ball,1,21.5,Australia,DA Warner,AJ Finch,AU Rashid,0,0,"",""
ball,1,21.6,Australia,DA Warner,AJ Finch,AU Rashid,0,0,"",""
ball,1,22.1,Australia,AJ Finch,DA Warner,MM Ali,2,0,"",""
ball,1,22.2,Australia,AJ Finch,DA Warner,MM Ali,6,0,"",""
ball,1,22.3,Australia,AJ Finch,DA Warner,MM Ali,1,0,"",""
ball,1,22.4,Australia,DA Warner,AJ Finch,MM Ali,0,0,caught,DA Warner
ball,1,22.5,Australia,UT Khawaja,AJ Finch,MM Ali,1,0,"",""
ball,1,22.6,Australia,AJ Finch,UT Khawaja,MM Ali,1,0,"",""
ball,1,23.1,Australia,AJ Finch,UT Khawaja,AU Rashid,0,0,"",""
ball,1,23.2,Australia,AJ Finch,UT Khawaja,AU Rashid,1,0,"",""
ball,1,23.3,Australia,UT Khawaja,AJ Finch,AU Rashid,0,0,"",""
ball,1,23.4,Australia,UT Khawaja,AJ Finch,AU Rashid,0,0,"",""
ball,1,23.5,Australia,UT Khawaja,AJ Finch,AU Rashid,2,0,"",""
ball,1,23.6,Australia,UT Khawaja,AJ Finch,AU Rashid,1,0,"",""
ball,1,24.1,Australia,UT Khawaja,AJ Finch,MM Ali,1,0,"",""
ball,1,24.2,Australia,AJ Finch,UT Khawaja,MM Ali,1,0,"",""
ball,1,24.3,Australia,UT Khawaja,AJ Finch,MM Ali,1,0,"",""
ball,1,24.4,Australia,AJ Finch,UT Khawaja,MM Ali,0,0,"",""
ball,1,24.5,Australia,AJ Finch,UT Khawaja,MM Ali,0,0,"",""
ball,1,24.6,Australia,AJ Finch,UT Khawaja,MM Ali,6,0,"",""
ball,1,25.1,Australia,UT Khawaja,AJ Finch,AU Rashid,0,0,"",""
ball,1,25.2,Australia,UT Khawaja,AJ Finch,AU Rashid,0,0,"",""
ball,1,25.3,Australia,UT Khawaja,AJ Finch,AU Rashid,1,0,"",""
ball,1,25.4,Australia,AJ Finch,UT Khawaja,AU Rashid,0,0,"",""
ball,1,25.5,Australia,AJ Finch,UT Khawaja,AU Rashid,0,0,"",""
ball,1,25.6,Australia,AJ Finch,UT Khawaja,AU Rashid,2,0,"",""
ball,1,26.1,Australia,UT Khawaja,AJ Finch,MM Ali,1,0,"",""
ball,1,26.2,Australia,AJ Finch,UT Khawaja,MM Ali,0,0,"",""
ball,1,26.3,Australia,AJ Finch,UT Khawaja,MM Ali,1,0,"",""
ball,1,26.4,Australia,UT Khawaja,AJ Finch,MM Ali,0,0,"",""
ball,1,26.5,Australia,UT Khawaja,AJ Finch,MM Ali,1,0,"",""
ball,1,26.6,Australia,AJ Finch,UT Khawaja,MM Ali,4,0,"",""
ball,1,27.1,Australia,UT Khawaja,AJ Finch,AU Rashid,0,0,"",""
ball,1,27.2,Australia,UT Khawaja,AJ Finch,AU Rashid,4,0,"",""
ball,1,27.3,Australia,UT Khawaja,AJ Finch,AU Rashid,1,0,"",""
ball,1,27.4,Australia,AJ Finch,UT Khawaja,AU Rashid,1,0,"",""
ball,1,27.5,Australia,UT Khawaja,AJ Finch,AU Rashid,0,0,"",""
ball,1,27.6,Australia,UT Khawaja,AJ Finch,AU Rashid,1,0,"",""
ball,1,28.1,Australia,UT Khawaja,AJ Finch,BA Stokes,0,0,"",""
ball,1,28.2,Australia,UT Khawaja,AJ Finch,BA Stokes,1,0,"",""
ball,1,28.3,Australia,AJ Finch,UT Khawaja,BA Stokes,2,0,"",""
ball,1,28.4,Australia,AJ Finch,UT Khawaja,BA Stokes,0,0,"",""
ball,1,28.5,Australia,AJ Finch,UT Khawaja,BA Stokes,0,0,"",""
ball,1,28.6,Australia,AJ Finch,UT Khawaja,BA Stokes,0,0,"",""
ball,1,29.1,Australia,UT Khawaja,AJ Finch,AU Rashid,0,0,"",""
ball,1,29.2,Australia,UT Khawaja,AJ Finch,AU Rashid,1,0,"",""
ball,1,29.3,Australia,AJ Finch,UT Khawaja,AU Rashid,0,0,"",""
ball,1,29.4,Australia,AJ Finch,UT Khawaja,AU Rashid,1,0,"",""
ball,1,29.5,Australia,UT Khawaja,AJ Finch,AU Rashid,0,0,"",""
ball,1,29.6,Australia,UT Khawaja,AJ Finch,AU Rashid,2,0,"",""
ball,1,30.1,Australia,AJ Finch,UT Khawaja,BA Stokes,0,0,"",""
ball,1,30.2,Australia,AJ Finch,UT Khawaja,BA Stokes,2,0,"",""
ball,1,30.3,Australia,AJ Finch,UT Khawaja,BA Stokes,1,0,"",""
ball,1,30.4,Australia,UT Khawaja,AJ Finch,BA Stokes,1,0,"",""
ball,1,30.5,Australia,AJ Finch,UT Khawaja,BA Stokes,0,0,"",""
ball,1,30.6,Australia,AJ Finch,UT Khawaja,BA Stokes,0,0,"",""
ball,1,31.1,Australia,UT Khawaja,AJ Finch,AU Rashid,2,0,"",""
ball,1,31.2,Australia,UT Khawaja,AJ Finch,AU Rashid,1,0,"",""
ball,1,31.3,Australia,AJ Finch,UT Khawaja,AU Rashid,0,0,"",""
ball,1,31.4,Australia,AJ Finch,UT Khawaja,AU Rashid,0,0,"",""
ball,1,31.5,Australia,AJ Finch,UT Khawaja,AU Rashid,4,0,"",""
ball,1,31.6,Australia,AJ Finch,UT Khawaja,AU Rashid,0,0,"",""
ball,1,32.1,Australia,UT Khawaja,AJ Finch,BA Stokes,0,0,"",""
ball,1,32.2,Australia,UT Khawaja,AJ Finch,BA Stokes,0,0,bowled,UT Khawaja
ball,1,32.3,Australia,SPD Smith,AJ Finch,BA Stokes,0,0,"",""
ball,1,32.4,Australia,SPD Smith,AJ Finch,BA Stokes,1,0,"",""
ball,1,32.5,Australia,AJ Finch,SPD Smith,BA Stokes,1,0,"",""
ball,1,32.6,Australia,SPD Smith,AJ Finch,BA Stokes,0,0,"",""
ball,1,33.1,Australia,AJ Finch,SPD Smith,JC Archer,2,0,"",""
ball,1,33.2,Australia,AJ Finch,SPD Smith,JC Archer,0,0,"",""
ball,1,33.3,Australia,AJ Finch,SPD Smith,JC Archer,0,0,"",""
ball,1,33.4,Australia,AJ Finch,SPD Smith,JC Archer,0,0,"",""
ball,1,33.5,Australia,AJ Finch,SPD Smith,JC Archer,0,0,"",""
ball,1,33.6,Australia,AJ Finch,SPD Smith,JC Archer,1,0,"",""
ball,1,34.1,Australia,AJ Finch,SPD Smith,BA Stokes,1,0,"",""
ball,1,34.2,Australia,SPD Smith,AJ Finch,BA Stokes,0,0,"",""
ball,1,34.3,Australia,SPD Smith,AJ Finch,BA Stokes,0,0,"",""
ball,1,34.4,Australia,SPD Smith,AJ Finch,BA Stokes,1,0,"",""
ball,1,34.5,Australia,AJ Finch,SPD Smith,BA Stokes,1,0,"",""
ball,1,34.6,Australia,SPD Smith,AJ Finch,BA Stokes,2,0,"",""
ball,1,35.1,Australia,AJ Finch,SPD Smith,JC Archer,0,0,"",""
ball,1,35.2,Australia,AJ Finch,SPD Smith,JC Archer,2,0,"",""
ball,1,35.3,Australia,AJ Finch,SPD Smith,JC Archer,0,0,caught,AJ Finch
ball,1,35.4,Australia,SPD Smith,GJ Maxwell,JC Archer,4,0,"",""
ball,1,35.5,Australia,SPD Smith,GJ Maxwell,JC Archer,1,0,"",""
ball,1,35.6,Australia,GJ Maxwell,SPD Smith,JC Archer,0,0,"",""
ball,1,36.1,Australia,SPD Smith,GJ Maxwell,MA Wood,0,0,"",""
ball,1,36.2,Australia,SPD Smith,GJ Maxwell,MA Wood,1,0,"",""
ball,1,36.3,Australia,GJ Maxwell,SPD Smith,MA Wood,0,0,"",""
ball,1,36.4,Australia,GJ Maxwell,SPD Smith,MA Wood,1,0,"",""
ball,1,36.5,Australia,SPD Smith,GJ Maxwell,MA Wood,4,0,"",""
ball,1,36.6,Australia,SPD Smith,GJ Maxwell,MA Wood,4,0,"",""
ball,1,37.1,Australia,GJ Maxwell,SPD Smith,JC Archer,0,0,"",""
ball,1,37.2,Australia,GJ Maxwell,SPD Smith,JC Archer,6,0,"",""
ball,1,37.3,Australia,GJ Maxwell,SPD Smith,JC Archer,4,0,"",""
ball,1,37.4,Australia,GJ Maxwell,SPD Smith,JC Archer,1,0,"",""
ball,1,37.5,Australia,SPD Smith,GJ Maxwell,JC Archer,0,0,"",""
ball,1,37.6,Australia,SPD Smith,GJ Maxwell,JC Archer,1,0,"",""
ball,1,38.1,Australia,SPD Smith,GJ Maxwell,MA Wood,1,0,"",""
ball,1,38.2,Australia,GJ Maxwell,SPD Smith,MA Wood,0,0,caught,GJ Maxwell
ball,1,38.3,Australia,MP Stoinis,SPD Smith,MA Wood,0,0,"",""
ball,1,38.4,Australia,MP Stoinis,SPD Smith,MA Wood,0,0,"",""
ball,1,38.5,Australia,MP Stoinis,SPD Smith,MA Wood,0,0,"",""
ball,1,38.6,Australia,MP Stoinis,SPD Smith,MA Wood,0,0,"",""
ball,1,39.1,Australia,SPD Smith,MP Stoinis,AU Rashid,1,0,"",""
ball,1,39.2,Australia,MP Stoinis,SPD Smith,AU Rashid,0,0,"",""
ball,1,39.3,Australia,MP Stoinis,SPD Smith,AU Rashid,0,0,"",""
ball,1,39.4,Australia,MP Stoinis,SPD Smith,AU Rashid,0,0,"",""
ball,1,39.5,Australia,MP Stoinis,SPD Smith,AU Rashid,1,0,"",""
ball,1,39.6,Australia,SPD Smith,MP Stoinis,AU Rashid,0,0,"",""
ball,1,40.1,Australia,MP Stoinis,SPD Smith,MA Wood,0,0,"",""
ball,1,40.2,Australia,MP Stoinis,SPD Smith,MA Wood,4,0,"",""
ball,1,40.3,Australia,MP Stoinis,SPD Smith,MA Wood,1,0,"",""
ball,1,40.4,Australia,SPD Smith,MP Stoinis,MA Wood,1,0,"",""
ball,1,40.5,Australia,MP Stoinis,SPD Smith,MA Wood,1,0,"",""
ball,1,40.6,Australia,SPD Smith,MP Stoinis,MA Wood,0,0,"",""
ball,1,41.1,Australia,MP Stoinis,SPD Smith,AU Rashid,0,0,"",""
ball,1,41.2,Australia,MP Stoinis,SPD Smith,AU Rashid,0,0,"",""
ball,1,41.3,Australia,MP Stoinis,SPD Smith,AU Rashid,1,0,"",""
ball,1,41.4,Australia,SPD Smith,MP Stoinis,AU Rashid,4,0,"",""
ball,1,41.5,Australia,SPD Smith,MP Stoinis,AU Rashid,1,0,run out,MP Stoinis
ball,1,41.6,Australia,AT Carey,SPD Smith,AU Rashid,0,0,"",""
ball,1,42.1,Australia,SPD Smith,AT Carey,MA Wood,0,1,"",""
ball,1,42.2,Australia,SPD Smith,AT Carey,MA Wood,1,0,"",""
ball,1,42.3,Australia,AT Carey,SPD Smith,MA Wood,0,0,"",""
ball,1,42.4,Australia,AT Carey,SPD Smith,MA Wood,1,0,"",""
ball,1,42.5,Australia,SPD Smith,AT Carey,MA Wood,0,0,"",""
ball,1,42.6,Australia,SPD Smith,AT Carey,MA Wood,0,0,"",""
ball,1,42.7,Australia,SPD Smith,AT Carey,MA Wood,2,0,"",""
ball,1,43.1,Australia,AT Carey,SPD Smith,CR Woakes,1,0,"",""
ball,1,43.2,Australia,SPD Smith,AT Carey,CR Woakes,1,0,"",""
ball,1,43.3,Australia,AT Carey,SPD Smith,CR Woakes,1,0,"",""
ball,1,43.4,Australia,SPD Smith,AT Carey,CR Woakes,1,0,"",""
ball,1,43.5,Australia,AT Carey,SPD Smith,CR Woakes,1,0,"",""
ball,1,43.6,Australia,SPD Smith,AT Carey,CR Woakes,4,0,"",""
ball,1,44.1,Australia,AT Carey,SPD Smith,MA Wood,0,0,"",""
ball,1,44.2,Australia,AT Carey,SPD Smith,MA Wood,1,0,"",""
ball,1,44.3,Australia,SPD Smith,AT Carey,MA Wood,1,0,"",""
ball,1,44.4,Australia,AT Carey,SPD Smith,MA Wood,1,0,"",""
ball,1,44.5,Australia,SPD Smith,AT Carey,MA Wood,1,0,"",""
ball,1,44.6,Australia,AT Carey,SPD Smith,MA Wood,2,0,"",""
ball,1,45.1,Australia,SPD Smith,AT Carey,CR Woakes,0,0,"",""
ball,1,45.2,Australia,SPD Smith,AT Carey,CR Woakes,0,1,"",""
ball,1,45.3,Australia,AT Carey,SPD Smith,CR Woakes,1,0,"",""
ball,1,45.4,Australia,SPD Smith,AT Carey,CR Woakes,0,0,caught,SPD Smith
ball,1,45.5,Australia,AT Carey,PJ Cummins,CR Woakes,2,0,"",""
ball,1,45.6,Australia,AT Carey,PJ Cummins,CR Woakes,1,0,"",""
ball,1,46.1,Australia,AT Carey,PJ Cummins,MA Wood,4,0,"",""
ball,1,46.2,Australia,AT Carey,PJ Cummins,MA Wood,0,0,"",""
ball,1,46.3,Australia,AT Carey,PJ Cummins,MA Wood,1,0,"",""
ball,1,46.4,Australia,PJ Cummins,AT Carey,MA Wood,0,0,"",""
ball,1,46.5,Australia,PJ Cummins,AT Carey,MA Wood,0,0,"",""
ball,1,46.6,Australia,PJ Cummins,AT Carey,MA Wood,1,0,"",""
ball,1,47.1,Australia,PJ Cummins,AT Carey,CR Woakes,0,0,caught,PJ Cummins
ball,1,47.2,Australia,MA Starc,AT Carey,CR Woakes,1,0,"",""
ball,1,47.3,Australia,AT Carey,MA Starc,CR Woakes,1,0,"",""
ball,1,47.4,Australia,MA Starc,AT Carey,CR Woakes,0,0,"",""
ball,1,47.5,Australia,MA Starc,AT Carey,CR Woakes,1,0,"",""
ball,1,47.6,Australia,AT Carey,MA Starc,CR Woakes,1,0,"",""
ball,1,48.1,Australia,AT Carey,MA Starc,JC Archer,0,1,"",""
ball,1,48.2,Australia,AT Carey,MA Starc,JC Archer,4,0,"",""
ball,1,48.3,Australia,AT Carey,MA Starc,JC Archer,0,0,"",""
ball,1,48.4,Australia,AT Carey,MA Starc,JC Archer,0,0,"",""
ball,1,48.5,Australia,AT Carey,MA Starc,JC Archer,1,0,"",""
ball,1,48.6,Australia,MA Starc,AT Carey,JC Archer,1,0,"",""
ball,1,48.7,Australia,AT Carey,MA Starc,JC Archer,4,0,"",""
ball,1,49.1,Australia,MA Starc,AT Carey,BA Stokes,0,0,"",""
ball,1,49.2,Australia,MA Starc,AT Carey,BA Stokes,1,0,"",""
ball,1,49.3,Australia,AT Carey,MA Starc,BA Stokes,0,0,"",""
ball,1,49.4,Australia,AT Carey,MA Starc,BA Stokes,4,0,"",""
ball,1,49.5,Australia,AT Carey,MA Starc,BA Stokes,2,0,"",""
ball,1,49.6,Australia,AT Carey,MA Starc,BA Stokes,4,0,"",""
ball,2,0.1,England,JM Vince,JM Bairstow,JP Behrendorff,0,0,"",""
ball,2,0.2,England,JM Vince,JM Bairstow,JP Behrendorff,0,0,bowled,JM Vince
ball,2,0.3,England,JE Root,JM Bairstow,JP Behrendorff,0,0,"",""
ball,2,0.4,England,JE Root,JM Bairstow,JP Behrendorff,0,0,"",""
ball,2,0.5,England,JE Root,JM Bairstow,JP Behrendorff,0,0,"",""
ball,2,0.6,England,JE Root,JM Bairstow,JP Behrendorff,4,0,"",""
ball,2,1.1,England,JM Bairstow,JE Root,MA Starc,0,0,"",""
ball,2,1.2,England,JM Bairstow,JE Root,MA Starc,0,0,"",""
ball,2,1.3,England,JM Bairstow,JE Root,MA Starc,2,0,"",""
ball,2,1.4,England,JM Bairstow,JE Root,MA Starc,1,0,"",""
ball,2,1.5,England,JE Root,JM Bairstow,MA Starc,4,0,"",""
ball,2,1.6,England,JE Root,JM Bairstow,MA Starc,0,0,"",""
ball,2,2.1,England,JM Bairstow,JE Root,JP Behrendorff,0,0,"",""
ball,2,2.2,England,JM Bairstow,JE Root,JP Behrendorff,0,0,"",""
ball,2,2.3,England,JM Bairstow,JE Root,JP Behrendorff,0,0,"",""
ball,2,2.4,England,JM Bairstow,JE Root,JP Behrendorff,4,0,"",""
ball,2,2.5,England,JM Bairstow,JE Root,JP Behrendorff,0,0,"",""
ball,2,2.6,England,JM Bairstow,JE Root,JP Behrendorff,0,0,"",""
ball,2,3.1,England,JE Root,JM Bairstow,MA Starc,0,0,"",""
ball,2,3.2,England,JE Root,JM Bairstow,MA Starc,0,0,"",""
ball,2,3.3,England,JE Root,JM Bairstow,MA Starc,0,0,lbw,JE Root
ball,2,3.4,England,EJG Morgan,JM Bairstow,MA Starc,0,0,"",""
ball,2,3.5,England,EJG Morgan,JM Bairstow,MA Starc,0,0,"",""
ball,2,3.6,England,EJG Morgan,JM Bairstow,MA Starc,0,0,"",""
ball,2,4.1,England,JM Bairstow,EJG Morgan,JP Behrendorff,0,0,"",""
ball,2,4.2,England,JM Bairstow,EJG Morgan,JP Behrendorff,0,0,"",""
ball,2,4.3,England,JM Bairstow,EJG Morgan,JP Behrendorff,0,1,"",""
ball,2,4.4,England,EJG Morgan,JM Bairstow,JP Behrendorff,0,1,"",""
ball,2,4.5,England,EJG Morgan,JM Bairstow,JP Behrendorff,0,0,"",""
ball,2,4.6,England,EJG Morgan,JM Bairstow,JP Behrendorff,4,0,"",""
ball,2,4.7,England,EJG Morgan,JM Bairstow,JP Behrendorff,0,0,"",""
ball,2,5.1,England,JM Bairstow,EJG Morgan,MA Starc,0,0,"",""
ball,2,5.2,England,JM Bairstow,EJG Morgan,MA Starc,4,0,"",""
ball,2,5.3,England,JM Bairstow,EJG Morgan,MA Starc,0,0,"",""
ball,2,5.4,England,JM Bairstow,EJG Morgan,MA Starc,1,0,"",""
ball,2,5.5,England,EJG Morgan,JM Bairstow,MA Starc,0,0,caught,EJG Morgan
ball,2,5.6,England,BA Stokes,JM Bairstow,MA Starc,0,0,"",""
ball,2,6.1,England,JM Bairstow,BA Stokes,JP Behrendorff,0,0,"",""
ball,2,6.2,England,JM Bairstow,BA Stokes,JP Behrendorff,0,0,"",""
ball,2,6.3,England,JM Bairstow,BA Stokes,JP Behrendorff,0,0,"",""
ball,2,6.4,England,JM Bairstow,BA Stokes,JP Behrendorff,0,0,"",""
ball,2,6.5,England,JM Bairstow,BA Stokes,JP Behrendorff,4,0,"",""
ball,2,6.6,England,JM Bairstow,BA Stokes,JP Behrendorff,0,0,"",""
ball,2,7.1,England,BA Stokes,JM Bairstow,PJ Cummins,0,0,"",""
ball,2,7.2,England,BA Stokes,JM Bairstow,PJ Cummins,0,0,"",""
ball,2,7.3,England,BA Stokes,JM Bairstow,PJ Cummins,0,0,"",""
ball,2,7.4,England,BA Stokes,JM Bairstow,PJ Cummins,0,0,"",""
ball,2,7.5,England,BA Stokes,JM Bairstow,PJ Cummins,0,0,"",""
ball,2,7.6,England,BA Stokes,JM Bairstow,PJ Cummins,0,0,"",""
ball,2,8.1,England,JM Bairstow,BA Stokes,JP Behrendorff,0,0,"",""
ball,2,8.2,England,JM Bairstow,BA Stokes,JP Behrendorff,0,0,"",""
ball,2,8.3,England,JM Bairstow,BA Stokes,JP Behrendorff,4,0,"",""
ball,2,8.4,England,JM Bairstow,BA Stokes,JP Behrendorff,1,0,"",""
ball,2,8.5,England,BA Stokes,JM Bairstow,JP Behrendorff,0,0,"",""
ball,2,8.6,England,BA Stokes,JM Bairstow,JP Behrendorff,0,0,"",""
ball,2,9.1,England,JM Bairstow,BA Stokes,PJ Cummins,0,0,"",""
ball,2,9.2,England,JM Bairstow,BA Stokes,PJ Cummins,0,0,"",""
ball,2,9.3,England,JM Bairstow,BA Stokes,PJ Cummins,0,0,"",""
ball,2,9.4,England,JM Bairstow,BA Stokes,PJ Cummins,4,0,"",""
ball,2,9.5,England,JM Bairstow,BA Stokes,PJ Cummins,0,0,"",""
ball,2,9.6,England,JM Bairstow,BA Stokes,PJ Cummins,0,0,"",""
ball,2,10.1,England,BA Stokes,JM Bairstow,JP Behrendorff,0,0,"",""
ball,2,10.2,England,BA Stokes,JM Bairstow,JP Behrendorff,0,0,"",""
ball,2,10.3,England,BA Stokes,JM Bairstow,JP Behrendorff,4,0,"",""
ball,2,10.4,England,BA Stokes,JM Bairstow,JP Behrendorff,0,0,"",""
ball,2,10.5,England,BA Stokes,JM Bairstow,JP Behrendorff,0,0,"",""
ball,2,10.6,England,BA Stokes,JM Bairstow,JP Behrendorff,0,0,"",""
ball,2,11.1,England,JM Bairstow,BA Stokes,PJ Cummins,1,0,"",""
ball,2,11.2,England,BA Stokes,JM Bairstow,PJ Cummins,0,0,"",""
ball,2,11.3,England,BA Stokes,JM Bairstow,PJ Cummins,0,0,"",""
ball,2,11.4,England,BA Stokes,JM Bairstow,PJ Cummins,2,0,"",""
ball,2,11.5,England,BA Stokes,JM Bairstow,PJ Cummins,0,0,"",""
ball,2,11.6,England,BA Stokes,JM Bairstow,PJ Cummins,1,0,"",""
ball,2,12.1,England,BA Stokes,JM Bairstow,NM Lyon,2,0,"",""
ball,2,12.2,England,BA Stokes,JM Bairstow,NM Lyon,1,0,"",""
ball,2,12.3,England,JM Bairstow,BA Stokes,NM Lyon,1,0,"",""
ball,2,12.4,England,BA Stokes,JM Bairstow,NM Lyon,0,0,"",""
ball,2,12.5,England,BA Stokes,JM Bairstow,NM Lyon,1,0,"",""
ball,2,12.6,England,JM Bairstow,BA Stokes,NM Lyon,0,0,"",""
ball,2,13.1,England,BA Stokes,JM Bairstow,JP Behrendorff,0,0,"",""
ball,2,13.2,England,BA Stokes,JM Bairstow,JP Behrendorff,1,0,"",""
ball,2,13.3,England,JM Bairstow,BA Stokes,JP Behrendorff,0,0,"",""
ball,2,13.4,England,JM Bairstow,BA Stokes,JP Behrendorff,0,0,"",""
ball,2,13.5,England,JM Bairstow,BA Stokes,JP Behrendorff,0,0,caught,JM Bairstow
ball,2,13.6,England,JC Buttler,BA Stokes,JP Behrendorff,1,0,"",""
ball,2,14.1,England,JC Buttler,BA Stokes,NM Lyon,0,0,"",""
ball,2,14.2,England,JC Buttler,BA Stokes,NM Lyon,1,0,"",""
ball,2,14.3,England,BA Stokes,JC Buttler,NM Lyon,0,0,"",""
ball,2,14.4,England,BA Stokes,JC Buttler,NM Lyon,0,0,"",""
ball,2,14.5,England,BA Stokes,JC Buttler,NM Lyon,1,0,"",""
ball,2,14.6,England,JC Buttler,BA Stokes,NM Lyon,1,0,"",""
ball,2,15.1,England,JC Buttler,BA Stokes,MA Starc,4,0,"",""
ball,2,15.2,England,JC Buttler,BA Stokes,MA Starc,1,0,"",""
ball,2,15.3,England,BA Stokes,JC Buttler,MA Starc,0,0,"",""
ball,2,15.4,England,BA Stokes,JC Buttler,MA Starc,0,0,"",""
ball,2,15.5,England,BA Stokes,JC Buttler,MA Starc,1,0,"",""
ball,2,15.6,England,JC Buttler,BA Stokes,MA Starc,2,0,"",""
ball,2,16.1,England,BA Stokes,JC Buttler,NM Lyon,3,0,"",""
ball,2,16.2,England,JC Buttler,BA Stokes,NM Lyon,0,1,"",""
ball,2,16.3,England,BA Stokes,JC Buttler,NM Lyon,0,0,"",""
ball,2,16.4,England,BA Stokes,JC Buttler,NM Lyon,2,0,"",""
ball,2,16.5,England,BA Stokes,JC Buttler,NM Lyon,0,0,"",""
ball,2,16.6,England,BA Stokes,JC Buttler,NM Lyon,1,0,"",""
ball,2,17.1,England,BA Stokes,JC Buttler,MA Starc,2,0,"",""
ball,2,17.2,England,BA Stokes,JC Buttler,MA Starc,1,0,"",""
ball,2,17.3,England,JC Buttler,BA Stokes,MA Starc,1,0,"",""
ball,2,17.4,England,BA Stokes,JC Buttler,MA Starc,2,0,"",""
ball,2,17.5,England,BA Stokes,JC Buttler,MA Starc,0,0,"",""
ball,2,17.6,England,BA Stokes,JC Buttler,MA Starc,1,0,"",""
ball,2,18.1,England,BA Stokes,JC Buttler,PJ Cummins,0,0,"",""
ball,2,18.2,England,BA Stokes,JC Buttler,PJ Cummins,0,0,"",""
ball,2,18.3,England,BA Stokes,JC Buttler,PJ Cummins,0,0,"",""
ball,2,18.4,England,BA Stokes,JC Buttler,PJ Cummins,4,0,"",""
ball,2,18.5,England,BA Stokes,JC Buttler,PJ Cummins,0,0,"",""
ball,2,18.6,England,BA Stokes,JC Buttler,PJ Cummins,0,0,"",""
ball,2,19.1,England,JC Buttler,BA Stokes,MP Stoinis,1,0,"",""
ball,2,19.2,England,BA Stokes,JC Buttler,MP Stoinis,0,0,"",""
ball,2,19.3,England,BA Stokes,JC Buttler,MP Stoinis,4,0,"",""
ball,2,19.4,England,BA Stokes,JC Buttler,MP Stoinis,1,0,"",""
ball,2,19.5,England,JC Buttler,BA Stokes,MP Stoinis,0,0,"",""
ball,2,19.6,England,JC Buttler,BA Stokes,MP Stoinis,2,0,"",""
ball,2,20.1,England,BA Stokes,JC Buttler,PJ Cummins,0,0,"",""
ball,2,20.2,England,BA Stokes,JC Buttler,PJ Cummins,0,0,"",""
ball,2,20.3,England,BA Stokes,JC Buttler,PJ Cummins,0,0,"",""
ball,2,20.4,England,BA Stokes,JC Buttler,PJ Cummins,1,0,"",""
ball,2,20.5,England,JC Buttler,BA Stokes,PJ Cummins,1,0,"",""
ball,2,20.6,England,BA Stokes,JC Buttler,PJ Cummins,0,0,"",""
ball,2,21.1,England,JC Buttler,BA Stokes,MP Stoinis,0,0,"",""
ball,2,21.2,England,JC Buttler,BA Stokes,MP Stoinis,0,1,"",""
ball,2,21.3,England,BA Stokes,JC Buttler,MP Stoinis,1,0,"",""
ball,2,21.4,England,JC Buttler,BA Stokes,MP Stoinis,1,0,"",""
ball,2,21.5,England,BA Stokes,JC Buttler,MP Stoinis,0,0,"",""
ball,2,21.6,England,BA Stokes,JC Buttler,MP Stoinis,1,0,"",""
ball,2,22.1,England,BA Stokes,JC Buttler,NM Lyon,0,0,"",""
ball,2,22.2,England,BA Stokes,JC Buttler,NM Lyon,4,0,"",""
ball,2,22.3,England,BA Stokes,JC Buttler,NM Lyon,0,0,"",""
ball,2,22.4,England,BA Stokes,JC Buttler,NM Lyon,0,0,"",""
ball,2,22.5,England,BA Stokes,JC Buttler,NM Lyon,1,0,"",""
ball,2,22.6,England,JC Buttler,BA Stokes,NM Lyon,0,0,"",""
ball,2,23.1,England,BA Stokes,JC Buttler,MP Stoinis,0,0,"",""
ball,2,23.2,England,BA Stokes,JC Buttler,MP Stoinis,0,0,"",""
ball,2,23.3,England,BA Stokes,JC Buttler,MP Stoinis,1,0,"",""
ball,2,23.4,England,JC Buttler,BA Stokes,MP Stoinis,0,1,"",""
ball,2,23.5,England,BA Stokes,JC Buttler,MP Stoinis,1,0,"",""
ball,2,23.6,England,JC Buttler,BA Stokes,MP Stoinis,0,0,"",""
ball,2,24.1,England,BA Stokes,JC Buttler,NM Lyon,4,0,"",""
ball,2,24.2,England,BA Stokes,JC Buttler,NM Lyon,0,0,"",""
ball,2,24.3,England,BA Stokes,JC Buttler,NM Lyon,0,0,"",""
ball,2,24.4,England,BA Stokes,JC Buttler,NM Lyon,0,0,"",""
ball,2,24.5,England,BA Stokes,JC Buttler,NM Lyon,0,0,"",""
ball,2,24.6,England,BA Stokes,JC Buttler,NM Lyon,0,0,"",""
ball,2,25.1,England,JC Buttler,BA Stokes,MP Stoinis,1,0,"",""
ball,2,25.2,England,BA Stokes,JC Buttler,MP Stoinis,1,0,"",""
ball,2,25.3,England,JC Buttler,BA Stokes,MP Stoinis,1,0,"",""
ball,2,25.4,England,BA Stokes,JC Buttler,MP Stoinis,0,0,"",""
ball,2,25.5,England,BA Stokes,JC Buttler,MP Stoinis,1,0,"",""
ball,2,25.6,England,JC Buttler,BA Stokes,MP Stoinis,4,0,"",""
ball,2,26.1,England,BA Stokes,JC Buttler,NM Lyon,1,0,"",""
ball,2,26.2,England,JC Buttler,BA Stokes,NM Lyon,0,0,"",""
ball,2,26.3,England,JC Buttler,BA Stokes,NM Lyon,2,0,"",""
ball,2,26.4,England,JC Buttler,BA Stokes,NM Lyon,0,0,"",""
ball,2,26.5,England,JC Buttler,BA Stokes,NM Lyon,1,0,"",""
ball,2,26.6,England,BA Stokes,JC Buttler,NM Lyon,1,0,"",""
ball,2,27.1,England,BA Stokes,JC Buttler,MP Stoinis,0,1,"",""
ball,2,27.2,England,BA Stokes,JC Buttler,MP Stoinis,1,0,"",""
ball,2,27.3,England,JC Buttler,BA Stokes,MP Stoinis,0,0,caught,JC Buttler
ball,2,27.4,England,BA Stokes,CR Woakes,MP Stoinis,0,0,"",""
ball,2,27.5,England,BA Stokes,CR Woakes,MP Stoinis,0,0,"",""
ball,2,27.6,England,BA Stokes,CR Woakes,MP Stoinis,1,0,"",""
ball,2,27.7,England,CR Woakes,BA Stokes,MP Stoinis,0,0,"",""
ball,2,28.1,England,BA Stokes,CR Woakes,GJ Maxwell,1,0,"",""
ball,2,28.2,England,CR Woakes,BA Stokes,GJ Maxwell,0,0,"",""
ball,2,28.3,England,CR Woakes,BA Stokes,GJ Maxwell,0,0,"",""
ball,2,28.4,England,CR Woakes,BA Stokes,GJ Maxwell,0,0,"",""
ball,2,28.5,England,CR Woakes,BA Stokes,GJ Maxwell,1,0,"",""
ball,2,28.6,England,BA Stokes,CR Woakes,GJ Maxwell,1,0,"",""
ball,2,29.1,England,BA Stokes,CR Woakes,MP Stoinis,0,0,"",""
ball,2,29.2,England,BA Stokes,CR Woakes,MP Stoinis,0,0,"",""
ball,2,29.3,England,BA Stokes,CR Woakes,MP Stoinis,0,0,"",""
ball,2,29.4,England,BA Stokes,CR Woakes,MP Stoinis,1,0,"",""
ball,2,29.5,England,CR Woakes,BA Stokes,MP Stoinis,0,0,"",""
ball,2,29.6,England,CR Woakes,BA Stokes,MP Stoinis,0,0,"",""
ball,2,30.1,England,BA Stokes,CR Woakes,GJ Maxwell,6,0,"",""
ball,2,30.2,England,BA Stokes,CR Woakes,GJ Maxwell,0,0,"",""
ball,2,30.3,England,BA Stokes,CR Woakes,GJ Maxwell,6,0,"",""
ball,2,30.4,England,BA Stokes,CR Woakes,GJ Maxwell,0,0,"",""
ball,2,30.5,England,BA Stokes,CR Woakes,GJ Maxwell,0,0,"",""
ball,2,30.6,England,BA Stokes,CR Woakes,GJ Maxwell,0,0,"",""
ball,2,31.1,England,CR Woakes,BA Stokes,MP Stoinis,0,0,"",""
ball,2,31.2,England,CR Woakes,BA Stokes,MP Stoinis,1,0,"",""
ball,2,31.3,England,BA Stokes,CR Woakes,MP Stoinis,1,0,"",""
ball,2,31.4,England,CR Woakes,BA Stokes,MP Stoinis,1,0,"",""
ball,2,31.5,England,BA Stokes,CR Woakes,MP Stoinis,1,0,"",""
ball,2,31.6,England,CR Woakes,BA Stokes,MP Stoinis,0,0,"",""
ball,2,32.1,England,BA Stokes,CR Woakes,NM Lyon,0,0,"",""
ball,2,32.2,England,BA Stokes,CR Woakes,NM Lyon,0,0,"",""
ball,2,32.3,England,BA Stokes,CR Woakes,NM Lyon,0,0,"",""
ball,2,32.4,England,BA Stokes,CR Woakes,NM Lyon,1,0,"",""
ball,2,32.5,England,CR Woakes,BA Stokes,NM Lyon,1,0,"",""
ball,2,32.6,England,BA Stokes,CR Woakes,NM Lyon,0,0,"",""
ball,2,33.1,England,CR Woakes,BA Stokes,PJ Cummins,0,0,"",""
ball,2,33.2,England,CR Woakes,BA Stokes,PJ Cummins,4,0,"",""
ball,2,33.3,England,CR Woakes,BA Stokes,PJ Cummins,1,0,"",""
ball,2,33.4,England,BA Stokes,CR Woakes,PJ Cummins,0,0,"",""
ball,2,33.5,England,BA Stokes,CR Woakes,PJ Cummins,0,0,"",""
ball,2,33.6,England,BA Stokes,CR Woakes,PJ Cummins,4,0,"",""
ball,2,34.1,England,CR Woakes,BA Stokes,NM Lyon,1,0,"",""
ball,2,34.2,England,BA Stokes,CR Woakes,NM Lyon,1,0,"",""
ball,2,34.3,England,CR Woakes,BA Stokes,NM Lyon,1,0,"",""
ball,2,34.4,England,BA Stokes,CR Woakes,NM Lyon,1,0,"",""
ball,2,34.5,England,CR Woakes,BA Stokes,NM Lyon,0,0,"",""
ball,2,34.6,England,CR Woakes,BA Stokes,NM Lyon,0,0,"",""
ball,2,35.1,England,BA Stokes,CR Woakes,PJ Cummins,4,0,"",""
ball,2,35.2,England,BA Stokes,CR Woakes,PJ Cummins,0,0,"",""
ball,2,35.3,England,BA Stokes,CR Woakes,PJ Cummins,4,0,"",""
ball,2,35.4,England,BA Stokes,CR Woakes,PJ Cummins,0,0,"",""
ball,2,35.5,England,BA Stokes,CR Woakes,PJ Cummins,1,0,"",""
ball,2,35.6,England,CR Woakes,BA Stokes,PJ Cummins,4,0,"",""
ball,2,36.1,England,BA Stokes,CR Woakes,MA Starc,0,0,"",""
ball,2,36.2,England,BA Stokes,CR Woakes,MA Starc,1,0,"",""
ball,2,36.3,England,CR Woakes,BA Stokes,MA Starc,2,0,"",""
ball,2,36.4,England,CR Woakes,BA Stokes,MA Starc,0,0,"",""
ball,2,36.5,England,CR Woakes,BA Stokes,MA Starc,1,0,"",""
ball,2,36.6,England,BA Stokes,CR Woakes,MA Starc,0,0,bowled,BA Stokes
ball,2,37.1,England,CR Woakes,MM Ali,PJ Cummins,0,1,"",""
ball,2,37.2,England,CR Woakes,MM Ali,PJ Cummins,1,0,"",""
ball,2,37.3,England,MM Ali,CR Woakes,PJ Cummins,0,0,"",""
ball,2,37.4,England,MM Ali,CR Woakes,PJ Cummins,1,0,"",""
ball,2,37.5,England,CR Woakes,MM Ali,PJ Cummins,1,0,"",""
ball,2,37.6,England,MM Ali,CR Woakes,PJ Cummins,1,0,"",""
ball,2,37.7,England,CR Woakes,MM Ali,PJ Cummins,0,1,"",""
ball,2,38.1,England,CR Woakes,MM Ali,MA Starc,0,0,"",""
ball,2,38.2,England,CR Woakes,MM Ali,MA Starc,1,0,"",""
ball,2,38.3,England,MM Ali,CR Woakes,MA Starc,0,0,"",""
ball,2,38.4,England,MM Ali,CR Woakes,MA Starc,0,0,"",""
ball,2,38.5,England,MM Ali,CR Woakes,MA Starc,0,0,"",""
ball,2,38.6,England,MM Ali,CR Woakes,MA Starc,0,0,"",""
ball,2,39.1,England,CR Woakes,MM Ali,JP Behrendorff,1,0,"",""
ball,2,39.2,England,MM Ali,CR Woakes,JP Behrendorff,4,0,"",""
ball,2,39.3,England,MM Ali,CR Woakes,JP Behrendorff,0,0,caught,MM Ali
ball,2,39.4,England,AU Rashid,CR Woakes,JP Behrendorff,1,0,"",""
ball,2,39.5,England,CR Woakes,AU Rashid,JP Behrendorff,1,0,"",""
ball,2,39.6,England,AU Rashid,CR Woakes,JP Behrendorff,0,0,"",""
ball,2,40.1,England,CR Woakes,AU Rashid,NM Lyon,1,0,"",""
ball,2,40.2,England,AU Rashid,CR Woakes,NM Lyon,0,0,"",""
ball,2,40.3,England,AU Rashid,CR Woakes,NM Lyon,6,0,"",""
ball,2,40.4,England,AU Rashid,CR Woakes,NM Lyon,1,0,"",""
ball,2,40.5,England,CR Woakes,AU Rashid,NM Lyon,1,0,"",""
ball,2,40.6,England,AU Rashid,CR Woakes,NM Lyon,0,0,"",""
ball,2,41.1,England,CR Woakes,AU Rashid,JP Behrendorff,1,0,"",""
ball,2,41.2,England,AU Rashid,CR Woakes,JP Behrendorff,1,0,"",""
ball,2,41.3,England,CR Woakes,AU Rashid,JP Behrendorff,0,0,caught,CR Woakes
ball,2,41.4,England,AU Rashid,JC Archer,JP Behrendorff,4,0,"",""
ball,2,41.5,England,AU Rashid,JC Archer,JP Behrendorff,1,0,"",""
ball,2,41.6,England,JC Archer,AU Rashid,JP Behrendorff,0,0,"",""
ball,2,42.1,England,AU Rashid,JC Archer,MA Starc,0,0,"",""
ball,2,42.2,England,AU Rashid,JC Archer,MA Starc,0,0,"",""
ball,2,42.3,England,AU Rashid,JC Archer,MA Starc,1,0,"",""
ball,2,42.4,England,JC Archer,AU Rashid,MA Starc,1,0,"",""
ball,2,42.5,England,AU Rashid,JC Archer,MA Starc,0,0,"",""
ball,2,42.6,England,AU Rashid,JC Archer,MA Starc,1,0,"",""
ball,2,43.1,England,AU Rashid,JC Archer,JP Behrendorff,1,0,"",""
ball,2,43.2,England,JC Archer,AU Rashid,JP Behrendorff,0,0,"",""
ball,2,43.3,England,JC Archer,AU Rashid,JP Behrendorff,0,0,caught,JC Archer
ball,2,43.4,England,MA Wood,AU Rashid,JP Behrendorff,1,0,"",""
ball,2,43.5,England,AU Rashid,MA Wood,JP Behrendorff,0,1,"",""
ball,2,43.6,England,MA Wood,AU Rashid,JP Behrendorff,0,0,"",""
ball,2,44.1,England,AU Rashid,MA Wood,MA Starc,4,0,"",""
ball,2,44.2,England,AU Rashid,MA Wood,MA Starc,4,0,"",""
ball,2,44.3,England,AU Rashid,MA Wood,MA Starc,0,0,"",""
ball,2,44.4,England,AU Rashid,MA Wood,MA Starc,0,0,caught,AU Rashid
