version,1.3.0
info,team,Australia
info,team,India
info,gender,male
info,season,2018/19
info,date,2019/01/12
info,series,India tour of Australia 2018/19
info,match_number,1
info,venue,Sydney Cricket Ground
info,city,Sydney
info,toss_winner,Australia
info,toss_decision,bat
info,player_of_match,JA Richardson
info,umpire,P Wilson
info,umpire,MA Gough
info,reserve_umpire,SJ Nogajski
info,tv_umpire,RA Kettleborough
info,match_referee,AJ Pycroft
info,winner,Australia
info,winner_runs,34
ball,1,0.1,Australia,AT Carey,AJ Finch,B Kumar,0,0,"",""
ball,1,0.2,Australia,AT Carey,AJ Finch,B Kumar,0,0,"",""
ball,1,0.3,Australia,AT Carey,AJ Finch,B Kumar,0,0,"",""
ball,1,0.4,Australia,AT Carey,AJ Finch,B Kumar,1,0,"",""
ball,1,0.5,Australia,AJ Finch,AT Carey,B Kumar,0,0,"",""
ball,1,0.6,Australia,AJ Finch,AT Carey,B Kumar,1,0,"",""
ball,1,1.1,Australia,AJ Finch,AT Carey,KK Ahmed,0,0,"",""
ball,1,1.2,Australia,AJ Finch,AT Carey,KK Ahmed,0,0,"",""
ball,1,1.3,Australia,AJ Finch,AT Carey,KK Ahmed,0,1,"",""
ball,1,1.4,Australia,AJ Finch,AT Carey,KK Ahmed,0,0,"",""
ball,1,1.5,Australia,AJ Finch,AT Carey,KK Ahmed,2,0,"",""
ball,1,1.6,Australia,AJ Finch,AT Carey,KK Ahmed,0,0,"",""
ball,1,1.7,Australia,AJ Finch,AT Carey,KK Ahmed,3,0,"",""
ball,1,2.1,Australia,AJ Finch,AT Carey,B Kumar,0,0,"",""
ball,1,2.2,Australia,AJ Finch,AT Carey,B Kumar,0,0,bowled,AJ Finch
ball,1,2.3,Australia,UT Khawaja,AT Carey,B Kumar,0,0,"",""
ball,1,2.4,Australia,UT Khawaja,AT Carey,B Kumar,0,0,"",""
ball,1,2.5,Australia,UT Khawaja,AT Carey,B Kumar,0,0,"",""
ball,1,2.6,Australia,UT Khawaja,AT Carey,B Kumar,2,0,"",""
ball,1,3.1,Australia,AT Carey,UT Khawaja,KK Ahmed,0,1,"",""
ball,1,3.2,Australia,AT Carey,UT Khawaja,KK Ahmed,4,0,"",""
ball,1,3.3,Australia,AT Carey,UT Khawaja,KK Ahmed,0,0,"",""
ball,1,3.4,Australia,AT Carey,UT Khawaja,KK Ahmed,0,0,"",""
ball,1,3.5,Australia,AT Carey,UT Khawaja,KK Ahmed,4,0,"",""
ball,1,3.6,Australia,AT Carey,UT Khawaja,KK Ahmed,0,0,"",""
ball,1,3.7,Australia,AT Carey,UT Khawaja,KK Ahmed,1,0,"",""
ball,1,4.1,Australia,AT Carey,UT Khawaja,B Kumar,0,0,"",""
ball,1,4.2,Australia,AT Carey,UT Khawaja,B Kumar,0,0,"",""
ball,1,4.3,Australia,AT Carey,UT Khawaja,B Kumar,0,0,"",""
ball,1,4.4,Australia,AT Carey,UT Khawaja,B Kumar,4,0,"",""
ball,1,4.5,Australia,AT Carey,UT Khawaja,B Kumar,0,0,"",""
ball,1,4.6,Australia,AT Carey,UT Khawaja,B Kumar,0,0,"",""
ball,1,5.1,Australia,UT Khawaja,AT Carey,KK Ahmed,0,0,"",""
ball,1,5.2,Australia,UT Khawaja,AT Carey,KK Ahmed,0,0,"",""
ball,1,5.3,Australia,UT Khawaja,AT Carey,KK Ahmed,0,0,"",""
ball,1,5.4,Australia,UT Khawaja,AT Carey,KK Ahmed,2,0,"",""
ball,1,5.5,Australia,UT Khawaja,AT Carey,KK Ahmed,1,0,"",""
ball,1,5.6,Australia,AT Carey,UT Khawaja,KK Ahmed,0,0,"",""
ball,1,6.1,Australia,UT Khawaja,AT Carey,B Kumar,0,0,"",""
ball,1,6.2,Australia,UT Khawaja,AT Carey,B Kumar,0,0,"",""
ball,1,6.3,Australia,UT Khawaja,AT Carey,B Kumar,1,0,"",""
ball,1,6.4,Australia,AT Carey,UT Khawaja,B Kumar,0,0,"",""
ball,1,6.5,Australia,AT Carey,UT Khawaja,B Kumar,2,0,"",""
ball,1,6.6,Australia,AT Carey,UT Khawaja,B Kumar,0,0,"",""
ball,1,7.1,Australia,UT Khawaja,AT Carey,KK Ahmed,1,0,"",""
ball,1,7.2,Australia,AT Carey,UT Khawaja,KK Ahmed,0,0,"",""
ball,1,7.3,Australia,AT Carey,UT Khawaja,KK Ahmed,0,0,"",""
ball,1,7.4,Australia,AT Carey,UT Khawaja,KK Ahmed,0,0,"",""
ball,1,7.5,Australia,AT Carey,UT Khawaja,KK Ahmed,4,0,"",""
ball,1,7.6,Australia,AT Carey,UT Khawaja,KK Ahmed,0,0,"",""
ball,1,8.1,Australia,UT Khawaja,AT Carey,Mohammed Shami,0,0,"",""
ball,1,8.2,Australia,UT Khawaja,AT Carey,Mohammed Shami,0,0,"",""
ball,1,8.3,Australia,UT Khawaja,AT Carey,Mohammed Shami,0,0,"",""
ball,1,8.4,Australia,UT Khawaja,AT Carey,Mohammed Shami,0,0,"",""
ball,1,8.5,Australia,UT Khawaja,AT Carey,Mohammed Shami,0,0,"",""
ball,1,8.6,Australia,UT Khawaja,AT Carey,Mohammed Shami,2,0,"",""
ball,1,9.1,Australia,AT Carey,UT Khawaja,Kuldeep Yadav,0,0,"",""
ball,1,9.2,Australia,AT Carey,UT Khawaja,Kuldeep Yadav,0,0,"",""
ball,1,9.3,Australia,AT Carey,UT Khawaja,Kuldeep Yadav,0,0,"",""
ball,1,9.4,Australia,AT Carey,UT Khawaja,Kuldeep Yadav,4,0,"",""
ball,1,9.5,Australia,AT Carey,UT Khawaja,Kuldeep Yadav,0,0,caught,AT Carey
ball,1,9.6,Australia,SE Marsh,UT Khawaja,Kuldeep Yadav,0,0,"",""
ball,1,10.1,Australia,UT Khawaja,SE Marsh,Mohammed Shami,0,0,"",""
ball,1,10.2,Australia,UT Khawaja,SE Marsh,Mohammed Shami,0,0,"",""
ball,1,10.3,Australia,UT Khawaja,SE Marsh,Mohammed Shami,0,0,"",""
ball,1,10.4,Australia,UT Khawaja,SE Marsh,Mohammed Shami,4,0,"",""
ball,1,10.5,Australia,UT Khawaja,SE Marsh,Mohammed Shami,1,0,"",""
ball,1,10.6,Australia,SE Marsh,UT Khawaja,Mohammed Shami,0,0,"",""
ball,1,11.1,Australia,UT Khawaja,SE Marsh,Kuldeep Yadav,1,0,"",""
ball,1,11.2,Australia,SE Marsh,UT Khawaja,Kuldeep Yadav,2,0,"",""
ball,1,11.3,Australia,SE Marsh,UT Khawaja,Kuldeep Yadav,1,0,"",""
ball,1,11.4,Australia,UT Khawaja,SE Marsh,Kuldeep Yadav,0,0,"",""
ball,1,11.5,Australia,UT Khawaja,SE Marsh,Kuldeep Yadav,1,0,"",""
ball,1,11.6,Australia,SE Marsh,UT Khawaja,Kuldeep Yadav,1,0,"",""
ball,1,12.1,Australia,SE Marsh,UT Khawaja,Mohammed Shami,0,0,"",""
ball,1,12.2,Australia,SE Marsh,UT Khawaja,Mohammed Shami,0,0,"",""
ball,1,12.3,Australia,SE Marsh,UT Khawaja,Mohammed Shami,0,0,"",""
ball,1,12.4,Australia,SE Marsh,UT Khawaja,Mohammed Shami,4,0,"",""
ball,1,12.5,Australia,SE Marsh,UT Khawaja,Mohammed Shami,0,0,"",""
ball,1,12.6,Australia,SE Marsh,UT Khawaja,Mohammed Shami,0,0,"",""
ball,1,13.1,Australia,UT Khawaja,SE Marsh,Kuldeep Yadav,0,0,"",""
ball,1,13.2,Australia,UT Khawaja,SE Marsh,Kuldeep Yadav,0,0,"",""
ball,1,13.3,Australia,UT Khawaja,SE Marsh,Kuldeep Yadav,0,0,"",""
ball,1,13.4,Australia,UT Khawaja,SE Marsh,Kuldeep Yadav,1,0,"",""
ball,1,13.5,Australia,SE Marsh,UT Khawaja,Kuldeep Yadav,1,0,"",""
ball,1,13.6,Australia,UT Khawaja,SE Marsh,Kuldeep Yadav,1,0,"",""
ball,1,14.1,Australia,UT Khawaja,SE Marsh,Mohammed Shami,0,0,"",""
ball,1,14.2,Australia,UT Khawaja,SE Marsh,Mohammed Shami,0,4,"",""
ball,1,14.3,Australia,UT Khawaja,SE Marsh,Mohammed Shami,1,0,"",""
ball,1,14.4,Australia,SE Marsh,UT Khawaja,Mohammed Shami,1,0,"",""
ball,1,14.5,Australia,UT Khawaja,SE Marsh,Mohammed Shami,0,0,"",""
ball,1,14.6,Australia,UT Khawaja,SE Marsh,Mohammed Shami,1,0,"",""
ball,1,15.1,Australia,UT Khawaja,SE Marsh,Kuldeep Yadav,0,0,"",""
ball,1,15.2,Australia,UT Khawaja,SE Marsh,Kuldeep Yadav,1,0,"",""
ball,1,15.3,Australia,SE Marsh,UT Khawaja,Kuldeep Yadav,1,0,"",""
ball,1,15.4,Australia,UT Khawaja,SE Marsh,Kuldeep Yadav,0,0,"",""
ball,1,15.5,Australia,UT Khawaja,SE Marsh,Kuldeep Yadav,0,0,"",""
ball,1,15.6,Australia,UT Khawaja,SE Marsh,Kuldeep Yadav,4,0,"",""
ball,1,16.1,Australia,SE Marsh,UT Khawaja,RA Jadeja,1,0,"",""
ball,1,16.2,Australia,UT Khawaja,SE Marsh,RA Jadeja,0,0,"",""
ball,1,16.3,Australia,UT Khawaja,SE Marsh,RA Jadeja,1,0,"",""
ball,1,16.4,Australia,SE Marsh,UT Khawaja,RA Jadeja,0,0,"",""
ball,1,16.5,Australia,SE Marsh,UT Khawaja,RA Jadeja,0,0,"",""
ball,1,16.6,Australia,SE Marsh,UT Khawaja,RA Jadeja,1,0,"",""
ball,1,17.1,Australia,SE Marsh,UT Khawaja,Kuldeep Yadav,0,0,"",""
ball,1,17.2,Australia,SE Marsh,UT Khawaja,Kuldeep Yadav,1,0,"",""
ball,1,17.3,Australia,UT Khawaja,SE Marsh,Kuldeep Yadav,0,0,"",""
ball,1,17.4,Australia,UT Khawaja,SE Marsh,Kuldeep Yadav,0,0,"",""
ball,1,17.5,Australia,UT Khawaja,SE Marsh,Kuldeep Yadav,1,0,"",""
ball,1,17.6,Australia,SE Marsh,UT Khawaja,Kuldeep Yadav,1,0,"",""
ball,1,18.1,Australia,SE Marsh,UT Khawaja,RA Jadeja,0,0,"",""
ball,1,18.2,Australia,SE Marsh,UT Khawaja,RA Jadeja,1,0,"",""
ball,1,18.3,Australia,UT Khawaja,SE Marsh,RA Jadeja,1,0,"",""
ball,1,18.4,Australia,SE Marsh,UT Khawaja,RA Jadeja,1,0,"",""
ball,1,18.5,Australia,UT Khawaja,SE Marsh,RA Jadeja,1,0,"",""
ball,1,18.6,Australia,SE Marsh,UT Khawaja,RA Jadeja,1,0,"",""
ball,1,19.1,Australia,SE Marsh,UT Khawaja,Kuldeep Yadav,1,0,"",""
ball,1,19.2,Australia,UT Khawaja,SE Marsh,Kuldeep Yadav,1,0,"",""
ball,1,19.3,Australia,SE Marsh,UT Khawaja,Kuldeep Yadav,0,0,"",""
ball,1,19.4,Australia,SE Marsh,UT Khawaja,Kuldeep Yadav,4,0,"",""
ball,1,19.5,Australia,SE Marsh,UT Khawaja,Kuldeep Yadav,1,0,"",""
ball,1,19.6,Australia,UT Khawaja,SE Marsh,Kuldeep Yadav,1,0,"",""
ball,1,20.1,Australia,UT Khawaja,SE Marsh,RA Jadeja,0,0,"",""
ball,1,20.2,Australia,UT Khawaja,SE Marsh,RA Jadeja,0,0,"",""
ball,1,20.3,Australia,UT Khawaja,SE Marsh,RA Jadeja,0,0,"",""
ball,1,20.4,Australia,UT Khawaja,SE Marsh,RA Jadeja,1,0,"",""
ball,1,20.5,Australia,SE Marsh,UT Khawaja,RA Jadeja,1,0,"",""
ball,1,20.6,Australia,UT Khawaja,SE Marsh,RA Jadeja,2,0,"",""
ball,1,21.1,Australia,SE Marsh,UT Khawaja,AT Rayudu,2,0,"",""
ball,1,21.2,Australia,SE Marsh,UT Khawaja,AT Rayudu,0,0,"",""
ball,1,21.3,Australia,SE Marsh,UT Khawaja,AT Rayudu,1,0,"",""
ball,1,21.4,Australia,UT Khawaja,SE Marsh,AT Rayudu,0,0,"",""
ball,1,21.5,Australia,UT Khawaja,SE Marsh,AT Rayudu,0,0,"",""
ball,1,21.6,Australia,UT Khawaja,SE Marsh,AT Rayudu,0,0,"",""
ball,1,22.1,Australia,SE Marsh,UT Khawaja,RA Jadeja,0,0,"",""
ball,1,22.2,Australia,SE Marsh,UT Khawaja,RA Jadeja,0,0,"",""
ball,1,22.3,Australia,SE Marsh,UT Khawaja,RA Jadeja,1,0,"",""
ball,1,22.4,Australia,UT Khawaja,SE Marsh,RA Jadeja,0,0,"",""
ball,1,22.5,Australia,UT Khawaja,SE Marsh,RA Jadeja,4,0,"",""
ball,1,22.6,Australia,UT Khawaja,SE Marsh,RA Jadeja,1,0,"",""
ball,1,23.1,Australia,UT Khawaja,SE Marsh,AT Rayudu,4,0,"",""
ball,1,23.2,Australia,UT Khawaja,SE Marsh,AT Rayudu,0,0,"",""
ball,1,23.3,Australia,UT Khawaja,SE Marsh,AT Rayudu,4,0,"",""
ball,1,23.4,Australia,UT Khawaja,SE Marsh,AT Rayudu,1,0,"",""
ball,1,23.5,Australia,SE Marsh,UT Khawaja,AT Rayudu,1,0,"",""
ball,1,23.6,Australia,UT Khawaja,SE Marsh,AT Rayudu,0,0,"",""
ball,1,24.1,Australia,SE Marsh,UT Khawaja,RA Jadeja,0,0,"",""
ball,1,24.2,Australia,SE Marsh,UT Khawaja,RA Jadeja,1,0,"",""
ball,1,24.3,Australia,UT Khawaja,SE Marsh,RA Jadeja,1,0,"",""
ball,1,24.4,Australia,SE Marsh,UT Khawaja,RA Jadeja,0,0,"",""
ball,1,24.5,Australia,SE Marsh,UT Khawaja,RA Jadeja,0,0,"",""
ball,1,24.6,Australia,SE Marsh,UT Khawaja,RA Jadeja,0,0,"",""
ball,1,25.1,Australia,UT Khawaja,SE Marsh,KK Ahmed,0,0,"",""
ball,1,25.2,Australia,UT Khawaja,SE Marsh,KK Ahmed,1,0,"",""
ball,1,25.3,Australia,SE Marsh,UT Khawaja,KK Ahmed,0,0,"",""
ball,1,25.4,Australia,SE Marsh,UT Khawaja,KK Ahmed,0,0,"",""
ball,1,25.5,Australia,SE Marsh,UT Khawaja,KK Ahmed,1,0,"",""
ball,1,25.6,Australia,UT Khawaja,SE Marsh,KK Ahmed,1,0,"",""
ball,1,26.1,Australia,UT Khawaja,SE Marsh,RA Jadeja,0,0,"",""
ball,1,26.2,Australia,UT Khawaja,SE Marsh,RA Jadeja,4,0,"",""
ball,1,26.3,Australia,UT Khawaja,SE Marsh,RA Jadeja,0,0,"",""
ball,1,26.4,Australia,UT Khawaja,SE Marsh,RA Jadeja,0,0,"",""
ball,1,26.5,Australia,UT Khawaja,SE Marsh,RA Jadeja,0,0,"",""
ball,1,26.6,Australia,UT Khawaja,SE Marsh,RA Jadeja,0,0,"",""
ball,1,27.1,Australia,SE Marsh,UT Khawaja,KK Ahmed,1,0,"",""
ball,1,27.2,Australia,UT Khawaja,SE Marsh,KK Ahmed,2,0,"",""
ball,1,27.3,Australia,UT Khawaja,SE Marsh,KK Ahmed,0,1,"",""
ball,1,27.4,Australia,UT Khawaja,SE Marsh,KK Ahmed,1,0,"",""
ball,1,27.5,Australia,SE Marsh,UT Khawaja,KK Ahmed,1,0,"",""
ball,1,27.6,Australia,UT Khawaja,SE Marsh,KK Ahmed,1,0,"",""
ball,1,27.7,Australia,SE Marsh,UT Khawaja,KK Ahmed,0,1,"",""
ball,1,27.8,Australia,SE Marsh,UT Khawaja,KK Ahmed,1,0,"",""
ball,1,28.1,Australia,SE Marsh,UT Khawaja,RA Jadeja,1,0,"",""
ball,1,28.2,Australia,UT Khawaja,SE Marsh,RA Jadeja,0,0,lbw,UT Khawaja
ball,1,28.3,Australia,PSP Handscomb,SE Marsh,RA Jadeja,1,0,"",""
ball,1,28.4,Australia,SE Marsh,PSP Handscomb,RA Jadeja,1,0,"",""
ball,1,28.5,Australia,PSP Handscomb,SE Marsh,RA Jadeja,1,0,"",""
ball,1,28.6,Australia,SE Marsh,PSP Handscomb,RA Jadeja,0,0,"",""
ball,1,29.1,Australia,PSP Handscomb,SE Marsh,Mohammed Shami,0,0,"",""
ball,1,29.2,Australia,PSP Handscomb,SE Marsh,Mohammed Shami,0,0,"",""
ball,1,29.3,Australia,PSP Handscomb,SE Marsh,Mohammed Shami,0,0,"",""
ball,1,29.4,Australia,PSP Handscomb,SE Marsh,Mohammed Shami,0,0,"",""
ball,1,29.5,Australia,PSP Handscomb,SE Marsh,Mohammed Shami,1,0,"",""
ball,1,29.6,Australia,SE Marsh,PSP Handscomb,Mohammed Shami,1,0,"",""
ball,1,30.1,Australia,SE Marsh,PSP Handscomb,RA Jadeja,1,0,"",""
ball,1,30.2,Australia,PSP Handscomb,SE Marsh,RA Jadeja,0,0,"",""
ball,1,30.3,Australia,PSP Handscomb,SE Marsh,RA Jadeja,1,0,"",""
ball,1,30.4,Australia,SE Marsh,PSP Handscomb,RA Jadeja,1,0,"",""
ball,1,30.5,Australia,PSP Handscomb,SE Marsh,RA Jadeja,0,0,"",""
ball,1,30.6,Australia,PSP Handscomb,SE Marsh,RA Jadeja,4,0,"",""
ball,1,31.1,Australia,SE Marsh,PSP Handscomb,Mohammed Shami,1,0,"",""
ball,1,31.2,Australia,PSP Handscomb,SE Marsh,Mohammed Shami,0,0,"",""
ball,1,31.3,Australia,PSP Handscomb,SE Marsh,Mohammed Shami,1,0,"",""
ball,1,31.4,Australia,SE Marsh,PSP Handscomb,Mohammed Shami,0,0,"",""
ball,1,31.5,Australia,SE Marsh,PSP Handscomb,Mohammed Shami,0,1,"",""
ball,1,31.6,Australia,SE Marsh,PSP Handscomb,Mohammed Shami,1,0,"",""
ball,1,31.7,Australia,PSP Handscomb,SE Marsh,Mohammed Shami,1,0,"",""
ball,1,32.1,Australia,PSP Handscomb,SE Marsh,B Kumar,0,0,"",""
ball,1,32.2,Australia,PSP Handscomb,SE Marsh,B Kumar,0,0,"",""
ball,1,32.3,Australia,PSP Handscomb,SE Marsh,B Kumar,1,0,"",""
ball,1,32.4,Australia,SE Marsh,PSP Handscomb,B Kumar,0,0,"",""
ball,1,32.5,Australia,SE Marsh,PSP Handscomb,B Kumar,0,0,"",""
ball,1,32.6,Australia,SE Marsh,PSP Handscomb,B Kumar,0,0,"",""
ball,1,33.1,Australia,PSP Handscomb,SE Marsh,KK Ahmed,1,0,"",""
ball,1,33.2,Australia,SE Marsh,PSP Handscomb,KK Ahmed,4,0,"",""
ball,1,33.3,Australia,SE Marsh,PSP Handscomb,KK Ahmed,1,0,"",""
ball,1,33.4,Australia,PSP Handscomb,SE Marsh,KK Ahmed,2,0,"",""
ball,1,33.5,Australia,PSP Handscomb,SE Marsh,KK Ahmed,0,0,"",""
ball,1,33.6,Australia,PSP Handscomb,SE Marsh,KK Ahmed,1,0,"",""
ball,1,34.1,Australia,PSP Handscomb,SE Marsh,B Kumar,4,0,"",""
ball,1,34.2,Australia,PSP Handscomb,SE Marsh,B Kumar,4,0,"",""
ball,1,34.3,Australia,PSP Handscomb,SE Marsh,B Kumar,1,0,"",""
ball,1,34.4,Australia,SE Marsh,PSP Handscomb,B Kumar,1,0,"",""
ball,1,34.5,Australia,PSP Handscomb,SE Marsh,B Kumar,1,0,"",""
ball,1,34.6,Australia,SE Marsh,PSP Handscomb,B Kumar,0,0,"",""
ball,1,35.1,Australia,PSP Handscomb,SE Marsh,KK Ahmed,1,0,"",""
ball,1,35.2,Australia,SE Marsh,PSP Handscomb,KK Ahmed,4,0,"",""
ball,1,35.3,Australia,SE Marsh,PSP Handscomb,KK Ahmed,1,0,"",""
ball,1,35.4,Australia,PSP Handscomb,SE Marsh,KK Ahmed,0,0,"",""
ball,1,35.5,Australia,PSP Handscomb,SE Marsh,KK Ahmed,4,0,"",""
ball,1,35.6,Australia,PSP Handscomb,SE Marsh,KK Ahmed,0,0,"",""
ball,1,36.1,Australia,SE Marsh,PSP Handscomb,B Kumar,0,1,"",""
ball,1,36.2,Australia,PSP Handscomb,SE Marsh,B Kumar,0,0,"",""
ball,1,36.3,Australia,PSP Handscomb,SE Marsh,B Kumar,1,0,"",""
ball,1,36.4,Australia,SE Marsh,PSP Handscomb,B Kumar,1,0,"",""
ball,1,36.5,Australia,PSP Handscomb,SE Marsh,B Kumar,1,0,"",""
ball,1,36.6,Australia,SE Marsh,PSP Handscomb,B Kumar,0,0,"",""
ball,1,37.1,Australia,PSP Handscomb,SE Marsh,Kuldeep Yadav,0,0,"",""
ball,1,37.2,Australia,PSP Handscomb,SE Marsh,Kuldeep Yadav,1,0,"",""
ball,1,37.3,Australia,SE Marsh,PSP Handscomb,Kuldeep Yadav,0,0,caught,SE Marsh
ball,1,37.4,Australia,PSP Handscomb,MP Stoinis,Kuldeep Yadav,1,0,"",""
ball,1,37.5,Australia,MP Stoinis,PSP Handscomb,Kuldeep Yadav,1,0,"",""
ball,1,37.6,Australia,PSP Handscomb,MP Stoinis,Kuldeep Yadav,1,0,"",""
ball,1,38.1,Australia,PSP Handscomb,MP Stoinis,Mohammed Shami,1,0,"",""
ball,1,38.2,Australia,MP Stoinis,PSP Handscomb,Mohammed Shami,0,0,"",""
ball,1,38.3,Australia,MP Stoinis,PSP Handscomb,Mohammed Shami,0,0,"",""
ball,1,38.4,Australia,MP Stoinis,PSP Handscomb,Mohammed Shami,0,0,"",""
ball,1,38.5,Australia,MP Stoinis,PSP Handscomb,Mohammed Shami,0,0,"",""
ball,1,38.6,Australia,MP Stoinis,PSP Handscomb,Mohammed Shami,1,0,"",""
ball,1,39.1,Australia,MP Stoinis,PSP Handscomb,Kuldeep Yadav,1,0,"",""
ball,1,39.2,Australia,PSP Handscomb,MP Stoinis,Kuldeep Yadav,1,0,"",""
ball,1,39.3,Australia,MP Stoinis,PSP Handscomb,Kuldeep Yadav,1,0,"",""
ball,1,39.4,Australia,PSP Handscomb,MP Stoinis,Kuldeep Yadav,0,0,"",""
ball,1,39.5,Australia,PSP Handscomb,MP Stoinis,Kuldeep Yadav,0,0,"",""
ball,1,39.6,Australia,PSP Handscomb,MP Stoinis,Kuldeep Yadav,1,0,"",""
ball,1,40.1,Australia,PSP Handscomb,MP Stoinis,Mohammed Shami,1,0,"",""
ball,1,40.2,Australia,MP Stoinis,PSP Handscomb,Mohammed Shami,0,0,"",""
ball,1,40.3,Australia,MP Stoinis,PSP Handscomb,Mohammed Shami,0,0,"",""
ball,1,40.4,Australia,MP Stoinis,PSP Handscomb,Mohammed Shami,1,0,"",""
ball,1,40.5,Australia,PSP Handscomb,MP Stoinis,Mohammed Shami,1,0,"",""
ball,1,40.6,Australia,MP Stoinis,PSP Handscomb,Mohammed Shami,1,0,"",""
ball,1,41.1,Australia,MP Stoinis,PSP Handscomb,Kuldeep Yadav,0,0,"",""
ball,1,41.2,Australia,MP Stoinis,PSP Handscomb,Kuldeep Yadav,1,0,"",""
ball,1,41.3,Australia,PSP Handscomb,MP Stoinis,Kuldeep Yadav,1,0,"",""
ball,1,41.4,Australia,MP Stoinis,PSP Handscomb,Kuldeep Yadav,0,0,"",""
ball,1,41.5,Australia,MP Stoinis,PSP Handscomb,Kuldeep Yadav,0,0,"",""
ball,1,41.6,Australia,MP Stoinis,PSP Handscomb,Kuldeep Yadav,1,0,"",""
ball,1,42.1,Australia,MP Stoinis,PSP Handscomb,RA Jadeja,0,0,"",""
ball,1,42.2,Australia,MP Stoinis,PSP Handscomb,RA Jadeja,1,0,"",""
ball,1,42.3,Australia,PSP Handscomb,MP Stoinis,RA Jadeja,2,0,"",""
ball,1,42.4,Australia,PSP Handscomb,MP Stoinis,RA Jadeja,1,0,"",""
ball,1,42.5,Australia,MP Stoinis,PSP Handscomb,RA Jadeja,1,0,"",""
ball,1,42.6,Australia,PSP Handscomb,MP Stoinis,RA Jadeja,1,0,"",""
ball,1,43.1,Australia,PSP Handscomb,MP Stoinis,Kuldeep Yadav,0,0,"",""
ball,1,43.2,Australia,PSP Handscomb,MP Stoinis,Kuldeep Yadav,0,1,"",""
ball,1,43.3,Australia,MP Stoinis,PSP Handscomb,Kuldeep Yadav,6,0,"",""
ball,1,43.4,Australia,MP Stoinis,PSP Handscomb,Kuldeep Yadav,0,0,"",""
ball,1,43.5,Australia,MP Stoinis,PSP Handscomb,Kuldeep Yadav,1,0,"",""
ball,1,43.6,Australia,PSP Handscomb,MP Stoinis,Kuldeep Yadav,6,0,"",""
ball,1,44.1,Australia,MP Stoinis,PSP Handscomb,RA Jadeja,2,0,"",""
ball,1,44.2,Australia,MP Stoinis,PSP Handscomb,RA Jadeja,1,0,"",""
ball,1,44.3,Australia,PSP Handscomb,MP Stoinis,RA Jadeja,1,0,"",""
ball,1,44.4,Australia,MP Stoinis,PSP Handscomb,RA Jadeja,1,0,"",""
ball,1,44.5,Australia,PSP Handscomb,MP Stoinis,RA Jadeja,2,0,"",""
ball,1,44.6,Australia,PSP Handscomb,MP Stoinis,RA Jadeja,0,0,"",""
ball,1,45.1,Australia,MP Stoinis,PSP Handscomb,B Kumar,1,0,"",""
ball,1,45.2,Australia,PSP Handscomb,MP Stoinis,B Kumar,4,0,"",""
ball,1,45.3,Australia,PSP Handscomb,MP Stoinis,B Kumar,1,0,"",""
ball,1,45.4,Australia,MP Stoinis,PSP Handscomb,B Kumar,0,0,"",""
ball,1,45.5,Australia,MP Stoinis,PSP Handscomb,B Kumar,1,0,"",""
ball,1,45.6,Australia,PSP Handscomb,MP Stoinis,B Kumar,4,0,"",""
ball,1,46.1,Australia,MP Stoinis,PSP Handscomb,Mohammed Shami,0,0,"",""
ball,1,46.2,Australia,MP Stoinis,PSP Handscomb,Mohammed Shami,1,0,"",""
ball,1,46.3,Australia,PSP Handscomb,MP Stoinis,Mohammed Shami,2,0,"",""
ball,1,46.4,Australia,PSP Handscomb,MP Stoinis,Mohammed Shami,0,1,"",""
ball,1,46.5,Australia,PSP Handscomb,MP Stoinis,Mohammed Shami,0,1,"",""
ball,1,46.6,Australia,PSP Handscomb,MP Stoinis,Mohammed Shami,1,0,"",""
ball,1,46.7,Australia,MP Stoinis,PSP Handscomb,Mohammed Shami,1,0,"",""
ball,1,46.8,Australia,PSP Handscomb,MP Stoinis,Mohammed Shami,1,0,"",""
ball,1,47.1,Australia,PSP Handscomb,MP Stoinis,B Kumar,6,0,"",""
ball,1,47.2,Australia,PSP Handscomb,MP Stoinis,B Kumar,0,0,caught,PSP Handscomb
ball,1,47.3,Australia,MP Stoinis,GJ Maxwell,B Kumar,1,0,"",""
ball,1,47.4,Australia,GJ Maxwell,MP Stoinis,B Kumar,2,0,"",""
ball,1,47.5,Australia,GJ Maxwell,MP Stoinis,B Kumar,1,0,"",""
ball,1,47.6,Australia,MP Stoinis,GJ Maxwell,B Kumar,1,0,"",""
ball,1,48.1,Australia,MP Stoinis,GJ Maxwell,Mohammed Shami,2,0,"",""
ball,1,48.2,Australia,MP Stoinis,GJ Maxwell,Mohammed Shami,4,0,"",""
ball,1,48.3,Australia,MP Stoinis,GJ Maxwell,Mohammed Shami,2,0,"",""
ball,1,48.4,Australia,MP Stoinis,GJ Maxwell,Mohammed Shami,0,0,"",""
ball,1,48.5,Australia,MP Stoinis,GJ Maxwell,Mohammed Shami,1,0,"",""
ball,1,48.6,Australia,GJ Maxwell,MP Stoinis,Mohammed Shami,2,0,"",""
ball,1,49.1,Australia,MP Stoinis,GJ Maxwell,B Kumar,0,1,"",""
ball,1,49.2,Australia,MP Stoinis,GJ Maxwell,B Kumar,6,0,"",""
ball,1,49.3,Australia,MP Stoinis,GJ Maxwell,B Kumar,0,0,"",""
ball,1,49.4,Australia,MP Stoinis,GJ Maxwell,B Kumar,4,0,"",""
ball,1,49.5,Australia,MP Stoinis,GJ Maxwell,B Kumar,1,0,"",""
ball,1,49.6,Australia,GJ Maxwell,MP Stoinis,B Kumar,4,0,"",""
ball,1,49.7,Australia,GJ Maxwell,MP Stoinis,B Kumar,2,0,"",""
ball,2,0.1,India,RG Sharma,S Dhawan,JP Behrendorff,0,0,"",""
ball,2,0.2,India,RG Sharma,S Dhawan,JP Behrendorff,0,0,"",""
ball,2,0.3,India,RG Sharma,S Dhawan,JP Behrendorff,0,0,"",""
ball,2,0.4,India,RG Sharma,S Dhawan,JP Behrendorff,0,0,"",""
ball,2,0.5,India,RG Sharma,S Dhawan,JP Behrendorff,0,1,"",""
ball,2,0.6,India,S Dhawan,RG Sharma,JP Behrendorff,0,0,lbw,S Dhawan
ball,2,1.1,India,RG Sharma,V Kohli,JA Richardson,0,0,"",""
ball,2,1.2,India,RG Sharma,V Kohli,JA Richardson,0,0,"",""
ball,2,1.3,India,RG Sharma,V Kohli,JA Richardson,0,0,"",""
ball,2,1.4,India,RG Sharma,V Kohli,JA Richardson,0,0,"",""
ball,2,1.5,India,RG Sharma,V Kohli,JA Richardson,0,0,"",""
ball,2,1.6,India,RG Sharma,V Kohli,JA Richardson,0,0,"",""
ball,2,2.1,India,V Kohli,RG Sharma,JP Behrendorff,0,0,"",""
ball,2,2.2,India,V Kohli,RG Sharma,JP Behrendorff,0,0,"",""
ball,2,2.3,India,V Kohli,RG Sharma,JP Behrendorff,2,0,"",""
ball,2,2.4,India,V Kohli,RG Sharma,JP Behrendorff,0,0,"",""
ball,2,2.5,India,V Kohli,RG Sharma,JP Behrendorff,1,0,"",""
ball,2,2.6,India,RG Sharma,V Kohli,JP Behrendorff,0,0,"",""
ball,2,3.1,India,V Kohli,RG Sharma,JA Richardson,0,0,"",""
ball,2,3.2,India,V Kohli,RG Sharma,JA Richardson,0,0,"",""
ball,2,3.3,India,V Kohli,RG Sharma,JA Richardson,0,0,caught,V Kohli
ball,2,3.4,India,AT Rayudu,RG Sharma,JA Richardson,0,0,"",""
ball,2,3.5,India,AT Rayudu,RG Sharma,JA Richardson,0,0,lbw,AT Rayudu
ball,2,3.6,India,MS Dhoni,RG Sharma,JA Richardson,0,0,"",""
ball,2,4.1,India,RG Sharma,MS Dhoni,JP Behrendorff,0,0,"",""
ball,2,4.2,India,RG Sharma,MS Dhoni,JP Behrendorff,0,0,"",""
ball,2,4.3,India,RG Sharma,MS Dhoni,JP Behrendorff,0,0,"",""
ball,2,4.4,India,RG Sharma,MS Dhoni,JP Behrendorff,0,0,"",""
ball,2,4.5,India,RG Sharma,MS Dhoni,JP Behrendorff,0,1,"",""
ball,2,4.6,India,RG Sharma,MS Dhoni,JP Behrendorff,6,0,"",""
ball,2,4.7,India,RG Sharma,MS Dhoni,JP Behrendorff,0,0,"",""
ball,2,5.1,India,MS Dhoni,RG Sharma,JA Richardson,0,0,"",""
ball,2,5.2,India,MS Dhoni,RG Sharma,JA Richardson,0,1,"",""
ball,2,5.3,India,MS Dhoni,RG Sharma,JA Richardson,0,1,"",""
ball,2,5.4,India,MS Dhoni,RG Sharma,JA Richardson,0,0,"",""
ball,2,5.5,India,MS Dhoni,RG Sharma,JA Richardson,0,0,"",""
ball,2,5.6,India,MS Dhoni,RG Sharma,JA Richardson,0,0,"",""
ball,2,5.7,India,MS Dhoni,RG Sharma,JA Richardson,0,0,"",""
ball,2,5.8,India,MS Dhoni,RG Sharma,JA Richardson,1,0,"",""
ball,2,6.1,India,MS Dhoni,RG Sharma,JP Behrendorff,0,0,"",""
ball,2,6.2,India,MS Dhoni,RG Sharma,JP Behrendorff,0,0,"",""
ball,2,6.3,India,MS Dhoni,RG Sharma,JP Behrendorff,0,0,"",""
ball,2,6.4,India,MS Dhoni,RG Sharma,JP Behrendorff,0,0,"",""
ball,2,6.5,India,MS Dhoni,RG Sharma,JP Behrendorff,0,0,"",""
ball,2,6.6,India,MS Dhoni,RG Sharma,JP Behrendorff,0,0,"",""
ball,2,7.1,India,RG Sharma,MS Dhoni,JA Richardson,0,0,"",""
ball,2,7.2,India,RG Sharma,MS Dhoni,JA Richardson,1,0,"",""
ball,2,7.3,India,MS Dhoni,RG Sharma,JA Richardson,0,0,"",""
ball,2,7.4,India,MS Dhoni,RG Sharma,JA Richardson,0,0,"",""
ball,2,7.5,India,MS Dhoni,RG Sharma,JA Richardson,1,0,"",""
ball,2,7.6,India,RG Sharma,MS Dhoni,JA Richardson,1,0,"",""
ball,2,8.1,India,RG Sharma,MS Dhoni,JP Behrendorff,1,0,"",""
ball,2,8.2,India,MS Dhoni,RG Sharma,JP Behrendorff,0,0,"",""
ball,2,8.3,India,MS Dhoni,RG Sharma,JP Behrendorff,1,0,"",""
ball,2,8.4,India,RG Sharma,MS Dhoni,JP Behrendorff,0,0,"",""
ball,2,8.5,India,RG Sharma,MS Dhoni,JP Behrendorff,0,0,"",""
ball,2,8.6,India,RG Sharma,MS Dhoni,JP Behrendorff,0,0,"",""
ball,2,9.1,India,MS Dhoni,RG Sharma,PM Siddle,0,1,"",""
ball,2,9.2,India,RG Sharma,MS Dhoni,PM Siddle,0,0,"",""
ball,2,9.3,India,RG Sharma,MS Dhoni,PM Siddle,0,0,"",""
ball,2,9.4,India,RG Sharma,MS Dhoni,PM Siddle,1,0,"",""
ball,2,9.5,India,MS Dhoni,RG Sharma,PM Siddle,0,0,"",""
ball,2,9.6,India,MS Dhoni,RG Sharma,PM Siddle,0,0,"",""
ball,2,10.1,India,RG Sharma,MS Dhoni,NM Lyon,1,0,"",""
ball,2,10.2,India,MS Dhoni,RG Sharma,NM Lyon,0,0,"",""
ball,2,10.3,India,MS Dhoni,RG Sharma,NM Lyon,0,0,"",""
ball,2,10.4,India,MS Dhoni,RG Sharma,NM Lyon,1,0,"",""
ball,2,10.5,India,RG Sharma,MS Dhoni,NM Lyon,1,0,"",""
ball,2,10.6,India,MS Dhoni,RG Sharma,NM Lyon,1,0,"",""
ball,2,11.1,India,MS Dhoni,RG Sharma,PM Siddle,0,0,"",""
ball,2,11.2,India,MS Dhoni,RG Sharma,PM Siddle,0,0,"",""
ball,2,11.3,India,MS Dhoni,RG Sharma,PM Siddle,0,0,"",""
ball,2,11.4,India,MS Dhoni,RG Sharma,PM Siddle,1,0,"",""
ball,2,11.5,India,RG Sharma,MS Dhoni,PM Siddle,0,0,"",""
ball,2,11.6,India,RG Sharma,MS Dhoni,PM Siddle,0,0,"",""
ball,2,12.1,India,MS Dhoni,RG Sharma,NM Lyon,0,0,"",""
ball,2,12.2,India,MS Dhoni,RG Sharma,NM Lyon,0,0,"",""
ball,2,12.3,India,MS Dhoni,RG Sharma,NM Lyon,0,0,"",""
ball,2,12.4,India,MS Dhoni,RG Sharma,NM Lyon,0,0,"",""
ball,2,12.5,India,MS Dhoni,RG Sharma,NM Lyon,0,0,"",""
ball,2,12.6,India,MS Dhoni,RG Sharma,NM Lyon,0,0,"",""
ball,2,13.1,India,RG Sharma,MS Dhoni,PM Siddle,0,0,"",""
ball,2,13.2,India,RG Sharma,MS Dhoni,PM Siddle,0,0,"",""
ball,2,13.3,India,RG Sharma,MS Dhoni,PM Siddle,2,0,"",""
ball,2,13.4,India,RG Sharma,MS Dhoni,PM Siddle,6,0,"",""
ball,2,13.5,India,RG Sharma,MS Dhoni,PM Siddle,1,0,"",""
ball,2,13.6,India,MS Dhoni,RG Sharma,PM Siddle,0,0,"",""
ball,2,14.1,India,RG Sharma,MS Dhoni,NM Lyon,0,0,"",""
ball,2,14.2,India,RG Sharma,MS Dhoni,NM Lyon,2,0,"",""
ball,2,14.3,India,RG Sharma,MS Dhoni,NM Lyon,1,0,"",""
ball,2,14.4,India,MS Dhoni,RG Sharma,NM Lyon,0,0,"",""
ball,2,14.5,India,MS Dhoni,RG Sharma,NM Lyon,6,0,"",""
ball,2,14.6,India,MS Dhoni,RG Sharma,NM Lyon,0,0,"",""
ball,2,15.1,India,RG Sharma,MS Dhoni,PM Siddle,1,0,"",""
ball,2,15.2,India,MS Dhoni,RG Sharma,PM Siddle,0,0,"",""
ball,2,15.3,India,MS Dhoni,RG Sharma,PM Siddle,0,0,"",""
ball,2,15.4,India,MS Dhoni,RG Sharma,PM Siddle,1,0,"",""
ball,2,15.5,India,RG Sharma,MS Dhoni,PM Siddle,1,0,"",""
ball,2,15.6,India,MS Dhoni,RG Sharma,PM Siddle,0,0,"",""
ball,2,16.1,India,RG Sharma,MS Dhoni,NM Lyon,0,0,"",""
ball,2,16.2,India,RG Sharma,MS Dhoni,NM Lyon,0,0,"",""
ball,2,16.3,India,RG Sharma,MS Dhoni,NM Lyon,0,0,"",""
ball,2,16.4,India,RG Sharma,MS Dhoni,NM Lyon,0,0,"",""
ball,2,16.5,India,RG Sharma,MS Dhoni,NM Lyon,0,0,"",""
ball,2,16.6,India,RG Sharma,MS Dhoni,NM Lyon,6,0,"",""
ball,2,17.1,India,MS Dhoni,RG Sharma,MP Stoinis,0,0,"",""
ball,2,17.2,India,MS Dhoni,RG Sharma,MP Stoinis,1,0,"",""
ball,2,17.3,India,RG Sharma,MS Dhoni,MP Stoinis,1,0,"",""
ball,2,17.4,India,MS Dhoni,RG Sharma,MP Stoinis,1,0,"",""
ball,2,17.5,India,RG Sharma,MS Dhoni,MP Stoinis,1,0,"",""
ball,2,17.6,India,MS Dhoni,RG Sharma,MP Stoinis,0,0,"",""
ball,2,18.1,India,RG Sharma,MS Dhoni,NM Lyon,3,0,"",""
ball,2,18.2,India,MS Dhoni,RG Sharma,NM Lyon,0,0,"",""
ball,2,18.3,India,MS Dhoni,RG Sharma,NM Lyon,1,0,"",""
ball,2,18.4,India,RG Sharma,MS Dhoni,NM Lyon,0,0,"",""
ball,2,18.5,India,RG Sharma,MS Dhoni,NM Lyon,1,0,"",""
ball,2,18.6,India,MS Dhoni,RG Sharma,NM Lyon,0,0,"",""
ball,2,19.1,India,RG Sharma,MS Dhoni,MP Stoinis,1,0,"",""
ball,2,19.2,India,MS Dhoni,RG Sharma,MP Stoinis,2,0,"",""
ball,2,19.3,India,MS Dhoni,RG Sharma,MP Stoinis,1,0,"",""
ball,2,19.4,India,RG Sharma,MS Dhoni,MP Stoinis,1,0,"",""
ball,2,19.5,India,MS Dhoni,RG Sharma,MP Stoinis,0,0,"",""
ball,2,19.6,India,MS Dhoni,RG Sharma,MP Stoinis,1,0,"",""
ball,2,20.1,India,MS Dhoni,RG Sharma,PM Siddle,4,0,"",""
ball,2,20.2,India,MS Dhoni,RG Sharma,PM Siddle,0,0,"",""
ball,2,20.3,India,MS Dhoni,RG Sharma,PM Siddle,0,0,"",""
ball,2,20.4,India,MS Dhoni,RG Sharma,PM Siddle,0,0,"",""
ball,2,20.5,India,MS Dhoni,RG Sharma,PM Siddle,1,0,"",""
ball,2,20.6,India,RG Sharma,MS Dhoni,PM Siddle,0,0,"",""
ball,2,21.1,India,MS Dhoni,RG Sharma,MP Stoinis,2,0,"",""
ball,2,21.2,India,MS Dhoni,RG Sharma,MP Stoinis,0,0,"",""
ball,2,21.3,India,MS Dhoni,RG Sharma,MP Stoinis,0,0,"",""
ball,2,21.4,India,MS Dhoni,RG Sharma,MP Stoinis,1,0,"",""
ball,2,21.5,India,RG Sharma,MS Dhoni,MP Stoinis,1,0,"",""
ball,2,21.6,India,MS Dhoni,RG Sharma,MP Stoinis,0,1,"",""
ball,2,21.7,India,MS Dhoni,RG Sharma,MP Stoinis,1,0,"",""
ball,2,22.1,India,MS Dhoni,RG Sharma,PM Siddle,1,0,"",""
ball,2,22.2,India,RG Sharma,MS Dhoni,PM Siddle,4,0,"",""
ball,2,22.3,India,RG Sharma,MS Dhoni,PM Siddle,1,0,"",""
ball,2,22.4,India,MS Dhoni,RG Sharma,PM Siddle,0,0,"",""
ball,2,22.5,India,MS Dhoni,RG Sharma,PM Siddle,1,0,"",""
ball,2,22.6,India,RG Sharma,MS Dhoni,PM Siddle,0,0,"",""
ball,2,23.1,India,MS Dhoni,RG Sharma,GJ Maxwell,0,0,"",""
ball,2,23.2,India,MS Dhoni,RG Sharma,GJ Maxwell,0,0,"",""
ball,2,23.3,India,MS Dhoni,RG Sharma,GJ Maxwell,4,0,"",""
ball,2,23.4,India,MS Dhoni,RG Sharma,GJ Maxwell,1,0,"",""
ball,2,23.5,India,RG Sharma,MS Dhoni,GJ Maxwell,4,0,"",""
ball,2,23.6,India,RG Sharma,MS Dhoni,GJ Maxwell,0,0,"",""
ball,2,24.1,India,MS Dhoni,RG Sharma,JA Richardson,0,0,"",""
ball,2,24.2,India,MS Dhoni,RG Sharma,JA Richardson,1,0,"",""
ball,2,24.3,India,RG Sharma,MS Dhoni,JA Richardson,1,0,"",""
ball,2,24.4,India,MS Dhoni,RG Sharma,JA Richardson,0,1,"",""
ball,2,24.5,India,RG Sharma,MS Dhoni,JA Richardson,1,0,"",""
ball,2,24.6,India,MS Dhoni,RG Sharma,JA Richardson,0,0,"",""
ball,2,25.1,India,RG Sharma,MS Dhoni,NM Lyon,0,0,"",""
ball,2,25.2,India,RG Sharma,MS Dhoni,NM Lyon,1,0,"",""
ball,2,25.3,India,MS Dhoni,RG Sharma,NM Lyon,1,0,"",""
ball,2,25.4,India,RG Sharma,MS Dhoni,NM Lyon,0,0,"",""
ball,2,25.5,India,RG Sharma,MS Dhoni,NM Lyon,0,0,"",""
ball,2,25.6,India,RG Sharma,MS Dhoni,NM Lyon,0,0,"",""
ball,2,26.1,India,MS Dhoni,RG Sharma,JA Richardson,2,0,"",""
ball,2,26.2,India,MS Dhoni,RG Sharma,JA Richardson,1,0,"",""
ball,2,26.3,India,RG Sharma,MS Dhoni,JA Richardson,1,0,"",""
ball,2,26.4,India,MS Dhoni,RG Sharma,JA Richardson,0,0,"",""
ball,2,26.5,India,MS Dhoni,RG Sharma,JA Richardson,0,1,"",""
ball,2,26.6,India,MS Dhoni,RG Sharma,JA Richardson,0,1,"",""
ball,2,26.7,India,RG Sharma,MS Dhoni,JA Richardson,1,0,"",""
ball,2,27.1,India,RG Sharma,MS Dhoni,NM Lyon,1,0,"",""
ball,2,27.2,India,MS Dhoni,RG Sharma,NM Lyon,0,0,"",""
ball,2,27.3,India,MS Dhoni,RG Sharma,NM Lyon,0,1,"",""
ball,2,27.4,India,RG Sharma,MS Dhoni,NM Lyon,2,0,"",""
ball,2,27.5,India,RG Sharma,MS Dhoni,NM Lyon,0,0,"",""
ball,2,27.6,India,RG Sharma,MS Dhoni,NM Lyon,0,0,"",""
ball,2,28.1,India,MS Dhoni,RG Sharma,JP Behrendorff,0,1,"",""
ball,2,28.2,India,MS Dhoni,RG Sharma,JP Behrendorff,0,1,"",""
ball,2,28.3,India,RG Sharma,MS Dhoni,JP Behrendorff,4,0,"",""
ball,2,28.4,India,RG Sharma,MS Dhoni,JP Behrendorff,1,0,"",""
ball,2,28.5,India,MS Dhoni,RG Sharma,JP Behrendorff,1,0,"",""
ball,2,28.6,India,RG Sharma,MS Dhoni,JP Behrendorff,0,0,"",""
ball,2,28.7,India,RG Sharma,MS Dhoni,JP Behrendorff,4,0,"",""
ball,2,29.1,India,MS Dhoni,RG Sharma,NM Lyon,2,0,"",""
ball,2,29.2,India,MS Dhoni,RG Sharma,NM Lyon,1,0,"",""
ball,2,29.3,India,RG Sharma,MS Dhoni,NM Lyon,0,0,"",""
ball,2,29.4,India,RG Sharma,MS Dhoni,NM Lyon,0,0,"",""
ball,2,29.5,India,RG Sharma,MS Dhoni,NM Lyon,6,0,"",""
ball,2,29.6,India,RG Sharma,MS Dhoni,NM Lyon,0,0,"",""
ball,2,30.1,India,MS Dhoni,RG Sharma,JP Behrendorff,0,0,"",""
ball,2,30.2,India,MS Dhoni,RG Sharma,JP Behrendorff,0,0,"",""
ball,2,30.3,India,MS Dhoni,RG Sharma,JP Behrendorff,0,0,"",""
ball,2,30.4,India,MS Dhoni,RG Sharma,JP Behrendorff,0,0,"",""
ball,2,30.5,India,MS Dhoni,RG Sharma,JP Behrendorff,0,0,"",""
ball,2,30.6,India,MS Dhoni,RG Sharma,JP Behrendorff,1,0,"",""
ball,2,31.1,India,MS Dhoni,RG Sharma,MP Stoinis,4,0,"",""
ball,2,31.2,India,MS Dhoni,RG Sharma,MP Stoinis,0,0,"",""
ball,2,31.3,India,MS Dhoni,RG Sharma,MP Stoinis,1,0,"",""
ball,2,31.4,India,RG Sharma,MS Dhoni,MP Stoinis,0,0,"",""
ball,2,31.5,India,RG Sharma,MS Dhoni,MP Stoinis,0,0,"",""
ball,2,31.6,India,RG Sharma,MS Dhoni,MP Stoinis,1,0,"",""
ball,2,32.1,India,RG Sharma,MS Dhoni,JP Behrendorff,1,0,"",""
ball,2,32.2,India,MS Dhoni,RG Sharma,JP Behrendorff,0,0,lbw,MS Dhoni
ball,2,32.3,India,KD Karthik,RG Sharma,JP Behrendorff,1,0,"",""
ball,2,32.4,India,RG Sharma,KD Karthik,JP Behrendorff,0,0,"",""
ball,2,32.5,India,RG Sharma,KD Karthik,JP Behrendorff,1,0,"",""
ball,2,32.6,India,KD Karthik,RG Sharma,JP Behrendorff,1,0,"",""
ball,2,33.1,India,KD Karthik,RG Sharma,MP Stoinis,1,0,"",""
ball,2,33.2,India,RG Sharma,KD Karthik,MP Stoinis,0,0,"",""
ball,2,33.3,India,RG Sharma,KD Karthik,MP Stoinis,0,0,"",""
ball,2,33.4,India,RG Sharma,KD Karthik,MP Stoinis,1,0,"",""
ball,2,33.5,India,KD Karthik,RG Sharma,MP Stoinis,0,0,"",""
ball,2,33.6,India,KD Karthik,RG Sharma,MP Stoinis,2,0,"",""
ball,2,34.1,India,RG Sharma,KD Karthik,JP Behrendorff,0,0,"",""
ball,2,34.2,India,RG Sharma,KD Karthik,JP Behrendorff,1,0,"",""
ball,2,34.3,India,KD Karthik,RG Sharma,JP Behrendorff,0,0,"",""
ball,2,34.4,India,KD Karthik,RG Sharma,JP Behrendorff,0,0,"",""
ball,2,34.5,India,KD Karthik,RG Sharma,JP Behrendorff,1,0,"",""
ball,2,34.6,India,RG Sharma,KD Karthik,JP Behrendorff,1,0,"",""
ball,2,35.1,India,RG Sharma,KD Karthik,MP Stoinis,1,0,"",""
ball,2,35.2,India,KD Karthik,RG Sharma,MP Stoinis,0,0,"",""
ball,2,35.3,India,KD Karthik,RG Sharma,MP Stoinis,0,0,"",""
ball,2,35.4,India,KD Karthik,RG Sharma,MP Stoinis,0,0,"",""
ball,2,35.5,India,KD Karthik,RG Sharma,MP Stoinis,1,0,"",""
ball,2,35.6,India,RG Sharma,KD Karthik,MP Stoinis,0,0,"",""
ball,2,36.1,India,KD Karthik,RG Sharma,JP Behrendorff,0,0,"",""
ball,2,36.2,India,KD Karthik,RG Sharma,JP Behrendorff,1,0,"",""
ball,2,36.3,India,RG Sharma,KD Karthik,JP Behrendorff,2,0,"",""
ball,2,36.4,India,RG Sharma,KD Karthik,JP Behrendorff,2,0,"",""
ball,2,36.5,India,RG Sharma,KD Karthik,JP Behrendorff,1,0,"",""
ball,2,36.6,India,KD Karthik,RG Sharma,JP Behrendorff,2,0,"",""
ball,2,37.1,India,RG Sharma,KD Karthik,JA Richardson,0,0,"",""
ball,2,37.2,India,RG Sharma,KD Karthik,JA Richardson,0,0,"",""
ball,2,37.3,India,RG Sharma,KD Karthik,JA Richardson,1,0,"",""
ball,2,37.4,India,KD Karthik,RG Sharma,JA Richardson,0,0,"",""
ball,2,37.5,India,KD Karthik,RG Sharma,JA Richardson,0,0,"",""
ball,2,37.6,India,KD Karthik,RG Sharma,JA Richardson,1,0,"",""
ball,2,38.1,India,KD Karthik,RG Sharma,PM Siddle,1,0,"",""
ball,2,38.2,India,RG Sharma,KD Karthik,PM Siddle,4,0,"",""
ball,2,38.3,India,RG Sharma,KD Karthik,PM Siddle,0,0,"",""
ball,2,38.4,India,RG Sharma,KD Karthik,PM Siddle,4,0,"",""
ball,2,38.5,India,RG Sharma,KD Karthik,PM Siddle,4,0,"",""
ball,2,38.6,India,RG Sharma,KD Karthik,PM Siddle,0,0,"",""
ball,2,39.1,India,KD Karthik,RG Sharma,JA Richardson,0,0,"",""
ball,2,39.2,India,KD Karthik,RG Sharma,JA Richardson,0,0,bowled,KD Karthik
ball,2,39.3,India,RA Jadeja,RG Sharma,JA Richardson,0,0,"",""
ball,2,39.4,India,RA Jadeja,RG Sharma,JA Richardson,1,0,"",""
ball,2,39.5,India,RG Sharma,RA Jadeja,JA Richardson,2,0,"",""
ball,2,39.6,India,RG Sharma,RA Jadeja,JA Richardson,1,0,"",""
ball,2,40.1,India,RG Sharma,RA Jadeja,NM Lyon,1,0,"",""
ball,2,40.2,India,RA Jadeja,RG Sharma,NM Lyon,1,0,"",""
ball,2,40.3,India,RG Sharma,RA Jadeja,NM Lyon,0,0,"",""
ball,2,40.4,India,RG Sharma,RA Jadeja,NM Lyon,0,0,"",""
ball,2,40.5,India,RG Sharma,RA Jadeja,NM Lyon,1,0,"",""
ball,2,40.6,India,RA Jadeja,RG Sharma,NM Lyon,1,0,"",""
ball,2,41.1,India,RA Jadeja,RG Sharma,GJ Maxwell,2,0,"",""
ball,2,41.2,India,RA Jadeja,RG Sharma,GJ Maxwell,1,0,"",""
ball,2,41.3,India,RG Sharma,RA Jadeja,GJ Maxwell,0,0,"",""
ball,2,41.4,India,RG Sharma,RA Jadeja,GJ Maxwell,2,0,"",""
ball,2,41.5,India,RG Sharma,RA Jadeja,GJ Maxwell,0,0,"",""
ball,2,41.6,India,RG Sharma,RA Jadeja,GJ Maxwell,4,0,"",""
ball,2,42.1,India,RA Jadeja,RG Sharma,NM Lyon,0,0,"",""
ball,2,42.2,India,RA Jadeja,RG Sharma,NM Lyon,1,0,"",""
ball,2,42.3,India,RG Sharma,RA Jadeja,NM Lyon,6,0,"",""
ball,2,42.4,India,RG Sharma,RA Jadeja,NM Lyon,1,0,"",""
ball,2,42.5,India,RA Jadeja,RG Sharma,NM Lyon,0,0,"",""
ball,2,42.6,India,RA Jadeja,RG Sharma,NM Lyon,0,0,"",""
ball,2,43.1,India,RG Sharma,RA Jadeja,MP Stoinis,1,0,"",""
ball,2,43.2,India,RA Jadeja,RG Sharma,MP Stoinis,0,0,"",""
ball,2,43.3,India,RA Jadeja,RG Sharma,MP Stoinis,1,0,"",""
ball,2,43.4,India,RG Sharma,RA Jadeja,MP Stoinis,0,0,"",""
ball,2,43.5,India,RG Sharma,RA Jadeja,MP Stoinis,6,0,"",""
ball,2,43.6,India,RG Sharma,RA Jadeja,MP Stoinis,4,0,"",""
ball,2,44.1,India,RA Jadeja,RG Sharma,JA Richardson,0,0,caught,RA Jadeja
ball,2,44.2,India,RG Sharma,B Kumar,JA Richardson,1,0,"",""
ball,2,44.3,India,B Kumar,RG Sharma,JA Richardson,0,0,"",""
ball,2,44.4,India,B Kumar,RG Sharma,JA Richardson,0,0,"",""
ball,2,44.5,India,B Kumar,RG Sharma,JA Richardson,0,0,"",""
ball,2,44.6,India,B Kumar,RG Sharma,JA Richardson,0,0,"",""
ball,2,45.1,India,RG Sharma,B Kumar,MP Stoinis,1,0,"",""
ball,2,45.2,India,B Kumar,RG Sharma,MP Stoinis,1,0,"",""
ball,2,45.3,India,RG Sharma,B Kumar,MP Stoinis,0,1,"",""
ball,2,45.4,India,RG Sharma,B Kumar,MP Stoinis,4,0,"",""
ball,2,45.5,India,RG Sharma,B Kumar,MP Stoinis,0,0,caught,RG Sharma
ball,2,45.6,India,B Kumar,Kuldeep Yadav,MP Stoinis,2,0,"",""
ball,2,45.7,India,B Kumar,Kuldeep Yadav,MP Stoinis,0,0,"",""
ball,2,46.1,India,Kuldeep Yadav,B Kumar,JA Richardson,1,0,"",""
ball,2,46.2,India,B Kumar,Kuldeep Yadav,JA Richardson,1,0,"",""
ball,2,46.3,India,Kuldeep Yadav,B Kumar,JA Richardson,0,0,"",""
ball,2,46.4,India,Kuldeep Yadav,B Kumar,JA Richardson,1,0,"",""
ball,2,46.5,India,B Kumar,Kuldeep Yadav,JA Richardson,0,0,"",""
ball,2,46.6,India,B Kumar,Kuldeep Yadav,JA Richardson,1,0,"",""
ball,2,47.1,India,B Kumar,Kuldeep Yadav,MP Stoinis,4,0,"",""
ball,2,47.2,India,B Kumar,Kuldeep Yadav,MP Stoinis,4,0,"",""
ball,2,47.3,India,B Kumar,Kuldeep Yadav,MP Stoinis,0,0,"",""
ball,2,47.4,India,B Kumar,Kuldeep Yadav,MP Stoinis,1,0,"",""
ball,2,47.5,India,Kuldeep Yadav,B Kumar,MP Stoinis,0,1,"",""
ball,2,47.6,India,B Kumar,Kuldeep Yadav,MP Stoinis,1,0,"",""
ball,2,48.1,India,B Kumar,Kuldeep Yadav,PM Siddle,4,0,"",""
ball,2,48.2,India,B Kumar,Kuldeep Yadav,PM Siddle,1,0,"",""
ball,2,48.3,India,Kuldeep Yadav,B Kumar,PM Siddle,1,0,"",""
ball,2,48.4,India,B Kumar,Kuldeep Yadav,PM Siddle,2,0,"",""
ball,2,48.5,India,B Kumar,Kuldeep Yadav,PM Siddle,1,0,"",""
ball,2,48.6,India,Kuldeep Yadav,B Kumar,PM Siddle,0,0,caught,Kuldeep Yadav
ball,2,49.1,India,B Kumar,Mohammed Shami,MP Stoinis,1,0,"",""
ball,2,49.2,India,Mohammed Shami,B Kumar,MP Stoinis,1,0,"",""
ball,2,49.3,India,B Kumar,Mohammed Shami,MP Stoinis,4,0,"",""
ball,2,49.4,India,B Kumar,Mohammed Shami,MP Stoinis,0,0,"",""
ball,2,49.5,India,B Kumar,Mohammed Shami,MP Stoinis,1,0,"",""
ball,2,49.6,India,Mohammed Shami,B Kumar,MP Stoinis,0,0,caught,Mohammed Shami
