version,1.3.0
info,team,India
info,team,West Indies
info,gender,male
info,season,2019
info,date,2019/06/27
info,competition,World Cup
info,match_number,34
info,venue,Old Trafford
info,city,Manchester
info,toss_winner,India
info,toss_decision,bat
info,player_of_match,V Kohli
info,umpire,RA Kettleborough
info,umpire,RK Illingworth
info,reserve_umpire,Aleem Dar
info,tv_umpire,MA Gough
info,match_referee,BC Broad
info,winner,India
info,winner_runs,125
ball,1,0.1,India,KL Rahul,RG Sharma,SS Cottrell,0,0,"",""
ball,1,0.2,India,KL Rahul,RG Sharma,SS Cottrell,3,0,"",""
ball,1,0.3,India,RG Sharma,KL Rahul,SS Cottrell,0,0,"",""
ball,1,0.4,India,RG Sharma,KL Rahul,SS Cottrell,0,0,"",""
ball,1,0.5,India,RG Sharma,KL Rahul,SS Cottrell,1,0,"",""
ball,1,0.6,India,KL Rahul,RG Sharma,SS Cottrell,0,0,"",""
ball,1,1.1,India,RG Sharma,KL Rahul,KAJ Roach,1,0,"",""
ball,1,1.2,India,KL Rahul,RG Sharma,KAJ Roach,0,0,"",""
ball,1,1.3,India,KL Rahul,RG Sharma,KAJ Roach,0,0,"",""
ball,1,1.4,India,KL Rahul,RG Sharma,KAJ Roach,0,0,"",""
ball,1,1.5,India,KL Rahul,RG Sharma,KAJ Roach,0,0,"",""
ball,1,1.6,India,KL Rahul,RG Sharma,KAJ Roach,0,0,"",""
ball,1,2.1,India,RG Sharma,KL Rahul,SS Cottrell,0,0,"",""
ball,1,2.2,India,RG Sharma,KL Rahul,SS Cottrell,0,0,"",""
ball,1,2.3,India,RG Sharma,KL Rahul,SS Cottrell,0,0,"",""
ball,1,2.4,India,RG Sharma,KL Rahul,SS Cottrell,0,0,"",""
ball,1,2.5,India,RG Sharma,KL Rahul,SS Cottrell,0,1,"",""
ball,1,2.6,India,RG Sharma,KL Rahul,SS Cottrell,1,0,"",""
ball,1,2.7,India,KL Rahul,RG Sharma,SS Cottrell,0,0,"",""
ball,1,3.1,India,RG Sharma,KL Rahul,KAJ Roach,0,0,"",""
ball,1,3.2,India,RG Sharma,KL Rahul,KAJ Roach,1,0,"",""
ball,1,3.3,India,KL Rahul,RG Sharma,KAJ Roach,1,0,"",""
ball,1,3.4,India,RG Sharma,KL Rahul,KAJ Roach,0,0,"",""
ball,1,3.5,India,RG Sharma,KL Rahul,KAJ Roach,0,0,"",""
ball,1,3.6,India,RG Sharma,KL Rahul,KAJ Roach,0,0,"",""
ball,1,4.1,India,KL Rahul,RG Sharma,SS Cottrell,1,0,"",""
ball,1,4.2,India,RG Sharma,KL Rahul,SS Cottrell,0,0,"",""
ball,1,4.3,India,RG Sharma,KL Rahul,SS Cottrell,4,0,"",""
ball,1,4.4,India,RG Sharma,KL Rahul,SS Cottrell,0,0,"",""
ball,1,4.5,India,RG Sharma,KL Rahul,SS Cottrell,2,0,"",""
ball,1,4.6,India,RG Sharma,KL Rahul,SS Cottrell,1,0,"",""
ball,1,5.1,India,RG Sharma,KL Rahul,KAJ Roach,0,0,"",""
ball,1,5.2,India,RG Sharma,KL Rahul,KAJ Roach,6,0,"",""
ball,1,5.3,India,RG Sharma,KL Rahul,KAJ Roach,1,0,"",""
ball,1,5.4,India,KL Rahul,RG Sharma,KAJ Roach,4,0,"",""
ball,1,5.5,India,KL Rahul,RG Sharma,KAJ Roach,1,0,"",""
ball,1,5.6,India,RG Sharma,KL Rahul,KAJ Roach,0,0,caught,RG Sharma
ball,1,6.1,India,KL Rahul,V Kohli,O Thomas,0,0,"",""
ball,1,6.2,India,KL Rahul,V Kohli,O Thomas,0,0,"",""
ball,1,6.3,India,KL Rahul,V Kohli,O Thomas,1,0,"",""
ball,1,6.4,India,V Kohli,KL Rahul,O Thomas,0,0,"",""
ball,1,6.5,India,V Kohli,KL Rahul,O Thomas,0,0,"",""
ball,1,6.6,India,V Kohli,KL Rahul,O Thomas,0,1,"",""
ball,1,6.7,India,V Kohli,KL Rahul,O Thomas,4,0,"",""
ball,1,7.1,India,KL Rahul,V Kohli,KAJ Roach,0,0,"",""
ball,1,7.2,India,KL Rahul,V Kohli,KAJ Roach,0,0,"",""
ball,1,7.3,India,KL Rahul,V Kohli,KAJ Roach,0,0,"",""
ball,1,7.4,India,KL Rahul,V Kohli,KAJ Roach,0,0,"",""
ball,1,7.5,India,KL Rahul,V Kohli,KAJ Roach,0,0,"",""
ball,1,7.6,India,KL Rahul,V Kohli,KAJ Roach,3,0,"",""
ball,1,8.1,India,KL Rahul,V Kohli,O Thomas,0,0,"",""
ball,1,8.2,India,KL Rahul,V Kohli,O Thomas,0,0,"",""
ball,1,8.3,India,KL Rahul,V Kohli,O Thomas,2,0,"",""
ball,1,8.4,India,KL Rahul,V Kohli,O Thomas,2,0,"",""
ball,1,8.5,India,KL Rahul,V Kohli,O Thomas,2,0,"",""
ball,1,8.6,India,KL Rahul,V Kohli,O Thomas,0,0,"",""
ball,1,9.1,India,V Kohli,KL Rahul,KAJ Roach,3,0,"",""
ball,1,9.2,India,KL Rahul,V Kohli,KAJ Roach,0,0,"",""
ball,1,9.3,India,KL Rahul,V Kohli,KAJ Roach,0,0,"",""
ball,1,9.4,India,KL Rahul,V Kohli,KAJ Roach,0,0,"",""
ball,1,9.5,India,KL Rahul,V Kohli,KAJ Roach,0,0,"",""
ball,1,9.6,India,KL Rahul,V Kohli,KAJ Roach,0,0,"",""
ball,1,10.1,India,V Kohli,KL Rahul,O Thomas,0,0,"",""
ball,1,10.2,India,V Kohli,KL Rahul,O Thomas,0,0,"",""
ball,1,10.3,India,V Kohli,KL Rahul,O Thomas,4,0,"",""
ball,1,10.4,India,V Kohli,KL Rahul,O Thomas,1,0,"",""
ball,1,10.5,India,KL Rahul,V Kohli,O Thomas,4,0,"",""
ball,1,10.6,India,KL Rahul,V Kohli,O Thomas,0,0,"",""
ball,1,11.1,India,V Kohli,KL Rahul,FA Allen,0,0,"",""
ball,1,11.2,India,V Kohli,KL Rahul,FA Allen,1,0,"",""
ball,1,11.3,India,KL Rahul,V Kohli,FA Allen,0,0,"",""
ball,1,11.4,India,KL Rahul,V Kohli,FA Allen,1,0,"",""
ball,1,11.5,India,V Kohli,KL Rahul,FA Allen,0,0,"",""
ball,1,11.6,India,V Kohli,KL Rahul,FA Allen,4,0,"",""
ball,1,12.1,India,KL Rahul,V Kohli,JO Holder,0,0,"",""
ball,1,12.2,India,KL Rahul,V Kohli,JO Holder,0,0,"",""
ball,1,12.3,India,KL Rahul,V Kohli,JO Holder,0,0,"",""
ball,1,12.4,India,KL Rahul,V Kohli,JO Holder,0,0,"",""
ball,1,12.5,India,KL Rahul,V Kohli,JO Holder,0,0,"",""
ball,1,12.6,India,KL Rahul,V Kohli,JO Holder,0,0,"",""
ball,1,13.1,India,V Kohli,KL Rahul,FA Allen,0,0,"",""
ball,1,13.2,India,V Kohli,KL Rahul,FA Allen,1,0,"",""
ball,1,13.3,India,KL Rahul,V Kohli,FA Allen,0,0,"",""
ball,1,13.4,India,KL Rahul,V Kohli,FA Allen,1,0,"",""
ball,1,13.5,India,V Kohli,KL Rahul,FA Allen,2,0,"",""
ball,1,13.6,India,V Kohli,KL Rahul,FA Allen,1,0,"",""
ball,1,14.1,India,V Kohli,KL Rahul,JO Holder,0,0,"",""
ball,1,14.2,India,V Kohli,KL Rahul,JO Holder,0,0,"",""
ball,1,14.3,India,V Kohli,KL Rahul,JO Holder,0,0,"",""
ball,1,14.4,India,V Kohli,KL Rahul,JO Holder,0,0,"",""
ball,1,14.5,India,V Kohli,KL Rahul,JO Holder,0,0,"",""
ball,1,14.6,India,V Kohli,KL Rahul,JO Holder,0,0,"",""
ball,1,15.1,India,KL Rahul,V Kohli,FA Allen,0,0,"",""
ball,1,15.2,India,KL Rahul,V Kohli,FA Allen,0,0,"",""
ball,1,15.3,India,KL Rahul,V Kohli,FA Allen,4,0,"",""
ball,1,15.4,India,KL Rahul,V Kohli,FA Allen,1,0,"",""
ball,1,15.5,India,V Kohli,KL Rahul,FA Allen,0,0,"",""
ball,1,15.6,India,V Kohli,KL Rahul,FA Allen,0,0,"",""
ball,1,16.1,India,KL Rahul,V Kohli,JO Holder,0,0,"",""
ball,1,16.2,India,KL Rahul,V Kohli,JO Holder,0,0,"",""
ball,1,16.3,India,KL Rahul,V Kohli,JO Holder,4,0,"",""
ball,1,16.4,India,KL Rahul,V Kohli,JO Holder,0,0,"",""
ball,1,16.5,India,KL Rahul,V Kohli,JO Holder,0,0,"",""
ball,1,16.6,India,KL Rahul,V Kohli,JO Holder,1,0,"",""
ball,1,17.1,India,KL Rahul,V Kohli,FA Allen,4,0,"",""
ball,1,17.2,India,KL Rahul,V Kohli,FA Allen,1,0,"",""
ball,1,17.3,India,V Kohli,KL Rahul,FA Allen,2,0,"",""
ball,1,17.4,India,V Kohli,KL Rahul,FA Allen,1,0,"",""
ball,1,17.5,India,KL Rahul,V Kohli,FA Allen,1,0,"",""
ball,1,17.6,India,V Kohli,KL Rahul,FA Allen,1,0,"",""
ball,1,18.1,India,V Kohli,KL Rahul,JO Holder,0,0,"",""
ball,1,18.2,India,V Kohli,KL Rahul,JO Holder,0,0,"",""
ball,1,18.3,India,V Kohli,KL Rahul,JO Holder,0,0,"",""
ball,1,18.4,India,V Kohli,KL Rahul,JO Holder,2,0,"",""
ball,1,18.5,India,V Kohli,KL Rahul,JO Holder,0,0,"",""
ball,1,18.6,India,V Kohli,KL Rahul,JO Holder,0,0,"",""
ball,1,19.1,India,KL Rahul,V Kohli,FA Allen,1,0,"",""
ball,1,19.2,India,V Kohli,KL Rahul,FA Allen,1,0,"",""
ball,1,19.3,India,KL Rahul,V Kohli,FA Allen,1,0,"",""
ball,1,19.4,India,V Kohli,KL Rahul,FA Allen,0,0,"",""
ball,1,19.5,India,V Kohli,KL Rahul,FA Allen,1,0,"",""
ball,1,19.6,India,KL Rahul,V Kohli,FA Allen,4,0,"",""
ball,1,20.1,India,V Kohli,KL Rahul,JO Holder,1,0,"",""
ball,1,20.2,India,KL Rahul,V Kohli,JO Holder,0,0,"",""
ball,1,20.3,India,KL Rahul,V Kohli,JO Holder,0,0,"",""
ball,1,20.4,India,KL Rahul,V Kohli,JO Holder,0,0,bowled,KL Rahul
ball,1,20.5,India,V Shankar,V Kohli,JO Holder,0,0,"",""
ball,1,20.6,India,V Shankar,V Kohli,JO Holder,0,0,"",""
ball,1,21.1,India,V Kohli,V Shankar,SS Cottrell,1,0,"",""
ball,1,21.2,India,V Shankar,V Kohli,SS Cottrell,0,0,"",""
ball,1,21.3,India,V Shankar,V Kohli,SS Cottrell,1,0,"",""
ball,1,21.4,India,V Kohli,V Shankar,SS Cottrell,0,0,"",""
ball,1,21.5,India,V Kohli,V Shankar,SS Cottrell,4,0,"",""
ball,1,21.6,India,V Kohli,V Shankar,SS Cottrell,0,0,"",""
ball,1,22.1,India,V Shankar,V Kohli,JO Holder,4,0,"",""
ball,1,22.2,India,V Shankar,V Kohli,JO Holder,0,0,"",""
ball,1,22.3,India,V Shankar,V Kohli,JO Holder,0,0,"",""
ball,1,22.4,India,V Shankar,V Kohli,JO Holder,0,0,"",""
ball,1,22.5,India,V Shankar,V Kohli,JO Holder,0,0,"",""
ball,1,22.6,India,V Shankar,V Kohli,JO Holder,4,0,"",""
ball,1,23.1,India,V Kohli,V Shankar,SS Cottrell,1,0,"",""
ball,1,23.2,India,V Shankar,V Kohli,SS Cottrell,0,0,"",""
ball,1,23.3,India,V Shankar,V Kohli,SS Cottrell,0,0,"",""
ball,1,23.4,India,V Shankar,V Kohli,SS Cottrell,0,0,"",""
ball,1,23.5,India,V Shankar,V Kohli,SS Cottrell,0,0,"",""
ball,1,23.6,India,V Shankar,V Kohli,SS Cottrell,0,0,"",""
ball,1,24.1,India,V Kohli,V Shankar,JO Holder,0,0,"",""
ball,1,24.2,India,V Kohli,V Shankar,JO Holder,0,0,"",""
ball,1,24.3,India,V Kohli,V Shankar,JO Holder,0,0,"",""
ball,1,24.4,India,V Kohli,V Shankar,JO Holder,1,0,"",""
ball,1,24.5,India,V Shankar,V Kohli,JO Holder,0,0,"",""
ball,1,24.6,India,V Shankar,V Kohli,JO Holder,4,0,"",""
ball,1,25.1,India,V Kohli,V Shankar,SS Cottrell,1,0,"",""
ball,1,25.2,India,V Shankar,V Kohli,SS Cottrell,1,0,"",""
ball,1,25.3,India,V Kohli,V Shankar,SS Cottrell,0,0,"",""
ball,1,25.4,India,V Kohli,V Shankar,SS Cottrell,4,0,"",""
ball,1,25.5,India,V Kohli,V Shankar,SS Cottrell,0,0,"",""
ball,1,25.6,India,V Kohli,V Shankar,SS Cottrell,2,0,"",""
ball,1,26.1,India,V Shankar,V Kohli,KAJ Roach,0,0,caught,V Shankar
ball,1,26.2,India,KM Jadhav,V Kohli,KAJ Roach,0,0,"",""
ball,1,26.3,India,KM Jadhav,V Kohli,KAJ Roach,0,0,"",""
ball,1,26.4,India,KM Jadhav,V Kohli,KAJ Roach,0,0,"",""
ball,1,26.5,India,KM Jadhav,V Kohli,KAJ Roach,1,0,"",""
ball,1,26.6,India,V Kohli,KM Jadhav,KAJ Roach,1,0,"",""
ball,1,27.1,India,V Kohli,KM Jadhav,O Thomas,4,0,"",""
ball,1,27.2,India,V Kohli,KM Jadhav,O Thomas,0,0,"",""
ball,1,27.3,India,V Kohli,KM Jadhav,O Thomas,1,0,"",""
ball,1,27.4,India,KM Jadhav,V Kohli,O Thomas,0,0,"",""
ball,1,27.5,India,KM Jadhav,V Kohli,O Thomas,0,0,"",""
ball,1,27.6,India,KM Jadhav,V Kohli,O Thomas,2,0,"",""
ball,1,28.1,India,V Kohli,KM Jadhav,KAJ Roach,0,0,"",""
ball,1,28.2,India,V Kohli,KM Jadhav,KAJ Roach,1,0,"",""
ball,1,28.3,India,KM Jadhav,V Kohli,KAJ Roach,0,0,"",""
ball,1,28.4,India,KM Jadhav,V Kohli,KAJ Roach,4,0,"",""
ball,1,28.5,India,KM Jadhav,V Kohli,KAJ Roach,0,0,caught,KM Jadhav
ball,1,28.6,India,MS Dhoni,V Kohli,KAJ Roach,0,0,"",""
ball,1,29.1,India,V Kohli,MS Dhoni,O Thomas,1,0,"",""
ball,1,29.2,India,MS Dhoni,V Kohli,O Thomas,1,0,"",""
ball,1,29.3,India,V Kohli,MS Dhoni,O Thomas,1,0,"",""
ball,1,29.4,India,MS Dhoni,V Kohli,O Thomas,0,0,"",""
ball,1,29.5,India,MS Dhoni,V Kohli,O Thomas,4,0,"",""
ball,1,29.6,India,MS Dhoni,V Kohli,O Thomas,0,1,"",""
ball,1,29.7,India,MS Dhoni,V Kohli,O Thomas,0,0,"",""
ball,1,30.1,India,V Kohli,MS Dhoni,KAJ Roach,0,0,"",""
ball,1,30.2,India,V Kohli,MS Dhoni,KAJ Roach,1,0,"",""
ball,1,30.3,India,MS Dhoni,V Kohli,KAJ Roach,0,0,"",""
ball,1,30.4,India,MS Dhoni,V Kohli,KAJ Roach,1,0,"",""
ball,1,30.5,India,V Kohli,MS Dhoni,KAJ Roach,0,0,"",""
ball,1,30.6,India,V Kohli,MS Dhoni,KAJ Roach,0,0,"",""
ball,1,31.1,India,MS Dhoni,V Kohli,FA Allen,1,0,"",""
ball,1,31.2,India,V Kohli,MS Dhoni,FA Allen,0,0,"",""
ball,1,31.3,India,V Kohli,MS Dhoni,FA Allen,0,0,"",""
ball,1,31.4,India,V Kohli,MS Dhoni,FA Allen,0,0,"",""
ball,1,31.5,India,V Kohli,MS Dhoni,FA Allen,1,0,"",""
ball,1,31.6,India,MS Dhoni,V Kohli,FA Allen,0,0,"",""
ball,1,32.1,India,V Kohli,MS Dhoni,KAJ Roach,1,0,"",""
ball,1,32.2,India,MS Dhoni,V Kohli,KAJ Roach,0,0,"",""
ball,1,32.3,India,MS Dhoni,V Kohli,KAJ Roach,0,0,"",""
ball,1,32.4,India,MS Dhoni,V Kohli,KAJ Roach,0,0,"",""
ball,1,32.5,India,MS Dhoni,V Kohli,KAJ Roach,0,0,"",""
ball,1,32.6,India,MS Dhoni,V Kohli,KAJ Roach,1,0,"",""
ball,1,33.1,India,MS Dhoni,V Kohli,FA Allen,0,1,"",""
ball,1,33.2,India,V Kohli,MS Dhoni,FA Allen,0,0,"",""
ball,1,33.3,India,V Kohli,MS Dhoni,FA Allen,1,0,"",""
ball,1,33.4,India,MS Dhoni,V Kohli,FA Allen,1,0,"",""
ball,1,33.5,India,V Kohli,MS Dhoni,FA Allen,4,0,"",""
ball,1,33.6,India,V Kohli,MS Dhoni,FA Allen,1,0,"",""
ball,1,34.1,India,V Kohli,MS Dhoni,KAJ Roach,2,0,"",""
ball,1,34.2,India,V Kohli,MS Dhoni,KAJ Roach,0,0,"",""
ball,1,34.3,India,V Kohli,MS Dhoni,KAJ Roach,0,0,"",""
ball,1,34.4,India,V Kohli,MS Dhoni,KAJ Roach,0,0,"",""
ball,1,34.5,India,V Kohli,MS Dhoni,KAJ Roach,0,0,"",""
ball,1,34.6,India,V Kohli,MS Dhoni,KAJ Roach,2,0,"",""
ball,1,35.1,India,MS Dhoni,V Kohli,FA Allen,2,0,"",""
ball,1,35.2,India,MS Dhoni,V Kohli,FA Allen,2,0,"",""
ball,1,35.3,India,MS Dhoni,V Kohli,FA Allen,0,0,"",""
ball,1,35.4,India,MS Dhoni,V Kohli,FA Allen,0,0,"",""
ball,1,35.5,India,MS Dhoni,V Kohli,FA Allen,0,0,"",""
ball,1,35.6,India,MS Dhoni,V Kohli,FA Allen,1,0,"",""
ball,1,36.1,India,MS Dhoni,V Kohli,JO Holder,0,0,"",""
ball,1,36.2,India,MS Dhoni,V Kohli,JO Holder,1,0,"",""
ball,1,36.3,India,V Kohli,MS Dhoni,JO Holder,1,0,"",""
ball,1,36.4,India,MS Dhoni,V Kohli,JO Holder,0,0,"",""
ball,1,36.5,India,MS Dhoni,V Kohli,JO Holder,0,0,"",""
ball,1,36.6,India,MS Dhoni,V Kohli,JO Holder,1,0,"",""
ball,1,37.1,India,MS Dhoni,V Kohli,FA Allen,0,0,"",""
ball,1,37.2,India,MS Dhoni,V Kohli,FA Allen,0,0,"",""
ball,1,37.3,India,MS Dhoni,V Kohli,FA Allen,1,0,"",""
ball,1,37.4,India,V Kohli,MS Dhoni,FA Allen,1,0,"",""
ball,1,37.5,India,MS Dhoni,V Kohli,FA Allen,0,0,"",""
ball,1,37.6,India,MS Dhoni,V Kohli,FA Allen,0,0,"",""
ball,1,38.1,India,V Kohli,MS Dhoni,JO Holder,4,0,"",""
ball,1,38.2,India,V Kohli,MS Dhoni,JO Holder,0,0,caught,V Kohli
ball,1,38.3,India,HH Pandya,MS Dhoni,JO Holder,0,0,"",""
ball,1,38.4,India,HH Pandya,MS Dhoni,JO Holder,0,0,"",""
ball,1,38.5,India,HH Pandya,MS Dhoni,JO Holder,0,0,"",""
ball,1,38.6,India,HH Pandya,MS Dhoni,JO Holder,4,0,"",""
ball,1,39.1,India,MS Dhoni,HH Pandya,FA Allen,0,0,"",""
ball,1,39.2,India,MS Dhoni,HH Pandya,FA Allen,1,0,"",""
ball,1,39.3,India,HH Pandya,MS Dhoni,FA Allen,0,0,"",""
ball,1,39.4,India,HH Pandya,MS Dhoni,FA Allen,1,0,"",""
ball,1,39.5,India,MS Dhoni,HH Pandya,FA Allen,0,0,"",""
ball,1,39.6,India,MS Dhoni,HH Pandya,FA Allen,0,0,"",""
ball,1,40.1,India,HH Pandya,MS Dhoni,JO Holder,0,0,"",""
ball,1,40.2,India,HH Pandya,MS Dhoni,JO Holder,0,0,"",""
ball,1,40.3,India,HH Pandya,MS Dhoni,JO Holder,0,0,"",""
ball,1,40.4,India,HH Pandya,MS Dhoni,JO Holder,1,0,"",""
ball,1,40.5,India,MS Dhoni,HH Pandya,JO Holder,0,0,"",""
ball,1,40.6,India,MS Dhoni,HH Pandya,JO Holder,0,0,"",""
ball,1,41.1,India,HH Pandya,MS Dhoni,CR Brathwaite,1,0,"",""
ball,1,41.2,India,MS Dhoni,HH Pandya,CR Brathwaite,1,0,"",""
ball,1,41.3,India,HH Pandya,MS Dhoni,CR Brathwaite,3,0,"",""
ball,1,41.4,India,MS Dhoni,HH Pandya,CR Brathwaite,1,0,"",""
ball,1,41.5,India,HH Pandya,MS Dhoni,CR Brathwaite,4,0,"",""
ball,1,41.6,India,HH Pandya,MS Dhoni,CR Brathwaite,0,1,"",""
ball,1,41.7,India,HH Pandya,MS Dhoni,CR Brathwaite,0,1,"",""
ball,1,41.8,India,HH Pandya,MS Dhoni,CR Brathwaite,1,0,"",""
ball,1,42.1,India,HH Pandya,MS Dhoni,SS Cottrell,0,0,"",""
ball,1,42.2,India,HH Pandya,MS Dhoni,SS Cottrell,2,0,"",""
ball,1,42.3,India,HH Pandya,MS Dhoni,SS Cottrell,0,0,"",""
ball,1,42.4,India,HH Pandya,MS Dhoni,SS Cottrell,0,0,"",""
ball,1,42.5,India,HH Pandya,MS Dhoni,SS Cottrell,1,0,"",""
ball,1,42.6,India,MS Dhoni,HH Pandya,SS Cottrell,1,0,"",""
ball,1,43.1,India,MS Dhoni,HH Pandya,CR Brathwaite,1,0,"",""
ball,1,43.2,India,HH Pandya,MS Dhoni,CR Brathwaite,4,0,"",""
ball,1,43.3,India,HH Pandya,MS Dhoni,CR Brathwaite,1,0,"",""
ball,1,43.4,India,MS Dhoni,HH Pandya,CR Brathwaite,1,0,"",""
ball,1,43.5,India,HH Pandya,MS Dhoni,CR Brathwaite,1,0,"",""
ball,1,43.6,India,MS Dhoni,HH Pandya,CR Brathwaite,2,0,"",""
ball,1,44.1,India,HH Pandya,MS Dhoni,SS Cottrell,0,0,"",""
ball,1,44.2,India,HH Pandya,MS Dhoni,SS Cottrell,1,0,"",""
ball,1,44.3,India,MS Dhoni,HH Pandya,SS Cottrell,1,0,"",""
ball,1,44.4,India,HH Pandya,MS Dhoni,SS Cottrell,0,0,"",""
ball,1,44.5,India,HH Pandya,MS Dhoni,SS Cottrell,2,0,"",""
ball,1,44.6,India,HH Pandya,MS Dhoni,SS Cottrell,1,0,"",""
ball,1,45.1,India,HH Pandya,MS Dhoni,CR Brathwaite,1,0,"",""
ball,1,45.2,India,MS Dhoni,HH Pandya,CR Brathwaite,4,0,"",""
ball,1,45.3,India,MS Dhoni,HH Pandya,CR Brathwaite,1,0,"",""
ball,1,45.4,India,HH Pandya,MS Dhoni,CR Brathwaite,1,0,"",""
ball,1,45.5,India,MS Dhoni,HH Pandya,CR Brathwaite,2,0,"",""
ball,1,45.6,India,MS Dhoni,HH Pandya,CR Brathwaite,1,0,"",""
ball,1,46.1,India,MS Dhoni,HH Pandya,SS Cottrell,1,0,"",""
ball,1,46.2,India,HH Pandya,MS Dhoni,SS Cottrell,0,0,"",""
ball,1,46.3,India,HH Pandya,MS Dhoni,SS Cottrell,4,0,"",""
ball,1,46.4,India,HH Pandya,MS Dhoni,SS Cottrell,2,0,"",""
ball,1,46.5,India,HH Pandya,MS Dhoni,SS Cottrell,1,0,"",""
ball,1,46.6,India,MS Dhoni,HH Pandya,SS Cottrell,1,0,"",""
ball,1,47.1,India,MS Dhoni,HH Pandya,O Thomas,1,0,"",""
ball,1,47.2,India,HH Pandya,MS Dhoni,O Thomas,2,0,"",""
ball,1,47.3,India,HH Pandya,MS Dhoni,O Thomas,1,0,"",""
ball,1,47.4,India,MS Dhoni,HH Pandya,O Thomas,1,0,"",""
ball,1,47.5,India,HH Pandya,MS Dhoni,O Thomas,2,0,"",""
ball,1,47.6,India,HH Pandya,MS Dhoni,O Thomas,4,0,"",""
ball,1,48.1,India,MS Dhoni,HH Pandya,SS Cottrell,1,0,"",""
ball,1,48.2,India,HH Pandya,MS Dhoni,SS Cottrell,0,0,caught,HH Pandya
ball,1,48.3,India,MS Dhoni,Mohammed Shami,SS Cottrell,0,1,"",""
ball,1,48.4,India,MS Dhoni,Mohammed Shami,SS Cottrell,1,0,"",""
ball,1,48.5,India,Mohammed Shami,MS Dhoni,SS Cottrell,0,0,"",""
ball,1,48.6,India,Mohammed Shami,MS Dhoni,SS Cottrell,0,0,caught,Mohammed Shami
ball,1,48.7,India,Kuldeep Yadav,MS Dhoni,SS Cottrell,0,0,"",""
ball,1,49.1,India,MS Dhoni,Kuldeep Yadav,O Thomas,6,0,"",""
ball,1,49.2,India,MS Dhoni,Kuldeep Yadav,O Thomas,0,0,"",""
ball,1,49.3,India,MS Dhoni,Kuldeep Yadav,O Thomas,0,0,"",""
ball,1,49.4,India,MS Dhoni,Kuldeep Yadav,O Thomas,4,0,"",""
ball,1,49.5,India,MS Dhoni,Kuldeep Yadav,O Thomas,0,0,"",""
ball,1,49.6,India,MS Dhoni,Kuldeep Yadav,O Thomas,6,0,"",""
ball,2,0.1,West Indies,CH Gayle,SW Ambris,Mohammed Shami,0,0,"",""
ball,2,0.2,West Indies,CH Gayle,SW Ambris,Mohammed Shami,0,0,"",""
ball,2,0.3,West Indies,CH Gayle,SW Ambris,Mohammed Shami,0,0,"",""
ball,2,0.4,West Indies,CH Gayle,SW Ambris,Mohammed Shami,4,0,"",""
ball,2,0.5,West Indies,CH Gayle,SW Ambris,Mohammed Shami,0,0,"",""
ball,2,0.6,West Indies,CH Gayle,SW Ambris,Mohammed Shami,0,0,"",""
ball,2,1.1,West Indies,SW Ambris,CH Gayle,JJ Bumrah,1,0,"",""
ball,2,1.2,West Indies,CH Gayle,SW Ambris,JJ Bumrah,0,0,"",""
ball,2,1.3,West Indies,CH Gayle,SW Ambris,JJ Bumrah,0,0,"",""
ball,2,1.4,West Indies,CH Gayle,SW Ambris,JJ Bumrah,0,0,"",""
ball,2,1.5,West Indies,CH Gayle,SW Ambris,JJ Bumrah,0,0,"",""
ball,2,1.6,West Indies,CH Gayle,SW Ambris,JJ Bumrah,0,0,"",""
ball,2,2.1,West Indies,SW Ambris,CH Gayle,Mohammed Shami,0,0,"",""
ball,2,2.2,West Indies,SW Ambris,CH Gayle,Mohammed Shami,0,0,"",""
ball,2,2.3,West Indies,SW Ambris,CH Gayle,Mohammed Shami,0,0,"",""
ball,2,2.4,West Indies,SW Ambris,CH Gayle,Mohammed Shami,1,0,"",""
ball,2,2.5,West Indies,CH Gayle,SW Ambris,Mohammed Shami,0,0,"",""
ball,2,2.6,West Indies,CH Gayle,SW Ambris,Mohammed Shami,1,0,"",""
ball,2,3.1,West Indies,CH Gayle,SW Ambris,JJ Bumrah,0,0,"",""
ball,2,3.2,West Indies,CH Gayle,SW Ambris,JJ Bumrah,0,0,"",""
ball,2,3.3,West Indies,CH Gayle,SW Ambris,JJ Bumrah,1,0,"",""
ball,2,3.4,West Indies,SW Ambris,CH Gayle,JJ Bumrah,0,0,"",""
ball,2,3.5,West Indies,SW Ambris,CH Gayle,JJ Bumrah,1,0,"",""
ball,2,3.6,West Indies,CH Gayle,SW Ambris,JJ Bumrah,0,0,"",""
ball,2,4.1,West Indies,SW Ambris,CH Gayle,Mohammed Shami,0,0,"",""
ball,2,4.2,West Indies,SW Ambris,CH Gayle,Mohammed Shami,0,0,"",""
ball,2,4.3,West Indies,SW Ambris,CH Gayle,Mohammed Shami,1,0,"",""
ball,2,4.4,West Indies,CH Gayle,SW Ambris,Mohammed Shami,0,0,"",""
ball,2,4.5,West Indies,CH Gayle,SW Ambris,Mohammed Shami,0,0,caught,CH Gayle
ball,2,4.6,West Indies,SD Hope,SW Ambris,Mohammed Shami,0,0,"",""
ball,2,5.1,West Indies,SW Ambris,SD Hope,JJ Bumrah,0,0,"",""
ball,2,5.2,West Indies,SW Ambris,SD Hope,JJ Bumrah,1,0,"",""
ball,2,5.3,West Indies,SD Hope,SW Ambris,JJ Bumrah,0,0,"",""
ball,2,5.4,West Indies,SD Hope,SW Ambris,JJ Bumrah,0,0,"",""
ball,2,5.5,West Indies,SD Hope,SW Ambris,JJ Bumrah,0,0,"",""
ball,2,5.6,West Indies,SD Hope,SW Ambris,JJ Bumrah,1,0,"",""
ball,2,6.1,West Indies,SD Hope,SW Ambris,Mohammed Shami,0,0,"",""
ball,2,6.2,West Indies,SD Hope,SW Ambris,Mohammed Shami,0,0,"",""
ball,2,6.3,West Indies,SD Hope,SW Ambris,Mohammed Shami,0,0,"",""
ball,2,6.4,West Indies,SD Hope,SW Ambris,Mohammed Shami,4,0,"",""
ball,2,6.5,West Indies,SD Hope,SW Ambris,Mohammed Shami,0,0,bowled,SD Hope
ball,2,6.6,West Indies,N Pooran,SW Ambris,Mohammed Shami,0,0,"",""
ball,2,7.1,West Indies,SW Ambris,N Pooran,JJ Bumrah,1,0,"",""
ball,2,7.2,West Indies,N Pooran,SW Ambris,JJ Bumrah,0,0,"",""
ball,2,7.3,West Indies,N Pooran,SW Ambris,JJ Bumrah,0,4,"",""
ball,2,7.4,West Indies,N Pooran,SW Ambris,JJ Bumrah,0,0,"",""
ball,2,7.5,West Indies,N Pooran,SW Ambris,JJ Bumrah,0,0,"",""
ball,2,7.6,West Indies,N Pooran,SW Ambris,JJ Bumrah,0,0,"",""
ball,2,8.1,West Indies,SW Ambris,N Pooran,Mohammed Shami,0,0,"",""
ball,2,8.2,West Indies,SW Ambris,N Pooran,Mohammed Shami,1,0,"",""
ball,2,8.3,West Indies,N Pooran,SW Ambris,Mohammed Shami,0,0,"",""
ball,2,8.4,West Indies,N Pooran,SW Ambris,Mohammed Shami,1,0,"",""
ball,2,8.5,West Indies,SW Ambris,N Pooran,Mohammed Shami,1,0,"",""
ball,2,8.6,West Indies,N Pooran,SW Ambris,Mohammed Shami,1,0,"",""
ball,2,9.1,West Indies,N Pooran,SW Ambris,HH Pandya,0,0,"",""
ball,2,9.2,West Indies,N Pooran,SW Ambris,HH Pandya,0,0,"",""
ball,2,9.3,West Indies,N Pooran,SW Ambris,HH Pandya,1,0,"",""
ball,2,9.4,West Indies,SW Ambris,N Pooran,HH Pandya,1,0,"",""
ball,2,9.5,West Indies,N Pooran,SW Ambris,HH Pandya,1,0,"",""
ball,2,9.6,West Indies,SW Ambris,N Pooran,HH Pandya,1,0,"",""
ball,2,10.1,West Indies,SW Ambris,N Pooran,Kuldeep Yadav,0,0,"",""
ball,2,10.2,West Indies,SW Ambris,N Pooran,Kuldeep Yadav,1,0,"",""
ball,2,10.3,West Indies,N Pooran,SW Ambris,Kuldeep Yadav,2,0,"",""
ball,2,10.4,West Indies,N Pooran,SW Ambris,Kuldeep Yadav,1,0,"",""
ball,2,10.5,West Indies,SW Ambris,N Pooran,Kuldeep Yadav,0,0,"",""
ball,2,10.6,West Indies,SW Ambris,N Pooran,Kuldeep Yadav,1,0,"",""
ball,2,11.1,West Indies,SW Ambris,N Pooran,HH Pandya,1,0,"",""
ball,2,11.2,West Indies,N Pooran,SW Ambris,HH Pandya,1,0,"",""
ball,2,11.3,West Indies,SW Ambris,N Pooran,HH Pandya,1,0,"",""
ball,2,11.4,West Indies,N Pooran,SW Ambris,HH Pandya,0,0,"",""
ball,2,11.5,West Indies,N Pooran,SW Ambris,HH Pandya,0,1,"",""
ball,2,11.6,West Indies,N Pooran,SW Ambris,HH Pandya,1,0,"",""
ball,2,11.7,West Indies,SW Ambris,N Pooran,HH Pandya,0,0,"",""
ball,2,12.1,West Indies,N Pooran,SW Ambris,Kuldeep Yadav,1,0,"",""
ball,2,12.2,West Indies,SW Ambris,N Pooran,Kuldeep Yadav,1,0,"",""
ball,2,12.3,West Indies,N Pooran,SW Ambris,Kuldeep Yadav,0,0,"",""
ball,2,12.4,West Indies,N Pooran,SW Ambris,Kuldeep Yadav,0,0,"",""
ball,2,12.5,West Indies,N Pooran,SW Ambris,Kuldeep Yadav,0,0,"",""
ball,2,12.6,West Indies,N Pooran,SW Ambris,Kuldeep Yadav,1,0,"",""
ball,2,13.1,West Indies,N Pooran,SW Ambris,HH Pandya,0,1,"",""
ball,2,13.2,West Indies,SW Ambris,N Pooran,HH Pandya,0,0,"",""
ball,2,13.3,West Indies,SW Ambris,N Pooran,HH Pandya,0,0,"",""
ball,2,13.4,West Indies,SW Ambris,N Pooran,HH Pandya,0,0,"",""
ball,2,13.5,West Indies,SW Ambris,N Pooran,HH Pandya,2,0,"",""
ball,2,13.6,West Indies,SW Ambris,N Pooran,HH Pandya,0,0,"",""
ball,2,14.1,West Indies,N Pooran,SW Ambris,Kuldeep Yadav,0,0,"",""
ball,2,14.2,West Indies,N Pooran,SW Ambris,Kuldeep Yadav,1,0,"",""
ball,2,14.3,West Indies,SW Ambris,N Pooran,Kuldeep Yadav,1,0,"",""
ball,2,14.4,West Indies,N Pooran,SW Ambris,Kuldeep Yadav,1,0,"",""
ball,2,14.5,West Indies,SW Ambris,N Pooran,Kuldeep Yadav,1,0,"",""
ball,2,14.6,West Indies,N Pooran,SW Ambris,Kuldeep Yadav,1,0,"",""
ball,2,15.1,West Indies,N Pooran,SW Ambris,HH Pandya,1,0,"",""
ball,2,15.2,West Indies,SW Ambris,N Pooran,HH Pandya,4,0,"",""
ball,2,15.3,West Indies,SW Ambris,N Pooran,HH Pandya,1,0,"",""
ball,2,15.4,West Indies,N Pooran,SW Ambris,HH Pandya,0,0,"",""
ball,2,15.5,West Indies,N Pooran,SW Ambris,HH Pandya,0,0,"",""
ball,2,15.6,West Indies,N Pooran,SW Ambris,HH Pandya,0,0,"",""
ball,2,16.1,West Indies,SW Ambris,N Pooran,Kuldeep Yadav,1,0,"",""
ball,2,16.2,West Indies,N Pooran,SW Ambris,Kuldeep Yadav,1,0,"",""
ball,2,16.3,West Indies,SW Ambris,N Pooran,Kuldeep Yadav,1,0,"",""
ball,2,16.4,West Indies,N Pooran,SW Ambris,Kuldeep Yadav,0,0,"",""
ball,2,16.5,West Indies,N Pooran,SW Ambris,Kuldeep Yadav,0,0,"",""
ball,2,16.6,West Indies,N Pooran,SW Ambris,Kuldeep Yadav,1,0,"",""
ball,2,17.1,West Indies,N Pooran,SW Ambris,HH Pandya,4,0,"",""
ball,2,17.2,West Indies,N Pooran,SW Ambris,HH Pandya,1,0,"",""
ball,2,17.3,West Indies,SW Ambris,N Pooran,HH Pandya,1,0,"",""
ball,2,17.4,West Indies,N Pooran,SW Ambris,HH Pandya,1,0,"",""
ball,2,17.5,West Indies,SW Ambris,N Pooran,HH Pandya,4,0,"",""
ball,2,17.6,West Indies,SW Ambris,N Pooran,HH Pandya,0,0,lbw,SW Ambris
ball,2,18.1,West Indies,N Pooran,SO Hetmyer,Kuldeep Yadav,0,3,"",""
ball,2,18.2,West Indies,N Pooran,SO Hetmyer,Kuldeep Yadav,0,0,"",""
ball,2,18.3,West Indies,N Pooran,SO Hetmyer,Kuldeep Yadav,0,0,"",""
ball,2,18.4,West Indies,N Pooran,SO Hetmyer,Kuldeep Yadav,1,0,"",""
ball,2,18.5,West Indies,SO Hetmyer,N Pooran,Kuldeep Yadav,0,0,"",""
ball,2,18.6,West Indies,SO Hetmyer,N Pooran,Kuldeep Yadav,0,0,"",""
ball,2,18.7,West Indies,SO Hetmyer,N Pooran,Kuldeep Yadav,0,0,"",""
ball,2,19.1,West Indies,N Pooran,SO Hetmyer,KM Jadhav,0,0,"",""
ball,2,19.2,West Indies,N Pooran,SO Hetmyer,KM Jadhav,4,0,"",""
ball,2,19.3,West Indies,N Pooran,SO Hetmyer,KM Jadhav,0,0,"",""
ball,2,19.4,West Indies,N Pooran,SO Hetmyer,KM Jadhav,0,0,"",""
ball,2,19.5,West Indies,N Pooran,SO Hetmyer,KM Jadhav,0,1,"",""
ball,2,19.6,West Indies,SO Hetmyer,N Pooran,KM Jadhav,0,0,"",""
ball,2,20.1,West Indies,N Pooran,SO Hetmyer,Kuldeep Yadav,0,0,"",""
ball,2,20.2,West Indies,N Pooran,SO Hetmyer,Kuldeep Yadav,0,0,caught,N Pooran
ball,2,20.3,West Indies,JO Holder,SO Hetmyer,Kuldeep Yadav,1,0,"",""
ball,2,20.4,West Indies,SO Hetmyer,JO Holder,Kuldeep Yadav,1,0,"",""
ball,2,20.5,West Indies,JO Holder,SO Hetmyer,Kuldeep Yadav,1,0,"",""
ball,2,20.6,West Indies,SO Hetmyer,JO Holder,Kuldeep Yadav,1,0,"",""
ball,2,21.1,West Indies,SO Hetmyer,JO Holder,YS Chahal,1,0,"",""
ball,2,21.2,West Indies,JO Holder,SO Hetmyer,YS Chahal,1,0,"",""
ball,2,21.3,West Indies,SO Hetmyer,JO Holder,YS Chahal,0,4,"",""
ball,2,21.4,West Indies,SO Hetmyer,JO Holder,YS Chahal,1,0,"",""
ball,2,21.5,West Indies,JO Holder,SO Hetmyer,YS Chahal,0,0,"",""
ball,2,21.6,West Indies,JO Holder,SO Hetmyer,YS Chahal,1,0,"",""
ball,2,22.1,West Indies,JO Holder,SO Hetmyer,Kuldeep Yadav,0,0,"",""
ball,2,22.2,West Indies,JO Holder,SO Hetmyer,Kuldeep Yadav,0,1,"",""
ball,2,22.3,West Indies,JO Holder,SO Hetmyer,Kuldeep Yadav,0,0,"",""
ball,2,22.4,West Indies,JO Holder,SO Hetmyer,Kuldeep Yadav,2,0,"",""
ball,2,22.5,West Indies,JO Holder,SO Hetmyer,Kuldeep Yadav,0,0,"",""
ball,2,22.6,West Indies,JO Holder,SO Hetmyer,Kuldeep Yadav,0,1,"",""
ball,2,22.7,West Indies,SO Hetmyer,JO Holder,Kuldeep Yadav,1,0,"",""
ball,2,23.1,West Indies,SO Hetmyer,JO Holder,YS Chahal,0,0,"",""
ball,2,23.2,West Indies,SO Hetmyer,JO Holder,YS Chahal,1,0,"",""
ball,2,23.3,West Indies,JO Holder,SO Hetmyer,YS Chahal,0,0,"",""
ball,2,23.4,West Indies,JO Holder,SO Hetmyer,YS Chahal,0,0,"",""
ball,2,23.5,West Indies,JO Holder,SO Hetmyer,YS Chahal,0,0,caught,JO Holder
ball,2,23.6,West Indies,CR Brathwaite,SO Hetmyer,YS Chahal,0,0,"",""
ball,2,24.1,West Indies,SO Hetmyer,CR Brathwaite,JJ Bumrah,0,0,"",""
ball,2,24.2,West Indies,SO Hetmyer,CR Brathwaite,JJ Bumrah,0,0,"",""
ball,2,24.3,West Indies,SO Hetmyer,CR Brathwaite,JJ Bumrah,2,0,"",""
ball,2,24.4,West Indies,SO Hetmyer,CR Brathwaite,JJ Bumrah,1,0,"",""
ball,2,24.5,West Indies,CR Brathwaite,SO Hetmyer,JJ Bumrah,0,0,"",""
ball,2,24.6,West Indies,CR Brathwaite,SO Hetmyer,JJ Bumrah,0,0,"",""
ball,2,25.1,West Indies,SO Hetmyer,CR Brathwaite,YS Chahal,1,0,"",""
ball,2,25.2,West Indies,CR Brathwaite,SO Hetmyer,YS Chahal,1,0,"",""
ball,2,25.3,West Indies,SO Hetmyer,CR Brathwaite,YS Chahal,0,0,"",""
ball,2,25.4,West Indies,SO Hetmyer,CR Brathwaite,YS Chahal,0,0,"",""
ball,2,25.5,West Indies,SO Hetmyer,CR Brathwaite,YS Chahal,4,0,"",""
ball,2,25.6,West Indies,SO Hetmyer,CR Brathwaite,YS Chahal,0,0,"",""
ball,2,26.1,West Indies,CR Brathwaite,SO Hetmyer,JJ Bumrah,0,0,caught,CR Brathwaite
ball,2,26.2,West Indies,FA Allen,SO Hetmyer,JJ Bumrah,0,0,lbw,FA Allen
ball,2,26.3,West Indies,KAJ Roach,SO Hetmyer,JJ Bumrah,0,0,"",""
ball,2,26.4,West Indies,KAJ Roach,SO Hetmyer,JJ Bumrah,0,0,"",""
ball,2,26.5,West Indies,KAJ Roach,SO Hetmyer,JJ Bumrah,0,0,"",""
ball,2,26.6,West Indies,KAJ Roach,SO Hetmyer,JJ Bumrah,0,0,"",""
ball,2,27.1,West Indies,SO Hetmyer,KAJ Roach,YS Chahal,2,0,"",""
ball,2,27.2,West Indies,SO Hetmyer,KAJ Roach,YS Chahal,0,0,"",""
ball,2,27.3,West Indies,SO Hetmyer,KAJ Roach,YS Chahal,0,0,"",""
ball,2,27.4,West Indies,SO Hetmyer,KAJ Roach,YS Chahal,1,0,"",""
ball,2,27.5,West Indies,KAJ Roach,SO Hetmyer,YS Chahal,1,0,"",""
ball,2,27.6,West Indies,SO Hetmyer,KAJ Roach,YS Chahal,1,0,"",""
ball,2,28.1,West Indies,SO Hetmyer,KAJ Roach,Mohammed Shami,0,0,"",""
ball,2,28.2,West Indies,SO Hetmyer,KAJ Roach,Mohammed Shami,0,0,"",""
ball,2,28.3,West Indies,SO Hetmyer,KAJ Roach,Mohammed Shami,0,0,caught,SO Hetmyer
ball,2,28.4,West Indies,SS Cottrell,KAJ Roach,Mohammed Shami,0,1,"",""
ball,2,28.5,West Indies,SS Cottrell,KAJ Roach,Mohammed Shami,0,0,"",""
ball,2,28.6,West Indies,SS Cottrell,KAJ Roach,Mohammed Shami,0,0,"",""
ball,2,28.7,West Indies,SS Cottrell,KAJ Roach,Mohammed Shami,0,1,"",""
ball,2,29.1,West Indies,SS Cottrell,KAJ Roach,YS Chahal,4,0,"",""
ball,2,29.2,West Indies,SS Cottrell,KAJ Roach,YS Chahal,6,0,"",""
ball,2,29.3,West Indies,SS Cottrell,KAJ Roach,YS Chahal,0,0,"",""
ball,2,29.4,West Indies,SS Cottrell,KAJ Roach,YS Chahal,0,0,"",""
ball,2,29.5,West Indies,SS Cottrell,KAJ Roach,YS Chahal,0,0,lbw,SS Cottrell
ball,2,29.6,West Indies,O Thomas,KAJ Roach,YS Chahal,0,0,"",""
ball,2,30.1,West Indies,KAJ Roach,O Thomas,Kuldeep Yadav,0,0,"",""
ball,2,30.2,West Indies,KAJ Roach,O Thomas,Kuldeep Yadav,0,0,"",""
ball,2,30.3,West Indies,KAJ Roach,O Thomas,Kuldeep Yadav,0,0,"",""
ball,2,30.4,West Indies,KAJ Roach,O Thomas,Kuldeep Yadav,0,0,"",""
ball,2,30.5,West Indies,KAJ Roach,O Thomas,Kuldeep Yadav,0,0,"",""
ball,2,30.6,West Indies,KAJ Roach,O Thomas,Kuldeep Yadav,0,0,"",""
ball,2,31.1,West Indies,O Thomas,KAJ Roach,YS Chahal,0,0,"",""
ball,2,31.2,West Indies,O Thomas,KAJ Roach,YS Chahal,0,0,"",""
ball,2,31.3,West Indies,O Thomas,KAJ Roach,YS Chahal,0,0,"",""
ball,2,31.4,West Indies,O Thomas,KAJ Roach,YS Chahal,4,0,"",""
ball,2,31.5,West Indies,O Thomas,KAJ Roach,YS Chahal,0,0,"",""
ball,2,31.6,West Indies,O Thomas,KAJ Roach,YS Chahal,1,0,"",""
ball,2,32.1,West Indies,O Thomas,KAJ Roach,Kuldeep Yadav,1,0,"",""
ball,2,32.2,West Indies,KAJ Roach,O Thomas,Kuldeep Yadav,4,0,"",""
ball,2,32.3,West Indies,KAJ Roach,O Thomas,Kuldeep Yadav,0,0,"",""
ball,2,32.4,West Indies,KAJ Roach,O Thomas,Kuldeep Yadav,0,0,"",""
ball,2,32.5,West Indies,KAJ Roach,O Thomas,Kuldeep Yadav,1,0,"",""
ball,2,32.6,West Indies,O Thomas,KAJ Roach,Kuldeep Yadav,0,0,"",""
ball,2,33.1,West Indies,KAJ Roach,O Thomas,YS Chahal,4,0,"",""
ball,2,33.2,West Indies,KAJ Roach,O Thomas,YS Chahal,0,0,"",""
ball,2,33.3,West Indies,KAJ Roach,O Thomas,YS Chahal,0,0,"",""
ball,2,33.4,West Indies,KAJ Roach,O Thomas,YS Chahal,0,0,"",""
ball,2,33.5,West Indies,KAJ Roach,O Thomas,YS Chahal,0,0,"",""
ball,2,33.6,West Indies,KAJ Roach,O Thomas,YS Chahal,4,0,"",""
ball,2,34.1,West Indies,O Thomas,KAJ Roach,Mohammed Shami,0,0,"",""
ball,2,34.2,West Indies,O Thomas,KAJ Roach,Mohammed Shami,0,0,caught,O Thomas
