version,1.3.0
info,team,Australia
info,team,New Zealand
info,gender,male
info,season,2019
info,date,2019/06/29
info,competition,World Cup
info,match_number,37
info,venue,Lord's
info,city,London
info,toss_winner,Australia
info,toss_decision,bat
info,player_of_match,AT Carey
info,umpire,JS Wilson
info,umpire,RK Illingworth
info,reserve_umpire,MA Gough
info,tv_umpire,RA Kettleborough
info,match_referee,RB Richardson
info,winner,Australia
info,winner_runs,86
ball,1,0.1,Australia,DA Warner,AJ Finch,TA Boult,0,0,"",""
ball,1,0.2,Australia,DA Warner,AJ Finch,TA Boult,0,0,"",""
ball,1,0.3,Australia,DA Warner,AJ Finch,TA Boult,0,0,"",""
ball,1,0.4,Australia,DA Warner,AJ Finch,TA Boult,0,0,"",""
ball,1,0.5,Australia,DA Warner,AJ Finch,TA Boult,0,0,"",""
ball,1,0.6,Australia,DA Warner,AJ Finch,TA Boult,0,0,"",""
ball,1,1.1,Australia,AJ Finch,DA Warner,C de Grandhomme,0,0,"",""
ball,1,1.2,Australia,AJ Finch,DA Warner,C de Grandhomme,0,0,"",""
ball,1,1.3,Australia,AJ Finch,DA Warner,C de Grandhomme,0,0,"",""
ball,1,1.4,Australia,AJ Finch,DA Warner,C de Grandhomme,0,0,"",""
ball,1,1.5,Australia,AJ Finch,DA Warner,C de Grandhomme,0,0,"",""
ball,1,1.6,Australia,AJ Finch,DA Warner,C de Grandhomme,0,0,"",""
ball,1,2.1,Australia,DA Warner,AJ Finch,TA Boult,1,0,"",""
ball,1,2.2,Australia,AJ Finch,DA Warner,TA Boult,0,0,"",""
ball,1,2.3,Australia,AJ Finch,DA Warner,TA Boult,2,0,"",""
ball,1,2.4,Australia,AJ Finch,DA Warner,TA Boult,0,0,"",""
ball,1,2.5,Australia,AJ Finch,DA Warner,TA Boult,1,0,"",""
ball,1,2.6,Australia,DA Warner,AJ Finch,TA Boult,4,0,"",""
ball,1,3.1,Australia,AJ Finch,DA Warner,C de Grandhomme,1,0,"",""
ball,1,3.2,Australia,DA Warner,AJ Finch,C de Grandhomme,0,0,"",""
ball,1,3.3,Australia,DA Warner,AJ Finch,C de Grandhomme,0,0,"",""
ball,1,3.4,Australia,DA Warner,AJ Finch,C de Grandhomme,1,0,"",""
ball,1,3.5,Australia,AJ Finch,DA Warner,C de Grandhomme,0,1,"",""
ball,1,3.6,Australia,DA Warner,AJ Finch,C de Grandhomme,0,0,"",""
ball,1,4.1,Australia,AJ Finch,DA Warner,TA Boult,0,0,"",""
ball,1,4.2,Australia,AJ Finch,DA Warner,TA Boult,4,0,"",""
ball,1,4.3,Australia,AJ Finch,DA Warner,TA Boult,0,0,lbw,AJ Finch
ball,1,4.4,Australia,UT Khawaja,DA Warner,TA Boult,0,0,"",""
ball,1,4.5,Australia,UT Khawaja,DA Warner,TA Boult,1,0,"",""
ball,1,4.6,Australia,DA Warner,UT Khawaja,TA Boult,0,0,"",""
ball,1,5.1,Australia,UT Khawaja,DA Warner,C de Grandhomme,0,0,"",""
ball,1,5.2,Australia,UT Khawaja,DA Warner,C de Grandhomme,0,0,"",""
ball,1,5.3,Australia,UT Khawaja,DA Warner,C de Grandhomme,0,0,"",""
ball,1,5.4,Australia,UT Khawaja,DA Warner,C de Grandhomme,0,1,"",""
ball,1,5.5,Australia,UT Khawaja,DA Warner,C de Grandhomme,0,0,"",""
ball,1,5.6,Australia,UT Khawaja,DA Warner,C de Grandhomme,0,0,"",""
ball,1,5.7,Australia,UT Khawaja,DA Warner,C de Grandhomme,2,0,"",""
ball,1,6.1,Australia,DA Warner,UT Khawaja,TA Boult,0,0,"",""
ball,1,6.2,Australia,DA Warner,UT Khawaja,TA Boult,2,0,"",""
ball,1,6.3,Australia,DA Warner,UT Khawaja,TA Boult,0,0,"",""
ball,1,6.4,Australia,DA Warner,UT Khawaja,TA Boult,4,0,"",""
ball,1,6.5,Australia,DA Warner,UT Khawaja,TA Boult,0,0,"",""
ball,1,6.6,Australia,DA Warner,UT Khawaja,TA Boult,0,0,"",""
ball,1,7.1,Australia,UT Khawaja,DA Warner,C de Grandhomme,0,0,"",""
ball,1,7.2,Australia,UT Khawaja,DA Warner,C de Grandhomme,0,0,"",""
ball,1,7.3,Australia,UT Khawaja,DA Warner,C de Grandhomme,1,0,"",""
ball,1,7.4,Australia,DA Warner,UT Khawaja,C de Grandhomme,4,0,"",""
ball,1,7.5,Australia,DA Warner,UT Khawaja,C de Grandhomme,0,0,"",""
ball,1,7.6,Australia,DA Warner,UT Khawaja,C de Grandhomme,0,0,"",""
ball,1,8.1,Australia,UT Khawaja,DA Warner,TA Boult,0,0,"",""
ball,1,8.2,Australia,UT Khawaja,DA Warner,TA Boult,2,0,"",""
ball,1,8.3,Australia,UT Khawaja,DA Warner,TA Boult,0,0,"",""
ball,1,8.4,Australia,UT Khawaja,DA Warner,TA Boult,4,0,"",""
ball,1,8.5,Australia,UT Khawaja,DA Warner,TA Boult,2,0,"",""
ball,1,8.6,Australia,UT Khawaja,DA Warner,TA Boult,0,0,"",""
ball,1,9.1,Australia,DA Warner,UT Khawaja,LH Ferguson,0,0,caught,DA Warner
ball,1,9.2,Australia,SPD Smith,UT Khawaja,LH Ferguson,0,0,"",""
ball,1,9.3,Australia,SPD Smith,UT Khawaja,LH Ferguson,0,0,"",""
ball,1,9.4,Australia,SPD Smith,UT Khawaja,LH Ferguson,2,0,"",""
ball,1,9.5,Australia,SPD Smith,UT Khawaja,LH Ferguson,0,0,"",""
ball,1,9.6,Australia,SPD Smith,UT Khawaja,LH Ferguson,0,0,"",""
ball,1,10.1,Australia,UT Khawaja,SPD Smith,TA Boult,0,0,"",""
ball,1,10.2,Australia,UT Khawaja,SPD Smith,TA Boult,0,0,"",""
ball,1,10.3,Australia,UT Khawaja,SPD Smith,TA Boult,1,0,"",""
ball,1,10.4,Australia,SPD Smith,UT Khawaja,TA Boult,3,0,"",""
ball,1,10.5,Australia,UT Khawaja,SPD Smith,TA Boult,1,0,"",""
ball,1,10.6,Australia,SPD Smith,UT Khawaja,TA Boult,0,0,"",""
ball,1,11.1,Australia,UT Khawaja,SPD Smith,LH Ferguson,1,0,"",""
ball,1,11.2,Australia,SPD Smith,UT Khawaja,LH Ferguson,0,0,caught,SPD Smith
ball,1,11.3,Australia,MP Stoinis,UT Khawaja,LH Ferguson,0,0,"",""
ball,1,11.4,Australia,MP Stoinis,UT Khawaja,LH Ferguson,0,0,"",""
ball,1,11.5,Australia,MP Stoinis,UT Khawaja,LH Ferguson,4,0,"",""
ball,1,11.6,Australia,MP Stoinis,UT Khawaja,LH Ferguson,0,0,"",""
ball,1,12.1,Australia,UT Khawaja,MP Stoinis,IS Sodhi,0,0,"",""
ball,1,12.2,Australia,UT Khawaja,MP Stoinis,IS Sodhi,1,0,"",""
ball,1,12.3,Australia,MP Stoinis,UT Khawaja,IS Sodhi,1,0,"",""
ball,1,12.4,Australia,UT Khawaja,MP Stoinis,IS Sodhi,1,0,"",""
ball,1,12.5,Australia,MP Stoinis,UT Khawaja,IS Sodhi,1,0,"",""
ball,1,12.6,Australia,UT Khawaja,MP Stoinis,IS Sodhi,1,0,"",""
ball,1,13.1,Australia,UT Khawaja,MP Stoinis,LH Ferguson,1,0,"",""
ball,1,13.2,Australia,MP Stoinis,UT Khawaja,LH Ferguson,0,0,"",""
ball,1,13.3,Australia,MP Stoinis,UT Khawaja,LH Ferguson,4,0,"",""
ball,1,13.4,Australia,MP Stoinis,UT Khawaja,LH Ferguson,0,0,"",""
ball,1,13.5,Australia,MP Stoinis,UT Khawaja,LH Ferguson,1,0,"",""
ball,1,13.6,Australia,UT Khawaja,MP Stoinis,LH Ferguson,0,0,"",""
ball,1,14.1,Australia,MP Stoinis,UT Khawaja,IS Sodhi,4,0,"",""
ball,1,14.2,Australia,MP Stoinis,UT Khawaja,IS Sodhi,1,0,"",""
ball,1,14.3,Australia,UT Khawaja,MP Stoinis,IS Sodhi,1,0,"",""
ball,1,14.4,Australia,MP Stoinis,UT Khawaja,IS Sodhi,0,0,"",""
ball,1,14.5,Australia,MP Stoinis,UT Khawaja,IS Sodhi,0,0,"",""
ball,1,14.6,Australia,MP Stoinis,UT Khawaja,IS Sodhi,0,0,"",""
ball,1,15.1,Australia,UT Khawaja,MP Stoinis,LH Ferguson,0,0,"",""
ball,1,15.2,Australia,UT Khawaja,MP Stoinis,LH Ferguson,0,0,"",""
ball,1,15.3,Australia,UT Khawaja,MP Stoinis,LH Ferguson,1,0,"",""
ball,1,15.4,Australia,MP Stoinis,UT Khawaja,LH Ferguson,0,0,"",""
ball,1,15.5,Australia,MP Stoinis,UT Khawaja,LH Ferguson,0,0,"",""
ball,1,15.6,Australia,MP Stoinis,UT Khawaja,LH Ferguson,0,0,"",""
ball,1,16.1,Australia,UT Khawaja,MP Stoinis,IS Sodhi,0,0,"",""
ball,1,16.2,Australia,UT Khawaja,MP Stoinis,IS Sodhi,2,0,"",""
ball,1,16.3,Australia,UT Khawaja,MP Stoinis,IS Sodhi,0,0,"",""
ball,1,16.4,Australia,UT Khawaja,MP Stoinis,IS Sodhi,1,0,"",""
ball,1,16.5,Australia,MP Stoinis,UT Khawaja,IS Sodhi,0,0,"",""
ball,1,16.6,Australia,MP Stoinis,UT Khawaja,IS Sodhi,1,0,"",""
ball,1,17.1,Australia,MP Stoinis,UT Khawaja,JDS Neesham,1,0,"",""
ball,1,17.2,Australia,UT Khawaja,MP Stoinis,JDS Neesham,0,0,"",""
ball,1,17.3,Australia,UT Khawaja,MP Stoinis,JDS Neesham,0,0,"",""
ball,1,17.4,Australia,UT Khawaja,MP Stoinis,JDS Neesham,0,0,"",""
ball,1,17.5,Australia,UT Khawaja,MP Stoinis,JDS Neesham,0,0,"",""
ball,1,17.6,Australia,UT Khawaja,MP Stoinis,JDS Neesham,0,0,"",""
ball,1,18.1,Australia,MP Stoinis,UT Khawaja,IS Sodhi,0,0,"",""
ball,1,18.2,Australia,MP Stoinis,UT Khawaja,IS Sodhi,1,0,"",""
ball,1,18.3,Australia,UT Khawaja,MP Stoinis,IS Sodhi,1,0,"",""
ball,1,18.4,Australia,MP Stoinis,UT Khawaja,IS Sodhi,1,0,"",""
ball,1,18.5,Australia,UT Khawaja,MP Stoinis,IS Sodhi,0,0,"",""
ball,1,18.6,Australia,UT Khawaja,MP Stoinis,IS Sodhi,1,0,"",""
ball,1,19.1,Australia,UT Khawaja,MP Stoinis,JDS Neesham,0,1,"",""
ball,1,19.2,Australia,MP Stoinis,UT Khawaja,JDS Neesham,1,0,"",""
ball,1,19.3,Australia,UT Khawaja,MP Stoinis,JDS Neesham,0,1,"",""
ball,1,19.4,Australia,UT Khawaja,MP Stoinis,JDS Neesham,0,0,"",""
ball,1,19.5,Australia,UT Khawaja,MP Stoinis,JDS Neesham,0,0,"",""
ball,1,19.6,Australia,UT Khawaja,MP Stoinis,JDS Neesham,1,0,"",""
ball,1,19.7,Australia,MP Stoinis,UT Khawaja,JDS Neesham,0,0,caught,MP Stoinis
ball,1,20.1,Australia,UT Khawaja,GJ Maxwell,MJ Santner,0,0,"",""
ball,1,20.2,Australia,UT Khawaja,GJ Maxwell,MJ Santner,4,0,"",""
ball,1,20.3,Australia,UT Khawaja,GJ Maxwell,MJ Santner,0,5,"",""
ball,1,20.4,Australia,UT Khawaja,GJ Maxwell,MJ Santner,0,0,"",""
ball,1,20.5,Australia,UT Khawaja,GJ Maxwell,MJ Santner,1,0,"",""
ball,1,20.6,Australia,GJ Maxwell,UT Khawaja,MJ Santner,0,0,"",""
ball,1,20.7,Australia,GJ Maxwell,UT Khawaja,MJ Santner,1,0,"",""
ball,1,21.1,Australia,GJ Maxwell,UT Khawaja,JDS Neesham,0,0,"",""
ball,1,21.2,Australia,GJ Maxwell,UT Khawaja,JDS Neesham,0,0,"",""
ball,1,21.3,Australia,GJ Maxwell,UT Khawaja,JDS Neesham,0,0,caught and bowled,GJ Maxwell
ball,1,21.4,Australia,AT Carey,UT Khawaja,JDS Neesham,0,0,"",""
ball,1,21.5,Australia,AT Carey,UT Khawaja,JDS Neesham,4,0,"",""
ball,1,21.6,Australia,AT Carey,UT Khawaja,JDS Neesham,1,0,"",""
ball,1,22.1,Australia,AT Carey,UT Khawaja,MJ Santner,1,0,"",""
ball,1,22.2,Australia,UT Khawaja,AT Carey,MJ Santner,2,0,"",""
ball,1,22.3,Australia,UT Khawaja,AT Carey,MJ Santner,0,0,"",""
ball,1,22.4,Australia,UT Khawaja,AT Carey,MJ Santner,1,0,"",""
ball,1,22.5,Australia,AT Carey,UT Khawaja,MJ Santner,4,0,"",""
ball,1,22.6,Australia,AT Carey,UT Khawaja,MJ Santner,0,0,"",""
ball,1,23.1,Australia,UT Khawaja,AT Carey,JDS Neesham,0,0,"",""
ball,1,23.2,Australia,UT Khawaja,AT Carey,JDS Neesham,1,0,"",""
ball,1,23.3,Australia,AT Carey,UT Khawaja,JDS Neesham,0,0,"",""
ball,1,23.4,Australia,AT Carey,UT Khawaja,JDS Neesham,0,0,"",""
ball,1,23.5,Australia,AT Carey,UT Khawaja,JDS Neesham,1,0,"",""
ball,1,23.6,Australia,UT Khawaja,AT Carey,JDS Neesham,1,0,"",""
ball,1,24.1,Australia,UT Khawaja,AT Carey,MJ Santner,0,0,"",""
ball,1,24.2,Australia,UT Khawaja,AT Carey,MJ Santner,2,0,"",""
ball,1,24.3,Australia,UT Khawaja,AT Carey,MJ Santner,1,0,"",""
ball,1,24.4,Australia,AT Carey,UT Khawaja,MJ Santner,0,0,"",""
ball,1,24.5,Australia,AT Carey,UT Khawaja,MJ Santner,0,0,"",""
ball,1,24.6,Australia,AT Carey,UT Khawaja,MJ Santner,1,0,"",""
ball,1,25.1,Australia,AT Carey,UT Khawaja,JDS Neesham,0,0,"",""
ball,1,25.2,Australia,AT Carey,UT Khawaja,JDS Neesham,1,0,"",""
ball,1,25.3,Australia,UT Khawaja,AT Carey,JDS Neesham,0,0,"",""
ball,1,25.4,Australia,UT Khawaja,AT Carey,JDS Neesham,0,0,"",""
ball,1,25.5,Australia,UT Khawaja,AT Carey,JDS Neesham,1,0,"",""
ball,1,25.6,Australia,AT Carey,UT Khawaja,JDS Neesham,4,0,"",""
ball,1,26.1,Australia,UT Khawaja,AT Carey,LH Ferguson,0,0,"",""
ball,1,26.2,Australia,UT Khawaja,AT Carey,LH Ferguson,1,0,"",""
ball,1,26.3,Australia,AT Carey,UT Khawaja,LH Ferguson,4,0,"",""
ball,1,26.4,Australia,AT Carey,UT Khawaja,LH Ferguson,0,0,"",""
ball,1,26.5,Australia,AT Carey,UT Khawaja,LH Ferguson,1,0,"",""
ball,1,26.6,Australia,UT Khawaja,AT Carey,LH Ferguson,0,0,"",""
ball,1,27.1,Australia,AT Carey,UT Khawaja,C de Grandhomme,0,0,"",""
ball,1,27.2,Australia,AT Carey,UT Khawaja,C de Grandhomme,1,0,"",""
ball,1,27.3,Australia,UT Khawaja,AT Carey,C de Grandhomme,0,0,"",""
ball,1,27.4,Australia,UT Khawaja,AT Carey,C de Grandhomme,1,0,"",""
ball,1,27.5,Australia,AT Carey,UT Khawaja,C de Grandhomme,0,0,"",""
ball,1,27.6,Australia,AT Carey,UT Khawaja,C de Grandhomme,0,0,"",""
ball,1,28.1,Australia,UT Khawaja,AT Carey,LH Ferguson,1,0,"",""
ball,1,28.2,Australia,AT Carey,UT Khawaja,LH Ferguson,0,0,"",""
ball,1,28.3,Australia,AT Carey,UT Khawaja,LH Ferguson,0,0,"",""
ball,1,28.4,Australia,AT Carey,UT Khawaja,LH Ferguson,0,0,"",""
ball,1,28.5,Australia,AT Carey,UT Khawaja,LH Ferguson,0,0,"",""
ball,1,28.6,Australia,AT Carey,UT Khawaja,LH Ferguson,4,0,"",""
ball,1,29.1,Australia,UT Khawaja,AT Carey,C de Grandhomme,0,0,"",""
ball,1,29.2,Australia,UT Khawaja,AT Carey,C de Grandhomme,0,0,"",""
ball,1,29.3,Australia,UT Khawaja,AT Carey,C de Grandhomme,0,0,"",""
ball,1,29.4,Australia,UT Khawaja,AT Carey,C de Grandhomme,1,0,"",""
ball,1,29.5,Australia,AT Carey,UT Khawaja,C de Grandhomme,0,0,"",""
ball,1,29.6,Australia,AT Carey,UT Khawaja,C de Grandhomme,4,0,"",""
ball,1,30.1,Australia,UT Khawaja,AT Carey,KS Williamson,0,0,"",""
ball,1,30.2,Australia,UT Khawaja,AT Carey,KS Williamson,2,0,"",""
ball,1,30.3,Australia,UT Khawaja,AT Carey,KS Williamson,1,0,"",""
ball,1,30.4,Australia,AT Carey,UT Khawaja,KS Williamson,1,0,"",""
ball,1,30.5,Australia,UT Khawaja,AT Carey,KS Williamson,0,0,"",""
ball,1,30.6,Australia,UT Khawaja,AT Carey,KS Williamson,1,0,"",""
ball,1,31.1,Australia,UT Khawaja,AT Carey,C de Grandhomme,2,0,"",""
ball,1,31.2,Australia,UT Khawaja,AT Carey,C de Grandhomme,0,0,"",""
ball,1,31.3,Australia,UT Khawaja,AT Carey,C de Grandhomme,1,0,"",""
ball,1,31.4,Australia,AT Carey,UT Khawaja,C de Grandhomme,1,0,"",""
ball,1,31.5,Australia,UT Khawaja,AT Carey,C de Grandhomme,1,0,"",""
ball,1,31.6,Australia,AT Carey,UT Khawaja,C de Grandhomme,1,0,"",""
ball,1,32.1,Australia,AT Carey,UT Khawaja,KS Williamson,0,0,"",""
ball,1,32.2,Australia,AT Carey,UT Khawaja,KS Williamson,1,0,"",""
ball,1,32.3,Australia,UT Khawaja,AT Carey,KS Williamson,0,0,"",""
ball,1,32.4,Australia,UT Khawaja,AT Carey,KS Williamson,1,0,"",""
ball,1,32.5,Australia,AT Carey,UT Khawaja,KS Williamson,0,0,"",""
ball,1,32.6,Australia,AT Carey,UT Khawaja,KS Williamson,1,0,"",""
ball,1,33.1,Australia,AT Carey,UT Khawaja,C de Grandhomme,0,0,"",""
ball,1,33.2,Australia,AT Carey,UT Khawaja,C de Grandhomme,0,0,"",""
ball,1,33.3,Australia,AT Carey,UT Khawaja,C de Grandhomme,0,0,"",""
ball,1,33.4,Australia,AT Carey,UT Khawaja,C de Grandhomme,4,0,"",""
ball,1,33.5,Australia,AT Carey,UT Khawaja,C de Grandhomme,1,0,"",""
ball,1,33.6,Australia,UT Khawaja,AT Carey,C de Grandhomme,1,0,"",""
ball,1,34.1,Australia,UT Khawaja,AT Carey,KS Williamson,0,0,"",""
ball,1,34.2,Australia,UT Khawaja,AT Carey,KS Williamson,1,0,"",""
ball,1,34.3,Australia,AT Carey,UT Khawaja,KS Williamson,1,0,"",""
ball,1,34.4,Australia,UT Khawaja,AT Carey,KS Williamson,0,0,"",""
ball,1,34.5,Australia,UT Khawaja,AT Carey,KS Williamson,1,0,"",""
ball,1,34.6,Australia,AT Carey,UT Khawaja,KS Williamson,1,0,"",""
ball,1,35.1,Australia,AT Carey,UT Khawaja,JDS Neesham,4,0,"",""
ball,1,35.2,Australia,AT Carey,UT Khawaja,JDS Neesham,0,0,"",""
ball,1,35.3,Australia,AT Carey,UT Khawaja,JDS Neesham,0,0,"",""
ball,1,35.4,Australia,AT Carey,UT Khawaja,JDS Neesham,4,0,"",""
ball,1,35.5,Australia,AT Carey,UT Khawaja,JDS Neesham,1,0,"",""
ball,1,35.6,Australia,UT Khawaja,AT Carey,JDS Neesham,1,0,"",""
ball,1,36.1,Australia,UT Khawaja,AT Carey,KS Williamson,0,0,"",""
ball,1,36.2,Australia,UT Khawaja,AT Carey,KS Williamson,0,0,"",""
ball,1,36.3,Australia,UT Khawaja,AT Carey,KS Williamson,0,0,"",""
ball,1,36.4,Australia,UT Khawaja,AT Carey,KS Williamson,0,0,"",""
ball,1,36.5,Australia,UT Khawaja,AT Carey,KS Williamson,1,0,"",""
ball,1,36.6,Australia,AT Carey,UT Khawaja,KS Williamson,1,0,"",""
ball,1,37.1,Australia,AT Carey,UT Khawaja,LH Ferguson,0,0,"",""
ball,1,37.2,Australia,AT Carey,UT Khawaja,LH Ferguson,0,0,"",""
ball,1,37.3,Australia,AT Carey,UT Khawaja,LH Ferguson,2,0,"",""
ball,1,37.4,Australia,AT Carey,UT Khawaja,LH Ferguson,0,0,"",""
ball,1,37.5,Australia,AT Carey,UT Khawaja,LH Ferguson,4,0,"",""
ball,1,37.6,Australia,AT Carey,UT Khawaja,LH Ferguson,0,0,"",""
ball,1,38.1,Australia,UT Khawaja,AT Carey,KS Williamson,1,0,"",""
ball,1,38.2,Australia,AT Carey,UT Khawaja,KS Williamson,0,0,"",""
ball,1,38.3,Australia,AT Carey,UT Khawaja,KS Williamson,0,0,"",""
ball,1,38.4,Australia,AT Carey,UT Khawaja,KS Williamson,0,0,"",""
ball,1,38.5,Australia,AT Carey,UT Khawaja,KS Williamson,1,0,"",""
ball,1,38.6,Australia,UT Khawaja,AT Carey,KS Williamson,2,0,"",""
ball,1,39.1,Australia,AT Carey,UT Khawaja,TA Boult,0,0,"",""
ball,1,39.2,Australia,AT Carey,UT Khawaja,TA Boult,0,0,"",""
ball,1,39.3,Australia,AT Carey,UT Khawaja,TA Boult,4,0,"",""
ball,1,39.4,Australia,AT Carey,UT Khawaja,TA Boult,0,0,"",""
ball,1,39.5,Australia,AT Carey,UT Khawaja,TA Boult,1,0,"",""
ball,1,39.6,Australia,UT Khawaja,AT Carey,TA Boult,0,1,"",""
ball,1,40.1,Australia,UT Khawaja,AT Carey,KS Williamson,0,0,"",""
ball,1,40.2,Australia,UT Khawaja,AT Carey,KS Williamson,0,0,"",""
ball,1,40.3,Australia,UT Khawaja,AT Carey,KS Williamson,1,0,"",""
ball,1,40.4,Australia,AT Carey,UT Khawaja,KS Williamson,1,0,"",""
ball,1,40.5,Australia,UT Khawaja,AT Carey,KS Williamson,0,0,"",""
ball,1,40.6,Australia,UT Khawaja,AT Carey,KS Williamson,0,0,"",""
ball,1,41.1,Australia,AT Carey,UT Khawaja,TA Boult,0,0,"",""
ball,1,41.2,Australia,AT Carey,UT Khawaja,TA Boult,0,0,"",""
ball,1,41.3,Australia,AT Carey,UT Khawaja,TA Boult,2,0,"",""
ball,1,41.4,Australia,AT Carey,UT Khawaja,TA Boult,1,0,"",""
ball,1,41.5,Australia,UT Khawaja,AT Carey,TA Boult,0,0,"",""
ball,1,41.6,Australia,UT Khawaja,AT Carey,TA Boult,1,0,"",""
ball,1,42.1,Australia,UT Khawaja,AT Carey,KS Williamson,1,0,"",""
ball,1,42.2,Australia,AT Carey,UT Khawaja,KS Williamson,1,0,"",""
ball,1,42.3,Australia,UT Khawaja,AT Carey,KS Williamson,1,0,"",""
ball,1,42.4,Australia,AT Carey,UT Khawaja,KS Williamson,1,0,"",""
ball,1,42.5,Australia,UT Khawaja,AT Carey,KS Williamson,1,0,"",""
ball,1,42.6,Australia,AT Carey,UT Khawaja,KS Williamson,0,0,caught,AT Carey
ball,1,43.1,Australia,UT Khawaja,PJ Cummins,LH Ferguson,1,0,"",""
ball,1,43.2,Australia,PJ Cummins,UT Khawaja,LH Ferguson,1,0,"",""
ball,1,43.3,Australia,UT Khawaja,PJ Cummins,LH Ferguson,0,0,"",""
ball,1,43.4,Australia,UT Khawaja,PJ Cummins,LH Ferguson,0,0,"",""
ball,1,43.5,Australia,UT Khawaja,PJ Cummins,LH Ferguson,0,0,"",""
ball,1,43.6,Australia,UT Khawaja,PJ Cummins,LH Ferguson,1,0,"",""
ball,1,44.1,Australia,UT Khawaja,PJ Cummins,IS Sodhi,0,0,"",""
ball,1,44.2,Australia,UT Khawaja,PJ Cummins,IS Sodhi,1,0,"",""
ball,1,44.3,Australia,PJ Cummins,UT Khawaja,IS Sodhi,0,0,"",""
ball,1,44.4,Australia,PJ Cummins,UT Khawaja,IS Sodhi,1,0,"",""
ball,1,44.5,Australia,UT Khawaja,PJ Cummins,IS Sodhi,4,0,"",""
ball,1,44.6,Australia,UT Khawaja,PJ Cummins,IS Sodhi,1,0,"",""
ball,1,45.1,Australia,UT Khawaja,PJ Cummins,LH Ferguson,4,0,"",""
ball,1,45.2,Australia,UT Khawaja,PJ Cummins,LH Ferguson,1,0,"",""
ball,1,45.3,Australia,PJ Cummins,UT Khawaja,LH Ferguson,0,0,"",""
ball,1,45.4,Australia,PJ Cummins,UT Khawaja,LH Ferguson,0,0,"",""
ball,1,45.5,Australia,PJ Cummins,UT Khawaja,LH Ferguson,0,0,"",""
ball,1,45.6,Australia,PJ Cummins,UT Khawaja,LH Ferguson,1,0,"",""
ball,1,46.1,Australia,PJ Cummins,UT Khawaja,IS Sodhi,0,0,"",""
ball,1,46.2,Australia,PJ Cummins,UT Khawaja,IS Sodhi,2,0,"",""
ball,1,46.3,Australia,PJ Cummins,UT Khawaja,IS Sodhi,2,0,"",""
ball,1,46.4,Australia,PJ Cummins,UT Khawaja,IS Sodhi,2,0,"",""
ball,1,46.5,Australia,PJ Cummins,UT Khawaja,IS Sodhi,2,0,"",""
ball,1,46.6,Australia,PJ Cummins,UT Khawaja,IS Sodhi,1,0,"",""
ball,1,47.1,Australia,PJ Cummins,UT Khawaja,TA Boult,1,0,"",""
ball,1,47.2,Australia,UT Khawaja,PJ Cummins,TA Boult,0,0,"",""
ball,1,47.3,Australia,UT Khawaja,PJ Cummins,TA Boult,4,0,"",""
ball,1,47.4,Australia,UT Khawaja,PJ Cummins,TA Boult,0,0,"",""
ball,1,47.5,Australia,UT Khawaja,PJ Cummins,TA Boult,1,0,"",""
ball,1,47.6,Australia,PJ Cummins,UT Khawaja,TA Boult,2,0,"",""
ball,1,48.1,Australia,UT Khawaja,PJ Cummins,LH Ferguson,1,0,"",""
ball,1,48.2,Australia,PJ Cummins,UT Khawaja,LH Ferguson,1,0,"",""
ball,1,48.3,Australia,UT Khawaja,PJ Cummins,LH Ferguson,0,0,"",""
ball,1,48.4,Australia,UT Khawaja,PJ Cummins,LH Ferguson,1,0,"",""
ball,1,48.5,Australia,PJ Cummins,UT Khawaja,LH Ferguson,2,0,"",""
ball,1,48.6,Australia,PJ Cummins,UT Khawaja,LH Ferguson,4,0,"",""
ball,1,49.1,Australia,UT Khawaja,PJ Cummins,TA Boult,1,0,"",""
ball,1,49.2,Australia,PJ Cummins,UT Khawaja,TA Boult,1,0,"",""
ball,1,49.3,Australia,UT Khawaja,PJ Cummins,TA Boult,0,0,bowled,UT Khawaja
ball,1,49.4,Australia,MA Starc,PJ Cummins,TA Boult,0,0,bowled,MA Starc
ball,1,49.5,Australia,JP Behrendorff,PJ Cummins,TA Boult,0,0,lbw,JP Behrendorff
ball,1,49.6,Australia,NM Lyon,PJ Cummins,TA Boult,0,0,"",""
ball,2,0.1,New Zealand,MJ Guptill,HM Nicholls,JP Behrendorff,1,0,"",""
ball,2,0.2,New Zealand,HM Nicholls,MJ Guptill,JP Behrendorff,0,0,"",""
ball,2,0.3,New Zealand,HM Nicholls,MJ Guptill,JP Behrendorff,0,0,"",""
ball,2,0.4,New Zealand,HM Nicholls,MJ Guptill,JP Behrendorff,0,0,"",""
ball,2,0.5,New Zealand,HM Nicholls,MJ Guptill,JP Behrendorff,0,0,"",""
ball,2,0.6,New Zealand,HM Nicholls,MJ Guptill,JP Behrendorff,0,0,"",""
ball,2,1.1,New Zealand,MJ Guptill,HM Nicholls,MA Starc,0,0,"",""
ball,2,1.2,New Zealand,MJ Guptill,HM Nicholls,MA Starc,0,0,"",""
ball,2,1.3,New Zealand,MJ Guptill,HM Nicholls,MA Starc,0,0,"",""
ball,2,1.4,New Zealand,MJ Guptill,HM Nicholls,MA Starc,1,0,"",""
ball,2,1.5,New Zealand,HM Nicholls,MJ Guptill,MA Starc,0,0,"",""
ball,2,1.6,New Zealand,HM Nicholls,MJ Guptill,MA Starc,0,0,"",""
ball,2,2.1,New Zealand,MJ Guptill,HM Nicholls,JP Behrendorff,2,0,"",""
ball,2,2.2,New Zealand,MJ Guptill,HM Nicholls,JP Behrendorff,0,0,"",""
ball,2,2.3,New Zealand,MJ Guptill,HM Nicholls,JP Behrendorff,0,0,"",""
ball,2,2.4,New Zealand,MJ Guptill,HM Nicholls,JP Behrendorff,0,0,"",""
ball,2,2.5,New Zealand,MJ Guptill,HM Nicholls,JP Behrendorff,4,0,"",""
ball,2,2.6,New Zealand,MJ Guptill,HM Nicholls,JP Behrendorff,0,1,"",""
ball,2,2.7,New Zealand,MJ Guptill,HM Nicholls,JP Behrendorff,3,0,"",""
ball,2,3.1,New Zealand,MJ Guptill,HM Nicholls,MA Starc,0,0,"",""
ball,2,3.2,New Zealand,MJ Guptill,HM Nicholls,MA Starc,0,0,"",""
ball,2,3.3,New Zealand,MJ Guptill,HM Nicholls,MA Starc,0,0,"",""
ball,2,3.4,New Zealand,MJ Guptill,HM Nicholls,MA Starc,0,1,"",""
ball,2,3.5,New Zealand,MJ Guptill,HM Nicholls,MA Starc,0,0,"",""
ball,2,3.6,New Zealand,MJ Guptill,HM Nicholls,MA Starc,0,0,"",""
ball,2,3.7,New Zealand,MJ Guptill,HM Nicholls,MA Starc,0,1,"",""
ball,2,4.1,New Zealand,MJ Guptill,HM Nicholls,PJ Cummins,4,0,"",""
ball,2,4.2,New Zealand,MJ Guptill,HM Nicholls,PJ Cummins,0,0,"",""
ball,2,4.3,New Zealand,MJ Guptill,HM Nicholls,PJ Cummins,0,0,"",""
ball,2,4.4,New Zealand,MJ Guptill,HM Nicholls,PJ Cummins,0,0,"",""
ball,2,4.5,New Zealand,MJ Guptill,HM Nicholls,PJ Cummins,0,0,"",""
ball,2,4.6,New Zealand,MJ Guptill,HM Nicholls,PJ Cummins,0,0,"",""
ball,2,5.1,New Zealand,HM Nicholls,MJ Guptill,MA Starc,4,0,"",""
ball,2,5.2,New Zealand,HM Nicholls,MJ Guptill,MA Starc,4,0,"",""
ball,2,5.3,New Zealand,HM Nicholls,MJ Guptill,MA Starc,0,0,"",""
ball,2,5.4,New Zealand,HM Nicholls,MJ Guptill,MA Starc,0,1,"",""
ball,2,5.5,New Zealand,HM Nicholls,MJ Guptill,MA Starc,0,0,"",""
ball,2,5.6,New Zealand,HM Nicholls,MJ Guptill,MA Starc,0,0,"",""
ball,2,5.7,New Zealand,HM Nicholls,MJ Guptill,MA Starc,0,0,"",""
ball,2,6.1,New Zealand,MJ Guptill,HM Nicholls,PJ Cummins,1,0,"",""
ball,2,6.2,New Zealand,HM Nicholls,MJ Guptill,PJ Cummins,0,0,"",""
ball,2,6.3,New Zealand,HM Nicholls,MJ Guptill,PJ Cummins,0,0,"",""
ball,2,6.4,New Zealand,HM Nicholls,MJ Guptill,PJ Cummins,0,0,"",""
ball,2,6.5,New Zealand,HM Nicholls,MJ Guptill,PJ Cummins,0,0,"",""
ball,2,6.6,New Zealand,HM Nicholls,MJ Guptill,PJ Cummins,0,0,"",""
ball,2,7.1,New Zealand,MJ Guptill,HM Nicholls,JP Behrendorff,0,0,"",""
ball,2,7.2,New Zealand,MJ Guptill,HM Nicholls,JP Behrendorff,0,0,"",""
ball,2,7.3,New Zealand,MJ Guptill,HM Nicholls,JP Behrendorff,0,0,"",""
ball,2,7.4,New Zealand,MJ Guptill,HM Nicholls,JP Behrendorff,0,0,"",""
ball,2,7.5,New Zealand,MJ Guptill,HM Nicholls,JP Behrendorff,0,0,"",""
ball,2,7.6,New Zealand,MJ Guptill,HM Nicholls,JP Behrendorff,1,0,"",""
ball,2,8.1,New Zealand,MJ Guptill,HM Nicholls,PJ Cummins,0,0,"",""
ball,2,8.2,New Zealand,MJ Guptill,HM Nicholls,PJ Cummins,0,0,"",""
ball,2,8.3,New Zealand,MJ Guptill,HM Nicholls,PJ Cummins,0,0,"",""
ball,2,8.4,New Zealand,MJ Guptill,HM Nicholls,PJ Cummins,0,0,"",""
ball,2,8.5,New Zealand,MJ Guptill,HM Nicholls,PJ Cummins,0,0,"",""
ball,2,8.6,New Zealand,MJ Guptill,HM Nicholls,PJ Cummins,0,0,"",""
ball,2,9.1,New Zealand,HM Nicholls,MJ Guptill,JP Behrendorff,0,0,"",""
ball,2,9.2,New Zealand,HM Nicholls,MJ Guptill,JP Behrendorff,0,0,caught,HM Nicholls
ball,2,9.3,New Zealand,KS Williamson,MJ Guptill,JP Behrendorff,0,0,"",""
ball,2,9.4,New Zealand,KS Williamson,MJ Guptill,JP Behrendorff,2,0,"",""
ball,2,9.5,New Zealand,KS Williamson,MJ Guptill,JP Behrendorff,0,0,"",""
ball,2,9.6,New Zealand,KS Williamson,MJ Guptill,JP Behrendorff,0,0,"",""
ball,2,10.1,New Zealand,MJ Guptill,KS Williamson,PJ Cummins,1,0,"",""
ball,2,10.2,New Zealand,KS Williamson,MJ Guptill,PJ Cummins,0,0,"",""
ball,2,10.3,New Zealand,KS Williamson,MJ Guptill,PJ Cummins,0,0,"",""
ball,2,10.4,New Zealand,KS Williamson,MJ Guptill,PJ Cummins,1,0,"",""
ball,2,10.5,New Zealand,MJ Guptill,KS Williamson,PJ Cummins,0,0,"",""
ball,2,10.6,New Zealand,MJ Guptill,KS Williamson,PJ Cummins,0,0,"",""
ball,2,11.1,New Zealand,KS Williamson,MJ Guptill,JP Behrendorff,4,0,"",""
ball,2,11.2,New Zealand,KS Williamson,MJ Guptill,JP Behrendorff,0,0,"",""
ball,2,11.3,New Zealand,KS Williamson,MJ Guptill,JP Behrendorff,1,0,"",""
ball,2,11.4,New Zealand,MJ Guptill,KS Williamson,JP Behrendorff,0,0,"",""
ball,2,11.5,New Zealand,MJ Guptill,KS Williamson,JP Behrendorff,1,0,"",""
ball,2,11.6,New Zealand,KS Williamson,MJ Guptill,JP Behrendorff,1,0,"",""
ball,2,12.1,New Zealand,KS Williamson,MJ Guptill,NM Lyon,0,0,"",""
ball,2,12.2,New Zealand,KS Williamson,MJ Guptill,NM Lyon,1,0,"",""
ball,2,12.3,New Zealand,MJ Guptill,KS Williamson,NM Lyon,1,0,"",""
ball,2,12.4,New Zealand,KS Williamson,MJ Guptill,NM Lyon,0,0,"",""
ball,2,12.5,New Zealand,KS Williamson,MJ Guptill,NM Lyon,0,0,"",""
ball,2,12.6,New Zealand,KS Williamson,MJ Guptill,NM Lyon,0,0,"",""
ball,2,13.1,New Zealand,MJ Guptill,KS Williamson,JP Behrendorff,0,0,lbw,MJ Guptill
ball,2,13.2,New Zealand,LRPL Taylor,KS Williamson,JP Behrendorff,1,0,"",""
ball,2,13.3,New Zealand,KS Williamson,LRPL Taylor,JP Behrendorff,0,0,"",""
ball,2,13.4,New Zealand,KS Williamson,LRPL Taylor,JP Behrendorff,0,0,"",""
ball,2,13.5,New Zealand,KS Williamson,LRPL Taylor,JP Behrendorff,0,1,"",""
ball,2,13.6,New Zealand,LRPL Taylor,KS Williamson,JP Behrendorff,0,0,"",""
ball,2,14.1,New Zealand,KS Williamson,LRPL Taylor,NM Lyon,1,0,"",""
ball,2,14.2,New Zealand,LRPL Taylor,KS Williamson,NM Lyon,0,0,"",""
ball,2,14.3,New Zealand,LRPL Taylor,KS Williamson,NM Lyon,1,0,"",""
ball,2,14.4,New Zealand,KS Williamson,LRPL Taylor,NM Lyon,0,0,"",""
ball,2,14.5,New Zealand,KS Williamson,LRPL Taylor,NM Lyon,0,0,"",""
ball,2,14.6,New Zealand,KS Williamson,LRPL Taylor,NM Lyon,0,0,"",""
ball,2,15.1,New Zealand,LRPL Taylor,KS Williamson,JP Behrendorff,0,0,"",""
ball,2,15.2,New Zealand,LRPL Taylor,KS Williamson,JP Behrendorff,0,0,"",""
ball,2,15.3,New Zealand,LRPL Taylor,KS Williamson,JP Behrendorff,0,0,"",""
ball,2,15.4,New Zealand,LRPL Taylor,KS Williamson,JP Behrendorff,0,0,"",""
ball,2,15.5,New Zealand,LRPL Taylor,KS Williamson,JP Behrendorff,0,0,"",""
ball,2,15.6,New Zealand,LRPL Taylor,KS Williamson,JP Behrendorff,1,0,"",""
ball,2,16.1,New Zealand,LRPL Taylor,KS Williamson,NM Lyon,0,0,"",""
ball,2,16.2,New Zealand,LRPL Taylor,KS Williamson,NM Lyon,1,0,"",""
ball,2,16.3,New Zealand,KS Williamson,LRPL Taylor,NM Lyon,0,0,"",""
ball,2,16.4,New Zealand,KS Williamson,LRPL Taylor,NM Lyon,0,0,"",""
ball,2,16.5,New Zealand,KS Williamson,LRPL Taylor,NM Lyon,1,0,"",""
ball,2,16.6,New Zealand,LRPL Taylor,KS Williamson,NM Lyon,0,0,"",""
ball,2,17.1,New Zealand,KS Williamson,LRPL Taylor,JP Behrendorff,2,0,"",""
ball,2,17.2,New Zealand,KS Williamson,LRPL Taylor,JP Behrendorff,0,0,"",""
ball,2,17.3,New Zealand,KS Williamson,LRPL Taylor,JP Behrendorff,1,0,"",""
ball,2,17.4,New Zealand,LRPL Taylor,KS Williamson,JP Behrendorff,0,0,"",""
ball,2,17.5,New Zealand,LRPL Taylor,KS Williamson,JP Behrendorff,0,0,"",""
ball,2,17.6,New Zealand,LRPL Taylor,KS Williamson,JP Behrendorff,1,0,"",""
ball,2,18.1,New Zealand,LRPL Taylor,KS Williamson,SPD Smith,0,0,"",""
ball,2,18.2,New Zealand,LRPL Taylor,KS Williamson,SPD Smith,1,0,"",""
ball,2,18.3,New Zealand,KS Williamson,LRPL Taylor,SPD Smith,0,0,"",""
ball,2,18.4,New Zealand,KS Williamson,LRPL Taylor,SPD Smith,1,0,"",""
ball,2,18.5,New Zealand,LRPL Taylor,KS Williamson,SPD Smith,1,0,"",""
ball,2,18.6,New Zealand,KS Williamson,LRPL Taylor,SPD Smith,1,0,"",""
ball,2,19.1,New Zealand,KS Williamson,LRPL Taylor,JP Behrendorff,0,1,"",""
ball,2,19.2,New Zealand,KS Williamson,LRPL Taylor,JP Behrendorff,1,0,"",""
ball,2,19.3,New Zealand,LRPL Taylor,KS Williamson,JP Behrendorff,0,1,"",""
ball,2,19.4,New Zealand,LRPL Taylor,KS Williamson,JP Behrendorff,0,0,"",""
ball,2,19.5,New Zealand,LRPL Taylor,KS Williamson,JP Behrendorff,0,0,"",""
ball,2,19.6,New Zealand,LRPL Taylor,KS Williamson,JP Behrendorff,0,0,"",""
ball,2,19.7,New Zealand,LRPL Taylor,KS Williamson,JP Behrendorff,0,0,"",""
ball,2,19.8,New Zealand,LRPL Taylor,KS Williamson,JP Behrendorff,1,0,"",""
ball,2,20.1,New Zealand,LRPL Taylor,KS Williamson,AJ Finch,1,0,"",""
ball,2,20.2,New Zealand,KS Williamson,LRPL Taylor,AJ Finch,1,0,"",""
ball,2,20.3,New Zealand,LRPL Taylor,KS Williamson,AJ Finch,0,0,"",""
ball,2,20.4,New Zealand,LRPL Taylor,KS Williamson,AJ Finch,0,0,"",""
ball,2,20.5,New Zealand,LRPL Taylor,KS Williamson,AJ Finch,4,0,"",""
ball,2,20.6,New Zealand,LRPL Taylor,KS Williamson,AJ Finch,1,0,"",""
ball,2,21.1,New Zealand,LRPL Taylor,KS Williamson,MP Stoinis,0,1,"",""
ball,2,21.2,New Zealand,KS Williamson,LRPL Taylor,MP Stoinis,2,0,"",""
ball,2,21.3,New Zealand,KS Williamson,LRPL Taylor,MP Stoinis,0,0,"",""
ball,2,21.4,New Zealand,KS Williamson,LRPL Taylor,MP Stoinis,1,0,"",""
ball,2,21.5,New Zealand,LRPL Taylor,KS Williamson,MP Stoinis,0,0,"",""
ball,2,21.6,New Zealand,LRPL Taylor,KS Williamson,MP Stoinis,1,0,"",""
ball,2,22.1,New Zealand,LRPL Taylor,KS Williamson,GJ Maxwell,0,0,"",""
ball,2,22.2,New Zealand,LRPL Taylor,KS Williamson,GJ Maxwell,0,0,"",""
ball,2,22.3,New Zealand,LRPL Taylor,KS Williamson,GJ Maxwell,0,0,"",""
ball,2,22.4,New Zealand,LRPL Taylor,KS Williamson,GJ Maxwell,1,0,"",""
ball,2,22.5,New Zealand,KS Williamson,LRPL Taylor,GJ Maxwell,1,0,"",""
ball,2,22.6,New Zealand,LRPL Taylor,KS Williamson,GJ Maxwell,2,0,"",""
ball,2,23.1,New Zealand,KS Williamson,LRPL Taylor,MP Stoinis,0,0,"",""
ball,2,23.2,New Zealand,KS Williamson,LRPL Taylor,MP Stoinis,0,0,"",""
ball,2,23.3,New Zealand,KS Williamson,LRPL Taylor,MP Stoinis,6,0,"",""
ball,2,23.4,New Zealand,KS Williamson,LRPL Taylor,MP Stoinis,0,0,"",""
ball,2,23.5,New Zealand,KS Williamson,LRPL Taylor,MP Stoinis,2,0,"",""
ball,2,23.6,New Zealand,KS Williamson,LRPL Taylor,MP Stoinis,0,0,"",""
ball,2,24.1,New Zealand,LRPL Taylor,KS Williamson,GJ Maxwell,1,0,"",""
ball,2,24.2,New Zealand,KS Williamson,LRPL Taylor,GJ Maxwell,1,0,"",""
ball,2,24.3,New Zealand,LRPL Taylor,KS Williamson,GJ Maxwell,1,0,"",""
ball,2,24.4,New Zealand,KS Williamson,LRPL Taylor,GJ Maxwell,0,0,"",""
ball,2,24.5,New Zealand,KS Williamson,LRPL Taylor,GJ Maxwell,4,0,"",""
ball,2,24.6,New Zealand,KS Williamson,LRPL Taylor,GJ Maxwell,0,0,"",""
ball,2,25.1,New Zealand,LRPL Taylor,KS Williamson,MA Starc,1,0,"",""
ball,2,25.2,New Zealand,KS Williamson,LRPL Taylor,MA Starc,2,0,"",""
ball,2,25.3,New Zealand,KS Williamson,LRPL Taylor,MA Starc,2,0,"",""
ball,2,25.4,New Zealand,KS Williamson,LRPL Taylor,MA Starc,0,0,caught,KS Williamson
ball,2,25.5,New Zealand,TWM Latham,LRPL Taylor,MA Starc,0,0,"",""
ball,2,25.6,New Zealand,TWM Latham,LRPL Taylor,MA Starc,1,0,"",""
ball,2,26.1,New Zealand,TWM Latham,LRPL Taylor,NM Lyon,1,0,"",""
ball,2,26.2,New Zealand,LRPL Taylor,TWM Latham,NM Lyon,1,0,"",""
ball,2,26.3,New Zealand,TWM Latham,LRPL Taylor,NM Lyon,2,0,"",""
ball,2,26.4,New Zealand,TWM Latham,LRPL Taylor,NM Lyon,0,0,"",""
ball,2,26.5,New Zealand,TWM Latham,LRPL Taylor,NM Lyon,1,0,"",""
ball,2,26.6,New Zealand,LRPL Taylor,TWM Latham,NM Lyon,0,0,"",""
ball,2,27.1,New Zealand,TWM Latham,LRPL Taylor,MA Starc,0,0,"",""
ball,2,27.2,New Zealand,TWM Latham,LRPL Taylor,MA Starc,0,0,"",""
ball,2,27.3,New Zealand,TWM Latham,LRPL Taylor,MA Starc,0,0,"",""
ball,2,27.4,New Zealand,TWM Latham,LRPL Taylor,MA Starc,0,0,"",""
ball,2,27.5,New Zealand,TWM Latham,LRPL Taylor,MA Starc,1,0,"",""
ball,2,27.6,New Zealand,LRPL Taylor,TWM Latham,MA Starc,0,0,"",""
ball,2,28.1,New Zealand,TWM Latham,LRPL Taylor,NM Lyon,0,0,"",""
ball,2,28.2,New Zealand,TWM Latham,LRPL Taylor,NM Lyon,1,0,"",""
ball,2,28.3,New Zealand,LRPL Taylor,TWM Latham,NM Lyon,0,0,"",""
ball,2,28.4,New Zealand,LRPL Taylor,TWM Latham,NM Lyon,0,0,"",""
ball,2,28.5,New Zealand,LRPL Taylor,TWM Latham,NM Lyon,1,0,"",""
ball,2,28.6,New Zealand,TWM Latham,LRPL Taylor,NM Lyon,1,0,"",""
ball,2,29.1,New Zealand,TWM Latham,LRPL Taylor,PJ Cummins,0,0,"",""
ball,2,29.2,New Zealand,TWM Latham,LRPL Taylor,PJ Cummins,0,0,"",""
ball,2,29.3,New Zealand,TWM Latham,LRPL Taylor,PJ Cummins,0,0,"",""
ball,2,29.4,New Zealand,TWM Latham,LRPL Taylor,PJ Cummins,0,0,"",""
ball,2,29.5,New Zealand,TWM Latham,LRPL Taylor,PJ Cummins,1,0,"",""
ball,2,29.6,New Zealand,LRPL Taylor,TWM Latham,PJ Cummins,0,0,"",""
ball,2,30.1,New Zealand,TWM Latham,LRPL Taylor,GJ Maxwell,1,0,"",""
ball,2,30.2,New Zealand,LRPL Taylor,TWM Latham,GJ Maxwell,0,0,"",""
ball,2,30.3,New Zealand,LRPL Taylor,TWM Latham,GJ Maxwell,0,0,"",""
ball,2,30.4,New Zealand,LRPL Taylor,TWM Latham,GJ Maxwell,1,0,"",""
ball,2,30.5,New Zealand,TWM Latham,LRPL Taylor,GJ Maxwell,1,0,"",""
ball,2,30.6,New Zealand,LRPL Taylor,TWM Latham,GJ Maxwell,1,0,"",""
ball,2,31.1,New Zealand,LRPL Taylor,TWM Latham,PJ Cummins,4,0,"",""
ball,2,31.2,New Zealand,LRPL Taylor,TWM Latham,PJ Cummins,1,0,"",""
ball,2,31.3,New Zealand,TWM Latham,LRPL Taylor,PJ Cummins,1,0,"",""
ball,2,31.4,New Zealand,LRPL Taylor,TWM Latham,PJ Cummins,0,0,caught,LRPL Taylor
ball,2,31.5,New Zealand,TWM Latham,C de Grandhomme,PJ Cummins,0,0,"",""
ball,2,31.6,New Zealand,TWM Latham,C de Grandhomme,PJ Cummins,0,0,"",""
ball,2,32.1,New Zealand,C de Grandhomme,TWM Latham,SPD Smith,0,0,caught,C de Grandhomme
ball,2,32.2,New Zealand,TWM Latham,JDS Neesham,SPD Smith,1,0,"",""
ball,2,32.3,New Zealand,JDS Neesham,TWM Latham,SPD Smith,0,0,"",""
ball,2,32.4,New Zealand,JDS Neesham,TWM Latham,SPD Smith,0,0,"",""
ball,2,32.5,New Zealand,JDS Neesham,TWM Latham,SPD Smith,0,0,"",""
ball,2,32.6,New Zealand,JDS Neesham,TWM Latham,SPD Smith,1,0,"",""
ball,2,33.1,New Zealand,JDS Neesham,TWM Latham,NM Lyon,0,0,"",""
ball,2,33.2,New Zealand,JDS Neesham,TWM Latham,NM Lyon,0,0,"",""
ball,2,33.3,New Zealand,JDS Neesham,TWM Latham,NM Lyon,0,0,"",""
ball,2,33.4,New Zealand,JDS Neesham,TWM Latham,NM Lyon,0,0,"",""
ball,2,33.5,New Zealand,JDS Neesham,TWM Latham,NM Lyon,0,0,"",""
ball,2,33.6,New Zealand,JDS Neesham,TWM Latham,NM Lyon,1,0,"",""
ball,2,34.1,New Zealand,JDS Neesham,TWM Latham,GJ Maxwell,0,0,"",""
ball,2,34.2,New Zealand,JDS Neesham,TWM Latham,GJ Maxwell,0,0,"",""
ball,2,34.3,New Zealand,JDS Neesham,TWM Latham,GJ Maxwell,0,0,"",""
ball,2,34.4,New Zealand,JDS Neesham,TWM Latham,GJ Maxwell,1,0,"",""
ball,2,34.5,New Zealand,TWM Latham,JDS Neesham,GJ Maxwell,1,0,"",""
ball,2,34.6,New Zealand,JDS Neesham,TWM Latham,GJ Maxwell,1,0,"",""
ball,2,35.1,New Zealand,JDS Neesham,TWM Latham,MA Starc,1,0,"",""
ball,2,35.2,New Zealand,TWM Latham,JDS Neesham,MA Starc,0,0,"",""
ball,2,35.3,New Zealand,TWM Latham,JDS Neesham,MA Starc,0,0,caught,TWM Latham
ball,2,35.4,New Zealand,MJ Santner,JDS Neesham,MA Starc,0,0,"",""
ball,2,35.5,New Zealand,MJ Santner,JDS Neesham,MA Starc,0,0,"",""
ball,2,35.6,New Zealand,MJ Santner,JDS Neesham,MA Starc,1,0,"",""
ball,2,36.1,New Zealand,MJ Santner,JDS Neesham,NM Lyon,0,0,"",""
ball,2,36.2,New Zealand,MJ Santner,JDS Neesham,NM Lyon,0,0,"",""
ball,2,36.3,New Zealand,MJ Santner,JDS Neesham,NM Lyon,0,0,"",""
ball,2,36.4,New Zealand,MJ Santner,JDS Neesham,NM Lyon,1,0,"",""
ball,2,36.5,New Zealand,JDS Neesham,MJ Santner,NM Lyon,2,0,"",""
ball,2,36.6,New Zealand,JDS Neesham,MJ Santner,NM Lyon,1,0,"",""
ball,2,37.1,New Zealand,JDS Neesham,MJ Santner,MA Starc,0,0,"",""
ball,2,37.2,New Zealand,JDS Neesham,MJ Santner,MA Starc,0,0,"",""
ball,2,37.3,New Zealand,JDS Neesham,MJ Santner,MA Starc,1,0,"",""
ball,2,37.4,New Zealand,MJ Santner,JDS Neesham,MA Starc,0,0,"",""
ball,2,37.5,New Zealand,MJ Santner,JDS Neesham,MA Starc,0,0,"",""
ball,2,37.6,New Zealand,MJ Santner,JDS Neesham,MA Starc,0,0,"",""
ball,2,38.1,New Zealand,JDS Neesham,MJ Santner,NM Lyon,0,0,caught and bowled,JDS Neesham
ball,2,38.2,New Zealand,MJ Santner,IS Sodhi,NM Lyon,0,0,"",""
ball,2,38.3,New Zealand,MJ Santner,IS Sodhi,NM Lyon,0,0,"",""
ball,2,38.4,New Zealand,MJ Santner,IS Sodhi,NM Lyon,1,0,"",""
ball,2,38.5,New Zealand,IS Sodhi,MJ Santner,NM Lyon,0,0,"",""
ball,2,38.6,New Zealand,IS Sodhi,MJ Santner,NM Lyon,4,0,"",""
ball,2,39.1,New Zealand,MJ Santner,IS Sodhi,MA Starc,0,0,"",""
ball,2,39.2,New Zealand,MJ Santner,IS Sodhi,MA Starc,0,0,"",""
ball,2,39.3,New Zealand,MJ Santner,IS Sodhi,MA Starc,0,0,"",""
ball,2,39.4,New Zealand,MJ Santner,IS Sodhi,MA Starc,1,0,"",""
ball,2,39.5,New Zealand,IS Sodhi,MJ Santner,MA Starc,1,0,"",""
ball,2,39.6,New Zealand,MJ Santner,IS Sodhi,MA Starc,0,2,"",""
ball,2,39.7,New Zealand,IS Sodhi,MJ Santner,MA Starc,0,1,"",""
ball,2,39.8,New Zealand,IS Sodhi,MJ Santner,MA Starc,0,0,lbw,IS Sodhi
ball,2,40.1,New Zealand,MJ Santner,LH Ferguson,NM Lyon,0,0,"",""
ball,2,40.2,New Zealand,MJ Santner,LH Ferguson,NM Lyon,0,0,"",""
ball,2,40.3,New Zealand,MJ Santner,LH Ferguson,NM Lyon,1,0,"",""
ball,2,40.4,New Zealand,LH Ferguson,MJ Santner,NM Lyon,0,0,"",""
ball,2,40.5,New Zealand,LH Ferguson,MJ Santner,NM Lyon,0,0,"",""
ball,2,40.6,New Zealand,LH Ferguson,MJ Santner,NM Lyon,0,2,"",""
ball,2,40.7,New Zealand,MJ Santner,LH Ferguson,NM Lyon,0,0,"",""
ball,2,41.1,New Zealand,LH Ferguson,MJ Santner,MA Starc,0,0,bowled,LH Ferguson
ball,2,41.2,New Zealand,TA Boult,MJ Santner,MA Starc,0,0,"",""
ball,2,41.3,New Zealand,TA Boult,MJ Santner,MA Starc,0,0,"",""
ball,2,41.4,New Zealand,TA Boult,MJ Santner,MA Starc,0,0,"",""
ball,2,41.5,New Zealand,TA Boult,MJ Santner,MA Starc,0,0,"",""
ball,2,41.6,New Zealand,TA Boult,MJ Santner,MA Starc,0,0,"",""
ball,2,42.1,New Zealand,MJ Santner,TA Boult,NM Lyon,0,0,"",""
ball,2,42.2,New Zealand,MJ Santner,TA Boult,NM Lyon,6,0,"",""
ball,2,42.3,New Zealand,MJ Santner,TA Boult,NM Lyon,0,4,"",""
ball,2,42.4,New Zealand,MJ Santner,TA Boult,NM Lyon,1,0,"",""
ball,2,42.5,New Zealand,TA Boult,MJ Santner,NM Lyon,2,0,"",""
ball,2,42.6,New Zealand,TA Boult,MJ Santner,NM Lyon,0,0,"",""
ball,2,43.1,New Zealand,MJ Santner,TA Boult,MA Starc,0,0,"",""
ball,2,43.2,New Zealand,MJ Santner,TA Boult,MA Starc,0,0,"",""
ball,2,43.3,New Zealand,MJ Santner,TA Boult,MA Starc,0,0,"",""
ball,2,43.4,New Zealand,MJ Santner,TA Boult,MA Starc,0,0,caught,MJ Santner
