version,1.3.0
info,team,Bangladesh
info,team,Pakistan
info,gender,male
info,season,2019
info,date,2019/07/05
info,competition,World Cup
info,match_number,43
info,venue,Lord's
info,city,London
info,toss_winner,Pakistan
info,toss_decision,bat
info,player_of_match,Shaheen Shah Afridi
info,umpire,RA Kettleborough
info,umpire,MA Gough
info,reserve_umpire,JS Wilson
info,tv_umpire,RK Illingworth
info,match_referee,RB Richardson
info,winner,Pakistan
info,winner_runs,94
ball,1,0.1,Pakistan,Fakhar Zaman,Imam-ul-Haq,Mehedi Hasan Miraz,0,0,"",""
ball,1,0.2,Pakistan,Fakhar Zaman,Imam-ul-Haq,Mehedi Hasan Miraz,0,0,"",""
ball,1,0.3,Pakistan,Fakhar Zaman,Imam-ul-Haq,Mehedi Hasan Miraz,0,0,"",""
ball,1,0.4,Pakistan,Fakhar Zaman,Imam-ul-Haq,Mehedi Hasan Miraz,0,0,"",""
ball,1,0.5,Pakistan,Fakhar Zaman,Imam-ul-Haq,Mehedi Hasan Miraz,1,0,"",""
ball,1,0.6,Pakistan,Imam-ul-Haq,Fakhar Zaman,Mehedi Hasan Miraz,0,0,"",""
ball,1,1.1,Pakistan,Fakhar Zaman,Imam-ul-Haq,Mohammad Saifuddin,0,0,"",""
ball,1,1.2,Pakistan,Fakhar Zaman,Imam-ul-Haq,Mohammad Saifuddin,0,0,"",""
ball,1,1.3,Pakistan,Fakhar Zaman,Imam-ul-Haq,Mohammad Saifuddin,0,0,"",""
ball,1,1.4,Pakistan,Fakhar Zaman,Imam-ul-Haq,Mohammad Saifuddin,4,0,"",""
ball,1,1.5,Pakistan,Fakhar Zaman,Imam-ul-Haq,Mohammad Saifuddin,0,0,"",""
ball,1,1.6,Pakistan,Fakhar Zaman,Imam-ul-Haq,Mohammad Saifuddin,2,0,"",""
ball,1,2.1,Pakistan,Imam-ul-Haq,Fakhar Zaman,Mehedi Hasan Miraz,0,0,"",""
ball,1,2.2,Pakistan,Imam-ul-Haq,Fakhar Zaman,Mehedi Hasan Miraz,1,0,"",""
ball,1,2.3,Pakistan,Fakhar Zaman,Imam-ul-Haq,Mehedi Hasan Miraz,0,0,"",""
ball,1,2.4,Pakistan,Fakhar Zaman,Imam-ul-Haq,Mehedi Hasan Miraz,2,0,"",""
ball,1,2.5,Pakistan,Fakhar Zaman,Imam-ul-Haq,Mehedi Hasan Miraz,0,0,"",""
ball,1,2.6,Pakistan,Fakhar Zaman,Imam-ul-Haq,Mehedi Hasan Miraz,0,0,"",""
ball,1,3.1,Pakistan,Imam-ul-Haq,Fakhar Zaman,Mohammad Saifuddin,0,0,"",""
ball,1,3.2,Pakistan,Imam-ul-Haq,Fakhar Zaman,Mohammad Saifuddin,1,0,"",""
ball,1,3.3,Pakistan,Fakhar Zaman,Imam-ul-Haq,Mohammad Saifuddin,0,0,"",""
ball,1,3.4,Pakistan,Fakhar Zaman,Imam-ul-Haq,Mohammad Saifuddin,1,0,"",""
ball,1,3.5,Pakistan,Imam-ul-Haq,Fakhar Zaman,Mohammad Saifuddin,0,0,"",""
ball,1,3.6,Pakistan,Imam-ul-Haq,Fakhar Zaman,Mohammad Saifuddin,4,0,"",""
ball,1,4.1,Pakistan,Fakhar Zaman,Imam-ul-Haq,Mehedi Hasan Miraz,0,0,"",""
ball,1,4.2,Pakistan,Fakhar Zaman,Imam-ul-Haq,Mehedi Hasan Miraz,0,0,"",""
ball,1,4.3,Pakistan,Fakhar Zaman,Imam-ul-Haq,Mehedi Hasan Miraz,0,0,"",""
ball,1,4.4,Pakistan,Fakhar Zaman,Imam-ul-Haq,Mehedi Hasan Miraz,0,0,"",""
ball,1,4.5,Pakistan,Fakhar Zaman,Imam-ul-Haq,Mehedi Hasan Miraz,0,0,"",""
ball,1,4.6,Pakistan,Fakhar Zaman,Imam-ul-Haq,Mehedi Hasan Miraz,1,0,"",""
ball,1,5.1,Pakistan,Fakhar Zaman,Imam-ul-Haq,Mohammad Saifuddin,0,0,"",""
ball,1,5.2,Pakistan,Fakhar Zaman,Imam-ul-Haq,Mohammad Saifuddin,0,0,"",""
ball,1,5.3,Pakistan,Fakhar Zaman,Imam-ul-Haq,Mohammad Saifuddin,0,0,"",""
ball,1,5.4,Pakistan,Fakhar Zaman,Imam-ul-Haq,Mohammad Saifuddin,1,0,"",""
ball,1,5.5,Pakistan,Imam-ul-Haq,Fakhar Zaman,Mohammad Saifuddin,0,0,"",""
ball,1,5.6,Pakistan,Imam-ul-Haq,Fakhar Zaman,Mohammad Saifuddin,4,0,"",""
ball,1,6.1,Pakistan,Fakhar Zaman,Imam-ul-Haq,Mehedi Hasan Miraz,0,0,"",""
ball,1,6.2,Pakistan,Fakhar Zaman,Imam-ul-Haq,Mehedi Hasan Miraz,1,0,"",""
ball,1,6.3,Pakistan,Imam-ul-Haq,Fakhar Zaman,Mehedi Hasan Miraz,0,0,"",""
ball,1,6.4,Pakistan,Imam-ul-Haq,Fakhar Zaman,Mehedi Hasan Miraz,0,0,"",""
ball,1,6.5,Pakistan,Imam-ul-Haq,Fakhar Zaman,Mehedi Hasan Miraz,0,0,"",""
ball,1,6.6,Pakistan,Imam-ul-Haq,Fakhar Zaman,Mehedi Hasan Miraz,0,0,"",""
ball,1,7.1,Pakistan,Fakhar Zaman,Imam-ul-Haq,Mohammad Saifuddin,0,0,"",""
ball,1,7.2,Pakistan,Fakhar Zaman,Imam-ul-Haq,Mohammad Saifuddin,0,0,caught,Fakhar Zaman
ball,1,7.3,Pakistan,Babar Azam,Imam-ul-Haq,Mohammad Saifuddin,0,0,"",""
ball,1,7.4,Pakistan,Babar Azam,Imam-ul-Haq,Mohammad Saifuddin,4,0,"",""
ball,1,7.5,Pakistan,Babar Azam,Imam-ul-Haq,Mohammad Saifuddin,0,0,"",""
ball,1,7.6,Pakistan,Babar Azam,Imam-ul-Haq,Mohammad Saifuddin,1,0,"",""
ball,1,8.1,Pakistan,Babar Azam,Imam-ul-Haq,Mehedi Hasan Miraz,0,0,"",""
ball,1,8.2,Pakistan,Babar Azam,Imam-ul-Haq,Mehedi Hasan Miraz,2,0,"",""
ball,1,8.3,Pakistan,Babar Azam,Imam-ul-Haq,Mehedi Hasan Miraz,0,0,"",""
ball,1,8.4,Pakistan,Babar Azam,Imam-ul-Haq,Mehedi Hasan Miraz,0,0,"",""
ball,1,8.5,Pakistan,Babar Azam,Imam-ul-Haq,Mehedi Hasan Miraz,0,0,"",""
ball,1,8.6,Pakistan,Babar Azam,Imam-ul-Haq,Mehedi Hasan Miraz,1,0,"",""
ball,1,9.1,Pakistan,Babar Azam,Imam-ul-Haq,Mustafizur Rahman,0,0,"",""
ball,1,9.2,Pakistan,Babar Azam,Imam-ul-Haq,Mustafizur Rahman,1,0,"",""
ball,1,9.3,Pakistan,Imam-ul-Haq,Babar Azam,Mustafizur Rahman,0,0,"",""
ball,1,9.4,Pakistan,Imam-ul-Haq,Babar Azam,Mustafizur Rahman,1,0,"",""
ball,1,9.5,Pakistan,Babar Azam,Imam-ul-Haq,Mustafizur Rahman,4,0,"",""
ball,1,9.6,Pakistan,Babar Azam,Imam-ul-Haq,Mustafizur Rahman,1,0,"",""
ball,1,10.1,Pakistan,Babar Azam,Imam-ul-Haq,Mashrafe Mortaza,1,0,"",""
ball,1,10.2,Pakistan,Imam-ul-Haq,Babar Azam,Mashrafe Mortaza,1,0,"",""
ball,1,10.3,Pakistan,Babar Azam,Imam-ul-Haq,Mashrafe Mortaza,1,0,"",""
ball,1,10.4,Pakistan,Imam-ul-Haq,Babar Azam,Mashrafe Mortaza,1,0,"",""
ball,1,10.5,Pakistan,Babar Azam,Imam-ul-Haq,Mashrafe Mortaza,2,0,"",""
ball,1,10.6,Pakistan,Babar Azam,Imam-ul-Haq,Mashrafe Mortaza,1,0,"",""
ball,1,11.1,Pakistan,Babar Azam,Imam-ul-Haq,Mustafizur Rahman,4,0,"",""
ball,1,11.2,Pakistan,Babar Azam,Imam-ul-Haq,Mustafizur Rahman,0,0,"",""
ball,1,11.3,Pakistan,Babar Azam,Imam-ul-Haq,Mustafizur Rahman,0,0,"",""
ball,1,11.4,Pakistan,Babar Azam,Imam-ul-Haq,Mustafizur Rahman,0,0,"",""
ball,1,11.5,Pakistan,Babar Azam,Imam-ul-Haq,Mustafizur Rahman,0,0,"",""
ball,1,11.6,Pakistan,Babar Azam,Imam-ul-Haq,Mustafizur Rahman,0,0,"",""
ball,1,12.1,Pakistan,Imam-ul-Haq,Babar Azam,Mashrafe Mortaza,1,0,"",""
ball,1,12.2,Pakistan,Babar Azam,Imam-ul-Haq,Mashrafe Mortaza,1,0,"",""
ball,1,12.3,Pakistan,Imam-ul-Haq,Babar Azam,Mashrafe Mortaza,0,0,"",""
ball,1,12.4,Pakistan,Imam-ul-Haq,Babar Azam,Mashrafe Mortaza,1,0,"",""
ball,1,12.5,Pakistan,Babar Azam,Imam-ul-Haq,Mashrafe Mortaza,1,0,"",""
ball,1,12.6,Pakistan,Imam-ul-Haq,Babar Azam,Mashrafe Mortaza,0,0,"",""
ball,1,13.1,Pakistan,Babar Azam,Imam-ul-Haq,Shakib Al Hasan,0,5,"",""
ball,1,13.2,Pakistan,Babar Azam,Imam-ul-Haq,Shakib Al Hasan,1,0,"",""
ball,1,13.3,Pakistan,Imam-ul-Haq,Babar Azam,Shakib Al Hasan,1,0,"",""
ball,1,13.4,Pakistan,Babar Azam,Imam-ul-Haq,Shakib Al Hasan,1,0,"",""
ball,1,13.5,Pakistan,Imam-ul-Haq,Babar Azam,Shakib Al Hasan,1,0,"",""
ball,1,13.6,Pakistan,Babar Azam,Imam-ul-Haq,Shakib Al Hasan,1,0,"",""
ball,1,13.7,Pakistan,Imam-ul-Haq,Babar Azam,Shakib Al Hasan,1,0,"",""
ball,1,14.1,Pakistan,Imam-ul-Haq,Babar Azam,Mashrafe Mortaza,2,0,"",""
ball,1,14.2,Pakistan,Imam-ul-Haq,Babar Azam,Mashrafe Mortaza,0,0,"",""
ball,1,14.3,Pakistan,Imam-ul-Haq,Babar Azam,Mashrafe Mortaza,3,0,"",""
ball,1,14.4,Pakistan,Babar Azam,Imam-ul-Haq,Mashrafe Mortaza,0,0,"",""
ball,1,14.5,Pakistan,Babar Azam,Imam-ul-Haq,Mashrafe Mortaza,1,0,"",""
ball,1,14.6,Pakistan,Imam-ul-Haq,Babar Azam,Mashrafe Mortaza,2,0,"",""
ball,1,15.1,Pakistan,Babar Azam,Imam-ul-Haq,Shakib Al Hasan,1,0,"",""
ball,1,15.2,Pakistan,Imam-ul-Haq,Babar Azam,Shakib Al Hasan,1,0,"",""
ball,1,15.3,Pakistan,Babar Azam,Imam-ul-Haq,Shakib Al Hasan,1,0,"",""
ball,1,15.4,Pakistan,Imam-ul-Haq,Babar Azam,Shakib Al Hasan,0,0,"",""
ball,1,15.5,Pakistan,Imam-ul-Haq,Babar Azam,Shakib Al Hasan,1,0,"",""
ball,1,15.6,Pakistan,Babar Azam,Imam-ul-Haq,Shakib Al Hasan,0,0,"",""
ball,1,16.1,Pakistan,Imam-ul-Haq,Babar Azam,Mashrafe Mortaza,1,0,"",""
ball,1,16.2,Pakistan,Babar Azam,Imam-ul-Haq,Mashrafe Mortaza,0,0,"",""
ball,1,16.3,Pakistan,Babar Azam,Imam-ul-Haq,Mashrafe Mortaza,2,0,"",""
ball,1,16.4,Pakistan,Babar Azam,Imam-ul-Haq,Mashrafe Mortaza,0,0,"",""
ball,1,16.5,Pakistan,Babar Azam,Imam-ul-Haq,Mashrafe Mortaza,2,0,"",""
ball,1,16.6,Pakistan,Babar Azam,Imam-ul-Haq,Mashrafe Mortaza,1,0,"",""
ball,1,17.1,Pakistan,Babar Azam,Imam-ul-Haq,Shakib Al Hasan,0,0,"",""
ball,1,17.2,Pakistan,Babar Azam,Imam-ul-Haq,Shakib Al Hasan,0,0,"",""
ball,1,17.3,Pakistan,Babar Azam,Imam-ul-Haq,Shakib Al Hasan,0,0,"",""
ball,1,17.4,Pakistan,Babar Azam,Imam-ul-Haq,Shakib Al Hasan,2,0,"",""
ball,1,17.5,Pakistan,Babar Azam,Imam-ul-Haq,Shakib Al Hasan,0,0,"",""
ball,1,17.6,Pakistan,Babar Azam,Imam-ul-Haq,Shakib Al Hasan,0,0,"",""
ball,1,18.1,Pakistan,Imam-ul-Haq,Babar Azam,Mashrafe Mortaza,2,0,"",""
ball,1,18.2,Pakistan,Imam-ul-Haq,Babar Azam,Mashrafe Mortaza,1,0,"",""
ball,1,18.3,Pakistan,Babar Azam,Imam-ul-Haq,Mashrafe Mortaza,0,0,"",""
ball,1,18.4,Pakistan,Babar Azam,Imam-ul-Haq,Mashrafe Mortaza,2,0,"",""
ball,1,18.5,Pakistan,Babar Azam,Imam-ul-Haq,Mashrafe Mortaza,1,0,"",""
ball,1,18.6,Pakistan,Imam-ul-Haq,Babar Azam,Mashrafe Mortaza,1,0,"",""
ball,1,19.1,Pakistan,Imam-ul-Haq,Babar Azam,Shakib Al Hasan,0,0,"",""
ball,1,19.2,Pakistan,Imam-ul-Haq,Babar Azam,Shakib Al Hasan,1,0,"",""
ball,1,19.3,Pakistan,Babar Azam,Imam-ul-Haq,Shakib Al Hasan,1,0,"",""
ball,1,19.4,Pakistan,Imam-ul-Haq,Babar Azam,Shakib Al Hasan,1,0,"",""
ball,1,19.5,Pakistan,Babar Azam,Imam-ul-Haq,Shakib Al Hasan,0,0,"",""
ball,1,19.6,Pakistan,Babar Azam,Imam-ul-Haq,Shakib Al Hasan,0,0,"",""
ball,1,20.1,Pakistan,Imam-ul-Haq,Babar Azam,Mosaddek Hossain,0,0,"",""
ball,1,20.2,Pakistan,Imam-ul-Haq,Babar Azam,Mosaddek Hossain,0,0,"",""
ball,1,20.3,Pakistan,Imam-ul-Haq,Babar Azam,Mosaddek Hossain,1,0,"",""
ball,1,20.4,Pakistan,Babar Azam,Imam-ul-Haq,Mosaddek Hossain,0,0,"",""
ball,1,20.5,Pakistan,Babar Azam,Imam-ul-Haq,Mosaddek Hossain,2,0,"",""
ball,1,20.6,Pakistan,Babar Azam,Imam-ul-Haq,Mosaddek Hossain,1,0,"",""
ball,1,21.1,Pakistan,Babar Azam,Imam-ul-Haq,Shakib Al Hasan,1,0,"",""
ball,1,21.2,Pakistan,Imam-ul-Haq,Babar Azam,Shakib Al Hasan,0,0,"",""
ball,1,21.3,Pakistan,Imam-ul-Haq,Babar Azam,Shakib Al Hasan,1,0,"",""
ball,1,21.4,Pakistan,Babar Azam,Imam-ul-Haq,Shakib Al Hasan,1,0,"",""
ball,1,21.5,Pakistan,Imam-ul-Haq,Babar Azam,Shakib Al Hasan,1,0,"",""
ball,1,21.6,Pakistan,Babar Azam,Imam-ul-Haq,Shakib Al Hasan,1,0,"",""
ball,1,22.1,Pakistan,Babar Azam,Imam-ul-Haq,Mosaddek Hossain,0,0,"",""
ball,1,22.2,Pakistan,Babar Azam,Imam-ul-Haq,Mosaddek Hossain,0,0,"",""
ball,1,22.3,Pakistan,Babar Azam,Imam-ul-Haq,Mosaddek Hossain,0,0,"",""
ball,1,22.4,Pakistan,Babar Azam,Imam-ul-Haq,Mosaddek Hossain,0,0,"",""
ball,1,22.5,Pakistan,Babar Azam,Imam-ul-Haq,Mosaddek Hossain,4,0,"",""
ball,1,22.6,Pakistan,Babar Azam,Imam-ul-Haq,Mosaddek Hossain,1,0,"",""
ball,1,23.1,Pakistan,Babar Azam,Imam-ul-Haq,Shakib Al Hasan,1,0,"",""
ball,1,23.2,Pakistan,Imam-ul-Haq,Babar Azam,Shakib Al Hasan,1,0,"",""
ball,1,23.3,Pakistan,Babar Azam,Imam-ul-Haq,Shakib Al Hasan,0,0,"",""
ball,1,23.4,Pakistan,Babar Azam,Imam-ul-Haq,Shakib Al Hasan,0,0,"",""
ball,1,23.5,Pakistan,Babar Azam,Imam-ul-Haq,Shakib Al Hasan,1,0,"",""
ball,1,23.6,Pakistan,Imam-ul-Haq,Babar Azam,Shakib Al Hasan,0,0,"",""
ball,1,24.1,Pakistan,Babar Azam,Imam-ul-Haq,Mosaddek Hossain,1,0,"",""
ball,1,24.2,Pakistan,Imam-ul-Haq,Babar Azam,Mosaddek Hossain,1,0,"",""
ball,1,24.3,Pakistan,Babar Azam,Imam-ul-Haq,Mosaddek Hossain,0,0,"",""
ball,1,24.4,Pakistan,Babar Azam,Imam-ul-Haq,Mosaddek Hossain,0,0,"",""
ball,1,24.5,Pakistan,Babar Azam,Imam-ul-Haq,Mosaddek Hossain,1,0,"",""
ball,1,24.6,Pakistan,Imam-ul-Haq,Babar Azam,Mosaddek Hossain,1,0,"",""
ball,1,25.1,Pakistan,Imam-ul-Haq,Babar Azam,Mustafizur Rahman,1,0,"",""
ball,1,25.2,Pakistan,Babar Azam,Imam-ul-Haq,Mustafizur Rahman,0,0,"",""
ball,1,25.3,Pakistan,Babar Azam,Imam-ul-Haq,Mustafizur Rahman,2,0,"",""
ball,1,25.4,Pakistan,Babar Azam,Imam-ul-Haq,Mustafizur Rahman,0,0,"",""
ball,1,25.5,Pakistan,Babar Azam,Imam-ul-Haq,Mustafizur Rahman,1,0,"",""
ball,1,25.6,Pakistan,Imam-ul-Haq,Babar Azam,Mustafizur Rahman,4,0,"",""
ball,1,26.1,Pakistan,Babar Azam,Imam-ul-Haq,Mosaddek Hossain,4,0,"",""
ball,1,26.2,Pakistan,Babar Azam,Imam-ul-Haq,Mosaddek Hossain,1,0,"",""
ball,1,26.3,Pakistan,Imam-ul-Haq,Babar Azam,Mosaddek Hossain,4,0,"",""
ball,1,26.4,Pakistan,Imam-ul-Haq,Babar Azam,Mosaddek Hossain,3,0,"",""
ball,1,26.5,Pakistan,Babar Azam,Imam-ul-Haq,Mosaddek Hossain,0,1,"",""
ball,1,26.6,Pakistan,Babar Azam,Imam-ul-Haq,Mosaddek Hossain,0,0,"",""
ball,1,26.7,Pakistan,Babar Azam,Imam-ul-Haq,Mosaddek Hossain,1,0,"",""
ball,1,27.1,Pakistan,Babar Azam,Imam-ul-Haq,Mustafizur Rahman,1,0,"",""
ball,1,27.2,Pakistan,Imam-ul-Haq,Babar Azam,Mustafizur Rahman,1,0,"",""
ball,1,27.3,Pakistan,Babar Azam,Imam-ul-Haq,Mustafizur Rahman,4,0,"",""
ball,1,27.4,Pakistan,Babar Azam,Imam-ul-Haq,Mustafizur Rahman,0,0,"",""
ball,1,27.5,Pakistan,Babar Azam,Imam-ul-Haq,Mustafizur Rahman,0,0,"",""
ball,1,27.6,Pakistan,Babar Azam,Imam-ul-Haq,Mustafizur Rahman,0,1,"",""
ball,1,28.1,Pakistan,Babar Azam,Imam-ul-Haq,Mehedi Hasan Miraz,1,0,"",""
ball,1,28.2,Pakistan,Imam-ul-Haq,Babar Azam,Mehedi Hasan Miraz,0,0,"",""
ball,1,28.3,Pakistan,Imam-ul-Haq,Babar Azam,Mehedi Hasan Miraz,1,0,"",""
ball,1,28.4,Pakistan,Babar Azam,Imam-ul-Haq,Mehedi Hasan Miraz,0,0,"",""
ball,1,28.5,Pakistan,Babar Azam,Imam-ul-Haq,Mehedi Hasan Miraz,1,0,"",""
ball,1,28.6,Pakistan,Imam-ul-Haq,Babar Azam,Mehedi Hasan Miraz,1,0,"",""
ball,1,29.1,Pakistan,Imam-ul-Haq,Babar Azam,Mustafizur Rahman,1,0,"",""
ball,1,29.2,Pakistan,Babar Azam,Imam-ul-Haq,Mustafizur Rahman,4,0,"",""
ball,1,29.3,Pakistan,Babar Azam,Imam-ul-Haq,Mustafizur Rahman,1,0,"",""
ball,1,29.4,Pakistan,Imam-ul-Haq,Babar Azam,Mustafizur Rahman,1,0,"",""
ball,1,29.5,Pakistan,Babar Azam,Imam-ul-Haq,Mustafizur Rahman,4,0,"",""
ball,1,29.6,Pakistan,Babar Azam,Imam-ul-Haq,Mustafizur Rahman,4,0,"",""
ball,1,30.1,Pakistan,Imam-ul-Haq,Babar Azam,Mehedi Hasan Miraz,0,0,"",""
ball,1,30.2,Pakistan,Imam-ul-Haq,Babar Azam,Mehedi Hasan Miraz,1,0,"",""
ball,1,30.3,Pakistan,Babar Azam,Imam-ul-Haq,Mehedi Hasan Miraz,1,0,"",""
ball,1,30.4,Pakistan,Imam-ul-Haq,Babar Azam,Mehedi Hasan Miraz,1,0,"",""
ball,1,30.5,Pakistan,Babar Azam,Imam-ul-Haq,Mehedi Hasan Miraz,0,0,"",""
ball,1,30.6,Pakistan,Babar Azam,Imam-ul-Haq,Mehedi Hasan Miraz,0,0,"",""
ball,1,31.1,Pakistan,Imam-ul-Haq,Babar Azam,Mohammad Saifuddin,3,0,"",""
ball,1,31.2,Pakistan,Babar Azam,Imam-ul-Haq,Mohammad Saifuddin,1,0,"",""
ball,1,31.3,Pakistan,Imam-ul-Haq,Babar Azam,Mohammad Saifuddin,0,1,"",""
ball,1,31.4,Pakistan,Imam-ul-Haq,Babar Azam,Mohammad Saifuddin,1,0,"",""
ball,1,31.5,Pakistan,Babar Azam,Imam-ul-Haq,Mohammad Saifuddin,4,0,"",""
ball,1,31.6,Pakistan,Babar Azam,Imam-ul-Haq,Mohammad Saifuddin,4,0,"",""
ball,1,31.7,Pakistan,Babar Azam,Imam-ul-Haq,Mohammad Saifuddin,0,0,lbw,Babar Azam
ball,1,32.1,Pakistan,Imam-ul-Haq,Mohammad Hafeez,Mehedi Hasan Miraz,1,0,"",""
ball,1,32.2,Pakistan,Mohammad Hafeez,Imam-ul-Haq,Mehedi Hasan Miraz,1,0,"",""
ball,1,32.3,Pakistan,Imam-ul-Haq,Mohammad Hafeez,Mehedi Hasan Miraz,0,0,"",""
ball,1,32.4,Pakistan,Imam-ul-Haq,Mohammad Hafeez,Mehedi Hasan Miraz,4,0,"",""
ball,1,32.5,Pakistan,Imam-ul-Haq,Mohammad Hafeez,Mehedi Hasan Miraz,1,0,"",""
ball,1,32.6,Pakistan,Mohammad Hafeez,Imam-ul-Haq,Mehedi Hasan Miraz,0,0,"",""
ball,1,33.1,Pakistan,Imam-ul-Haq,Mohammad Hafeez,Mohammad Saifuddin,4,0,"",""
ball,1,33.2,Pakistan,Imam-ul-Haq,Mohammad Hafeez,Mohammad Saifuddin,2,0,"",""
ball,1,33.3,Pakistan,Imam-ul-Haq,Mohammad Hafeez,Mohammad Saifuddin,0,0,"",""
ball,1,33.4,Pakistan,Imam-ul-Haq,Mohammad Hafeez,Mohammad Saifuddin,1,0,"",""
ball,1,33.5,Pakistan,Mohammad Hafeez,Imam-ul-Haq,Mohammad Saifuddin,0,0,"",""
ball,1,33.6,Pakistan,Mohammad Hafeez,Imam-ul-Haq,Mohammad Saifuddin,0,0,"",""
ball,1,34.1,Pakistan,Imam-ul-Haq,Mohammad Hafeez,Shakib Al Hasan,0,0,"",""
ball,1,34.2,Pakistan,Imam-ul-Haq,Mohammad Hafeez,Shakib Al Hasan,0,0,"",""
ball,1,34.3,Pakistan,Imam-ul-Haq,Mohammad Hafeez,Shakib Al Hasan,1,0,"",""
ball,1,34.4,Pakistan,Mohammad Hafeez,Imam-ul-Haq,Shakib Al Hasan,1,0,"",""
ball,1,34.5,Pakistan,Imam-ul-Haq,Mohammad Hafeez,Shakib Al Hasan,1,0,"",""
ball,1,34.6,Pakistan,Mohammad Hafeez,Imam-ul-Haq,Shakib Al Hasan,0,0,"",""
ball,1,35.1,Pakistan,Imam-ul-Haq,Mohammad Hafeez,Mashrafe Mortaza,0,0,"",""
ball,1,35.2,Pakistan,Imam-ul-Haq,Mohammad Hafeez,Mashrafe Mortaza,1,0,"",""
ball,1,35.3,Pakistan,Mohammad Hafeez,Imam-ul-Haq,Mashrafe Mortaza,4,0,"",""
ball,1,35.4,Pakistan,Mohammad Hafeez,Imam-ul-Haq,Mashrafe Mortaza,2,0,"",""
ball,1,35.5,Pakistan,Mohammad Hafeez,Imam-ul-Haq,Mashrafe Mortaza,0,0,"",""
ball,1,35.6,Pakistan,Mohammad Hafeez,Imam-ul-Haq,Mashrafe Mortaza,0,0,"",""
ball,1,36.1,Pakistan,Imam-ul-Haq,Mohammad Hafeez,Shakib Al Hasan,0,0,"",""
ball,1,36.2,Pakistan,Imam-ul-Haq,Mohammad Hafeez,Shakib Al Hasan,1,0,"",""
ball,1,36.3,Pakistan,Mohammad Hafeez,Imam-ul-Haq,Shakib Al Hasan,1,0,"",""
ball,1,36.4,Pakistan,Imam-ul-Haq,Mohammad Hafeez,Shakib Al Hasan,0,1,"",""
ball,1,36.5,Pakistan,Mohammad Hafeez,Imam-ul-Haq,Shakib Al Hasan,1,0,"",""
ball,1,36.6,Pakistan,Imam-ul-Haq,Mohammad Hafeez,Shakib Al Hasan,1,0,"",""
ball,1,37.1,Pakistan,Imam-ul-Haq,Mohammad Hafeez,Mashrafe Mortaza,1,0,"",""
ball,1,37.2,Pakistan,Mohammad Hafeez,Imam-ul-Haq,Mashrafe Mortaza,1,0,"",""
ball,1,37.3,Pakistan,Imam-ul-Haq,Mohammad Hafeez,Mashrafe Mortaza,4,0,"",""
ball,1,37.4,Pakistan,Imam-ul-Haq,Mohammad Hafeez,Mashrafe Mortaza,0,0,"",""
ball,1,37.5,Pakistan,Imam-ul-Haq,Mohammad Hafeez,Mashrafe Mortaza,0,0,"",""
ball,1,37.6,Pakistan,Imam-ul-Haq,Mohammad Hafeez,Mashrafe Mortaza,1,0,"",""
ball,1,38.1,Pakistan,Imam-ul-Haq,Mohammad Hafeez,Shakib Al Hasan,1,0,"",""
ball,1,38.2,Pakistan,Mohammad Hafeez,Imam-ul-Haq,Shakib Al Hasan,0,0,"",""
ball,1,38.3,Pakistan,Mohammad Hafeez,Imam-ul-Haq,Shakib Al Hasan,1,0,"",""
ball,1,38.4,Pakistan,Imam-ul-Haq,Mohammad Hafeez,Shakib Al Hasan,4,0,"",""
ball,1,38.5,Pakistan,Imam-ul-Haq,Mohammad Hafeez,Shakib Al Hasan,1,0,"",""
ball,1,38.6,Pakistan,Mohammad Hafeez,Imam-ul-Haq,Shakib Al Hasan,2,0,"",""
ball,1,39.1,Pakistan,Imam-ul-Haq,Mohammad Hafeez,Mehedi Hasan Miraz,0,0,"",""
ball,1,39.2,Pakistan,Imam-ul-Haq,Mohammad Hafeez,Mehedi Hasan Miraz,1,0,"",""
ball,1,39.3,Pakistan,Mohammad Hafeez,Imam-ul-Haq,Mehedi Hasan Miraz,0,2,"",""
ball,1,39.4,Pakistan,Imam-ul-Haq,Mohammad Hafeez,Mehedi Hasan Miraz,0,0,"",""
ball,1,39.5,Pakistan,Imam-ul-Haq,Mohammad Hafeez,Mehedi Hasan Miraz,0,0,"",""
ball,1,39.6,Pakistan,Imam-ul-Haq,Mohammad Hafeez,Mehedi Hasan Miraz,2,0,"",""
ball,1,39.7,Pakistan,Imam-ul-Haq,Mohammad Hafeez,Mehedi Hasan Miraz,0,0,"",""
ball,1,40.1,Pakistan,Mohammad Hafeez,Imam-ul-Haq,Shakib Al Hasan,1,0,"",""
ball,1,40.2,Pakistan,Imam-ul-Haq,Mohammad Hafeez,Shakib Al Hasan,1,0,"",""
ball,1,40.3,Pakistan,Mohammad Hafeez,Imam-ul-Haq,Shakib Al Hasan,4,0,"",""
ball,1,40.4,Pakistan,Mohammad Hafeez,Imam-ul-Haq,Shakib Al Hasan,4,0,"",""
ball,1,40.5,Pakistan,Mohammad Hafeez,Imam-ul-Haq,Shakib Al Hasan,1,0,"",""
ball,1,40.6,Pakistan,Imam-ul-Haq,Mohammad Hafeez,Shakib Al Hasan,2,0,"",""
ball,1,41.1,Pakistan,Mohammad Hafeez,Imam-ul-Haq,Mustafizur Rahman,1,0,"",""
ball,1,41.2,Pakistan,Imam-ul-Haq,Mohammad Hafeez,Mustafizur Rahman,0,0,"",""
ball,1,41.3,Pakistan,Imam-ul-Haq,Mohammad Hafeez,Mustafizur Rahman,1,0,"",""
ball,1,41.4,Pakistan,Mohammad Hafeez,Imam-ul-Haq,Mustafizur Rahman,1,0,"",""
ball,1,41.5,Pakistan,Imam-ul-Haq,Mohammad Hafeez,Mustafizur Rahman,0,0,hit wicket,Imam-ul-Haq
ball,1,41.6,Pakistan,Haris Sohail,Mohammad Hafeez,Mustafizur Rahman,0,0,"",""
ball,1,42.1,Pakistan,Mohammad Hafeez,Haris Sohail,Mehedi Hasan Miraz,1,0,"",""
ball,1,42.2,Pakistan,Haris Sohail,Mohammad Hafeez,Mehedi Hasan Miraz,1,0,"",""
ball,1,42.3,Pakistan,Mohammad Hafeez,Haris Sohail,Mehedi Hasan Miraz,0,0,"",""
ball,1,42.4,Pakistan,Mohammad Hafeez,Haris Sohail,Mehedi Hasan Miraz,0,0,caught,Mohammad Hafeez
ball,1,42.5,Pakistan,Imad Wasim,Haris Sohail,Mehedi Hasan Miraz,0,0,"",""
ball,1,42.6,Pakistan,Imad Wasim,Haris Sohail,Mehedi Hasan Miraz,0,0,"",""
ball,1,43.1,Pakistan,Haris Sohail,Imad Wasim,Mustafizur Rahman,4,0,"",""
ball,1,43.2,Pakistan,Haris Sohail,Imad Wasim,Mustafizur Rahman,0,1,"",""
ball,1,43.3,Pakistan,Haris Sohail,Imad Wasim,Mustafizur Rahman,0,0,"",""
ball,1,43.4,Pakistan,Haris Sohail,Imad Wasim,Mustafizur Rahman,1,0,"",""
ball,1,43.5,Pakistan,Imad Wasim,Haris Sohail,Mustafizur Rahman,1,0,"",""
ball,1,43.6,Pakistan,Haris Sohail,Imad Wasim,Mustafizur Rahman,0,0,caught,Haris Sohail
ball,1,43.7,Pakistan,Imad Wasim,Sarfraz Ahmed,Mustafizur Rahman,1,0,"",""
ball,1,44.1,Pakistan,Imad Wasim,Sarfraz Ahmed,Mohammad Saifuddin,0,0,"",""
ball,1,44.2,Pakistan,Imad Wasim,Sarfraz Ahmed,Mohammad Saifuddin,1,0,"",""
ball,1,44.3,Pakistan,Sarfraz Ahmed,Imad Wasim,Mohammad Saifuddin,1,0,"",""
ball,1,44.4,Pakistan,Imad Wasim,Sarfraz Ahmed,Mohammad Saifuddin,1,1,"",""
ball,1,44.5,Pakistan,Sarfraz Ahmed,Imad Wasim,Mohammad Saifuddin,1,0,"",""
ball,1,44.6,Pakistan,Imad Wasim,Sarfraz Ahmed,Mohammad Saifuddin,4,0,"",""
ball,1,44.7,Pakistan,Imad Wasim,Sarfraz Ahmed,Mohammad Saifuddin,0,1,"",""
ball,1,44.8,Pakistan,Imad Wasim,Sarfraz Ahmed,Mohammad Saifuddin,1,0,"",""
ball,1,45.1,Pakistan,Imad Wasim,Wahab Riaz,Mustafizur Rahman,4,0,"",""
ball,1,45.2,Pakistan,Imad Wasim,Wahab Riaz,Mustafizur Rahman,4,0,"",""
ball,1,45.3,Pakistan,Imad Wasim,Wahab Riaz,Mustafizur Rahman,1,0,"",""
ball,1,45.4,Pakistan,Wahab Riaz,Imad Wasim,Mustafizur Rahman,0,1,"",""
ball,1,45.5,Pakistan,Imad Wasim,Wahab Riaz,Mustafizur Rahman,1,0,"",""
ball,1,45.6,Pakistan,Wahab Riaz,Imad Wasim,Mustafizur Rahman,1,0,"",""
ball,1,46.1,Pakistan,Wahab Riaz,Imad Wasim,Mohammad Saifuddin,1,0,"",""
ball,1,46.2,Pakistan,Imad Wasim,Wahab Riaz,Mohammad Saifuddin,0,0,"",""
ball,1,46.3,Pakistan,Imad Wasim,Wahab Riaz,Mohammad Saifuddin,6,0,"",""
ball,1,46.4,Pakistan,Imad Wasim,Wahab Riaz,Mohammad Saifuddin,0,1,"",""
ball,1,46.5,Pakistan,Imad Wasim,Wahab Riaz,Mohammad Saifuddin,1,0,"",""
ball,1,46.6,Pakistan,Wahab Riaz,Imad Wasim,Mohammad Saifuddin,0,0,bowled,Wahab Riaz
ball,1,46.7,Pakistan,Shadab Khan,Imad Wasim,Mohammad Saifuddin,1,0,"",""
ball,1,47.1,Pakistan,Shadab Khan,Imad Wasim,Mustafizur Rahman,0,0,caught and bowled,Shadab Khan
ball,1,47.2,Pakistan,Mohammad Amir,Imad Wasim,Mustafizur Rahman,0,0,"",""
ball,1,47.3,Pakistan,Mohammad Amir,Imad Wasim,Mustafizur Rahman,4,0,"",""
ball,1,47.4,Pakistan,Mohammad Amir,Imad Wasim,Mustafizur Rahman,1,0,"",""
ball,1,47.5,Pakistan,Imad Wasim,Mohammad Amir,Mustafizur Rahman,0,0,"",""
ball,1,47.6,Pakistan,Imad Wasim,Mohammad Amir,Mustafizur Rahman,1,0,"",""
ball,1,48.1,Pakistan,Imad Wasim,Mohammad Amir,Mohammad Saifuddin,1,0,"",""
ball,1,48.2,Pakistan,Mohammad Amir,Imad Wasim,Mohammad Saifuddin,2,0,"",""
ball,1,48.3,Pakistan,Mohammad Amir,Imad Wasim,Mohammad Saifuddin,1,0,"",""
ball,1,48.4,Pakistan,Imad Wasim,Mohammad Amir,Mohammad Saifuddin,4,0,"",""
ball,1,48.5,Pakistan,Imad Wasim,Mohammad Amir,Mohammad Saifuddin,4,0,"",""
ball,1,48.6,Pakistan,Imad Wasim,Mohammad Amir,Mohammad Saifuddin,1,0,"",""
ball,1,49.1,Pakistan,Imad Wasim,Mohammad Amir,Mustafizur Rahman,2,0,"",""
ball,1,49.2,Pakistan,Imad Wasim,Mohammad Amir,Mustafizur Rahman,4,0,"",""
ball,1,49.3,Pakistan,Imad Wasim,Mohammad Amir,Mustafizur Rahman,0,0,"",""
ball,1,49.4,Pakistan,Imad Wasim,Mohammad Amir,Mustafizur Rahman,0,0,caught,Imad Wasim
ball,1,49.5,Pakistan,Mohammad Amir,Shaheen Shah Afridi,Mustafizur Rahman,0,0,caught,Mohammad Amir
ball,1,49.6,Pakistan,Sarfraz Ahmed,Shaheen Shah Afridi,Mustafizur Rahman,1,0,"",""
ball,2,0.1,Bangladesh,Tamim Iqbal,Soumya Sarkar,Mohammad Hafeez,0,0,"",""
ball,2,0.2,Bangladesh,Tamim Iqbal,Soumya Sarkar,Mohammad Hafeez,0,0,"",""
ball,2,0.3,Bangladesh,Tamim Iqbal,Soumya Sarkar,Mohammad Hafeez,0,0,"",""
ball,2,0.4,Bangladesh,Tamim Iqbal,Soumya Sarkar,Mohammad Hafeez,0,0,"",""
ball,2,0.5,Bangladesh,Tamim Iqbal,Soumya Sarkar,Mohammad Hafeez,0,0,"",""
ball,2,0.6,Bangladesh,Tamim Iqbal,Soumya Sarkar,Mohammad Hafeez,0,0,"",""
ball,2,1.1,Bangladesh,Soumya Sarkar,Tamim Iqbal,Mohammad Amir,2,0,"",""
ball,2,1.2,Bangladesh,Soumya Sarkar,Tamim Iqbal,Mohammad Amir,4,0,"",""
ball,2,1.3,Bangladesh,Soumya Sarkar,Tamim Iqbal,Mohammad Amir,0,0,"",""
ball,2,1.4,Bangladesh,Soumya Sarkar,Tamim Iqbal,Mohammad Amir,1,0,"",""
ball,2,1.5,Bangladesh,Tamim Iqbal,Soumya Sarkar,Mohammad Amir,1,0,"",""
ball,2,1.6,Bangladesh,Soumya Sarkar,Tamim Iqbal,Mohammad Amir,0,0,"",""
ball,2,2.1,Bangladesh,Tamim Iqbal,Soumya Sarkar,Mohammad Hafeez,1,0,"",""
ball,2,2.2,Bangladesh,Soumya Sarkar,Tamim Iqbal,Mohammad Hafeez,0,0,"",""
ball,2,2.3,Bangladesh,Soumya Sarkar,Tamim Iqbal,Mohammad Hafeez,0,0,"",""
ball,2,2.4,Bangladesh,Soumya Sarkar,Tamim Iqbal,Mohammad Hafeez,0,0,"",""
ball,2,2.5,Bangladesh,Soumya Sarkar,Tamim Iqbal,Mohammad Hafeez,0,0,"",""
ball,2,2.6,Bangladesh,Soumya Sarkar,Tamim Iqbal,Mohammad Hafeez,4,0,"",""
ball,2,3.1,Bangladesh,Tamim Iqbal,Soumya Sarkar,Mohammad Amir,1,0,"",""
ball,2,3.2,Bangladesh,Soumya Sarkar,Tamim Iqbal,Mohammad Amir,0,0,"",""
ball,2,3.3,Bangladesh,Soumya Sarkar,Tamim Iqbal,Mohammad Amir,1,0,"",""
ball,2,3.4,Bangladesh,Tamim Iqbal,Soumya Sarkar,Mohammad Amir,0,0,"",""
ball,2,3.5,Bangladesh,Tamim Iqbal,Soumya Sarkar,Mohammad Amir,0,0,"",""
ball,2,3.6,Bangladesh,Tamim Iqbal,Soumya Sarkar,Mohammad Amir,0,0,"",""
ball,2,4.1,Bangladesh,Soumya Sarkar,Tamim Iqbal,Mohammad Hafeez,4,0,"",""
ball,2,4.2,Bangladesh,Soumya Sarkar,Tamim Iqbal,Mohammad Hafeez,1,0,"",""
ball,2,4.3,Bangladesh,Tamim Iqbal,Soumya Sarkar,Mohammad Hafeez,1,0,"",""
ball,2,4.4,Bangladesh,Soumya Sarkar,Tamim Iqbal,Mohammad Hafeez,0,0,"",""
ball,2,4.5,Bangladesh,Soumya Sarkar,Tamim Iqbal,Mohammad Hafeez,0,0,"",""
ball,2,4.6,Bangladesh,Soumya Sarkar,Tamim Iqbal,Mohammad Hafeez,1,0,"",""
ball,2,5.1,Bangladesh,Soumya Sarkar,Tamim Iqbal,Mohammad Amir,0,0,"",""
ball,2,5.2,Bangladesh,Soumya Sarkar,Tamim Iqbal,Mohammad Amir,4,0,"",""
ball,2,5.3,Bangladesh,Soumya Sarkar,Tamim Iqbal,Mohammad Amir,0,0,"",""
ball,2,5.4,Bangladesh,Soumya Sarkar,Tamim Iqbal,Mohammad Amir,0,0,"",""
ball,2,5.5,Bangladesh,Soumya Sarkar,Tamim Iqbal,Mohammad Amir,0,0,caught,Soumya Sarkar
ball,2,5.6,Bangladesh,Shakib Al Hasan,Tamim Iqbal,Mohammad Amir,1,0,"",""
ball,2,6.1,Bangladesh,Shakib Al Hasan,Tamim Iqbal,Mohammad Hafeez,0,0,"",""
ball,2,6.2,Bangladesh,Shakib Al Hasan,Tamim Iqbal,Mohammad Hafeez,0,0,"",""
ball,2,6.3,Bangladesh,Shakib Al Hasan,Tamim Iqbal,Mohammad Hafeez,0,0,"",""
ball,2,6.4,Bangladesh,Shakib Al Hasan,Tamim Iqbal,Mohammad Hafeez,0,0,"",""
ball,2,6.5,Bangladesh,Shakib Al Hasan,Tamim Iqbal,Mohammad Hafeez,4,0,"",""
ball,2,6.6,Bangladesh,Shakib Al Hasan,Tamim Iqbal,Mohammad Hafeez,1,0,"",""
ball,2,7.1,Bangladesh,Shakib Al Hasan,Tamim Iqbal,Mohammad Amir,4,0,"",""
ball,2,7.2,Bangladesh,Shakib Al Hasan,Tamim Iqbal,Mohammad Amir,0,0,"",""
ball,2,7.3,Bangladesh,Shakib Al Hasan,Tamim Iqbal,Mohammad Amir,0,0,"",""
ball,2,7.4,Bangladesh,Shakib Al Hasan,Tamim Iqbal,Mohammad Amir,0,0,"",""
ball,2,7.5,Bangladesh,Shakib Al Hasan,Tamim Iqbal,Mohammad Amir,1,0,"",""
ball,2,7.6,Bangladesh,Tamim Iqbal,Shakib Al Hasan,Mohammad Amir,1,0,"",""
ball,2,8.1,Bangladesh,Tamim Iqbal,Shakib Al Hasan,Shaheen Shah Afridi,0,0,"",""
ball,2,8.2,Bangladesh,Tamim Iqbal,Shakib Al Hasan,Shaheen Shah Afridi,1,0,"",""
ball,2,8.3,Bangladesh,Shakib Al Hasan,Tamim Iqbal,Shaheen Shah Afridi,0,0,"",""
ball,2,8.4,Bangladesh,Shakib Al Hasan,Tamim Iqbal,Shaheen Shah Afridi,0,0,"",""
ball,2,8.5,Bangladesh,Shakib Al Hasan,Tamim Iqbal,Shaheen Shah Afridi,1,0,"",""
ball,2,8.6,Bangladesh,Tamim Iqbal,Shakib Al Hasan,Shaheen Shah Afridi,0,0,"",""
ball,2,9.1,Bangladesh,Shakib Al Hasan,Tamim Iqbal,Mohammad Hafeez,1,0,"",""
ball,2,9.2,Bangladesh,Tamim Iqbal,Shakib Al Hasan,Mohammad Hafeez,1,0,"",""
ball,2,9.3,Bangladesh,Shakib Al Hasan,Tamim Iqbal,Mohammad Hafeez,1,0,"",""
ball,2,9.4,Bangladesh,Tamim Iqbal,Shakib Al Hasan,Mohammad Hafeez,1,0,"",""
ball,2,9.5,Bangladesh,Shakib Al Hasan,Tamim Iqbal,Mohammad Hafeez,2,0,"",""
ball,2,9.6,Bangladesh,Shakib Al Hasan,Tamim Iqbal,Mohammad Hafeez,1,0,"",""
ball,2,10.1,Bangladesh,Shakib Al Hasan,Tamim Iqbal,Shaheen Shah Afridi,0,0,"",""
ball,2,10.2,Bangladesh,Shakib Al Hasan,Tamim Iqbal,Shaheen Shah Afridi,1,0,"",""
ball,2,10.3,Bangladesh,Tamim Iqbal,Shakib Al Hasan,Shaheen Shah Afridi,0,0,"",""
ball,2,10.4,Bangladesh,Tamim Iqbal,Shakib Al Hasan,Shaheen Shah Afridi,0,0,bowled,Tamim Iqbal
ball,2,10.5,Bangladesh,Mushfiqur Rahim,Shakib Al Hasan,Shaheen Shah Afridi,0,0,"",""
ball,2,10.6,Bangladesh,Mushfiqur Rahim,Shakib Al Hasan,Shaheen Shah Afridi,1,0,"",""
ball,2,11.1,Bangladesh,Mushfiqur Rahim,Shakib Al Hasan,Mohammad Hafeez,0,0,"",""
ball,2,11.2,Bangladesh,Mushfiqur Rahim,Shakib Al Hasan,Mohammad Hafeez,1,0,"",""
ball,2,11.3,Bangladesh,Shakib Al Hasan,Mushfiqur Rahim,Mohammad Hafeez,0,0,"",""
ball,2,11.4,Bangladesh,Shakib Al Hasan,Mushfiqur Rahim,Mohammad Hafeez,1,0,"",""
ball,2,11.5,Bangladesh,Mushfiqur Rahim,Shakib Al Hasan,Mohammad Hafeez,4,0,"",""
ball,2,11.6,Bangladesh,Mushfiqur Rahim,Shakib Al Hasan,Mohammad Hafeez,2,0,"",""
ball,2,12.1,Bangladesh,Shakib Al Hasan,Mushfiqur Rahim,Shaheen Shah Afridi,1,0,"",""
ball,2,12.2,Bangladesh,Mushfiqur Rahim,Shakib Al Hasan,Shaheen Shah Afridi,0,0,"",""
ball,2,12.3,Bangladesh,Mushfiqur Rahim,Shakib Al Hasan,Shaheen Shah Afridi,1,0,"",""
ball,2,12.4,Bangladesh,Shakib Al Hasan,Mushfiqur Rahim,Shaheen Shah Afridi,0,0,"",""
ball,2,12.5,Bangladesh,Shakib Al Hasan,Mushfiqur Rahim,Shaheen Shah Afridi,0,0,"",""
ball,2,12.6,Bangladesh,Shakib Al Hasan,Mushfiqur Rahim,Shaheen Shah Afridi,0,0,"",""
ball,2,13.1,Bangladesh,Mushfiqur Rahim,Shakib Al Hasan,Wahab Riaz,4,0,"",""
ball,2,13.2,Bangladesh,Mushfiqur Rahim,Shakib Al Hasan,Wahab Riaz,1,0,"",""
ball,2,13.3,Bangladesh,Shakib Al Hasan,Mushfiqur Rahim,Wahab Riaz,2,0,"",""
ball,2,13.4,Bangladesh,Shakib Al Hasan,Mushfiqur Rahim,Wahab Riaz,0,0,"",""
ball,2,13.5,Bangladesh,Shakib Al Hasan,Mushfiqur Rahim,Wahab Riaz,0,0,"",""
ball,2,13.6,Bangladesh,Shakib Al Hasan,Mushfiqur Rahim,Wahab Riaz,1,0,"",""
ball,2,14.1,Bangladesh,Shakib Al Hasan,Mushfiqur Rahim,Shaheen Shah Afridi,4,0,"",""
ball,2,14.2,Bangladesh,Shakib Al Hasan,Mushfiqur Rahim,Shaheen Shah Afridi,0,0,"",""
ball,2,14.3,Bangladesh,Shakib Al Hasan,Mushfiqur Rahim,Shaheen Shah Afridi,0,1,"",""
ball,2,14.4,Bangladesh,Shakib Al Hasan,Mushfiqur Rahim,Shaheen Shah Afridi,0,0,"",""
ball,2,14.5,Bangladesh,Shakib Al Hasan,Mushfiqur Rahim,Shaheen Shah Afridi,1,0,"",""
ball,2,14.6,Bangladesh,Mushfiqur Rahim,Shakib Al Hasan,Shaheen Shah Afridi,0,0,"",""
ball,2,14.7,Bangladesh,Mushfiqur Rahim,Shakib Al Hasan,Shaheen Shah Afridi,0,0,"",""
ball,2,15.1,Bangladesh,Shakib Al Hasan,Mushfiqur Rahim,Wahab Riaz,0,0,"",""
ball,2,15.2,Bangladesh,Shakib Al Hasan,Mushfiqur Rahim,Wahab Riaz,0,0,"",""
ball,2,15.3,Bangladesh,Shakib Al Hasan,Mushfiqur Rahim,Wahab Riaz,1,0,"",""
ball,2,15.4,Bangladesh,Mushfiqur Rahim,Shakib Al Hasan,Wahab Riaz,1,0,"",""
ball,2,15.5,Bangladesh,Shakib Al Hasan,Mushfiqur Rahim,Wahab Riaz,0,0,"",""
ball,2,15.6,Bangladesh,Shakib Al Hasan,Mushfiqur Rahim,Wahab Riaz,0,0,"",""
ball,2,16.1,Bangladesh,Mushfiqur Rahim,Shakib Al Hasan,Imad Wasim,0,0,"",""
ball,2,16.2,Bangladesh,Mushfiqur Rahim,Shakib Al Hasan,Imad Wasim,0,0,"",""
ball,2,16.3,Bangladesh,Mushfiqur Rahim,Shakib Al Hasan,Imad Wasim,1,0,"",""
ball,2,16.4,Bangladesh,Shakib Al Hasan,Mushfiqur Rahim,Imad Wasim,1,0,"",""
ball,2,16.5,Bangladesh,Mushfiqur Rahim,Shakib Al Hasan,Imad Wasim,0,0,"",""
ball,2,16.6,Bangladesh,Mushfiqur Rahim,Shakib Al Hasan,Imad Wasim,0,0,"",""
ball,2,17.1,Bangladesh,Shakib Al Hasan,Mushfiqur Rahim,Wahab Riaz,1,0,"",""
ball,2,17.2,Bangladesh,Mushfiqur Rahim,Shakib Al Hasan,Wahab Riaz,0,0,bowled,Mushfiqur Rahim
ball,2,17.3,Bangladesh,Liton Das,Shakib Al Hasan,Wahab Riaz,0,0,"",""
ball,2,17.4,Bangladesh,Liton Das,Shakib Al Hasan,Wahab Riaz,0,0,"",""
ball,2,17.5,Bangladesh,Liton Das,Shakib Al Hasan,Wahab Riaz,0,0,"",""
ball,2,17.6,Bangladesh,Liton Das,Shakib Al Hasan,Wahab Riaz,1,0,"",""
ball,2,18.1,Bangladesh,Liton Das,Shakib Al Hasan,Imad Wasim,1,0,"",""
ball,2,18.2,Bangladesh,Shakib Al Hasan,Liton Das,Imad Wasim,0,0,"",""
ball,2,18.3,Bangladesh,Shakib Al Hasan,Liton Das,Imad Wasim,0,0,"",""
ball,2,18.4,Bangladesh,Shakib Al Hasan,Liton Das,Imad Wasim,1,0,"",""
ball,2,18.5,Bangladesh,Liton Das,Shakib Al Hasan,Imad Wasim,1,0,"",""
ball,2,18.6,Bangladesh,Shakib Al Hasan,Liton Das,Imad Wasim,1,0,"",""
ball,2,19.1,Bangladesh,Shakib Al Hasan,Liton Das,Wahab Riaz,1,0,"",""
ball,2,19.2,Bangladesh,Liton Das,Shakib Al Hasan,Wahab Riaz,0,1,"",""
ball,2,19.3,Bangladesh,Liton Das,Shakib Al Hasan,Wahab Riaz,0,0,"",""
ball,2,19.4,Bangladesh,Liton Das,Shakib Al Hasan,Wahab Riaz,0,0,"",""
ball,2,19.5,Bangladesh,Liton Das,Shakib Al Hasan,Wahab Riaz,0,0,"",""
ball,2,19.6,Bangladesh,Liton Das,Shakib Al Hasan,Wahab Riaz,0,0,"",""
ball,2,19.7,Bangladesh,Liton Das,Shakib Al Hasan,Wahab Riaz,1,0,"",""
ball,2,20.1,Bangladesh,Liton Das,Shakib Al Hasan,Imad Wasim,0,0,"",""
ball,2,20.2,Bangladesh,Liton Das,Shakib Al Hasan,Imad Wasim,0,0,"",""
ball,2,20.3,Bangladesh,Liton Das,Shakib Al Hasan,Imad Wasim,4,0,"",""
ball,2,20.4,Bangladesh,Liton Das,Shakib Al Hasan,Imad Wasim,1,0,"",""
ball,2,20.5,Bangladesh,Shakib Al Hasan,Liton Das,Imad Wasim,1,0,"",""
ball,2,20.6,Bangladesh,Liton Das,Shakib Al Hasan,Imad Wasim,0,0,"",""
ball,2,21.1,Bangladesh,Shakib Al Hasan,Liton Das,Shadab Khan,0,0,"",""
ball,2,21.2,Bangladesh,Shakib Al Hasan,Liton Das,Shadab Khan,1,0,"",""
ball,2,21.3,Bangladesh,Liton Das,Shakib Al Hasan,Shadab Khan,0,0,"",""
ball,2,21.4,Bangladesh,Liton Das,Shakib Al Hasan,Shadab Khan,4,0,"",""
ball,2,21.5,Bangladesh,Liton Das,Shakib Al Hasan,Shadab Khan,0,0,"",""
ball,2,21.6,Bangladesh,Liton Das,Shakib Al Hasan,Shadab Khan,1,0,"",""
ball,2,22.1,Bangladesh,Liton Das,Shakib Al Hasan,Imad Wasim,0,0,"",""
ball,2,22.2,Bangladesh,Liton Das,Shakib Al Hasan,Imad Wasim,1,0,"",""
ball,2,22.3,Bangladesh,Shakib Al Hasan,Liton Das,Imad Wasim,0,0,"",""
ball,2,22.4,Bangladesh,Shakib Al Hasan,Liton Das,Imad Wasim,4,0,"",""
ball,2,22.5,Bangladesh,Shakib Al Hasan,Liton Das,Imad Wasim,1,0,"",""
ball,2,22.6,Bangladesh,Liton Das,Shakib Al Hasan,Imad Wasim,1,0,"",""
ball,2,23.1,Bangladesh,Liton Das,Shakib Al Hasan,Shadab Khan,1,0,"",""
ball,2,23.2,Bangladesh,Shakib Al Hasan,Liton Das,Shadab Khan,0,0,"",""
ball,2,23.3,Bangladesh,Shakib Al Hasan,Liton Das,Shadab Khan,1,0,"",""
ball,2,23.4,Bangladesh,Liton Das,Shakib Al Hasan,Shadab Khan,1,0,"",""
ball,2,23.5,Bangladesh,Shakib Al Hasan,Liton Das,Shadab Khan,1,0,"",""
ball,2,23.6,Bangladesh,Liton Das,Shakib Al Hasan,Shadab Khan,2,0,"",""
ball,2,24.1,Bangladesh,Shakib Al Hasan,Liton Das,Imad Wasim,1,0,"",""
ball,2,24.2,Bangladesh,Liton Das,Shakib Al Hasan,Imad Wasim,0,0,"",""
ball,2,24.3,Bangladesh,Liton Das,Shakib Al Hasan,Imad Wasim,1,0,"",""
ball,2,24.4,Bangladesh,Shakib Al Hasan,Liton Das,Imad Wasim,0,0,"",""
ball,2,24.5,Bangladesh,Shakib Al Hasan,Liton Das,Imad Wasim,1,0,"",""
ball,2,24.6,Bangladesh,Liton Das,Shakib Al Hasan,Imad Wasim,1,0,"",""
ball,2,25.1,Bangladesh,Liton Das,Shakib Al Hasan,Shadab Khan,1,0,"",""
ball,2,25.2,Bangladesh,Shakib Al Hasan,Liton Das,Shadab Khan,4,0,"",""
ball,2,25.3,Bangladesh,Shakib Al Hasan,Liton Das,Shadab Khan,0,0,"",""
ball,2,25.4,Bangladesh,Shakib Al Hasan,Liton Das,Shadab Khan,1,0,"",""
ball,2,25.5,Bangladesh,Liton Das,Shakib Al Hasan,Shadab Khan,0,0,"",""
ball,2,25.6,Bangladesh,Liton Das,Shakib Al Hasan,Shadab Khan,1,0,"",""
ball,2,26.1,Bangladesh,Liton Das,Shakib Al Hasan,Imad Wasim,1,0,"",""
ball,2,26.2,Bangladesh,Shakib Al Hasan,Liton Das,Imad Wasim,0,0,"",""
ball,2,26.3,Bangladesh,Shakib Al Hasan,Liton Das,Imad Wasim,0,0,"",""
ball,2,26.4,Bangladesh,Shakib Al Hasan,Liton Das,Imad Wasim,1,0,"",""
ball,2,26.5,Bangladesh,Liton Das,Shakib Al Hasan,Imad Wasim,0,0,"",""
ball,2,26.6,Bangladesh,Liton Das,Shakib Al Hasan,Imad Wasim,1,0,"",""
ball,2,27.1,Bangladesh,Liton Das,Shakib Al Hasan,Shadab Khan,1,0,"",""
ball,2,27.2,Bangladesh,Shakib Al Hasan,Liton Das,Shadab Khan,4,0,"",""
ball,2,27.3,Bangladesh,Shakib Al Hasan,Liton Das,Shadab Khan,1,0,"",""
ball,2,27.4,Bangladesh,Liton Das,Shakib Al Hasan,Shadab Khan,0,0,"",""
ball,2,27.5,Bangladesh,Liton Das,Shakib Al Hasan,Shadab Khan,4,0,"",""
ball,2,27.6,Bangladesh,Liton Das,Shakib Al Hasan,Shadab Khan,1,0,"",""
ball,2,28.1,Bangladesh,Liton Das,Shakib Al Hasan,Shaheen Shah Afridi,0,0,caught,Liton Das
ball,2,28.2,Bangladesh,Mahmudullah,Shakib Al Hasan,Shaheen Shah Afridi,1,0,"",""
ball,2,28.3,Bangladesh,Shakib Al Hasan,Mahmudullah,Shaheen Shah Afridi,1,0,"",""
ball,2,28.4,Bangladesh,Mahmudullah,Shakib Al Hasan,Shaheen Shah Afridi,0,0,"",""
ball,2,28.5,Bangladesh,Mahmudullah,Shakib Al Hasan,Shaheen Shah Afridi,0,0,"",""
ball,2,28.6,Bangladesh,Mahmudullah,Shakib Al Hasan,Shaheen Shah Afridi,0,1,"",""
ball,2,29.1,Bangladesh,Mahmudullah,Shakib Al Hasan,Shadab Khan,0,0,"",""
ball,2,29.2,Bangladesh,Mahmudullah,Shakib Al Hasan,Shadab Khan,0,0,"",""
ball,2,29.3,Bangladesh,Mahmudullah,Shakib Al Hasan,Shadab Khan,0,0,"",""
ball,2,29.4,Bangladesh,Mahmudullah,Shakib Al Hasan,Shadab Khan,4,0,"",""
ball,2,29.5,Bangladesh,Mahmudullah,Shakib Al Hasan,Shadab Khan,0,0,"",""
ball,2,29.6,Bangladesh,Mahmudullah,Shakib Al Hasan,Shadab Khan,1,0,"",""
ball,2,30.1,Bangladesh,Mahmudullah,Shakib Al Hasan,Shaheen Shah Afridi,0,0,"",""
ball,2,30.2,Bangladesh,Mahmudullah,Shakib Al Hasan,Shaheen Shah Afridi,1,0,"",""
ball,2,30.3,Bangladesh,Shakib Al Hasan,Mahmudullah,Shaheen Shah Afridi,2,0,"",""
ball,2,30.4,Bangladesh,Shakib Al Hasan,Mahmudullah,Shaheen Shah Afridi,0,1,"",""
ball,2,30.5,Bangladesh,Shakib Al Hasan,Mahmudullah,Shaheen Shah Afridi,1,0,"",""
ball,2,30.6,Bangladesh,Mahmudullah,Shakib Al Hasan,Shaheen Shah Afridi,1,0,"",""
ball,2,30.7,Bangladesh,Shakib Al Hasan,Mahmudullah,Shaheen Shah Afridi,1,0,"",""
ball,2,31.1,Bangladesh,Shakib Al Hasan,Mahmudullah,Mohammad Amir,0,0,"",""
ball,2,31.2,Bangladesh,Shakib Al Hasan,Mahmudullah,Mohammad Amir,2,0,"",""
ball,2,31.3,Bangladesh,Shakib Al Hasan,Mahmudullah,Mohammad Amir,0,0,"",""
ball,2,31.4,Bangladesh,Shakib Al Hasan,Mahmudullah,Mohammad Amir,0,0,"",""
ball,2,31.5,Bangladesh,Shakib Al Hasan,Mahmudullah,Mohammad Amir,1,0,"",""
ball,2,31.6,Bangladesh,Mahmudullah,Shakib Al Hasan,Mohammad Amir,0,0,"",""
ball,2,32.1,Bangladesh,Shakib Al Hasan,Mahmudullah,Shaheen Shah Afridi,0,0,caught,Shakib Al Hasan
ball,2,32.2,Bangladesh,Mosaddek Hossain,Mahmudullah,Shaheen Shah Afridi,0,0,"",""
ball,2,32.3,Bangladesh,Mosaddek Hossain,Mahmudullah,Shaheen Shah Afridi,0,1,"",""
ball,2,32.4,Bangladesh,Mosaddek Hossain,Mahmudullah,Shaheen Shah Afridi,0,4,"",""
ball,2,32.5,Bangladesh,Mosaddek Hossain,Mahmudullah,Shaheen Shah Afridi,0,0,"",""
ball,2,32.6,Bangladesh,Mosaddek Hossain,Mahmudullah,Shaheen Shah Afridi,2,0,"",""
ball,2,32.7,Bangladesh,Mosaddek Hossain,Mahmudullah,Shaheen Shah Afridi,0,0,"",""
ball,2,33.1,Bangladesh,Mahmudullah,Mosaddek Hossain,Mohammad Amir,0,0,"",""
ball,2,33.2,Bangladesh,Mahmudullah,Mosaddek Hossain,Mohammad Amir,1,0,"",""
ball,2,33.3,Bangladesh,Mosaddek Hossain,Mahmudullah,Mohammad Amir,0,0,"",""
ball,2,33.4,Bangladesh,Mosaddek Hossain,Mahmudullah,Mohammad Amir,1,0,"",""
ball,2,33.5,Bangladesh,Mahmudullah,Mosaddek Hossain,Mohammad Amir,0,0,"",""
ball,2,33.6,Bangladesh,Mahmudullah,Mosaddek Hossain,Mohammad Amir,1,0,"",""
ball,2,34.1,Bangladesh,Mahmudullah,Mosaddek Hossain,Wahab Riaz,1,0,"",""
ball,2,34.2,Bangladesh,Mosaddek Hossain,Mahmudullah,Wahab Riaz,1,0,"",""
ball,2,34.3,Bangladesh,Mahmudullah,Mosaddek Hossain,Wahab Riaz,0,0,"",""
ball,2,34.4,Bangladesh,Mahmudullah,Mosaddek Hossain,Wahab Riaz,1,0,"",""
ball,2,34.5,Bangladesh,Mosaddek Hossain,Mahmudullah,Wahab Riaz,1,0,"",""
ball,2,34.6,Bangladesh,Mahmudullah,Mosaddek Hossain,Wahab Riaz,0,0,"",""
ball,2,35.1,Bangladesh,Mosaddek Hossain,Mahmudullah,Mohammad Amir,0,0,"",""
ball,2,35.2,Bangladesh,Mosaddek Hossain,Mahmudullah,Mohammad Amir,1,0,"",""
ball,2,35.3,Bangladesh,Mahmudullah,Mosaddek Hossain,Mohammad Amir,0,0,"",""
ball,2,35.4,Bangladesh,Mahmudullah,Mosaddek Hossain,Mohammad Amir,0,0,"",""
ball,2,35.5,Bangladesh,Mahmudullah,Mosaddek Hossain,Mohammad Amir,1,0,"",""
ball,2,35.6,Bangladesh,Mosaddek Hossain,Mahmudullah,Mohammad Amir,0,1,"",""
ball,2,35.7,Bangladesh,Mosaddek Hossain,Mahmudullah,Mohammad Amir,1,0,"",""
ball,2,36.1,Bangladesh,Mosaddek Hossain,Mahmudullah,Wahab Riaz,1,0,"",""
ball,2,36.2,Bangladesh,Mahmudullah,Mosaddek Hossain,Wahab Riaz,0,0,"",""
ball,2,36.3,Bangladesh,Mahmudullah,Mosaddek Hossain,Wahab Riaz,0,0,"",""
ball,2,36.4,Bangladesh,Mahmudullah,Mosaddek Hossain,Wahab Riaz,0,0,"",""
ball,2,36.5,Bangladesh,Mahmudullah,Mosaddek Hossain,Wahab Riaz,4,0,"",""
ball,2,36.6,Bangladesh,Mahmudullah,Mosaddek Hossain,Wahab Riaz,1,0,"",""
ball,2,37.1,Bangladesh,Mahmudullah,Mosaddek Hossain,Shadab Khan,0,0,"",""
ball,2,37.2,Bangladesh,Mahmudullah,Mosaddek Hossain,Shadab Khan,2,0,"",""
ball,2,37.3,Bangladesh,Mahmudullah,Mosaddek Hossain,Shadab Khan,1,0,"",""
ball,2,37.4,Bangladesh,Mosaddek Hossain,Mahmudullah,Shadab Khan,0,0,"",""
ball,2,37.5,Bangladesh,Mosaddek Hossain,Mahmudullah,Shadab Khan,2,0,"",""
ball,2,37.6,Bangladesh,Mosaddek Hossain,Mahmudullah,Shadab Khan,0,0,"",""
ball,2,38.1,Bangladesh,Mahmudullah,Mosaddek Hossain,Wahab Riaz,0,0,"",""
ball,2,38.2,Bangladesh,Mahmudullah,Mosaddek Hossain,Wahab Riaz,3,0,"",""
ball,2,38.3,Bangladesh,Mosaddek Hossain,Mahmudullah,Wahab Riaz,0,0,"",""
ball,2,38.4,Bangladesh,Mosaddek Hossain,Mahmudullah,Wahab Riaz,1,0,"",""
ball,2,38.5,Bangladesh,Mahmudullah,Mosaddek Hossain,Wahab Riaz,4,0,"",""
ball,2,38.6,Bangladesh,Mahmudullah,Mosaddek Hossain,Wahab Riaz,0,0,"",""
ball,2,39.1,Bangladesh,Mosaddek Hossain,Mahmudullah,Shadab Khan,4,0,"",""
ball,2,39.2,Bangladesh,Mosaddek Hossain,Mahmudullah,Shadab Khan,1,0,"",""
ball,2,39.3,Bangladesh,Mahmudullah,Mosaddek Hossain,Shadab Khan,1,0,"",""
ball,2,39.4,Bangladesh,Mosaddek Hossain,Mahmudullah,Shadab Khan,0,0,caught,Mosaddek Hossain
ball,2,39.5,Bangladesh,Mahmudullah,Mohammad Saifuddin,Shadab Khan,0,0,"",""
ball,2,39.6,Bangladesh,Mahmudullah,Mohammad Saifuddin,Shadab Khan,0,0,"",""
ball,2,40.1,Bangladesh,Mohammad Saifuddin,Mahmudullah,Shaheen Shah Afridi,0,0,caught,Mohammad Saifuddin
ball,2,40.2,Bangladesh,Mehedi Hasan Miraz,Mahmudullah,Shaheen Shah Afridi,1,0,"",""
ball,2,40.3,Bangladesh,Mahmudullah,Mehedi Hasan Miraz,Shaheen Shah Afridi,0,0,bowled,Mahmudullah
ball,2,40.4,Bangladesh,Mashrafe Mortaza,Mehedi Hasan Miraz,Shaheen Shah Afridi,0,0,"",""
ball,2,40.5,Bangladesh,Mashrafe Mortaza,Mehedi Hasan Miraz,Shaheen Shah Afridi,1,0,"",""
ball,2,40.6,Bangladesh,Mehedi Hasan Miraz,Mashrafe Mortaza,Shaheen Shah Afridi,0,0,"",""
ball,2,41.1,Bangladesh,Mashrafe Mortaza,Mehedi Hasan Miraz,Shadab Khan,0,0,"",""
ball,2,41.2,Bangladesh,Mashrafe Mortaza,Mehedi Hasan Miraz,Shadab Khan,0,0,"",""
ball,2,41.3,Bangladesh,Mashrafe Mortaza,Mehedi Hasan Miraz,Shadab Khan,0,0,"",""
ball,2,41.4,Bangladesh,Mashrafe Mortaza,Mehedi Hasan Miraz,Shadab Khan,6,0,"",""
ball,2,41.5,Bangladesh,Mashrafe Mortaza,Mehedi Hasan Miraz,Shadab Khan,0,0,"",""
ball,2,41.6,Bangladesh,Mashrafe Mortaza,Mehedi Hasan Miraz,Shadab Khan,1,0,"",""
ball,2,42.1,Bangladesh,Mashrafe Mortaza,Mehedi Hasan Miraz,Shaheen Shah Afridi,6,0,"",""
ball,2,42.2,Bangladesh,Mashrafe Mortaza,Mehedi Hasan Miraz,Shaheen Shah Afridi,0,0,"",""
ball,2,42.3,Bangladesh,Mashrafe Mortaza,Mehedi Hasan Miraz,Shaheen Shah Afridi,1,0,"",""
ball,2,42.4,Bangladesh,Mehedi Hasan Miraz,Mashrafe Mortaza,Shaheen Shah Afridi,1,0,"",""
ball,2,42.5,Bangladesh,Mashrafe Mortaza,Mehedi Hasan Miraz,Shaheen Shah Afridi,0,0,"",""
ball,2,42.6,Bangladesh,Mashrafe Mortaza,Mehedi Hasan Miraz,Shaheen Shah Afridi,0,0,"",""
ball,2,43.1,Bangladesh,Mehedi Hasan Miraz,Mashrafe Mortaza,Shadab Khan,4,0,"",""
ball,2,43.2,Bangladesh,Mehedi Hasan Miraz,Mashrafe Mortaza,Shadab Khan,0,0,"",""
ball,2,43.3,Bangladesh,Mehedi Hasan Miraz,Mashrafe Mortaza,Shadab Khan,1,0,"",""
ball,2,43.4,Bangladesh,Mashrafe Mortaza,Mehedi Hasan Miraz,Shadab Khan,0,0,stumped,Mashrafe Mortaza
ball,2,43.5,Bangladesh,Mustafizur Rahman,Mehedi Hasan Miraz,Shadab Khan,0,0,"",""
ball,2,43.6,Bangladesh,Mustafizur Rahman,Mehedi Hasan Miraz,Shadab Khan,1,0,"",""
ball,2,44.1,Bangladesh,Mustafizur Rahman,Mehedi Hasan Miraz,Shaheen Shah Afridi,0,1,"",""
ball,2,44.2,Bangladesh,Mustafizur Rahman,Mehedi Hasan Miraz,Shaheen Shah Afridi,0,0,bowled,Mustafizur Rahman
