version,1.3.0
info,team,Sri Lanka
info,team,West Indies
info,gender,male
info,season,2019
info,date,2019/07/01
info,competition,World Cup
info,match_number,39
info,venue,Riverside Ground
info,city,Chester-le-Street
info,toss_winner,West Indies
info,toss_decision,field
info,player_of_match,WIA Fernando
info,umpire,BNJ Oxenford
info,umpire,PR Reiffel
info,reserve_umpire,RJ Tucker
info,tv_umpire,S Ravi
info,match_referee,DC Boon
info,winner,Sri Lanka
info,winner_runs,23
ball,1,0.1,Sri Lanka,FDM Karunaratne,MDKJ Perera,SS Cottrell,1,0,"",""
ball,1,0.2,Sri Lanka,MDKJ Perera,FDM Karunaratne,SS Cottrell,0,0,"",""
ball,1,0.3,Sri Lanka,MDKJ Perera,FDM Karunaratne,SS Cottrell,0,0,"",""
ball,1,0.4,Sri Lanka,MDKJ Perera,FDM Karunaratne,SS Cottrell,0,0,"",""
ball,1,0.5,Sri Lanka,MDKJ Perera,FDM Karunaratne,SS Cottrell,0,0,"",""
ball,1,0.6,Sri Lanka,MDKJ Perera,FDM Karunaratne,SS Cottrell,1,0,"",""
ball,1,1.1,Sri Lanka,MDKJ Perera,FDM Karunaratne,O Thomas,0,0,"",""
ball,1,1.2,Sri Lanka,MDKJ Perera,FDM Karunaratne,O Thomas,0,0,"",""
ball,1,1.3,Sri Lanka,MDKJ Perera,FDM Karunaratne,O Thomas,2,0,"",""
ball,1,1.4,Sri Lanka,MDKJ Perera,FDM Karunaratne,O Thomas,4,0,"",""
ball,1,1.5,Sri Lanka,MDKJ Perera,FDM Karunaratne,O Thomas,0,0,"",""
ball,1,1.6,Sri Lanka,MDKJ Perera,FDM Karunaratne,O Thomas,0,0,"",""
ball,1,2.1,Sri Lanka,FDM Karunaratne,MDKJ Perera,SS Cottrell,0,0,"",""
ball,1,2.2,Sri Lanka,FDM Karunaratne,MDKJ Perera,SS Cottrell,0,0,"",""
ball,1,2.3,Sri Lanka,FDM Karunaratne,MDKJ Perera,SS Cottrell,0,1,"",""
ball,1,2.4,Sri Lanka,FDM Karunaratne,MDKJ Perera,SS Cottrell,4,0,"",""
ball,1,2.5,Sri Lanka,FDM Karunaratne,MDKJ Perera,SS Cottrell,0,0,"",""
ball,1,2.6,Sri Lanka,FDM Karunaratne,MDKJ Perera,SS Cottrell,4,0,"",""
ball,1,2.7,Sri Lanka,FDM Karunaratne,MDKJ Perera,SS Cottrell,0,0,"",""
ball,1,3.1,Sri Lanka,MDKJ Perera,FDM Karunaratne,O Thomas,1,0,"",""
ball,1,3.2,Sri Lanka,FDM Karunaratne,MDKJ Perera,O Thomas,0,0,"",""
ball,1,3.3,Sri Lanka,FDM Karunaratne,MDKJ Perera,O Thomas,0,0,"",""
ball,1,3.4,Sri Lanka,FDM Karunaratne,MDKJ Perera,O Thomas,4,0,"",""
ball,1,3.5,Sri Lanka,FDM Karunaratne,MDKJ Perera,O Thomas,0,0,"",""
ball,1,3.6,Sri Lanka,FDM Karunaratne,MDKJ Perera,O Thomas,0,0,"",""
ball,1,4.1,Sri Lanka,MDKJ Perera,FDM Karunaratne,SS Cottrell,4,0,"",""
ball,1,4.2,Sri Lanka,MDKJ Perera,FDM Karunaratne,SS Cottrell,1,0,"",""
ball,1,4.3,Sri Lanka,FDM Karunaratne,MDKJ Perera,SS Cottrell,0,0,"",""
ball,1,4.4,Sri Lanka,FDM Karunaratne,MDKJ Perera,SS Cottrell,0,0,"",""
ball,1,4.5,Sri Lanka,FDM Karunaratne,MDKJ Perera,SS Cottrell,0,0,"",""
ball,1,4.6,Sri Lanka,FDM Karunaratne,MDKJ Perera,SS Cottrell,1,0,"",""
ball,1,5.1,Sri Lanka,FDM Karunaratne,MDKJ Perera,O Thomas,0,0,"",""
ball,1,5.2,Sri Lanka,FDM Karunaratne,MDKJ Perera,O Thomas,0,0,"",""
ball,1,5.3,Sri Lanka,FDM Karunaratne,MDKJ Perera,O Thomas,0,0,"",""
ball,1,5.4,Sri Lanka,FDM Karunaratne,MDKJ Perera,O Thomas,0,0,"",""
ball,1,5.5,Sri Lanka,FDM Karunaratne,MDKJ Perera,O Thomas,0,0,"",""
ball,1,5.6,Sri Lanka,FDM Karunaratne,MDKJ Perera,O Thomas,0,0,"",""
ball,1,6.1,Sri Lanka,MDKJ Perera,FDM Karunaratne,ST Gabriel,1,0,"",""
ball,1,6.2,Sri Lanka,FDM Karunaratne,MDKJ Perera,ST Gabriel,1,0,"",""
ball,1,6.3,Sri Lanka,MDKJ Perera,FDM Karunaratne,ST Gabriel,0,0,"",""
ball,1,6.4,Sri Lanka,MDKJ Perera,FDM Karunaratne,ST Gabriel,4,0,"",""
ball,1,6.5,Sri Lanka,MDKJ Perera,FDM Karunaratne,ST Gabriel,0,0,"",""
ball,1,6.6,Sri Lanka,MDKJ Perera,FDM Karunaratne,ST Gabriel,0,1,"",""
ball,1,6.7,Sri Lanka,MDKJ Perera,FDM Karunaratne,ST Gabriel,4,0,"",""
ball,1,7.1,Sri Lanka,FDM Karunaratne,MDKJ Perera,O Thomas,4,0,"",""
ball,1,7.2,Sri Lanka,FDM Karunaratne,MDKJ Perera,O Thomas,0,0,"",""
ball,1,7.3,Sri Lanka,FDM Karunaratne,MDKJ Perera,O Thomas,0,0,"",""
ball,1,7.4,Sri Lanka,FDM Karunaratne,MDKJ Perera,O Thomas,0,0,"",""
ball,1,7.5,Sri Lanka,FDM Karunaratne,MDKJ Perera,O Thomas,0,0,"",""
ball,1,7.6,Sri Lanka,FDM Karunaratne,MDKJ Perera,O Thomas,0,0,"",""
ball,1,8.1,Sri Lanka,MDKJ Perera,FDM Karunaratne,ST Gabriel,0,0,"",""
ball,1,8.2,Sri Lanka,MDKJ Perera,FDM Karunaratne,ST Gabriel,1,0,"",""
ball,1,8.3,Sri Lanka,FDM Karunaratne,MDKJ Perera,ST Gabriel,0,0,"",""
ball,1,8.4,Sri Lanka,FDM Karunaratne,MDKJ Perera,ST Gabriel,0,1,"",""
ball,1,8.5,Sri Lanka,MDKJ Perera,FDM Karunaratne,ST Gabriel,0,0,"",""
ball,1,8.6,Sri Lanka,MDKJ Perera,FDM Karunaratne,ST Gabriel,2,0,"",""
ball,1,9.1,Sri Lanka,FDM Karunaratne,MDKJ Perera,JO Holder,0,0,"",""
ball,1,9.2,Sri Lanka,FDM Karunaratne,MDKJ Perera,JO Holder,0,0,"",""
ball,1,9.3,Sri Lanka,FDM Karunaratne,MDKJ Perera,JO Holder,0,0,"",""
ball,1,9.4,Sri Lanka,FDM Karunaratne,MDKJ Perera,JO Holder,1,0,"",""
ball,1,9.5,Sri Lanka,MDKJ Perera,FDM Karunaratne,JO Holder,1,0,"",""
ball,1,9.6,Sri Lanka,FDM Karunaratne,MDKJ Perera,JO Holder,0,0,"",""
ball,1,10.1,Sri Lanka,MDKJ Perera,FDM Karunaratne,ST Gabriel,0,0,"",""
ball,1,10.2,Sri Lanka,MDKJ Perera,FDM Karunaratne,ST Gabriel,1,0,"",""
ball,1,10.3,Sri Lanka,FDM Karunaratne,MDKJ Perera,ST Gabriel,1,0,"",""
ball,1,10.4,Sri Lanka,MDKJ Perera,FDM Karunaratne,ST Gabriel,4,0,"",""
ball,1,10.5,Sri Lanka,MDKJ Perera,FDM Karunaratne,ST Gabriel,4,0,"",""
ball,1,10.6,Sri Lanka,MDKJ Perera,FDM Karunaratne,ST Gabriel,4,0,"",""
ball,1,11.1,Sri Lanka,FDM Karunaratne,MDKJ Perera,JO Holder,1,0,"",""
ball,1,11.2,Sri Lanka,MDKJ Perera,FDM Karunaratne,JO Holder,1,0,"",""
ball,1,11.3,Sri Lanka,FDM Karunaratne,MDKJ Perera,JO Holder,1,0,"",""
ball,1,11.4,Sri Lanka,MDKJ Perera,FDM Karunaratne,JO Holder,1,0,"",""
ball,1,11.5,Sri Lanka,FDM Karunaratne,MDKJ Perera,JO Holder,1,0,"",""
ball,1,11.6,Sri Lanka,MDKJ Perera,FDM Karunaratne,JO Holder,1,0,"",""
ball,1,12.1,Sri Lanka,MDKJ Perera,FDM Karunaratne,CR Brathwaite,0,0,"",""
ball,1,12.2,Sri Lanka,MDKJ Perera,FDM Karunaratne,CR Brathwaite,2,0,"",""
ball,1,12.3,Sri Lanka,MDKJ Perera,FDM Karunaratne,CR Brathwaite,1,0,"",""
ball,1,12.4,Sri Lanka,FDM Karunaratne,MDKJ Perera,CR Brathwaite,1,0,"",""
ball,1,12.5,Sri Lanka,MDKJ Perera,FDM Karunaratne,CR Brathwaite,2,0,"",""
ball,1,12.6,Sri Lanka,MDKJ Perera,FDM Karunaratne,CR Brathwaite,2,0,"",""
ball,1,13.1,Sri Lanka,FDM Karunaratne,MDKJ Perera,JO Holder,1,0,"",""
ball,1,13.2,Sri Lanka,MDKJ Perera,FDM Karunaratne,JO Holder,1,0,"",""
ball,1,13.3,Sri Lanka,FDM Karunaratne,MDKJ Perera,JO Holder,0,0,"",""
ball,1,13.4,Sri Lanka,FDM Karunaratne,MDKJ Perera,JO Holder,1,0,"",""
ball,1,13.5,Sri Lanka,MDKJ Perera,FDM Karunaratne,JO Holder,0,0,"",""
ball,1,13.6,Sri Lanka,MDKJ Perera,FDM Karunaratne,JO Holder,1,0,"",""
ball,1,14.1,Sri Lanka,MDKJ Perera,FDM Karunaratne,CR Brathwaite,4,0,"",""
ball,1,14.2,Sri Lanka,MDKJ Perera,FDM Karunaratne,CR Brathwaite,2,0,"",""
ball,1,14.3,Sri Lanka,MDKJ Perera,FDM Karunaratne,CR Brathwaite,0,0,"",""
ball,1,14.4,Sri Lanka,MDKJ Perera,FDM Karunaratne,CR Brathwaite,1,0,"",""
ball,1,14.5,Sri Lanka,FDM Karunaratne,MDKJ Perera,CR Brathwaite,2,0,"",""
ball,1,14.6,Sri Lanka,FDM Karunaratne,MDKJ Perera,CR Brathwaite,1,0,"",""
ball,1,15.1,Sri Lanka,FDM Karunaratne,MDKJ Perera,JO Holder,2,0,"",""
ball,1,15.2,Sri Lanka,FDM Karunaratne,MDKJ Perera,JO Holder,0,0,caught,FDM Karunaratne
ball,1,15.3,Sri Lanka,WIA Fernando,MDKJ Perera,JO Holder,0,1,"",""
ball,1,15.4,Sri Lanka,WIA Fernando,MDKJ Perera,JO Holder,0,0,"",""
ball,1,15.5,Sri Lanka,WIA Fernando,MDKJ Perera,JO Holder,0,0,"",""
ball,1,15.6,Sri Lanka,WIA Fernando,MDKJ Perera,JO Holder,0,0,"",""
ball,1,15.7,Sri Lanka,WIA Fernando,MDKJ Perera,JO Holder,0,0,"",""
ball,1,16.1,Sri Lanka,MDKJ Perera,WIA Fernando,CR Brathwaite,0,0,"",""
ball,1,16.2,Sri Lanka,MDKJ Perera,WIA Fernando,CR Brathwaite,0,1,"",""
ball,1,16.3,Sri Lanka,MDKJ Perera,WIA Fernando,CR Brathwaite,1,0,"",""
ball,1,16.4,Sri Lanka,WIA Fernando,MDKJ Perera,CR Brathwaite,0,0,"",""
ball,1,16.5,Sri Lanka,WIA Fernando,MDKJ Perera,CR Brathwaite,0,0,"",""
ball,1,16.6,Sri Lanka,WIA Fernando,MDKJ Perera,CR Brathwaite,1,0,"",""
ball,1,16.7,Sri Lanka,MDKJ Perera,WIA Fernando,CR Brathwaite,0,0,"",""
ball,1,17.1,Sri Lanka,WIA Fernando,MDKJ Perera,JO Holder,0,0,"",""
ball,1,17.2,Sri Lanka,WIA Fernando,MDKJ Perera,JO Holder,1,0,"",""
ball,1,17.3,Sri Lanka,MDKJ Perera,WIA Fernando,JO Holder,2,0,"",""
ball,1,17.4,Sri Lanka,MDKJ Perera,WIA Fernando,JO Holder,1,0,"",""
ball,1,17.5,Sri Lanka,WIA Fernando,MDKJ Perera,JO Holder,1,0,"",""
ball,1,17.6,Sri Lanka,MDKJ Perera,WIA Fernando,JO Holder,1,0,"",""
ball,1,18.1,Sri Lanka,MDKJ Perera,WIA Fernando,CR Brathwaite,1,0,run out,MDKJ Perera
ball,1,18.2,Sri Lanka,WIA Fernando,BKG Mendis,CR Brathwaite,0,0,"",""
ball,1,18.3,Sri Lanka,WIA Fernando,BKG Mendis,CR Brathwaite,0,0,"",""
ball,1,18.4,Sri Lanka,WIA Fernando,BKG Mendis,CR Brathwaite,1,0,"",""
ball,1,18.5,Sri Lanka,BKG Mendis,WIA Fernando,CR Brathwaite,0,0,"",""
ball,1,18.6,Sri Lanka,BKG Mendis,WIA Fernando,CR Brathwaite,0,0,"",""
ball,1,19.1,Sri Lanka,WIA Fernando,BKG Mendis,JO Holder,0,1,"",""
ball,1,19.2,Sri Lanka,WIA Fernando,BKG Mendis,JO Holder,0,4,"",""
ball,1,19.3,Sri Lanka,WIA Fernando,BKG Mendis,JO Holder,1,0,"",""
ball,1,19.4,Sri Lanka,BKG Mendis,WIA Fernando,JO Holder,0,0,"",""
ball,1,19.5,Sri Lanka,BKG Mendis,WIA Fernando,JO Holder,0,0,"",""
ball,1,19.6,Sri Lanka,BKG Mendis,WIA Fernando,JO Holder,2,0,"",""
ball,1,19.7,Sri Lanka,BKG Mendis,WIA Fernando,JO Holder,0,0,"",""
ball,1,20.1,Sri Lanka,WIA Fernando,BKG Mendis,CR Brathwaite,0,0,"",""
ball,1,20.2,Sri Lanka,WIA Fernando,BKG Mendis,CR Brathwaite,3,0,"",""
ball,1,20.3,Sri Lanka,BKG Mendis,WIA Fernando,CR Brathwaite,4,0,"",""
ball,1,20.4,Sri Lanka,BKG Mendis,WIA Fernando,CR Brathwaite,1,0,"",""
ball,1,20.5,Sri Lanka,WIA Fernando,BKG Mendis,CR Brathwaite,0,0,"",""
ball,1,20.6,Sri Lanka,WIA Fernando,BKG Mendis,CR Brathwaite,2,0,"",""
ball,1,21.1,Sri Lanka,BKG Mendis,WIA Fernando,JO Holder,4,0,"",""
ball,1,21.2,Sri Lanka,BKG Mendis,WIA Fernando,JO Holder,1,0,"",""
ball,1,21.3,Sri Lanka,WIA Fernando,BKG Mendis,JO Holder,4,0,"",""
ball,1,21.4,Sri Lanka,WIA Fernando,BKG Mendis,JO Holder,0,0,"",""
ball,1,21.5,Sri Lanka,WIA Fernando,BKG Mendis,JO Holder,0,0,"",""
ball,1,21.6,Sri Lanka,WIA Fernando,BKG Mendis,JO Holder,1,0,"",""
ball,1,22.1,Sri Lanka,WIA Fernando,BKG Mendis,SS Cottrell,0,0,"",""
ball,1,22.2,Sri Lanka,WIA Fernando,BKG Mendis,SS Cottrell,6,0,"",""
ball,1,22.3,Sri Lanka,WIA Fernando,BKG Mendis,SS Cottrell,2,0,"",""
ball,1,22.4,Sri Lanka,WIA Fernando,BKG Mendis,SS Cottrell,0,0,"",""
ball,1,22.5,Sri Lanka,WIA Fernando,BKG Mendis,SS Cottrell,0,0,"",""
ball,1,22.6,Sri Lanka,WIA Fernando,BKG Mendis,SS Cottrell,0,0,"",""
ball,1,23.1,Sri Lanka,BKG Mendis,WIA Fernando,FA Allen,0,0,"",""
ball,1,23.2,Sri Lanka,BKG Mendis,WIA Fernando,FA Allen,0,0,"",""
ball,1,23.3,Sri Lanka,BKG Mendis,WIA Fernando,FA Allen,0,0,"",""
ball,1,23.4,Sri Lanka,BKG Mendis,WIA Fernando,FA Allen,0,0,"",""
ball,1,23.5,Sri Lanka,BKG Mendis,WIA Fernando,FA Allen,1,0,"",""
ball,1,23.6,Sri Lanka,WIA Fernando,BKG Mendis,FA Allen,0,0,"",""
ball,1,24.1,Sri Lanka,BKG Mendis,WIA Fernando,SS Cottrell,1,0,"",""
ball,1,24.2,Sri Lanka,WIA Fernando,BKG Mendis,SS Cottrell,0,0,"",""
ball,1,24.3,Sri Lanka,WIA Fernando,BKG Mendis,SS Cottrell,0,0,"",""
ball,1,24.4,Sri Lanka,WIA Fernando,BKG Mendis,SS Cottrell,1,0,"",""
ball,1,24.5,Sri Lanka,BKG Mendis,WIA Fernando,SS Cottrell,1,0,"",""
ball,1,24.6,Sri Lanka,WIA Fernando,BKG Mendis,SS Cottrell,1,0,"",""
ball,1,25.1,Sri Lanka,WIA Fernando,BKG Mendis,FA Allen,1,0,"",""
ball,1,25.2,Sri Lanka,BKG Mendis,WIA Fernando,FA Allen,1,0,"",""
ball,1,25.3,Sri Lanka,WIA Fernando,BKG Mendis,FA Allen,0,0,"",""
ball,1,25.4,Sri Lanka,WIA Fernando,BKG Mendis,FA Allen,1,0,"",""
ball,1,25.5,Sri Lanka,BKG Mendis,WIA Fernando,FA Allen,1,0,"",""
ball,1,25.6,Sri Lanka,WIA Fernando,BKG Mendis,FA Allen,0,0,"",""
ball,1,26.1,Sri Lanka,BKG Mendis,WIA Fernando,SS Cottrell,2,0,"",""
ball,1,26.2,Sri Lanka,BKG Mendis,WIA Fernando,SS Cottrell,3,0,"",""
ball,1,26.3,Sri Lanka,WIA Fernando,BKG Mendis,SS Cottrell,1,0,"",""
ball,1,26.4,Sri Lanka,BKG Mendis,WIA Fernando,SS Cottrell,0,0,"",""
ball,1,26.5,Sri Lanka,BKG Mendis,WIA Fernando,SS Cottrell,2,0,"",""
ball,1,26.6,Sri Lanka,BKG Mendis,WIA Fernando,SS Cottrell,0,0,"",""
ball,1,27.1,Sri Lanka,WIA Fernando,BKG Mendis,FA Allen,1,0,"",""
ball,1,27.2,Sri Lanka,BKG Mendis,WIA Fernando,FA Allen,4,0,"",""
ball,1,27.3,Sri Lanka,BKG Mendis,WIA Fernando,FA Allen,0,0,"",""
ball,1,27.4,Sri Lanka,BKG Mendis,WIA Fernando,FA Allen,0,0,"",""
ball,1,27.5,Sri Lanka,BKG Mendis,WIA Fernando,FA Allen,0,0,"",""
ball,1,27.6,Sri Lanka,BKG Mendis,WIA Fernando,FA Allen,1,0,"",""
ball,1,28.1,Sri Lanka,BKG Mendis,WIA Fernando,O Thomas,0,0,"",""
ball,1,28.2,Sri Lanka,BKG Mendis,WIA Fernando,O Thomas,4,0,"",""
ball,1,28.3,Sri Lanka,BKG Mendis,WIA Fernando,O Thomas,0,0,"",""
ball,1,28.4,Sri Lanka,BKG Mendis,WIA Fernando,O Thomas,1,0,"",""
ball,1,28.5,Sri Lanka,WIA Fernando,BKG Mendis,O Thomas,0,0,"",""
ball,1,28.6,Sri Lanka,WIA Fernando,BKG Mendis,O Thomas,1,0,"",""
ball,1,29.1,Sri Lanka,WIA Fernando,BKG Mendis,FA Allen,0,0,"",""
ball,1,29.2,Sri Lanka,WIA Fernando,BKG Mendis,FA Allen,1,0,"",""
ball,1,29.3,Sri Lanka,BKG Mendis,WIA Fernando,FA Allen,0,0,"",""
ball,1,29.4,Sri Lanka,BKG Mendis,WIA Fernando,FA Allen,0,0,"",""
ball,1,29.5,Sri Lanka,BKG Mendis,WIA Fernando,FA Allen,1,0,"",""
ball,1,29.6,Sri Lanka,WIA Fernando,BKG Mendis,FA Allen,1,0,"",""
ball,1,30.1,Sri Lanka,WIA Fernando,BKG Mendis,O Thomas,1,0,"",""
ball,1,30.2,Sri Lanka,BKG Mendis,WIA Fernando,O Thomas,0,0,"",""
ball,1,30.3,Sri Lanka,BKG Mendis,WIA Fernando,O Thomas,1,0,"",""
ball,1,30.4,Sri Lanka,WIA Fernando,BKG Mendis,O Thomas,0,0,"",""
ball,1,30.5,Sri Lanka,WIA Fernando,BKG Mendis,O Thomas,4,0,"",""
ball,1,30.6,Sri Lanka,WIA Fernando,BKG Mendis,O Thomas,2,0,"",""
ball,1,31.1,Sri Lanka,BKG Mendis,WIA Fernando,FA Allen,2,0,"",""
ball,1,31.2,Sri Lanka,BKG Mendis,WIA Fernando,FA Allen,1,0,"",""
ball,1,31.3,Sri Lanka,WIA Fernando,BKG Mendis,FA Allen,4,0,"",""
ball,1,31.4,Sri Lanka,WIA Fernando,BKG Mendis,FA Allen,1,0,"",""
ball,1,31.5,Sri Lanka,BKG Mendis,WIA Fernando,FA Allen,0,0,caught and bowled,BKG Mendis
ball,1,31.6,Sri Lanka,AD Mathews,WIA Fernando,FA Allen,0,0,"",""
ball,1,32.1,Sri Lanka,WIA Fernando,AD Mathews,O Thomas,2,0,"",""
ball,1,32.2,Sri Lanka,WIA Fernando,AD Mathews,O Thomas,0,0,"",""
ball,1,32.3,Sri Lanka,WIA Fernando,AD Mathews,O Thomas,0,0,"",""
ball,1,32.4,Sri Lanka,WIA Fernando,AD Mathews,O Thomas,0,0,"",""
ball,1,32.5,Sri Lanka,WIA Fernando,AD Mathews,O Thomas,4,0,"",""
ball,1,32.6,Sri Lanka,WIA Fernando,AD Mathews,O Thomas,1,0,"",""
ball,1,33.1,Sri Lanka,WIA Fernando,AD Mathews,FA Allen,4,0,"",""
ball,1,33.2,Sri Lanka,WIA Fernando,AD Mathews,FA Allen,0,0,"",""
ball,1,33.3,Sri Lanka,WIA Fernando,AD Mathews,FA Allen,0,0,"",""
ball,1,33.4,Sri Lanka,WIA Fernando,AD Mathews,FA Allen,0,0,"",""
ball,1,33.5,Sri Lanka,WIA Fernando,AD Mathews,FA Allen,1,0,"",""
ball,1,33.6,Sri Lanka,AD Mathews,WIA Fernando,FA Allen,0,0,"",""
ball,1,34.1,Sri Lanka,WIA Fernando,AD Mathews,ST Gabriel,1,0,"",""
ball,1,34.2,Sri Lanka,AD Mathews,WIA Fernando,ST Gabriel,2,0,"",""
ball,1,34.3,Sri Lanka,AD Mathews,WIA Fernando,ST Gabriel,0,0,"",""
ball,1,34.4,Sri Lanka,AD Mathews,WIA Fernando,ST Gabriel,1,0,"",""
ball,1,34.5,Sri Lanka,WIA Fernando,AD Mathews,ST Gabriel,0,0,"",""
ball,1,34.6,Sri Lanka,WIA Fernando,AD Mathews,ST Gabriel,4,0,"",""
ball,1,35.1,Sri Lanka,AD Mathews,WIA Fernando,FA Allen,1,0,"",""
ball,1,35.2,Sri Lanka,WIA Fernando,AD Mathews,FA Allen,0,0,"",""
ball,1,35.3,Sri Lanka,WIA Fernando,AD Mathews,FA Allen,1,0,"",""
ball,1,35.4,Sri Lanka,AD Mathews,WIA Fernando,FA Allen,1,0,"",""
ball,1,35.5,Sri Lanka,WIA Fernando,AD Mathews,FA Allen,0,0,"",""
ball,1,35.6,Sri Lanka,WIA Fernando,AD Mathews,FA Allen,2,0,"",""
ball,1,36.1,Sri Lanka,AD Mathews,WIA Fernando,ST Gabriel,1,0,"",""
ball,1,36.2,Sri Lanka,WIA Fernando,AD Mathews,ST Gabriel,0,0,"",""
ball,1,36.3,Sri Lanka,WIA Fernando,AD Mathews,ST Gabriel,4,0,"",""
ball,1,36.4,Sri Lanka,WIA Fernando,AD Mathews,ST Gabriel,0,0,"",""
ball,1,36.5,Sri Lanka,WIA Fernando,AD Mathews,ST Gabriel,1,1,"",""
ball,1,36.6,Sri Lanka,AD Mathews,WIA Fernando,ST Gabriel,0,0,"",""
ball,1,36.7,Sri Lanka,AD Mathews,WIA Fernando,ST Gabriel,3,0,"",""
ball,1,37.1,Sri Lanka,AD Mathews,WIA Fernando,JO Holder,1,1,"",""
ball,1,37.2,Sri Lanka,WIA Fernando,AD Mathews,JO Holder,1,0,"",""
ball,1,37.3,Sri Lanka,AD Mathews,WIA Fernando,JO Holder,4,0,"",""
ball,1,37.4,Sri Lanka,AD Mathews,WIA Fernando,JO Holder,0,0,"",""
ball,1,37.5,Sri Lanka,AD Mathews,WIA Fernando,JO Holder,1,0,"",""
ball,1,37.6,Sri Lanka,WIA Fernando,AD Mathews,JO Holder,2,0,"",""
ball,1,37.7,Sri Lanka,WIA Fernando,AD Mathews,JO Holder,1,0,"",""
ball,1,38.1,Sri Lanka,WIA Fernando,AD Mathews,FA Allen,1,0,"",""
ball,1,38.2,Sri Lanka,AD Mathews,WIA Fernando,FA Allen,0,0,"",""
ball,1,38.3,Sri Lanka,AD Mathews,WIA Fernando,FA Allen,0,0,"",""
ball,1,38.4,Sri Lanka,AD Mathews,WIA Fernando,FA Allen,4,0,"",""
ball,1,38.5,Sri Lanka,AD Mathews,WIA Fernando,FA Allen,6,0,"",""
ball,1,38.6,Sri Lanka,AD Mathews,WIA Fernando,FA Allen,1,0,"",""
ball,1,39.1,Sri Lanka,AD Mathews,WIA Fernando,JO Holder,0,0,bowled,AD Mathews
ball,1,39.2,Sri Lanka,HDRL Thirimanne,WIA Fernando,JO Holder,4,0,"",""
ball,1,39.3,Sri Lanka,HDRL Thirimanne,WIA Fernando,JO Holder,1,0,"",""
ball,1,39.4,Sri Lanka,WIA Fernando,HDRL Thirimanne,JO Holder,1,0,"",""
ball,1,39.5,Sri Lanka,HDRL Thirimanne,WIA Fernando,JO Holder,0,0,"",""
ball,1,39.6,Sri Lanka,HDRL Thirimanne,WIA Fernando,JO Holder,0,0,"",""
ball,1,40.1,Sri Lanka,WIA Fernando,HDRL Thirimanne,SS Cottrell,1,0,"",""
ball,1,40.2,Sri Lanka,HDRL Thirimanne,WIA Fernando,SS Cottrell,0,0,"",""
ball,1,40.3,Sri Lanka,HDRL Thirimanne,WIA Fernando,SS Cottrell,0,0,"",""
ball,1,40.4,Sri Lanka,HDRL Thirimanne,WIA Fernando,SS Cottrell,0,0,"",""
ball,1,40.5,Sri Lanka,HDRL Thirimanne,WIA Fernando,SS Cottrell,3,0,"",""
ball,1,40.6,Sri Lanka,WIA Fernando,HDRL Thirimanne,SS Cottrell,0,0,"",""
ball,1,41.1,Sri Lanka,HDRL Thirimanne,WIA Fernando,JO Holder,1,0,"",""
ball,1,41.2,Sri Lanka,WIA Fernando,HDRL Thirimanne,JO Holder,0,0,"",""
ball,1,41.3,Sri Lanka,WIA Fernando,HDRL Thirimanne,JO Holder,1,0,"",""
ball,1,41.4,Sri Lanka,HDRL Thirimanne,WIA Fernando,JO Holder,3,0,"",""
ball,1,41.5,Sri Lanka,WIA Fernando,HDRL Thirimanne,JO Holder,0,0,"",""
ball,1,41.6,Sri Lanka,WIA Fernando,HDRL Thirimanne,JO Holder,2,0,"",""
ball,1,42.1,Sri Lanka,HDRL Thirimanne,WIA Fernando,SS Cottrell,1,0,"",""
ball,1,42.2,Sri Lanka,WIA Fernando,HDRL Thirimanne,SS Cottrell,6,0,"",""
ball,1,42.3,Sri Lanka,WIA Fernando,HDRL Thirimanne,SS Cottrell,0,1,"",""
ball,1,42.4,Sri Lanka,HDRL Thirimanne,WIA Fernando,SS Cottrell,0,0,"",""
ball,1,42.5,Sri Lanka,HDRL Thirimanne,WIA Fernando,SS Cottrell,0,1,"",""
ball,1,42.6,Sri Lanka,HDRL Thirimanne,WIA Fernando,SS Cottrell,1,0,"",""
ball,1,42.7,Sri Lanka,WIA Fernando,HDRL Thirimanne,SS Cottrell,1,0,"",""
ball,1,43.1,Sri Lanka,WIA Fernando,HDRL Thirimanne,O Thomas,0,0,"",""
ball,1,43.2,Sri Lanka,WIA Fernando,HDRL Thirimanne,O Thomas,1,0,"",""
ball,1,43.3,Sri Lanka,HDRL Thirimanne,WIA Fernando,O Thomas,0,1,"",""
ball,1,43.4,Sri Lanka,HDRL Thirimanne,WIA Fernando,O Thomas,1,0,"",""
ball,1,43.5,Sri Lanka,WIA Fernando,HDRL Thirimanne,O Thomas,2,0,"",""
ball,1,43.6,Sri Lanka,WIA Fernando,HDRL Thirimanne,O Thomas,0,0,"",""
ball,1,43.7,Sri Lanka,WIA Fernando,HDRL Thirimanne,O Thomas,1,0,"",""
ball,1,44.1,Sri Lanka,WIA Fernando,HDRL Thirimanne,CR Brathwaite,0,1,"",""
ball,1,44.2,Sri Lanka,HDRL Thirimanne,WIA Fernando,CR Brathwaite,4,0,"",""
ball,1,44.3,Sri Lanka,HDRL Thirimanne,WIA Fernando,CR Brathwaite,4,0,"",""
ball,1,44.4,Sri Lanka,HDRL Thirimanne,WIA Fernando,CR Brathwaite,1,0,"",""
ball,1,44.5,Sri Lanka,WIA Fernando,HDRL Thirimanne,CR Brathwaite,1,0,"",""
ball,1,44.6,Sri Lanka,HDRL Thirimanne,WIA Fernando,CR Brathwaite,2,0,"",""
ball,1,45.1,Sri Lanka,WIA Fernando,HDRL Thirimanne,O Thomas,1,0,"",""
ball,1,45.2,Sri Lanka,HDRL Thirimanne,WIA Fernando,O Thomas,1,0,"",""
ball,1,45.3,Sri Lanka,WIA Fernando,HDRL Thirimanne,O Thomas,4,0,"",""
ball,1,45.4,Sri Lanka,WIA Fernando,HDRL Thirimanne,O Thomas,1,0,"",""
ball,1,45.5,Sri Lanka,HDRL Thirimanne,WIA Fernando,O Thomas,2,0,"",""
ball,1,45.6,Sri Lanka,HDRL Thirimanne,WIA Fernando,O Thomas,1,0,"",""
ball,1,46.1,Sri Lanka,HDRL Thirimanne,WIA Fernando,CR Brathwaite,1,0,"",""
ball,1,46.2,Sri Lanka,WIA Fernando,HDRL Thirimanne,CR Brathwaite,1,0,"",""
ball,1,46.3,Sri Lanka,HDRL Thirimanne,WIA Fernando,CR Brathwaite,0,1,"",""
ball,1,46.4,Sri Lanka,WIA Fernando,HDRL Thirimanne,CR Brathwaite,2,0,"",""
ball,1,46.5,Sri Lanka,WIA Fernando,HDRL Thirimanne,CR Brathwaite,4,0,"",""
ball,1,46.6,Sri Lanka,WIA Fernando,HDRL Thirimanne,CR Brathwaite,0,0,"",""
ball,1,47.1,Sri Lanka,HDRL Thirimanne,WIA Fernando,SS Cottrell,1,0,"",""
ball,1,47.2,Sri Lanka,WIA Fernando,HDRL Thirimanne,SS Cottrell,0,0,caught,WIA Fernando
ball,1,47.3,Sri Lanka,HDRL Thirimanne,I Udana,SS Cottrell,2,0,"",""
ball,1,47.4,Sri Lanka,HDRL Thirimanne,I Udana,SS Cottrell,4,0,"",""
ball,1,47.5,Sri Lanka,HDRL Thirimanne,I Udana,SS Cottrell,1,0,"",""
ball,1,47.6,Sri Lanka,I Udana,HDRL Thirimanne,SS Cottrell,0,0,"",""
ball,1,48.1,Sri Lanka,HDRL Thirimanne,I Udana,O Thomas,1,0,"",""
ball,1,48.2,Sri Lanka,I Udana,HDRL Thirimanne,O Thomas,0,0,"",""
ball,1,48.3,Sri Lanka,I Udana,HDRL Thirimanne,O Thomas,2,1,"",""
ball,1,48.4,Sri Lanka,I Udana,HDRL Thirimanne,O Thomas,1,0,"",""
ball,1,48.5,Sri Lanka,HDRL Thirimanne,I Udana,O Thomas,1,0,"",""
ball,1,48.6,Sri Lanka,I Udana,HDRL Thirimanne,O Thomas,0,0,"",""
ball,1,48.7,Sri Lanka,I Udana,HDRL Thirimanne,O Thomas,0,0,caught,I Udana
ball,1,49.1,Sri Lanka,DM de Silva,HDRL Thirimanne,SS Cottrell,4,0,"",""
ball,1,49.2,Sri Lanka,DM de Silva,HDRL Thirimanne,SS Cottrell,1,0,"",""
ball,1,49.3,Sri Lanka,HDRL Thirimanne,DM de Silva,SS Cottrell,0,1,"",""
ball,1,49.4,Sri Lanka,DM de Silva,HDRL Thirimanne,SS Cottrell,1,0,"",""
ball,1,49.5,Sri Lanka,HDRL Thirimanne,DM de Silva,SS Cottrell,2,0,"",""
ball,1,49.6,Sri Lanka,HDRL Thirimanne,DM de Silva,SS Cottrell,2,0,"",""
ball,2,0.1,West Indies,CH Gayle,SW Ambris,SL Malinga,0,0,"",""
ball,2,0.2,West Indies,CH Gayle,SW Ambris,SL Malinga,0,0,"",""
ball,2,0.3,West Indies,CH Gayle,SW Ambris,SL Malinga,1,0,"",""
ball,2,0.4,West Indies,SW Ambris,CH Gayle,SL Malinga,0,1,"",""
ball,2,0.5,West Indies,SW Ambris,CH Gayle,SL Malinga,0,0,"",""
ball,2,0.6,West Indies,SW Ambris,CH Gayle,SL Malinga,0,0,"",""
ball,2,0.7,West Indies,SW Ambris,CH Gayle,SL Malinga,4,0,"",""
ball,2,1.1,West Indies,CH Gayle,SW Ambris,DM de Silva,2,0,"",""
ball,2,1.2,West Indies,CH Gayle,SW Ambris,DM de Silva,0,0,"",""
ball,2,1.3,West Indies,CH Gayle,SW Ambris,DM de Silva,1,0,"",""
ball,2,1.4,West Indies,SW Ambris,CH Gayle,DM de Silva,0,0,"",""
ball,2,1.5,West Indies,SW Ambris,CH Gayle,DM de Silva,1,0,"",""
ball,2,1.6,West Indies,CH Gayle,SW Ambris,DM de Silva,1,0,"",""
ball,2,2.1,West Indies,CH Gayle,SW Ambris,SL Malinga,0,1,"",""
ball,2,2.2,West Indies,SW Ambris,CH Gayle,SL Malinga,0,0,caught,SW Ambris
ball,2,2.3,West Indies,SD Hope,CH Gayle,SL Malinga,0,0,"",""
ball,2,2.4,West Indies,SD Hope,CH Gayle,SL Malinga,0,1,"",""
ball,2,2.5,West Indies,SD Hope,CH Gayle,SL Malinga,4,0,"",""
ball,2,2.6,West Indies,SD Hope,CH Gayle,SL Malinga,0,0,"",""
ball,2,2.7,West Indies,SD Hope,CH Gayle,SL Malinga,0,0,"",""
ball,2,3.1,West Indies,CH Gayle,SD Hope,DM de Silva,0,0,"",""
ball,2,3.2,West Indies,CH Gayle,SD Hope,DM de Silva,0,0,"",""
ball,2,3.3,West Indies,CH Gayle,SD Hope,DM de Silva,1,0,"",""
ball,2,3.4,West Indies,SD Hope,CH Gayle,DM de Silva,1,0,"",""
ball,2,3.5,West Indies,CH Gayle,SD Hope,DM de Silva,0,0,"",""
ball,2,3.6,West Indies,CH Gayle,SD Hope,DM de Silva,1,0,"",""
ball,2,4.1,West Indies,CH Gayle,SD Hope,SL Malinga,1,0,"",""
ball,2,4.2,West Indies,SD Hope,CH Gayle,SL Malinga,0,0,"",""
ball,2,4.3,West Indies,SD Hope,CH Gayle,SL Malinga,0,0,"",""
ball,2,4.4,West Indies,SD Hope,CH Gayle,SL Malinga,0,0,"",""
ball,2,4.5,West Indies,SD Hope,CH Gayle,SL Malinga,0,0,"",""
ball,2,4.6,West Indies,SD Hope,CH Gayle,SL Malinga,0,1,"",""
ball,2,4.7,West Indies,SD Hope,CH Gayle,SL Malinga,0,0,bowled,SD Hope
ball,2,5.1,West Indies,CH Gayle,SO Hetmyer,DM de Silva,0,0,"",""
ball,2,5.2,West Indies,CH Gayle,SO Hetmyer,DM de Silva,0,0,"",""
ball,2,5.3,West Indies,CH Gayle,SO Hetmyer,DM de Silva,1,0,"",""
ball,2,5.4,West Indies,SO Hetmyer,CH Gayle,DM de Silva,1,0,"",""
ball,2,5.5,West Indies,CH Gayle,SO Hetmyer,DM de Silva,1,0,"",""
ball,2,5.6,West Indies,SO Hetmyer,CH Gayle,DM de Silva,0,0,"",""
ball,2,6.1,West Indies,CH Gayle,SO Hetmyer,SL Malinga,1,0,"",""
ball,2,6.2,West Indies,SO Hetmyer,CH Gayle,SL Malinga,2,0,"",""
ball,2,6.3,West Indies,SO Hetmyer,CH Gayle,SL Malinga,0,0,"",""
ball,2,6.4,West Indies,SO Hetmyer,CH Gayle,SL Malinga,0,0,"",""
ball,2,6.5,West Indies,SO Hetmyer,CH Gayle,SL Malinga,0,0,"",""
ball,2,6.6,West Indies,SO Hetmyer,CH Gayle,SL Malinga,2,0,"",""
ball,2,7.1,West Indies,CH Gayle,SO Hetmyer,DM de Silva,0,0,"",""
ball,2,7.2,West Indies,CH Gayle,SO Hetmyer,DM de Silva,0,0,"",""
ball,2,7.3,West Indies,CH Gayle,SO Hetmyer,DM de Silva,0,0,"",""
ball,2,7.4,West Indies,CH Gayle,SO Hetmyer,DM de Silva,0,0,"",""
ball,2,7.5,West Indies,CH Gayle,SO Hetmyer,DM de Silva,1,0,"",""
ball,2,7.6,West Indies,SO Hetmyer,CH Gayle,DM de Silva,1,0,"",""
ball,2,8.1,West Indies,SO Hetmyer,CH Gayle,SL Malinga,0,0,"",""
ball,2,8.2,West Indies,SO Hetmyer,CH Gayle,SL Malinga,0,0,"",""
ball,2,8.3,West Indies,SO Hetmyer,CH Gayle,SL Malinga,0,0,"",""
ball,2,8.4,West Indies,SO Hetmyer,CH Gayle,SL Malinga,1,0,"",""
ball,2,8.5,West Indies,CH Gayle,SO Hetmyer,SL Malinga,0,0,"",""
ball,2,8.6,West Indies,CH Gayle,SO Hetmyer,SL Malinga,0,0,"",""
ball,2,9.1,West Indies,SO Hetmyer,CH Gayle,DM de Silva,0,0,"",""
ball,2,9.2,West Indies,SO Hetmyer,CH Gayle,DM de Silva,0,0,"",""
ball,2,9.3,West Indies,SO Hetmyer,CH Gayle,DM de Silva,2,0,"",""
ball,2,9.4,West Indies,SO Hetmyer,CH Gayle,DM de Silva,0,0,"",""
ball,2,9.5,West Indies,SO Hetmyer,CH Gayle,DM de Silva,1,0,"",""
ball,2,9.6,West Indies,CH Gayle,SO Hetmyer,DM de Silva,1,0,"",""
ball,2,10.1,West Indies,CH Gayle,SO Hetmyer,I Udana,0,0,"",""
ball,2,10.2,West Indies,CH Gayle,SO Hetmyer,I Udana,0,0,"",""
ball,2,10.3,West Indies,CH Gayle,SO Hetmyer,I Udana,1,0,"",""
ball,2,10.4,West Indies,SO Hetmyer,CH Gayle,I Udana,0,0,"",""
ball,2,10.5,West Indies,SO Hetmyer,CH Gayle,I Udana,2,0,"",""
ball,2,10.6,West Indies,SO Hetmyer,CH Gayle,I Udana,4,0,"",""
ball,2,11.1,West Indies,CH Gayle,SO Hetmyer,CAK Rajitha,0,0,"",""
ball,2,11.2,West Indies,CH Gayle,SO Hetmyer,CAK Rajitha,4,0,"",""
ball,2,11.3,West Indies,CH Gayle,SO Hetmyer,CAK Rajitha,1,0,"",""
ball,2,11.4,West Indies,SO Hetmyer,CH Gayle,CAK Rajitha,1,0,"",""
ball,2,11.5,West Indies,CH Gayle,SO Hetmyer,CAK Rajitha,0,0,"",""
ball,2,11.6,West Indies,CH Gayle,SO Hetmyer,CAK Rajitha,0,0,"",""
ball,2,12.1,West Indies,SO Hetmyer,CH Gayle,I Udana,0,1,"",""
ball,2,12.2,West Indies,SO Hetmyer,CH Gayle,I Udana,0,0,"",""
ball,2,12.3,West Indies,SO Hetmyer,CH Gayle,I Udana,1,0,"",""
ball,2,12.4,West Indies,CH Gayle,SO Hetmyer,I Udana,0,0,"",""
ball,2,12.5,West Indies,CH Gayle,SO Hetmyer,I Udana,1,0,"",""
ball,2,12.6,West Indies,SO Hetmyer,CH Gayle,I Udana,1,0,"",""
ball,2,12.7,West Indies,CH Gayle,SO Hetmyer,I Udana,0,0,"",""
ball,2,13.1,West Indies,SO Hetmyer,CH Gayle,CAK Rajitha,1,0,"",""
ball,2,13.2,West Indies,CH Gayle,SO Hetmyer,CAK Rajitha,6,0,"",""
ball,2,13.3,West Indies,CH Gayle,SO Hetmyer,CAK Rajitha,0,0,"",""
ball,2,13.4,West Indies,CH Gayle,SO Hetmyer,CAK Rajitha,0,0,"",""
ball,2,13.5,West Indies,CH Gayle,SO Hetmyer,CAK Rajitha,1,0,"",""
ball,2,13.6,West Indies,SO Hetmyer,CH Gayle,CAK Rajitha,0,0,"",""
ball,2,14.1,West Indies,CH Gayle,SO Hetmyer,I Udana,0,0,"",""
ball,2,14.2,West Indies,CH Gayle,SO Hetmyer,I Udana,1,0,"",""
ball,2,14.3,West Indies,SO Hetmyer,CH Gayle,I Udana,0,0,"",""
ball,2,14.4,West Indies,SO Hetmyer,CH Gayle,I Udana,1,0,"",""
ball,2,14.5,West Indies,CH Gayle,SO Hetmyer,I Udana,0,0,"",""
ball,2,14.6,West Indies,CH Gayle,SO Hetmyer,I Udana,1,0,"",""
ball,2,15.1,West Indies,CH Gayle,SO Hetmyer,CAK Rajitha,6,0,"",""
ball,2,15.2,West Indies,CH Gayle,SO Hetmyer,CAK Rajitha,0,0,caught,CH Gayle
ball,2,15.3,West Indies,SO Hetmyer,N Pooran,CAK Rajitha,0,1,"",""
ball,2,15.4,West Indies,SO Hetmyer,N Pooran,CAK Rajitha,4,0,"",""
ball,2,15.5,West Indies,SO Hetmyer,N Pooran,CAK Rajitha,1,0,"",""
ball,2,15.6,West Indies,N Pooran,SO Hetmyer,CAK Rajitha,0,0,"",""
ball,2,15.7,West Indies,N Pooran,SO Hetmyer,CAK Rajitha,1,0,"",""
ball,2,16.1,West Indies,N Pooran,SO Hetmyer,I Udana,1,0,"",""
ball,2,16.2,West Indies,SO Hetmyer,N Pooran,I Udana,0,0,"",""
ball,2,16.3,West Indies,SO Hetmyer,N Pooran,I Udana,1,0,"",""
ball,2,16.4,West Indies,N Pooran,SO Hetmyer,I Udana,1,0,"",""
ball,2,16.5,West Indies,SO Hetmyer,N Pooran,I Udana,0,0,"",""
ball,2,16.6,West Indies,SO Hetmyer,N Pooran,I Udana,1,0,"",""
ball,2,17.1,West Indies,SO Hetmyer,N Pooran,CAK Rajitha,1,0,"",""
ball,2,17.2,West Indies,N Pooran,SO Hetmyer,CAK Rajitha,1,0,"",""
ball,2,17.3,West Indies,SO Hetmyer,N Pooran,CAK Rajitha,0,0,"",""
ball,2,17.4,West Indies,SO Hetmyer,N Pooran,CAK Rajitha,0,0,"",""
ball,2,17.5,West Indies,SO Hetmyer,N Pooran,CAK Rajitha,0,0,run out,SO Hetmyer
ball,2,17.6,West Indies,JO Holder,N Pooran,CAK Rajitha,0,0,"",""
ball,2,18.1,West Indies,N Pooran,JO Holder,JDF Vandersay,0,0,"",""
ball,2,18.2,West Indies,N Pooran,JO Holder,JDF Vandersay,0,1,"",""
ball,2,18.3,West Indies,N Pooran,JO Holder,JDF Vandersay,0,0,"",""
ball,2,18.4,West Indies,N Pooran,JO Holder,JDF Vandersay,1,0,"",""
ball,2,18.5,West Indies,JO Holder,N Pooran,JDF Vandersay,1,0,"",""
ball,2,18.6,West Indies,N Pooran,JO Holder,JDF Vandersay,1,0,"",""
ball,2,18.7,West Indies,JO Holder,N Pooran,JDF Vandersay,0,0,"",""
ball,2,19.1,West Indies,N Pooran,JO Holder,CAK Rajitha,0,0,"",""
ball,2,19.2,West Indies,N Pooran,JO Holder,CAK Rajitha,0,0,"",""
ball,2,19.3,West Indies,N Pooran,JO Holder,CAK Rajitha,1,0,"",""
ball,2,19.4,West Indies,JO Holder,N Pooran,CAK Rajitha,0,1,"",""
ball,2,19.5,West Indies,JO Holder,N Pooran,CAK Rajitha,0,0,"",""
ball,2,19.6,West Indies,JO Holder,N Pooran,CAK Rajitha,4,0,"",""
ball,2,19.7,West Indies,JO Holder,N Pooran,CAK Rajitha,0,0,"",""
ball,2,20.1,West Indies,N Pooran,JO Holder,JDF Vandersay,1,0,"",""
ball,2,20.2,West Indies,JO Holder,N Pooran,JDF Vandersay,0,5,"",""
ball,2,20.3,West Indies,JO Holder,N Pooran,JDF Vandersay,0,0,"",""
ball,2,20.4,West Indies,JO Holder,N Pooran,JDF Vandersay,4,0,"",""
ball,2,20.5,West Indies,JO Holder,N Pooran,JDF Vandersay,1,0,"",""
ball,2,20.6,West Indies,N Pooran,JO Holder,JDF Vandersay,0,0,"",""
ball,2,20.7,West Indies,N Pooran,JO Holder,JDF Vandersay,0,0,"",""
ball,2,21.1,West Indies,JO Holder,N Pooran,DM de Silva,4,0,"",""
ball,2,21.2,West Indies,JO Holder,N Pooran,DM de Silva,0,0,"",""
ball,2,21.3,West Indies,JO Holder,N Pooran,DM de Silva,1,0,"",""
ball,2,21.4,West Indies,N Pooran,JO Holder,DM de Silva,0,0,"",""
ball,2,21.5,West Indies,N Pooran,JO Holder,DM de Silva,1,0,"",""
ball,2,21.6,West Indies,JO Holder,N Pooran,DM de Silva,0,0,"",""
ball,2,22.1,West Indies,N Pooran,JO Holder,JDF Vandersay,1,0,"",""
ball,2,22.2,West Indies,JO Holder,N Pooran,JDF Vandersay,0,0,"",""
ball,2,22.3,West Indies,JO Holder,N Pooran,JDF Vandersay,0,0,"",""
ball,2,22.4,West Indies,JO Holder,N Pooran,JDF Vandersay,4,0,"",""
ball,2,22.5,West Indies,JO Holder,N Pooran,JDF Vandersay,0,0,"",""
ball,2,22.6,West Indies,JO Holder,N Pooran,JDF Vandersay,0,0,"",""
ball,2,23.1,West Indies,N Pooran,JO Holder,DM de Silva,0,0,"",""
ball,2,23.2,West Indies,N Pooran,JO Holder,DM de Silva,0,0,"",""
ball,2,23.3,West Indies,N Pooran,JO Holder,DM de Silva,2,0,"",""
ball,2,23.4,West Indies,N Pooran,JO Holder,DM de Silva,0,0,"",""
ball,2,23.5,West Indies,N Pooran,JO Holder,DM de Silva,0,0,"",""
ball,2,23.6,West Indies,N Pooran,JO Holder,DM de Silva,1,0,"",""
ball,2,24.1,West Indies,N Pooran,JO Holder,JDF Vandersay,1,0,"",""
ball,2,24.2,West Indies,JO Holder,N Pooran,JDF Vandersay,1,0,"",""
ball,2,24.3,West Indies,N Pooran,JO Holder,JDF Vandersay,1,0,"",""
ball,2,24.4,West Indies,JO Holder,N Pooran,JDF Vandersay,1,0,"",""
ball,2,24.5,West Indies,N Pooran,JO Holder,JDF Vandersay,1,0,"",""
ball,2,24.6,West Indies,JO Holder,N Pooran,JDF Vandersay,2,0,"",""
ball,2,25.1,West Indies,N Pooran,JO Holder,DM de Silva,4,0,"",""
ball,2,25.2,West Indies,N Pooran,JO Holder,DM de Silva,0,0,"",""
ball,2,25.3,West Indies,N Pooran,JO Holder,DM de Silva,0,0,"",""
ball,2,25.4,West Indies,N Pooran,JO Holder,DM de Silva,1,0,"",""
ball,2,25.5,West Indies,JO Holder,N Pooran,DM de Silva,1,0,"",""
ball,2,25.6,West Indies,N Pooran,JO Holder,DM de Silva,0,0,"",""
ball,2,26.1,West Indies,JO Holder,N Pooran,JDF Vandersay,0,0,"",""
ball,2,26.2,West Indies,JO Holder,N Pooran,JDF Vandersay,1,0,"",""
ball,2,26.3,West Indies,N Pooran,JO Holder,JDF Vandersay,0,0,"",""
ball,2,26.4,West Indies,N Pooran,JO Holder,JDF Vandersay,4,0,"",""
ball,2,26.5,West Indies,N Pooran,JO Holder,JDF Vandersay,0,0,"",""
ball,2,26.6,West Indies,N Pooran,JO Holder,JDF Vandersay,0,0,"",""
ball,2,27.1,West Indies,JO Holder,N Pooran,DM de Silva,1,0,"",""
ball,2,27.2,West Indies,N Pooran,JO Holder,DM de Silva,0,0,"",""
ball,2,27.3,West Indies,N Pooran,JO Holder,DM de Silva,4,0,"",""
ball,2,27.4,West Indies,N Pooran,JO Holder,DM de Silva,0,0,"",""
ball,2,27.5,West Indies,N Pooran,JO Holder,DM de Silva,0,0,"",""
ball,2,27.6,West Indies,N Pooran,JO Holder,DM de Silva,1,0,"",""
ball,2,28.1,West Indies,N Pooran,JO Holder,JDF Vandersay,0,1,"",""
ball,2,28.2,West Indies,N Pooran,JO Holder,JDF Vandersay,1,0,"",""
ball,2,28.3,West Indies,JO Holder,N Pooran,JDF Vandersay,0,0,caught,JO Holder
ball,2,28.4,West Indies,CR Brathwaite,N Pooran,JDF Vandersay,1,0,"",""
ball,2,28.5,West Indies,N Pooran,CR Brathwaite,JDF Vandersay,0,0,"",""
ball,2,28.6,West Indies,N Pooran,CR Brathwaite,JDF Vandersay,4,0,"",""
ball,2,28.7,West Indies,N Pooran,CR Brathwaite,JDF Vandersay,2,0,"",""
ball,2,29.1,West Indies,CR Brathwaite,N Pooran,CAK Rajitha,0,1,"",""
ball,2,29.2,West Indies,N Pooran,CR Brathwaite,CAK Rajitha,0,0,"",""
ball,2,29.3,West Indies,N Pooran,CR Brathwaite,CAK Rajitha,1,0,"",""
ball,2,29.4,West Indies,CR Brathwaite,N Pooran,CAK Rajitha,0,0,"",""
ball,2,29.5,West Indies,CR Brathwaite,N Pooran,CAK Rajitha,0,1,"",""
ball,2,29.6,West Indies,CR Brathwaite,N Pooran,CAK Rajitha,0,0,"",""
ball,2,29.7,West Indies,CR Brathwaite,N Pooran,CAK Rajitha,4,0,"",""
ball,2,30.1,West Indies,N Pooran,CR Brathwaite,JDF Vandersay,0,0,"",""
ball,2,30.2,West Indies,N Pooran,CR Brathwaite,JDF Vandersay,2,0,"",""
ball,2,30.3,West Indies,N Pooran,CR Brathwaite,JDF Vandersay,0,0,"",""
ball,2,30.4,West Indies,N Pooran,CR Brathwaite,JDF Vandersay,4,0,"",""
ball,2,30.5,West Indies,N Pooran,CR Brathwaite,JDF Vandersay,1,0,"",""
ball,2,30.6,West Indies,CR Brathwaite,N Pooran,JDF Vandersay,0,2,"",""
ball,2,30.7,West Indies,N Pooran,CR Brathwaite,JDF Vandersay,0,0,"",""
ball,2,31.1,West Indies,CR Brathwaite,N Pooran,CAK Rajitha,0,0,"",""
ball,2,31.2,West Indies,CR Brathwaite,N Pooran,CAK Rajitha,1,0,"",""
ball,2,31.3,West Indies,N Pooran,CR Brathwaite,CAK Rajitha,0,0,"",""
ball,2,31.4,West Indies,N Pooran,CR Brathwaite,CAK Rajitha,0,2,"",""
ball,2,31.5,West Indies,N Pooran,CR Brathwaite,CAK Rajitha,1,0,"",""
ball,2,31.6,West Indies,CR Brathwaite,N Pooran,CAK Rajitha,0,0,"",""
ball,2,32.1,West Indies,N Pooran,CR Brathwaite,FDM Karunaratne,6,0,"",""
ball,2,32.2,West Indies,N Pooran,CR Brathwaite,FDM Karunaratne,1,0,"",""
ball,2,32.3,West Indies,CR Brathwaite,N Pooran,FDM Karunaratne,0,0,"",""
ball,2,32.4,West Indies,CR Brathwaite,N Pooran,FDM Karunaratne,0,0,"",""
ball,2,32.5,West Indies,CR Brathwaite,N Pooran,FDM Karunaratne,0,0,"",""
ball,2,32.6,West Indies,CR Brathwaite,N Pooran,FDM Karunaratne,0,0,"",""
ball,2,33.1,West Indies,N Pooran,CR Brathwaite,CAK Rajitha,0,1,"",""
ball,2,33.2,West Indies,N Pooran,CR Brathwaite,CAK Rajitha,4,0,"",""
ball,2,33.3,West Indies,N Pooran,CR Brathwaite,CAK Rajitha,1,0,"",""
ball,2,33.4,West Indies,CR Brathwaite,N Pooran,CAK Rajitha,1,0,"",""
ball,2,33.5,West Indies,N Pooran,CR Brathwaite,CAK Rajitha,6,0,"",""
ball,2,33.6,West Indies,N Pooran,CR Brathwaite,CAK Rajitha,0,0,"",""
ball,2,33.7,West Indies,N Pooran,CR Brathwaite,CAK Rajitha,2,0,"",""
ball,2,34.1,West Indies,CR Brathwaite,N Pooran,I Udana,1,0,"",""
ball,2,34.2,West Indies,N Pooran,CR Brathwaite,I Udana,4,0,"",""
ball,2,34.3,West Indies,N Pooran,CR Brathwaite,I Udana,0,0,run out,CR Brathwaite
ball,2,34.4,West Indies,N Pooran,FA Allen,I Udana,0,0,"",""
ball,2,34.5,West Indies,N Pooran,FA Allen,I Udana,1,0,"",""
ball,2,34.6,West Indies,FA Allen,N Pooran,I Udana,0,0,"",""
ball,2,35.1,West Indies,N Pooran,FA Allen,SL Malinga,3,0,"",""
ball,2,35.2,West Indies,FA Allen,N Pooran,SL Malinga,2,0,"",""
ball,2,35.3,West Indies,FA Allen,N Pooran,SL Malinga,1,0,"",""
ball,2,35.4,West Indies,N Pooran,FA Allen,SL Malinga,1,0,"",""
ball,2,35.5,West Indies,FA Allen,N Pooran,SL Malinga,0,0,"",""
ball,2,35.6,West Indies,FA Allen,N Pooran,SL Malinga,0,0,"",""
ball,2,36.1,West Indies,N Pooran,FA Allen,I Udana,0,0,"",""
ball,2,36.2,West Indies,N Pooran,FA Allen,I Udana,1,0,"",""
ball,2,36.3,West Indies,FA Allen,N Pooran,I Udana,0,0,"",""
ball,2,36.4,West Indies,FA Allen,N Pooran,I Udana,0,0,"",""
ball,2,36.5,West Indies,FA Allen,N Pooran,I Udana,1,0,"",""
ball,2,36.6,West Indies,N Pooran,FA Allen,I Udana,4,0,"",""
ball,2,37.1,West Indies,FA Allen,N Pooran,SL Malinga,0,1,"",""
ball,2,37.2,West Indies,FA Allen,N Pooran,SL Malinga,4,0,"",""
ball,2,37.3,West Indies,FA Allen,N Pooran,SL Malinga,1,0,"",""
ball,2,37.4,West Indies,N Pooran,FA Allen,SL Malinga,0,0,"",""
ball,2,37.5,West Indies,N Pooran,FA Allen,SL Malinga,0,1,"",""
ball,2,37.6,West Indies,FA Allen,N Pooran,SL Malinga,4,0,"",""
ball,2,37.7,West Indies,FA Allen,N Pooran,SL Malinga,1,0,"",""
ball,2,38.1,West Indies,FA Allen,N Pooran,I Udana,1,0,"",""
ball,2,38.2,West Indies,N Pooran,FA Allen,I Udana,0,0,"",""
ball,2,38.3,West Indies,N Pooran,FA Allen,I Udana,1,0,"",""
ball,2,38.4,West Indies,FA Allen,N Pooran,I Udana,4,0,"",""
ball,2,38.5,West Indies,FA Allen,N Pooran,I Udana,0,0,"",""
ball,2,38.6,West Indies,FA Allen,N Pooran,I Udana,3,0,"",""
ball,2,39.1,West Indies,FA Allen,N Pooran,SL Malinga,4,0,"",""
ball,2,39.2,West Indies,FA Allen,N Pooran,SL Malinga,2,0,"",""
ball,2,39.3,West Indies,FA Allen,N Pooran,SL Malinga,1,0,"",""
ball,2,39.4,West Indies,N Pooran,FA Allen,SL Malinga,1,0,"",""
ball,2,39.5,West Indies,FA Allen,N Pooran,SL Malinga,1,0,"",""
ball,2,39.6,West Indies,N Pooran,FA Allen,SL Malinga,1,0,"",""
ball,2,40.1,West Indies,N Pooran,FA Allen,DM de Silva,6,0,"",""
ball,2,40.2,West Indies,N Pooran,FA Allen,DM de Silva,0,0,"",""
ball,2,40.3,West Indies,N Pooran,FA Allen,DM de Silva,0,0,"",""
ball,2,40.4,West Indies,N Pooran,FA Allen,DM de Silva,0,0,"",""
ball,2,40.5,West Indies,N Pooran,FA Allen,DM de Silva,4,0,"",""
ball,2,40.6,West Indies,N Pooran,FA Allen,DM de Silva,1,0,"",""
ball,2,41.1,West Indies,N Pooran,FA Allen,CAK Rajitha,1,0,"",""
ball,2,41.2,West Indies,FA Allen,N Pooran,CAK Rajitha,1,0,"",""
ball,2,41.3,West Indies,N Pooran,FA Allen,CAK Rajitha,0,0,"",""
ball,2,41.4,West Indies,N Pooran,FA Allen,CAK Rajitha,1,0,"",""
ball,2,41.5,West Indies,FA Allen,N Pooran,CAK Rajitha,4,0,"",""
ball,2,41.6,West Indies,FA Allen,N Pooran,CAK Rajitha,0,0,"",""
ball,2,42.1,West Indies,N Pooran,FA Allen,I Udana,1,0,"",""
ball,2,42.2,West Indies,FA Allen,N Pooran,I Udana,4,0,"",""
ball,2,42.3,West Indies,FA Allen,N Pooran,I Udana,0,0,"",""
ball,2,42.4,West Indies,FA Allen,N Pooran,I Udana,4,0,"",""
ball,2,42.5,West Indies,FA Allen,N Pooran,I Udana,0,0,"",""
ball,2,42.6,West Indies,FA Allen,N Pooran,I Udana,0,0,"",""
ball,2,43.1,West Indies,N Pooran,FA Allen,CAK Rajitha,0,0,"",""
ball,2,43.2,West Indies,N Pooran,FA Allen,CAK Rajitha,0,1,"",""
ball,2,43.3,West Indies,N Pooran,FA Allen,CAK Rajitha,1,0,"",""
ball,2,43.4,West Indies,FA Allen,N Pooran,CAK Rajitha,6,0,"",""
ball,2,43.5,West Indies,FA Allen,N Pooran,CAK Rajitha,1,0,"",""
ball,2,43.6,West Indies,N Pooran,FA Allen,CAK Rajitha,1,0,"",""
ball,2,43.7,West Indies,FA Allen,N Pooran,CAK Rajitha,1,0,"",""
ball,2,44.1,West Indies,FA Allen,N Pooran,I Udana,0,0,run out,FA Allen
ball,2,44.2,West Indies,N Pooran,SS Cottrell,I Udana,2,0,"",""
ball,2,44.3,West Indies,N Pooran,SS Cottrell,I Udana,0,0,"",""
ball,2,44.4,West Indies,N Pooran,SS Cottrell,I Udana,0,1,"",""
ball,2,44.5,West Indies,N Pooran,SS Cottrell,I Udana,6,0,"",""
ball,2,44.6,West Indies,N Pooran,SS Cottrell,I Udana,1,0,"",""
ball,2,44.7,West Indies,SS Cottrell,N Pooran,I Udana,0,0,"",""
ball,2,45.1,West Indies,N Pooran,SS Cottrell,SL Malinga,4,0,"",""
ball,2,45.2,West Indies,N Pooran,SS Cottrell,SL Malinga,0,0,"",""
ball,2,45.3,West Indies,N Pooran,SS Cottrell,SL Malinga,0,0,"",""
ball,2,45.4,West Indies,N Pooran,SS Cottrell,SL Malinga,1,0,"",""
ball,2,45.5,West Indies,SS Cottrell,N Pooran,SL Malinga,1,0,"",""
ball,2,45.6,West Indies,N Pooran,SS Cottrell,SL Malinga,0,1,"",""
ball,2,45.7,West Indies,N Pooran,SS Cottrell,SL Malinga,0,0,"",""
ball,2,46.1,West Indies,SS Cottrell,N Pooran,I Udana,1,0,"",""
ball,2,46.2,West Indies,N Pooran,SS Cottrell,I Udana,4,0,"",""
ball,2,46.3,West Indies,N Pooran,SS Cottrell,I Udana,1,0,"",""
ball,2,46.4,West Indies,SS Cottrell,N Pooran,I Udana,0,0,"",""
ball,2,46.5,West Indies,SS Cottrell,N Pooran,I Udana,2,0,"",""
ball,2,46.6,West Indies,SS Cottrell,N Pooran,I Udana,0,1,"",""
ball,2,46.7,West Indies,SS Cottrell,N Pooran,I Udana,0,0,"",""
ball,2,47.1,West Indies,N Pooran,SS Cottrell,AD Mathews,0,0,caught,N Pooran
ball,2,47.2,West Indies,O Thomas,SS Cottrell,AD Mathews,0,0,"",""
ball,2,47.3,West Indies,O Thomas,SS Cottrell,AD Mathews,0,0,"",""
ball,2,47.4,West Indies,O Thomas,SS Cottrell,AD Mathews,1,0,"",""
ball,2,47.5,West Indies,SS Cottrell,O Thomas,AD Mathews,2,0,"",""
ball,2,47.6,West Indies,SS Cottrell,O Thomas,AD Mathews,0,0,"",""
ball,2,48.1,West Indies,O Thomas,SS Cottrell,SL Malinga,0,0,"",""
ball,2,48.2,West Indies,O Thomas,SS Cottrell,SL Malinga,0,0,"",""
ball,2,48.3,West Indies,O Thomas,SS Cottrell,SL Malinga,0,0,lbw,O Thomas
ball,2,48.4,West Indies,ST Gabriel,SS Cottrell,SL Malinga,0,0,"",""
ball,2,48.5,West Indies,ST Gabriel,SS Cottrell,SL Malinga,0,0,"",""
ball,2,48.6,West Indies,ST Gabriel,SS Cottrell,SL Malinga,1,0,"",""
ball,2,49.1,West Indies,ST Gabriel,SS Cottrell,AD Mathews,0,0,"",""
ball,2,49.2,West Indies,ST Gabriel,SS Cottrell,AD Mathews,0,0,"",""
ball,2,49.3,West Indies,ST Gabriel,SS Cottrell,AD Mathews,1,0,"",""
ball,2,49.4,West Indies,SS Cottrell,ST Gabriel,AD Mathews,1,0,"",""
ball,2,49.5,West Indies,ST Gabriel,SS Cottrell,AD Mathews,1,0,"",""
ball,2,49.6,West Indies,SS Cottrell,ST Gabriel,AD Mathews,0,0,"",""
