version,1.3.0
info,team,South Africa
info,team,Pakistan
info,gender,male
info,season,2018/19
info,date,2019/01/25
info,series,Pakistan tour of South Africa 2018/19
info,match_number,3
info,venue,SuperSport Park
info,city,Centurion
info,toss_winner,Pakistan
info,toss_decision,bat
info,player_of_match,RR Hendricks
info,umpire,AT Holdstock
info,umpire,GO Brathwaite
info,reserve_umpire,BP Jele
info,tv_umpire,PR Reiffel
info,match_referee,RS Madugalle
info,winner,South Africa
info,winner_runs,13
info,method,D/L
ball,1,0.1,Pakistan,Imam-ul-Haq,Fakhar Zaman,DW Steyn,0,0,"",""
ball,1,0.2,Pakistan,Imam-ul-Haq,Fakhar Zaman,DW Steyn,0,0,"",""
ball,1,0.3,Pakistan,Imam-ul-Haq,Fakhar Zaman,DW Steyn,0,0,"",""
ball,1,0.4,Pakistan,Imam-ul-Haq,Fakhar Zaman,DW Steyn,0,0,"",""
ball,1,0.5,Pakistan,Imam-ul-Haq,Fakhar Zaman,DW Steyn,2,0,"",""
ball,1,0.6,Pakistan,Imam-ul-Haq,Fakhar Zaman,DW Steyn,0,0,"",""
ball,1,1.1,Pakistan,Fakhar Zaman,Imam-ul-Haq,BE Hendricks,0,0,"",""
ball,1,1.2,Pakistan,Fakhar Zaman,Imam-ul-Haq,BE Hendricks,0,0,"",""
ball,1,1.3,Pakistan,Fakhar Zaman,Imam-ul-Haq,BE Hendricks,0,0,"",""
ball,1,1.4,Pakistan,Fakhar Zaman,Imam-ul-Haq,BE Hendricks,0,0,"",""
ball,1,1.5,Pakistan,Fakhar Zaman,Imam-ul-Haq,BE Hendricks,1,0,"",""
ball,1,1.6,Pakistan,Imam-ul-Haq,Fakhar Zaman,BE Hendricks,0,0,"",""
ball,1,2.1,Pakistan,Fakhar Zaman,Imam-ul-Haq,DW Steyn,0,0,"",""
ball,1,2.2,Pakistan,Fakhar Zaman,Imam-ul-Haq,DW Steyn,0,0,"",""
ball,1,2.3,Pakistan,Fakhar Zaman,Imam-ul-Haq,DW Steyn,0,0,"",""
ball,1,2.4,Pakistan,Fakhar Zaman,Imam-ul-Haq,DW Steyn,1,0,"",""
ball,1,2.5,Pakistan,Imam-ul-Haq,Fakhar Zaman,DW Steyn,0,0,"",""
ball,1,2.6,Pakistan,Imam-ul-Haq,Fakhar Zaman,DW Steyn,0,0,"",""
ball,1,3.1,Pakistan,Fakhar Zaman,Imam-ul-Haq,BE Hendricks,0,0,caught,Fakhar Zaman
ball,1,3.2,Pakistan,Babar Azam,Imam-ul-Haq,BE Hendricks,4,0,"",""
ball,1,3.3,Pakistan,Babar Azam,Imam-ul-Haq,BE Hendricks,0,0,"",""
ball,1,3.4,Pakistan,Babar Azam,Imam-ul-Haq,BE Hendricks,1,0,"",""
ball,1,3.5,Pakistan,Imam-ul-Haq,Babar Azam,BE Hendricks,0,0,"",""
ball,1,3.6,Pakistan,Imam-ul-Haq,Babar Azam,BE Hendricks,0,0,"",""
ball,1,4.1,Pakistan,Babar Azam,Imam-ul-Haq,DW Steyn,0,0,"",""
ball,1,4.2,Pakistan,Babar Azam,Imam-ul-Haq,DW Steyn,0,0,"",""
ball,1,4.3,Pakistan,Babar Azam,Imam-ul-Haq,DW Steyn,0,0,"",""
ball,1,4.4,Pakistan,Babar Azam,Imam-ul-Haq,DW Steyn,0,0,"",""
ball,1,4.5,Pakistan,Babar Azam,Imam-ul-Haq,DW Steyn,4,0,"",""
ball,1,4.6,Pakistan,Babar Azam,Imam-ul-Haq,DW Steyn,0,0,"",""
ball,1,5.1,Pakistan,Imam-ul-Haq,Babar Azam,BE Hendricks,0,0,"",""
ball,1,5.2,Pakistan,Imam-ul-Haq,Babar Azam,BE Hendricks,4,0,"",""
ball,1,5.3,Pakistan,Imam-ul-Haq,Babar Azam,BE Hendricks,2,0,"",""
ball,1,5.4,Pakistan,Imam-ul-Haq,Babar Azam,BE Hendricks,0,0,"",""
ball,1,5.5,Pakistan,Imam-ul-Haq,Babar Azam,BE Hendricks,1,0,"",""
ball,1,5.6,Pakistan,Babar Azam,Imam-ul-Haq,BE Hendricks,0,0,"",""
ball,1,6.1,Pakistan,Imam-ul-Haq,Babar Azam,DW Steyn,0,0,"",""
ball,1,6.2,Pakistan,Imam-ul-Haq,Babar Azam,DW Steyn,0,0,"",""
ball,1,6.3,Pakistan,Imam-ul-Haq,Babar Azam,DW Steyn,0,0,"",""
ball,1,6.4,Pakistan,Imam-ul-Haq,Babar Azam,DW Steyn,0,1,"",""
ball,1,6.5,Pakistan,Imam-ul-Haq,Babar Azam,DW Steyn,0,0,"",""
ball,1,6.6,Pakistan,Imam-ul-Haq,Babar Azam,DW Steyn,0,0,"",""
ball,1,6.7,Pakistan,Imam-ul-Haq,Babar Azam,DW Steyn,0,0,"",""
ball,1,7.1,Pakistan,Babar Azam,Imam-ul-Haq,BE Hendricks,0,0,"",""
ball,1,7.2,Pakistan,Babar Azam,Imam-ul-Haq,BE Hendricks,0,0,"",""
ball,1,7.3,Pakistan,Babar Azam,Imam-ul-Haq,BE Hendricks,2,0,"",""
ball,1,7.4,Pakistan,Babar Azam,Imam-ul-Haq,BE Hendricks,2,0,"",""
ball,1,7.5,Pakistan,Babar Azam,Imam-ul-Haq,BE Hendricks,0,0,"",""
ball,1,7.6,Pakistan,Babar Azam,Imam-ul-Haq,BE Hendricks,0,0,"",""
ball,1,8.1,Pakistan,Imam-ul-Haq,Babar Azam,K Rabada,1,0,"",""
ball,1,8.2,Pakistan,Babar Azam,Imam-ul-Haq,K Rabada,0,0,"",""
ball,1,8.3,Pakistan,Babar Azam,Imam-ul-Haq,K Rabada,0,0,"",""
ball,1,8.4,Pakistan,Babar Azam,Imam-ul-Haq,K Rabada,0,0,"",""
ball,1,8.5,Pakistan,Babar Azam,Imam-ul-Haq,K Rabada,2,0,"",""
ball,1,8.6,Pakistan,Babar Azam,Imam-ul-Haq,K Rabada,1,0,"",""
ball,1,9.1,Pakistan,Babar Azam,Imam-ul-Haq,BE Hendricks,0,0,"",""
ball,1,9.2,Pakistan,Babar Azam,Imam-ul-Haq,BE Hendricks,4,0,"",""
ball,1,9.3,Pakistan,Babar Azam,Imam-ul-Haq,BE Hendricks,0,0,"",""
ball,1,9.4,Pakistan,Babar Azam,Imam-ul-Haq,BE Hendricks,1,0,"",""
ball,1,9.5,Pakistan,Imam-ul-Haq,Babar Azam,BE Hendricks,4,0,"",""
ball,1,9.6,Pakistan,Imam-ul-Haq,Babar Azam,BE Hendricks,0,0,"",""
ball,1,10.1,Pakistan,Babar Azam,Imam-ul-Haq,K Rabada,4,0,"",""
ball,1,10.2,Pakistan,Babar Azam,Imam-ul-Haq,K Rabada,1,0,"",""
ball,1,10.3,Pakistan,Imam-ul-Haq,Babar Azam,K Rabada,0,0,"",""
ball,1,10.4,Pakistan,Imam-ul-Haq,Babar Azam,K Rabada,1,0,"",""
ball,1,10.5,Pakistan,Babar Azam,Imam-ul-Haq,K Rabada,1,0,"",""
ball,1,10.6,Pakistan,Imam-ul-Haq,Babar Azam,K Rabada,0,0,"",""
ball,1,11.1,Pakistan,Babar Azam,Imam-ul-Haq,AL Phehlukwayo,1,0,"",""
ball,1,11.2,Pakistan,Imam-ul-Haq,Babar Azam,AL Phehlukwayo,1,0,"",""
ball,1,11.3,Pakistan,Babar Azam,Imam-ul-Haq,AL Phehlukwayo,0,0,"",""
ball,1,11.4,Pakistan,Babar Azam,Imam-ul-Haq,AL Phehlukwayo,1,0,"",""
ball,1,11.5,Pakistan,Imam-ul-Haq,Babar Azam,AL Phehlukwayo,0,0,"",""
ball,1,11.6,Pakistan,Imam-ul-Haq,Babar Azam,AL Phehlukwayo,0,1,"",""
ball,1,11.7,Pakistan,Imam-ul-Haq,Babar Azam,AL Phehlukwayo,0,1,"",""
ball,1,11.8,Pakistan,Imam-ul-Haq,Babar Azam,AL Phehlukwayo,0,0,"",""
ball,1,12.1,Pakistan,Babar Azam,Imam-ul-Haq,T Shamsi,1,0,"",""
ball,1,12.2,Pakistan,Imam-ul-Haq,Babar Azam,T Shamsi,0,0,"",""
ball,1,12.3,Pakistan,Imam-ul-Haq,Babar Azam,T Shamsi,0,0,"",""
ball,1,12.4,Pakistan,Imam-ul-Haq,Babar Azam,T Shamsi,1,0,"",""
ball,1,12.5,Pakistan,Babar Azam,Imam-ul-Haq,T Shamsi,1,0,"",""
ball,1,12.6,Pakistan,Imam-ul-Haq,Babar Azam,T Shamsi,1,0,"",""
ball,1,13.1,Pakistan,Imam-ul-Haq,Babar Azam,K Rabada,1,0,"",""
ball,1,13.2,Pakistan,Babar Azam,Imam-ul-Haq,K Rabada,1,0,"",""
ball,1,13.3,Pakistan,Imam-ul-Haq,Babar Azam,K Rabada,1,0,"",""
ball,1,13.4,Pakistan,Babar Azam,Imam-ul-Haq,K Rabada,0,0,"",""
ball,1,13.5,Pakistan,Babar Azam,Imam-ul-Haq,K Rabada,0,0,"",""
ball,1,13.6,Pakistan,Babar Azam,Imam-ul-Haq,K Rabada,1,0,"",""
ball,1,14.1,Pakistan,Babar Azam,Imam-ul-Haq,AL Phehlukwayo,1,0,"",""
ball,1,14.2,Pakistan,Imam-ul-Haq,Babar Azam,AL Phehlukwayo,1,0,"",""
ball,1,14.3,Pakistan,Babar Azam,Imam-ul-Haq,AL Phehlukwayo,1,0,"",""
ball,1,14.4,Pakistan,Imam-ul-Haq,Babar Azam,AL Phehlukwayo,1,0,"",""
ball,1,14.5,Pakistan,Babar Azam,Imam-ul-Haq,AL Phehlukwayo,0,0,"",""
ball,1,14.6,Pakistan,Babar Azam,Imam-ul-Haq,AL Phehlukwayo,1,0,"",""
ball,1,15.1,Pakistan,Babar Azam,Imam-ul-Haq,K Rabada,0,0,"",""
ball,1,15.2,Pakistan,Babar Azam,Imam-ul-Haq,K Rabada,0,0,"",""
ball,1,15.3,Pakistan,Babar Azam,Imam-ul-Haq,K Rabada,4,0,"",""
ball,1,15.4,Pakistan,Babar Azam,Imam-ul-Haq,K Rabada,1,0,"",""
ball,1,15.5,Pakistan,Imam-ul-Haq,Babar Azam,K Rabada,0,0,"",""
ball,1,15.6,Pakistan,Imam-ul-Haq,Babar Azam,K Rabada,0,0,"",""
ball,1,16.1,Pakistan,Babar Azam,Imam-ul-Haq,AL Phehlukwayo,0,0,"",""
ball,1,16.2,Pakistan,Babar Azam,Imam-ul-Haq,AL Phehlukwayo,0,1,"",""
ball,1,16.3,Pakistan,Babar Azam,Imam-ul-Haq,AL Phehlukwayo,1,0,"",""
ball,1,16.4,Pakistan,Imam-ul-Haq,Babar Azam,AL Phehlukwayo,0,0,"",""
ball,1,16.5,Pakistan,Imam-ul-Haq,Babar Azam,AL Phehlukwayo,1,0,"",""
ball,1,16.6,Pakistan,Babar Azam,Imam-ul-Haq,AL Phehlukwayo,1,0,"",""
ball,1,16.7,Pakistan,Imam-ul-Haq,Babar Azam,AL Phehlukwayo,1,0,"",""
ball,1,17.1,Pakistan,Imam-ul-Haq,Babar Azam,K Rabada,0,0,"",""
ball,1,17.2,Pakistan,Imam-ul-Haq,Babar Azam,K Rabada,0,0,"",""
ball,1,17.3,Pakistan,Imam-ul-Haq,Babar Azam,K Rabada,0,0,"",""
ball,1,17.4,Pakistan,Imam-ul-Haq,Babar Azam,K Rabada,1,0,"",""
ball,1,17.5,Pakistan,Babar Azam,Imam-ul-Haq,K Rabada,1,0,"",""
ball,1,17.6,Pakistan,Imam-ul-Haq,Babar Azam,K Rabada,0,0,"",""
ball,1,18.1,Pakistan,Babar Azam,Imam-ul-Haq,AL Phehlukwayo,1,0,"",""
ball,1,18.2,Pakistan,Imam-ul-Haq,Babar Azam,AL Phehlukwayo,1,0,"",""
ball,1,18.3,Pakistan,Babar Azam,Imam-ul-Haq,AL Phehlukwayo,1,0,"",""
ball,1,18.4,Pakistan,Imam-ul-Haq,Babar Azam,AL Phehlukwayo,4,0,"",""
ball,1,18.5,Pakistan,Imam-ul-Haq,Babar Azam,AL Phehlukwayo,2,0,"",""
ball,1,18.6,Pakistan,Imam-ul-Haq,Babar Azam,AL Phehlukwayo,1,0,"",""
ball,1,19.1,Pakistan,Imam-ul-Haq,Babar Azam,T Shamsi,1,0,"",""
ball,1,19.2,Pakistan,Babar Azam,Imam-ul-Haq,T Shamsi,0,0,"",""
ball,1,19.3,Pakistan,Babar Azam,Imam-ul-Haq,T Shamsi,0,0,"",""
ball,1,19.4,Pakistan,Babar Azam,Imam-ul-Haq,T Shamsi,0,0,"",""
ball,1,19.5,Pakistan,Babar Azam,Imam-ul-Haq,T Shamsi,0,0,"",""
ball,1,19.6,Pakistan,Babar Azam,Imam-ul-Haq,T Shamsi,4,0,"",""
ball,1,20.1,Pakistan,Imam-ul-Haq,Babar Azam,AL Phehlukwayo,0,0,"",""
ball,1,20.2,Pakistan,Imam-ul-Haq,Babar Azam,AL Phehlukwayo,1,0,"",""
ball,1,20.3,Pakistan,Babar Azam,Imam-ul-Haq,AL Phehlukwayo,0,1,"",""
ball,1,20.4,Pakistan,Babar Azam,Imam-ul-Haq,AL Phehlukwayo,1,0,"",""
ball,1,20.5,Pakistan,Imam-ul-Haq,Babar Azam,AL Phehlukwayo,1,0,"",""
ball,1,20.6,Pakistan,Babar Azam,Imam-ul-Haq,AL Phehlukwayo,2,0,"",""
ball,1,20.7,Pakistan,Babar Azam,Imam-ul-Haq,AL Phehlukwayo,0,0,"",""
ball,1,21.1,Pakistan,Imam-ul-Haq,Babar Azam,T Shamsi,1,0,"",""
ball,1,21.2,Pakistan,Babar Azam,Imam-ul-Haq,T Shamsi,0,0,"",""
ball,1,21.3,Pakistan,Babar Azam,Imam-ul-Haq,T Shamsi,1,0,"",""
ball,1,21.4,Pakistan,Imam-ul-Haq,Babar Azam,T Shamsi,2,0,"",""
ball,1,21.5,Pakistan,Imam-ul-Haq,Babar Azam,T Shamsi,1,0,"",""
ball,1,21.6,Pakistan,Babar Azam,Imam-ul-Haq,T Shamsi,0,0,"",""
ball,1,22.1,Pakistan,Imam-ul-Haq,Babar Azam,DW Steyn,0,0,"",""
ball,1,22.2,Pakistan,Imam-ul-Haq,Babar Azam,DW Steyn,1,0,"",""
ball,1,22.3,Pakistan,Babar Azam,Imam-ul-Haq,DW Steyn,0,0,"",""
ball,1,22.4,Pakistan,Babar Azam,Imam-ul-Haq,DW Steyn,0,0,"",""
ball,1,22.5,Pakistan,Babar Azam,Imam-ul-Haq,DW Steyn,1,0,"",""
ball,1,22.6,Pakistan,Imam-ul-Haq,Babar Azam,DW Steyn,1,0,"",""
ball,1,23.1,Pakistan,Imam-ul-Haq,Babar Azam,T Shamsi,0,1,"",""
ball,1,23.2,Pakistan,Imam-ul-Haq,Babar Azam,T Shamsi,0,0,"",""
ball,1,23.3,Pakistan,Imam-ul-Haq,Babar Azam,T Shamsi,2,0,"",""
ball,1,23.4,Pakistan,Imam-ul-Haq,Babar Azam,T Shamsi,1,0,"",""
ball,1,23.5,Pakistan,Babar Azam,Imam-ul-Haq,T Shamsi,2,0,"",""
ball,1,23.6,Pakistan,Babar Azam,Imam-ul-Haq,T Shamsi,6,0,"",""
ball,1,23.7,Pakistan,Babar Azam,Imam-ul-Haq,T Shamsi,0,0,"",""
ball,1,24.1,Pakistan,Imam-ul-Haq,Babar Azam,DW Steyn,1,0,"",""
ball,1,24.2,Pakistan,Babar Azam,Imam-ul-Haq,DW Steyn,1,0,"",""
ball,1,24.3,Pakistan,Imam-ul-Haq,Babar Azam,DW Steyn,0,1,"",""
ball,1,24.4,Pakistan,Imam-ul-Haq,Babar Azam,DW Steyn,4,0,"",""
ball,1,24.5,Pakistan,Imam-ul-Haq,Babar Azam,DW Steyn,0,0,"",""
ball,1,24.6,Pakistan,Imam-ul-Haq,Babar Azam,DW Steyn,0,0,"",""
ball,1,24.7,Pakistan,Imam-ul-Haq,Babar Azam,DW Steyn,0,0,"",""
ball,1,25.1,Pakistan,Babar Azam,Imam-ul-Haq,T Shamsi,1,0,"",""
ball,1,25.2,Pakistan,Imam-ul-Haq,Babar Azam,T Shamsi,0,0,"",""
ball,1,25.3,Pakistan,Imam-ul-Haq,Babar Azam,T Shamsi,0,0,"",""
ball,1,25.4,Pakistan,Imam-ul-Haq,Babar Azam,T Shamsi,2,0,"",""
ball,1,25.5,Pakistan,Imam-ul-Haq,Babar Azam,T Shamsi,1,0,"",""
ball,1,25.6,Pakistan,Babar Azam,Imam-ul-Haq,T Shamsi,4,0,"",""
ball,1,26.1,Pakistan,Imam-ul-Haq,Babar Azam,DW Steyn,4,0,"",""
ball,1,26.2,Pakistan,Imam-ul-Haq,Babar Azam,DW Steyn,0,0,"",""
ball,1,26.3,Pakistan,Imam-ul-Haq,Babar Azam,DW Steyn,1,0,"",""
ball,1,26.4,Pakistan,Babar Azam,Imam-ul-Haq,DW Steyn,0,0,lbw,Babar Azam
ball,1,26.5,Pakistan,Mohammad Hafeez,Imam-ul-Haq,DW Steyn,0,0,"",""
ball,1,26.6,Pakistan,Mohammad Hafeez,Imam-ul-Haq,DW Steyn,0,0,"",""
ball,1,27.1,Pakistan,Imam-ul-Haq,Mohammad Hafeez,T Shamsi,4,0,"",""
ball,1,27.2,Pakistan,Imam-ul-Haq,Mohammad Hafeez,T Shamsi,0,0,"",""
ball,1,27.3,Pakistan,Imam-ul-Haq,Mohammad Hafeez,T Shamsi,1,0,"",""
ball,1,27.4,Pakistan,Mohammad Hafeez,Imam-ul-Haq,T Shamsi,4,0,"",""
ball,1,27.5,Pakistan,Mohammad Hafeez,Imam-ul-Haq,T Shamsi,4,0,"",""
ball,1,27.6,Pakistan,Mohammad Hafeez,Imam-ul-Haq,T Shamsi,1,0,"",""
ball,1,28.1,Pakistan,Mohammad Hafeez,Imam-ul-Haq,DW Steyn,0,0,"",""
ball,1,28.2,Pakistan,Mohammad Hafeez,Imam-ul-Haq,DW Steyn,0,0,"",""
ball,1,28.3,Pakistan,Mohammad Hafeez,Imam-ul-Haq,DW Steyn,1,0,"",""
ball,1,28.4,Pakistan,Imam-ul-Haq,Mohammad Hafeez,DW Steyn,1,0,"",""
ball,1,28.5,Pakistan,Mohammad Hafeez,Imam-ul-Haq,DW Steyn,0,0,"",""
ball,1,28.6,Pakistan,Mohammad Hafeez,Imam-ul-Haq,DW Steyn,0,0,"",""
ball,1,29.1,Pakistan,Imam-ul-Haq,Mohammad Hafeez,BE Hendricks,1,0,"",""
ball,1,29.2,Pakistan,Mohammad Hafeez,Imam-ul-Haq,BE Hendricks,4,0,"",""
ball,1,29.3,Pakistan,Mohammad Hafeez,Imam-ul-Haq,BE Hendricks,0,1,"",""
ball,1,29.4,Pakistan,Mohammad Hafeez,Imam-ul-Haq,BE Hendricks,0,0,"",""
ball,1,29.5,Pakistan,Mohammad Hafeez,Imam-ul-Haq,BE Hendricks,2,0,"",""
ball,1,29.6,Pakistan,Mohammad Hafeez,Imam-ul-Haq,BE Hendricks,0,0,"",""
ball,1,29.7,Pakistan,Mohammad Hafeez,Imam-ul-Haq,BE Hendricks,1,0,"",""
ball,1,30.1,Pakistan,Mohammad Hafeez,Imam-ul-Haq,AL Phehlukwayo,0,0,"",""
ball,1,30.2,Pakistan,Mohammad Hafeez,Imam-ul-Haq,AL Phehlukwayo,2,0,"",""
ball,1,30.3,Pakistan,Mohammad Hafeez,Imam-ul-Haq,AL Phehlukwayo,1,0,"",""
ball,1,30.4,Pakistan,Imam-ul-Haq,Mohammad Hafeez,AL Phehlukwayo,1,0,"",""
ball,1,30.5,Pakistan,Mohammad Hafeez,Imam-ul-Haq,AL Phehlukwayo,0,0,"",""
ball,1,30.6,Pakistan,Mohammad Hafeez,Imam-ul-Haq,AL Phehlukwayo,0,0,"",""
ball,1,31.1,Pakistan,Imam-ul-Haq,Mohammad Hafeez,BE Hendricks,2,0,"",""
ball,1,31.2,Pakistan,Imam-ul-Haq,Mohammad Hafeez,BE Hendricks,1,0,"",""
ball,1,31.3,Pakistan,Mohammad Hafeez,Imam-ul-Haq,BE Hendricks,1,0,"",""
ball,1,31.4,Pakistan,Imam-ul-Haq,Mohammad Hafeez,BE Hendricks,2,0,"",""
ball,1,31.5,Pakistan,Imam-ul-Haq,Mohammad Hafeez,BE Hendricks,0,0,"",""
ball,1,31.6,Pakistan,Imam-ul-Haq,Mohammad Hafeez,BE Hendricks,1,0,"",""
ball,1,32.1,Pakistan,Imam-ul-Haq,Mohammad Hafeez,AL Phehlukwayo,1,0,"",""
ball,1,32.2,Pakistan,Mohammad Hafeez,Imam-ul-Haq,AL Phehlukwayo,0,1,"",""
ball,1,32.3,Pakistan,Mohammad Hafeez,Imam-ul-Haq,AL Phehlukwayo,4,0,"",""
ball,1,32.4,Pakistan,Mohammad Hafeez,Imam-ul-Haq,AL Phehlukwayo,1,0,"",""
ball,1,32.5,Pakistan,Imam-ul-Haq,Mohammad Hafeez,AL Phehlukwayo,1,0,"",""
ball,1,32.6,Pakistan,Mohammad Hafeez,Imam-ul-Haq,AL Phehlukwayo,0,0,"",""
ball,1,32.7,Pakistan,Mohammad Hafeez,Imam-ul-Haq,AL Phehlukwayo,0,0,"",""
ball,1,33.1,Pakistan,Imam-ul-Haq,Mohammad Hafeez,RR Hendricks,1,0,"",""
ball,1,33.2,Pakistan,Mohammad Hafeez,Imam-ul-Haq,RR Hendricks,1,0,"",""
ball,1,33.3,Pakistan,Imam-ul-Haq,Mohammad Hafeez,RR Hendricks,0,0,"",""
ball,1,33.4,Pakistan,Imam-ul-Haq,Mohammad Hafeez,RR Hendricks,4,0,"",""
ball,1,33.5,Pakistan,Imam-ul-Haq,Mohammad Hafeez,RR Hendricks,1,0,"",""
ball,1,33.6,Pakistan,Mohammad Hafeez,Imam-ul-Haq,RR Hendricks,1,0,"",""
ball,1,34.1,Pakistan,Mohammad Hafeez,Imam-ul-Haq,K Rabada,1,0,"",""
ball,1,34.2,Pakistan,Imam-ul-Haq,Mohammad Hafeez,K Rabada,1,0,"",""
ball,1,34.3,Pakistan,Mohammad Hafeez,Imam-ul-Haq,K Rabada,1,0,"",""
ball,1,34.4,Pakistan,Imam-ul-Haq,Mohammad Hafeez,K Rabada,1,0,"",""
ball,1,34.5,Pakistan,Mohammad Hafeez,Imam-ul-Haq,K Rabada,0,0,"",""
ball,1,34.6,Pakistan,Mohammad Hafeez,Imam-ul-Haq,K Rabada,1,0,"",""
ball,1,35.1,Pakistan,Mohammad Hafeez,Imam-ul-Haq,RR Hendricks,1,0,"",""
ball,1,35.2,Pakistan,Imam-ul-Haq,Mohammad Hafeez,RR Hendricks,1,0,"",""
ball,1,35.3,Pakistan,Mohammad Hafeez,Imam-ul-Haq,RR Hendricks,0,0,"",""
ball,1,35.4,Pakistan,Mohammad Hafeez,Imam-ul-Haq,RR Hendricks,6,0,"",""
ball,1,35.5,Pakistan,Mohammad Hafeez,Imam-ul-Haq,RR Hendricks,4,0,"",""
ball,1,35.6,Pakistan,Mohammad Hafeez,Imam-ul-Haq,RR Hendricks,1,0,"",""
ball,1,36.1,Pakistan,Mohammad Hafeez,Imam-ul-Haq,K Rabada,1,0,"",""
ball,1,36.2,Pakistan,Imam-ul-Haq,Mohammad Hafeez,K Rabada,0,0,"",""
ball,1,36.3,Pakistan,Imam-ul-Haq,Mohammad Hafeez,K Rabada,1,0,"",""
ball,1,36.4,Pakistan,Mohammad Hafeez,Imam-ul-Haq,K Rabada,1,0,"",""
ball,1,36.5,Pakistan,Imam-ul-Haq,Mohammad Hafeez,K Rabada,1,0,"",""
ball,1,36.6,Pakistan,Mohammad Hafeez,Imam-ul-Haq,K Rabada,0,0,"",""
ball,1,37.1,Pakistan,Imam-ul-Haq,Mohammad Hafeez,BE Hendricks,1,0,"",""
ball,1,37.2,Pakistan,Mohammad Hafeez,Imam-ul-Haq,BE Hendricks,1,0,"",""
ball,1,37.3,Pakistan,Imam-ul-Haq,Mohammad Hafeez,BE Hendricks,1,0,"",""
ball,1,37.4,Pakistan,Mohammad Hafeez,Imam-ul-Haq,BE Hendricks,1,0,"",""
ball,1,37.5,Pakistan,Imam-ul-Haq,Mohammad Hafeez,BE Hendricks,0,0,"",""
ball,1,37.6,Pakistan,Imam-ul-Haq,Mohammad Hafeez,BE Hendricks,0,0,"",""
ball,1,38.1,Pakistan,Mohammad Hafeez,Imam-ul-Haq,K Rabada,1,0,"",""
ball,1,38.2,Pakistan,Imam-ul-Haq,Mohammad Hafeez,K Rabada,1,0,"",""
ball,1,38.3,Pakistan,Mohammad Hafeez,Imam-ul-Haq,K Rabada,0,0,"",""
ball,1,38.4,Pakistan,Mohammad Hafeez,Imam-ul-Haq,K Rabada,4,0,"",""
ball,1,38.5,Pakistan,Mohammad Hafeez,Imam-ul-Haq,K Rabada,0,0,caught,Mohammad Hafeez
ball,1,38.6,Pakistan,Shoaib Malik,Imam-ul-Haq,K Rabada,2,0,"",""
ball,1,39.1,Pakistan,Imam-ul-Haq,Shoaib Malik,BE Hendricks,1,0,"",""
ball,1,39.2,Pakistan,Shoaib Malik,Imam-ul-Haq,BE Hendricks,1,0,"",""
ball,1,39.3,Pakistan,Imam-ul-Haq,Shoaib Malik,BE Hendricks,1,0,"",""
ball,1,39.4,Pakistan,Shoaib Malik,Imam-ul-Haq,BE Hendricks,0,0,"",""
ball,1,39.5,Pakistan,Shoaib Malik,Imam-ul-Haq,BE Hendricks,0,1,"",""
ball,1,39.6,Pakistan,Shoaib Malik,Imam-ul-Haq,BE Hendricks,0,0,"",""
ball,1,39.7,Pakistan,Shoaib Malik,Imam-ul-Haq,BE Hendricks,0,0,"",""
ball,1,40.1,Pakistan,Imam-ul-Haq,Shoaib Malik,T Shamsi,1,0,"",""
ball,1,40.2,Pakistan,Shoaib Malik,Imam-ul-Haq,T Shamsi,1,0,"",""
ball,1,40.3,Pakistan,Imam-ul-Haq,Shoaib Malik,T Shamsi,2,0,"",""
ball,1,40.4,Pakistan,Imam-ul-Haq,Shoaib Malik,T Shamsi,1,0,"",""
ball,1,40.5,Pakistan,Shoaib Malik,Imam-ul-Haq,T Shamsi,2,0,"",""
ball,1,40.6,Pakistan,Shoaib Malik,Imam-ul-Haq,T Shamsi,1,0,"",""
ball,1,41.1,Pakistan,Shoaib Malik,Imam-ul-Haq,AL Phehlukwayo,1,0,"",""
ball,1,41.2,Pakistan,Imam-ul-Haq,Shoaib Malik,AL Phehlukwayo,1,0,"",""
ball,1,41.3,Pakistan,Shoaib Malik,Imam-ul-Haq,AL Phehlukwayo,0,0,"",""
ball,1,41.4,Pakistan,Shoaib Malik,Imam-ul-Haq,AL Phehlukwayo,4,0,"",""
ball,1,41.5,Pakistan,Shoaib Malik,Imam-ul-Haq,AL Phehlukwayo,2,0,"",""
ball,1,41.6,Pakistan,Shoaib Malik,Imam-ul-Haq,AL Phehlukwayo,0,0,"",""
ball,1,42.1,Pakistan,Imam-ul-Haq,Shoaib Malik,T Shamsi,4,0,"",""
ball,1,42.2,Pakistan,Imam-ul-Haq,Shoaib Malik,T Shamsi,1,0,"",""
ball,1,42.3,Pakistan,Shoaib Malik,Imam-ul-Haq,T Shamsi,1,0,"",""
ball,1,42.4,Pakistan,Imam-ul-Haq,Shoaib Malik,T Shamsi,1,0,"",""
ball,1,42.5,Pakistan,Shoaib Malik,Imam-ul-Haq,T Shamsi,1,0,"",""
ball,1,42.6,Pakistan,Imam-ul-Haq,Shoaib Malik,T Shamsi,0,0,caught,Imam-ul-Haq
ball,1,43.1,Pakistan,Imad Wasim,Shoaib Malik,AL Phehlukwayo,1,0,"",""
ball,1,43.2,Pakistan,Shoaib Malik,Imad Wasim,AL Phehlukwayo,1,0,"",""
ball,1,43.3,Pakistan,Imad Wasim,Shoaib Malik,AL Phehlukwayo,1,0,"",""
ball,1,43.4,Pakistan,Shoaib Malik,Imad Wasim,AL Phehlukwayo,1,0,"",""
ball,1,43.5,Pakistan,Imad Wasim,Shoaib Malik,AL Phehlukwayo,1,0,"",""
ball,1,43.6,Pakistan,Shoaib Malik,Imad Wasim,AL Phehlukwayo,1,0,"",""
ball,1,44.1,Pakistan,Shoaib Malik,Imad Wasim,T Shamsi,1,0,"",""
ball,1,44.2,Pakistan,Imad Wasim,Shoaib Malik,T Shamsi,0,0,"",""
ball,1,44.3,Pakistan,Imad Wasim,Shoaib Malik,T Shamsi,4,0,"",""
ball,1,44.4,Pakistan,Imad Wasim,Shoaib Malik,T Shamsi,2,0,"",""
ball,1,44.5,Pakistan,Imad Wasim,Shoaib Malik,T Shamsi,1,0,"",""
ball,1,44.6,Pakistan,Shoaib Malik,Imad Wasim,T Shamsi,0,2,"",""
ball,1,44.7,Pakistan,Imad Wasim,Shoaib Malik,T Shamsi,1,0,"",""
ball,1,45.1,Pakistan,Imad Wasim,Shoaib Malik,AL Phehlukwayo,4,0,"",""
ball,1,45.2,Pakistan,Imad Wasim,Shoaib Malik,AL Phehlukwayo,0,0,"",""
ball,1,45.3,Pakistan,Imad Wasim,Shoaib Malik,AL Phehlukwayo,0,0,"",""
ball,1,45.4,Pakistan,Imad Wasim,Shoaib Malik,AL Phehlukwayo,2,0,"",""
ball,1,45.5,Pakistan,Imad Wasim,Shoaib Malik,AL Phehlukwayo,4,0,"",""
ball,1,45.6,Pakistan,Imad Wasim,Shoaib Malik,AL Phehlukwayo,4,0,"",""
ball,1,46.1,Pakistan,Shoaib Malik,Imad Wasim,DW Steyn,4,0,"",""
ball,1,46.2,Pakistan,Shoaib Malik,Imad Wasim,DW Steyn,1,0,"",""
ball,1,46.3,Pakistan,Imad Wasim,Shoaib Malik,DW Steyn,1,0,"",""
ball,1,46.4,Pakistan,Shoaib Malik,Imad Wasim,DW Steyn,1,0,"",""
ball,1,46.5,Pakistan,Imad Wasim,Shoaib Malik,DW Steyn,4,0,"",""
ball,1,46.6,Pakistan,Imad Wasim,Shoaib Malik,DW Steyn,4,0,"",""
ball,1,47.1,Pakistan,Shoaib Malik,Imad Wasim,K Rabada,4,0,"",""
ball,1,47.2,Pakistan,Shoaib Malik,Imad Wasim,K Rabada,0,0,"",""
ball,1,47.3,Pakistan,Shoaib Malik,Imad Wasim,K Rabada,1,0,"",""
ball,1,47.4,Pakistan,Imad Wasim,Shoaib Malik,K Rabada,1,0,"",""
ball,1,47.5,Pakistan,Shoaib Malik,Imad Wasim,K Rabada,0,0,"",""
ball,1,47.6,Pakistan,Shoaib Malik,Imad Wasim,K Rabada,0,0,caught,Shoaib Malik
ball,1,48.1,Pakistan,Imad Wasim,Hasan Ali,DW Steyn,1,0,"",""
ball,1,48.2,Pakistan,Hasan Ali,Imad Wasim,DW Steyn,0,0,"",""
ball,1,48.3,Pakistan,Hasan Ali,Imad Wasim,DW Steyn,0,0,"",""
ball,1,48.4,Pakistan,Hasan Ali,Imad Wasim,DW Steyn,1,0,"",""
ball,1,48.5,Pakistan,Imad Wasim,Hasan Ali,DW Steyn,1,0,"",""
ball,1,48.6,Pakistan,Hasan Ali,Imad Wasim,DW Steyn,0,0,caught,Hasan Ali
ball,1,49.1,Pakistan,Sarfraz Ahmed,Imad Wasim,K Rabada,1,0,"",""
ball,1,49.2,Pakistan,Imad Wasim,Sarfraz Ahmed,K Rabada,4,0,"",""
ball,1,49.3,Pakistan,Imad Wasim,Sarfraz Ahmed,K Rabada,1,0,"",""
ball,1,49.4,Pakistan,Sarfraz Ahmed,Imad Wasim,K Rabada,4,0,"",""
ball,1,49.5,Pakistan,Sarfraz Ahmed,Imad Wasim,K Rabada,1,0,"",""
ball,1,49.6,Pakistan,Imad Wasim,Sarfraz Ahmed,K Rabada,1,0,"",""
ball,2,0.1,South Africa,Q de Kock,HM Amla,Mohammad Amir,0,0,"",""
ball,2,0.2,South Africa,Q de Kock,HM Amla,Mohammad Amir,0,0,"",""
ball,2,0.3,South Africa,Q de Kock,HM Amla,Mohammad Amir,0,0,"",""
ball,2,0.4,South Africa,Q de Kock,HM Amla,Mohammad Amir,0,0,"",""
ball,2,0.5,South Africa,Q de Kock,HM Amla,Mohammad Amir,4,0,"",""
ball,2,0.6,South Africa,Q de Kock,HM Amla,Mohammad Amir,2,0,"",""
ball,2,1.1,South Africa,HM Amla,Q de Kock,Shaheen Shah Afridi,0,0,"",""
ball,2,1.2,South Africa,HM Amla,Q de Kock,Shaheen Shah Afridi,0,0,"",""
ball,2,1.3,South Africa,HM Amla,Q de Kock,Shaheen Shah Afridi,0,0,"",""
ball,2,1.4,South Africa,HM Amla,Q de Kock,Shaheen Shah Afridi,0,0,"",""
ball,2,1.5,South Africa,HM Amla,Q de Kock,Shaheen Shah Afridi,2,0,"",""
ball,2,1.6,South Africa,HM Amla,Q de Kock,Shaheen Shah Afridi,4,0,"",""
ball,2,2.1,South Africa,Q de Kock,HM Amla,Mohammad Amir,4,0,"",""
ball,2,2.2,South Africa,Q de Kock,HM Amla,Mohammad Amir,1,0,"",""
ball,2,2.3,South Africa,HM Amla,Q de Kock,Mohammad Amir,0,0,"",""
ball,2,2.4,South Africa,HM Amla,Q de Kock,Mohammad Amir,0,0,"",""
ball,2,2.5,South Africa,HM Amla,Q de Kock,Mohammad Amir,0,0,"",""
ball,2,2.6,South Africa,HM Amla,Q de Kock,Mohammad Amir,2,0,"",""
ball,2,3.1,South Africa,Q de Kock,HM Amla,Shaheen Shah Afridi,1,0,"",""
ball,2,3.2,South Africa,HM Amla,Q de Kock,Shaheen Shah Afridi,2,0,"",""
ball,2,3.3,South Africa,HM Amla,Q de Kock,Shaheen Shah Afridi,0,0,"",""
ball,2,3.4,South Africa,HM Amla,Q de Kock,Shaheen Shah Afridi,1,0,"",""
ball,2,3.5,South Africa,Q de Kock,HM Amla,Shaheen Shah Afridi,0,0,"",""
ball,2,3.6,South Africa,Q de Kock,HM Amla,Shaheen Shah Afridi,1,0,"",""
ball,2,4.1,South Africa,Q de Kock,HM Amla,Mohammad Amir,0,1,"",""
ball,2,4.2,South Africa,HM Amla,Q de Kock,Mohammad Amir,1,0,"",""
ball,2,4.3,South Africa,Q de Kock,HM Amla,Mohammad Amir,2,0,"",""
ball,2,4.4,South Africa,Q de Kock,HM Amla,Mohammad Amir,0,0,"",""
ball,2,4.5,South Africa,Q de Kock,HM Amla,Mohammad Amir,1,0,"",""
ball,2,4.6,South Africa,HM Amla,Q de Kock,Mohammad Amir,1,0,"",""
ball,2,5.1,South Africa,HM Amla,Q de Kock,Shaheen Shah Afridi,1,0,"",""
ball,2,5.2,South Africa,Q de Kock,HM Amla,Shaheen Shah Afridi,0,0,"",""
ball,2,5.3,South Africa,Q de Kock,HM Amla,Shaheen Shah Afridi,1,0,"",""
ball,2,5.4,South Africa,HM Amla,Q de Kock,Shaheen Shah Afridi,4,0,"",""
ball,2,5.5,South Africa,HM Amla,Q de Kock,Shaheen Shah Afridi,0,0,"",""
ball,2,5.6,South Africa,HM Amla,Q de Kock,Shaheen Shah Afridi,0,0,"",""
ball,2,6.1,South Africa,Q de Kock,HM Amla,Mohammad Amir,0,0,"",""
ball,2,6.2,South Africa,Q de Kock,HM Amla,Mohammad Amir,1,0,"",""
ball,2,6.3,South Africa,HM Amla,Q de Kock,Mohammad Amir,0,0,"",""
ball,2,6.4,South Africa,HM Amla,Q de Kock,Mohammad Amir,0,0,"",""
ball,2,6.5,South Africa,HM Amla,Q de Kock,Mohammad Amir,0,0,"",""
ball,2,6.6,South Africa,HM Amla,Q de Kock,Mohammad Amir,0,0,"",""
ball,2,7.1,South Africa,Q de Kock,HM Amla,Shaheen Shah Afridi,0,0,"",""
ball,2,7.2,South Africa,Q de Kock,HM Amla,Shaheen Shah Afridi,2,0,"",""
ball,2,7.3,South Africa,Q de Kock,HM Amla,Shaheen Shah Afridi,1,0,"",""
ball,2,7.4,South Africa,HM Amla,Q de Kock,Shaheen Shah Afridi,1,0,"",""
ball,2,7.5,South Africa,Q de Kock,HM Amla,Shaheen Shah Afridi,4,0,"",""
ball,2,7.6,South Africa,Q de Kock,HM Amla,Shaheen Shah Afridi,0,1,"",""
ball,2,7.7,South Africa,Q de Kock,HM Amla,Shaheen Shah Afridi,0,0,"",""
ball,2,8.1,South Africa,HM Amla,Q de Kock,Imad Wasim,0,0,"",""
ball,2,8.2,South Africa,HM Amla,Q de Kock,Imad Wasim,0,0,"",""
ball,2,8.3,South Africa,HM Amla,Q de Kock,Imad Wasim,1,0,"",""
ball,2,8.4,South Africa,Q de Kock,HM Amla,Imad Wasim,1,0,"",""
ball,2,8.5,South Africa,HM Amla,Q de Kock,Imad Wasim,1,0,"",""
ball,2,8.6,South Africa,Q de Kock,HM Amla,Imad Wasim,0,0,"",""
ball,2,9.1,South Africa,HM Amla,Q de Kock,Hasan Ali,4,0,"",""
ball,2,9.2,South Africa,HM Amla,Q de Kock,Hasan Ali,0,0,caught,HM Amla
ball,2,9.3,South Africa,RR Hendricks,Q de Kock,Hasan Ali,0,0,"",""
ball,2,9.4,South Africa,RR Hendricks,Q de Kock,Hasan Ali,1,0,"",""
ball,2,9.5,South Africa,Q de Kock,RR Hendricks,Hasan Ali,0,0,"",""
ball,2,9.6,South Africa,Q de Kock,RR Hendricks,Hasan Ali,4,0,"",""
ball,2,10.1,South Africa,RR Hendricks,Q de Kock,Imad Wasim,0,0,"",""
ball,2,10.2,South Africa,RR Hendricks,Q de Kock,Imad Wasim,0,0,"",""
ball,2,10.3,South Africa,RR Hendricks,Q de Kock,Imad Wasim,1,0,"",""
ball,2,10.4,South Africa,Q de Kock,RR Hendricks,Imad Wasim,0,0,"",""
ball,2,10.5,South Africa,Q de Kock,RR Hendricks,Imad Wasim,1,0,"",""
ball,2,10.6,South Africa,RR Hendricks,Q de Kock,Imad Wasim,1,0,"",""
ball,2,11.1,South Africa,RR Hendricks,Q de Kock,Hasan Ali,0,0,"",""
ball,2,11.2,South Africa,RR Hendricks,Q de Kock,Hasan Ali,1,0,"",""
ball,2,11.3,South Africa,Q de Kock,RR Hendricks,Hasan Ali,0,0,"",""
ball,2,11.4,South Africa,Q de Kock,RR Hendricks,Hasan Ali,0,0,"",""
ball,2,11.5,South Africa,Q de Kock,RR Hendricks,Hasan Ali,1,0,"",""
ball,2,11.6,South Africa,RR Hendricks,Q de Kock,Hasan Ali,1,0,"",""
ball,2,12.1,South Africa,RR Hendricks,Q de Kock,Imad Wasim,1,0,"",""
ball,2,12.2,South Africa,Q de Kock,RR Hendricks,Imad Wasim,1,0,"",""
ball,2,12.3,South Africa,RR Hendricks,Q de Kock,Imad Wasim,0,0,"",""
ball,2,12.4,South Africa,RR Hendricks,Q de Kock,Imad Wasim,0,0,"",""
ball,2,12.5,South Africa,RR Hendricks,Q de Kock,Imad Wasim,0,0,"",""
ball,2,12.6,South Africa,RR Hendricks,Q de Kock,Imad Wasim,1,0,"",""
ball,2,13.1,South Africa,RR Hendricks,Q de Kock,Shadab Khan,1,0,"",""
ball,2,13.2,South Africa,Q de Kock,RR Hendricks,Shadab Khan,0,0,"",""
ball,2,13.3,South Africa,Q de Kock,RR Hendricks,Shadab Khan,0,2,"",""
ball,2,13.4,South Africa,RR Hendricks,Q de Kock,Shadab Khan,4,0,"",""
ball,2,13.5,South Africa,RR Hendricks,Q de Kock,Shadab Khan,2,0,"",""
ball,2,13.6,South Africa,RR Hendricks,Q de Kock,Shadab Khan,1,0,"",""
ball,2,13.7,South Africa,Q de Kock,RR Hendricks,Shadab Khan,0,0,"",""
ball,2,14.1,South Africa,RR Hendricks,Q de Kock,Imad Wasim,2,0,"",""
ball,2,14.2,South Africa,RR Hendricks,Q de Kock,Imad Wasim,0,0,"",""
ball,2,14.3,South Africa,RR Hendricks,Q de Kock,Imad Wasim,0,0,run out,Q de Kock
ball,2,14.4,South Africa,RR Hendricks,F du Plessis,Imad Wasim,0,0,"",""
ball,2,14.5,South Africa,RR Hendricks,F du Plessis,Imad Wasim,0,0,"",""
ball,2,14.6,South Africa,RR Hendricks,F du Plessis,Imad Wasim,0,0,"",""
ball,2,15.1,South Africa,F du Plessis,RR Hendricks,Shadab Khan,0,0,"",""
ball,2,15.2,South Africa,F du Plessis,RR Hendricks,Shadab Khan,1,0,"",""
ball,2,15.3,South Africa,RR Hendricks,F du Plessis,Shadab Khan,0,0,"",""
ball,2,15.4,South Africa,RR Hendricks,F du Plessis,Shadab Khan,0,0,"",""
ball,2,15.5,South Africa,RR Hendricks,F du Plessis,Shadab Khan,0,0,"",""
ball,2,15.6,South Africa,RR Hendricks,F du Plessis,Shadab Khan,1,0,"",""
ball,2,16.1,South Africa,RR Hendricks,F du Plessis,Imad Wasim,4,0,"",""
ball,2,16.2,South Africa,RR Hendricks,F du Plessis,Imad Wasim,0,0,"",""
ball,2,16.3,South Africa,RR Hendricks,F du Plessis,Imad Wasim,0,0,"",""
ball,2,16.4,South Africa,RR Hendricks,F du Plessis,Imad Wasim,2,0,"",""
ball,2,16.5,South Africa,RR Hendricks,F du Plessis,Imad Wasim,1,0,"",""
ball,2,16.6,South Africa,F du Plessis,RR Hendricks,Imad Wasim,0,0,"",""
ball,2,17.1,South Africa,RR Hendricks,F du Plessis,Shadab Khan,0,0,"",""
ball,2,17.2,South Africa,RR Hendricks,F du Plessis,Shadab Khan,1,0,"",""
ball,2,17.3,South Africa,F du Plessis,RR Hendricks,Shadab Khan,1,0,"",""
ball,2,17.4,South Africa,RR Hendricks,F du Plessis,Shadab Khan,0,0,"",""
ball,2,17.5,South Africa,RR Hendricks,F du Plessis,Shadab Khan,0,0,"",""
ball,2,17.6,South Africa,RR Hendricks,F du Plessis,Shadab Khan,4,0,"",""
ball,2,18.1,South Africa,F du Plessis,RR Hendricks,Imad Wasim,1,0,"",""
ball,2,18.2,South Africa,RR Hendricks,F du Plessis,Imad Wasim,4,0,"",""
ball,2,18.3,South Africa,RR Hendricks,F du Plessis,Imad Wasim,0,0,"",""
ball,2,18.4,South Africa,RR Hendricks,F du Plessis,Imad Wasim,1,0,"",""
ball,2,18.5,South Africa,F du Plessis,RR Hendricks,Imad Wasim,0,0,"",""
ball,2,18.6,South Africa,F du Plessis,RR Hendricks,Imad Wasim,1,0,"",""
ball,2,19.1,South Africa,F du Plessis,RR Hendricks,Shadab Khan,1,0,"",""
ball,2,19.2,South Africa,RR Hendricks,F du Plessis,Shadab Khan,0,0,"",""
ball,2,19.3,South Africa,RR Hendricks,F du Plessis,Shadab Khan,6,0,"",""
ball,2,19.4,South Africa,RR Hendricks,F du Plessis,Shadab Khan,0,0,"",""
ball,2,19.5,South Africa,RR Hendricks,F du Plessis,Shadab Khan,0,0,"",""
ball,2,19.6,South Africa,RR Hendricks,F du Plessis,Shadab Khan,1,0,"",""
ball,2,20.1,South Africa,RR Hendricks,F du Plessis,Hasan Ali,1,0,"",""
ball,2,20.2,South Africa,F du Plessis,RR Hendricks,Hasan Ali,0,0,"",""
ball,2,20.3,South Africa,F du Plessis,RR Hendricks,Hasan Ali,0,0,"",""
ball,2,20.4,South Africa,F du Plessis,RR Hendricks,Hasan Ali,0,0,"",""
ball,2,20.5,South Africa,F du Plessis,RR Hendricks,Hasan Ali,1,0,"",""
ball,2,20.6,South Africa,RR Hendricks,F du Plessis,Hasan Ali,0,0,"",""
ball,2,21.1,South Africa,F du Plessis,RR Hendricks,Imad Wasim,0,0,"",""
ball,2,21.2,South Africa,F du Plessis,RR Hendricks,Imad Wasim,1,0,"",""
ball,2,21.3,South Africa,RR Hendricks,F du Plessis,Imad Wasim,1,0,"",""
ball,2,21.4,South Africa,F du Plessis,RR Hendricks,Imad Wasim,1,0,"",""
ball,2,21.5,South Africa,RR Hendricks,F du Plessis,Imad Wasim,4,0,"",""
ball,2,21.6,South Africa,RR Hendricks,F du Plessis,Imad Wasim,0,0,"",""
ball,2,22.1,South Africa,F du Plessis,RR Hendricks,Hasan Ali,1,0,"",""
ball,2,22.2,South Africa,RR Hendricks,F du Plessis,Hasan Ali,0,0,"",""
ball,2,22.3,South Africa,RR Hendricks,F du Plessis,Hasan Ali,4,0,"",""
ball,2,22.4,South Africa,RR Hendricks,F du Plessis,Hasan Ali,0,0,"",""
ball,2,22.5,South Africa,RR Hendricks,F du Plessis,Hasan Ali,4,0,"",""
ball,2,22.6,South Africa,RR Hendricks,F du Plessis,Hasan Ali,0,0,"",""
ball,2,23.1,South Africa,F du Plessis,RR Hendricks,Shadab Khan,0,0,"",""
ball,2,23.2,South Africa,F du Plessis,RR Hendricks,Shadab Khan,1,0,"",""
ball,2,23.3,South Africa,RR Hendricks,F du Plessis,Shadab Khan,6,0,"",""
ball,2,23.4,South Africa,RR Hendricks,F du Plessis,Shadab Khan,1,0,"",""
ball,2,23.5,South Africa,F du Plessis,RR Hendricks,Shadab Khan,1,0,"",""
ball,2,23.6,South Africa,RR Hendricks,F du Plessis,Shadab Khan,0,0,"",""
ball,2,24.1,South Africa,F du Plessis,RR Hendricks,Shaheen Shah Afridi,1,0,"",""
ball,2,24.2,South Africa,RR Hendricks,F du Plessis,Shaheen Shah Afridi,0,1,"",""
ball,2,24.3,South Africa,RR Hendricks,F du Plessis,Shaheen Shah Afridi,0,0,"",""
ball,2,24.4,South Africa,RR Hendricks,F du Plessis,Shaheen Shah Afridi,0,0,"",""
ball,2,24.5,South Africa,RR Hendricks,F du Plessis,Shaheen Shah Afridi,0,0,"",""
ball,2,24.6,South Africa,RR Hendricks,F du Plessis,Shaheen Shah Afridi,2,0,"",""
ball,2,24.7,South Africa,RR Hendricks,F du Plessis,Shaheen Shah Afridi,0,0,"",""
ball,2,25.1,South Africa,F du Plessis,RR Hendricks,Shadab Khan,6,0,"",""
ball,2,25.2,South Africa,F du Plessis,RR Hendricks,Shadab Khan,1,0,"",""
ball,2,25.3,South Africa,RR Hendricks,F du Plessis,Shadab Khan,2,0,"",""
ball,2,25.4,South Africa,RR Hendricks,F du Plessis,Shadab Khan,1,0,"",""
ball,2,25.5,South Africa,F du Plessis,RR Hendricks,Shadab Khan,0,0,"",""
ball,2,25.6,South Africa,F du Plessis,RR Hendricks,Shadab Khan,1,0,"",""
ball,2,26.1,South Africa,F du Plessis,RR Hendricks,Shaheen Shah Afridi,1,0,"",""
ball,2,26.2,South Africa,RR Hendricks,F du Plessis,Shaheen Shah Afridi,0,0,"",""
ball,2,26.3,South Africa,RR Hendricks,F du Plessis,Shaheen Shah Afridi,1,0,"",""
ball,2,26.4,South Africa,F du Plessis,RR Hendricks,Shaheen Shah Afridi,0,1,"",""
ball,2,26.5,South Africa,F du Plessis,RR Hendricks,Shaheen Shah Afridi,4,0,"",""
ball,2,26.6,South Africa,F du Plessis,RR Hendricks,Shaheen Shah Afridi,0,0,"",""
ball,2,26.7,South Africa,F du Plessis,RR Hendricks,Shaheen Shah Afridi,0,0,"",""
ball,2,27.1,South Africa,RR Hendricks,F du Plessis,Mohammad Amir,0,0,"",""
ball,2,27.2,South Africa,RR Hendricks,F du Plessis,Mohammad Amir,1,0,"",""
ball,2,27.3,South Africa,F du Plessis,RR Hendricks,Mohammad Amir,4,0,"",""
ball,2,27.4,South Africa,F du Plessis,RR Hendricks,Mohammad Amir,4,0,"",""
ball,2,27.5,South Africa,F du Plessis,RR Hendricks,Mohammad Amir,0,0,"",""
ball,2,27.6,South Africa,F du Plessis,RR Hendricks,Mohammad Amir,0,0,"",""
ball,2,28.1,South Africa,RR Hendricks,F du Plessis,Hasan Ali,1,0,"",""
ball,2,28.2,South Africa,F du Plessis,RR Hendricks,Hasan Ali,0,0,"",""
ball,2,28.3,South Africa,F du Plessis,RR Hendricks,Hasan Ali,1,0,"",""
ball,2,28.4,South Africa,RR Hendricks,F du Plessis,Hasan Ali,1,0,"",""
ball,2,28.5,South Africa,F du Plessis,RR Hendricks,Hasan Ali,1,0,"",""
ball,2,28.6,South Africa,RR Hendricks,F du Plessis,Hasan Ali,1,0,"",""
ball,2,29.1,South Africa,RR Hendricks,F du Plessis,Mohammad Amir,0,0,"",""
ball,2,29.2,South Africa,RR Hendricks,F du Plessis,Mohammad Amir,4,0,"",""
ball,2,29.3,South Africa,RR Hendricks,F du Plessis,Mohammad Amir,0,0,"",""
ball,2,29.4,South Africa,RR Hendricks,F du Plessis,Mohammad Amir,0,0,"",""
ball,2,29.5,South Africa,RR Hendricks,F du Plessis,Mohammad Amir,0,0,"",""
ball,2,29.6,South Africa,RR Hendricks,F du Plessis,Mohammad Amir,1,0,"",""
ball,2,30.1,South Africa,RR Hendricks,F du Plessis,Hasan Ali,1,0,"",""
ball,2,30.2,South Africa,F du Plessis,RR Hendricks,Hasan Ali,0,0,"",""
ball,2,30.3,South Africa,F du Plessis,RR Hendricks,Hasan Ali,2,0,"",""
ball,2,30.4,South Africa,F du Plessis,RR Hendricks,Hasan Ali,1,0,"",""
ball,2,30.5,South Africa,RR Hendricks,F du Plessis,Hasan Ali,0,0,"",""
ball,2,30.6,South Africa,RR Hendricks,F du Plessis,Hasan Ali,1,0,"",""
ball,2,31.1,South Africa,RR Hendricks,F du Plessis,Mohammad Amir,0,0,"",""
ball,2,31.2,South Africa,RR Hendricks,F du Plessis,Mohammad Amir,0,0,"",""
ball,2,31.3,South Africa,RR Hendricks,F du Plessis,Mohammad Amir,1,0,"",""
ball,2,31.4,South Africa,F du Plessis,RR Hendricks,Mohammad Amir,1,0,"",""
ball,2,31.5,South Africa,RR Hendricks,F du Plessis,Mohammad Amir,1,0,"",""
ball,2,31.6,South Africa,F du Plessis,RR Hendricks,Mohammad Amir,0,0,"",""
ball,2,32.1,South Africa,RR Hendricks,F du Plessis,Imad Wasim,0,0,"",""
ball,2,32.2,South Africa,RR Hendricks,F du Plessis,Imad Wasim,0,0,"",""
ball,2,32.3,South Africa,RR Hendricks,F du Plessis,Imad Wasim,1,0,"",""
ball,2,32.4,South Africa,F du Plessis,RR Hendricks,Imad Wasim,0,0,"",""
ball,2,32.5,South Africa,F du Plessis,RR Hendricks,Imad Wasim,1,0,"",""
ball,2,32.6,South Africa,RR Hendricks,F du Plessis,Imad Wasim,0,0,"",""
