version,1.3.0
info,team,England
info,team,India
info,gender,male
info,season,2019
info,date,2019/06/30
info,competition,World Cup
info,match_number,38
info,venue,Edgbaston
info,city,Birmingham
info,toss_winner,England
info,toss_decision,bat
info,player_of_match,JM Bairstow
info,umpire,Aleem Dar
info,umpire,HDPK Dharmasena
info,reserve_umpire,M Erasmus
info,tv_umpire,RSA Palliyaguruge
info,match_referee,RS Madugalle
info,winner,England
info,winner_runs,31
ball,1,0.1,England,JJ Roy,JM Bairstow,Mohammed Shami,0,1,"",""
ball,1,0.2,England,JJ Roy,JM Bairstow,Mohammed Shami,0,0,"",""
ball,1,0.3,England,JJ Roy,JM Bairstow,Mohammed Shami,4,0,"",""
ball,1,0.4,England,JJ Roy,JM Bairstow,Mohammed Shami,0,0,"",""
ball,1,0.5,England,JJ Roy,JM Bairstow,Mohammed Shami,0,0,"",""
ball,1,0.6,England,JJ Roy,JM Bairstow,Mohammed Shami,4,0,"",""
ball,1,0.7,England,JJ Roy,JM Bairstow,Mohammed Shami,0,0,"",""
ball,1,1.1,England,JM Bairstow,JJ Roy,JJ Bumrah,0,0,"",""
ball,1,1.2,England,JM Bairstow,JJ Roy,JJ Bumrah,0,0,"",""
ball,1,1.3,England,JM Bairstow,JJ Roy,JJ Bumrah,0,0,"",""
ball,1,1.4,England,JM Bairstow,JJ Roy,JJ Bumrah,0,0,"",""
ball,1,1.5,England,JM Bairstow,JJ Roy,JJ Bumrah,0,0,"",""
ball,1,1.6,England,JM Bairstow,JJ Roy,JJ Bumrah,1,0,"",""
ball,1,2.1,England,JM Bairstow,JJ Roy,Mohammed Shami,0,0,"",""
ball,1,2.2,England,JM Bairstow,JJ Roy,Mohammed Shami,4,0,"",""
ball,1,2.3,England,JM Bairstow,JJ Roy,Mohammed Shami,0,0,"",""
ball,1,2.4,England,JM Bairstow,JJ Roy,Mohammed Shami,0,0,"",""
ball,1,2.5,England,JM Bairstow,JJ Roy,Mohammed Shami,0,0,"",""
ball,1,2.6,England,JM Bairstow,JJ Roy,Mohammed Shami,0,0,"",""
ball,1,3.1,England,JJ Roy,JM Bairstow,JJ Bumrah,1,0,"",""
ball,1,3.2,England,JM Bairstow,JJ Roy,JJ Bumrah,0,0,"",""
ball,1,3.3,England,JM Bairstow,JJ Roy,JJ Bumrah,0,0,"",""
ball,1,3.4,England,JM Bairstow,JJ Roy,JJ Bumrah,0,0,"",""
ball,1,3.5,England,JM Bairstow,JJ Roy,JJ Bumrah,4,0,"",""
ball,1,3.6,England,JM Bairstow,JJ Roy,JJ Bumrah,0,0,"",""
ball,1,4.1,England,JJ Roy,JM Bairstow,Mohammed Shami,0,1,"",""
ball,1,4.2,England,JM Bairstow,JJ Roy,Mohammed Shami,2,0,"",""
ball,1,4.3,England,JM Bairstow,JJ Roy,Mohammed Shami,4,0,"",""
ball,1,4.4,England,JM Bairstow,JJ Roy,Mohammed Shami,0,0,"",""
ball,1,4.5,England,JM Bairstow,JJ Roy,Mohammed Shami,0,0,"",""
ball,1,4.6,England,JM Bairstow,JJ Roy,Mohammed Shami,2,0,"",""
ball,1,5.1,England,JJ Roy,JM Bairstow,YS Chahal,1,0,"",""
ball,1,5.2,England,JM Bairstow,JJ Roy,YS Chahal,0,0,"",""
ball,1,5.3,England,JM Bairstow,JJ Roy,YS Chahal,4,0,"",""
ball,1,5.4,England,JM Bairstow,JJ Roy,YS Chahal,0,0,"",""
ball,1,5.5,England,JM Bairstow,JJ Roy,YS Chahal,2,0,"",""
ball,1,5.6,England,JM Bairstow,JJ Roy,YS Chahal,0,0,"",""
ball,1,6.1,England,JJ Roy,JM Bairstow,JJ Bumrah,0,0,"",""
ball,1,6.2,England,JJ Roy,JM Bairstow,JJ Bumrah,1,0,"",""
ball,1,6.3,England,JM Bairstow,JJ Roy,JJ Bumrah,0,0,"",""
ball,1,6.4,England,JM Bairstow,JJ Roy,JJ Bumrah,1,0,"",""
ball,1,6.5,England,JJ Roy,JM Bairstow,JJ Bumrah,0,0,"",""
ball,1,6.6,England,JJ Roy,JM Bairstow,JJ Bumrah,0,0,"",""
ball,1,7.1,England,JM Bairstow,JJ Roy,YS Chahal,1,0,"",""
ball,1,7.2,England,JJ Roy,JM Bairstow,YS Chahal,0,0,"",""
ball,1,7.3,England,JJ Roy,JM Bairstow,YS Chahal,0,0,"",""
ball,1,7.4,England,JJ Roy,JM Bairstow,YS Chahal,0,0,"",""
ball,1,7.5,England,JJ Roy,JM Bairstow,YS Chahal,4,0,"",""
ball,1,7.6,England,JJ Roy,JM Bairstow,YS Chahal,4,0,"",""
ball,1,8.1,England,JM Bairstow,JJ Roy,JJ Bumrah,0,0,"",""
ball,1,8.2,England,JM Bairstow,JJ Roy,JJ Bumrah,0,0,"",""
ball,1,8.3,England,JM Bairstow,JJ Roy,JJ Bumrah,0,0,"",""
ball,1,8.4,England,JM Bairstow,JJ Roy,JJ Bumrah,0,0,"",""
ball,1,8.5,England,JM Bairstow,JJ Roy,JJ Bumrah,0,0,"",""
ball,1,8.6,England,JM Bairstow,JJ Roy,JJ Bumrah,0,0,"",""
ball,1,9.1,England,JJ Roy,JM Bairstow,Mohammed Shami,0,0,"",""
ball,1,9.2,England,JJ Roy,JM Bairstow,Mohammed Shami,0,0,"",""
ball,1,9.3,England,JJ Roy,JM Bairstow,Mohammed Shami,0,0,"",""
ball,1,9.4,England,JJ Roy,JM Bairstow,Mohammed Shami,0,0,"",""
ball,1,9.5,England,JJ Roy,JM Bairstow,Mohammed Shami,1,0,"",""
ball,1,9.6,England,JM Bairstow,JJ Roy,Mohammed Shami,0,0,"",""
ball,1,10.1,England,JJ Roy,JM Bairstow,HH Pandya,1,0,"",""
ball,1,10.2,England,JM Bairstow,JJ Roy,HH Pandya,0,0,"",""
ball,1,10.3,England,JM Bairstow,JJ Roy,HH Pandya,0,1,"",""
ball,1,10.4,England,JJ Roy,JM Bairstow,HH Pandya,0,0,"",""
ball,1,10.5,England,JJ Roy,JM Bairstow,HH Pandya,0,1,"",""
ball,1,10.6,England,JJ Roy,JM Bairstow,HH Pandya,6,0,"",""
ball,1,10.7,England,JJ Roy,JM Bairstow,HH Pandya,4,0,"",""
ball,1,11.1,England,JM Bairstow,JJ Roy,YS Chahal,1,0,"",""
ball,1,11.2,England,JJ Roy,JM Bairstow,YS Chahal,0,0,"",""
ball,1,11.3,England,JJ Roy,JM Bairstow,YS Chahal,1,0,"",""
ball,1,11.4,England,JM Bairstow,JJ Roy,YS Chahal,0,0,"",""
ball,1,11.5,England,JM Bairstow,JJ Roy,YS Chahal,0,0,"",""
ball,1,11.6,England,JM Bairstow,JJ Roy,YS Chahal,1,0,"",""
ball,1,12.1,England,JM Bairstow,JJ Roy,HH Pandya,4,0,"",""
ball,1,12.2,England,JM Bairstow,JJ Roy,HH Pandya,4,0,"",""
ball,1,12.3,England,JM Bairstow,JJ Roy,HH Pandya,0,0,"",""
ball,1,12.4,England,JM Bairstow,JJ Roy,HH Pandya,0,1,"",""
ball,1,12.5,England,JJ Roy,JM Bairstow,HH Pandya,1,0,"",""
ball,1,12.6,England,JM Bairstow,JJ Roy,HH Pandya,0,0,"",""
ball,1,13.1,England,JJ Roy,JM Bairstow,YS Chahal,4,0,"",""
ball,1,13.2,England,JJ Roy,JM Bairstow,YS Chahal,1,0,"",""
ball,1,13.3,England,JM Bairstow,JJ Roy,YS Chahal,6,0,"",""
ball,1,13.4,England,JM Bairstow,JJ Roy,YS Chahal,0,0,"",""
ball,1,13.5,England,JM Bairstow,JJ Roy,YS Chahal,0,0,"",""
ball,1,13.6,England,JM Bairstow,JJ Roy,YS Chahal,0,0,"",""
ball,1,14.1,England,JJ Roy,JM Bairstow,Kuldeep Yadav,0,0,"",""
ball,1,14.2,England,JJ Roy,JM Bairstow,Kuldeep Yadav,4,0,"",""
ball,1,14.3,England,JJ Roy,JM Bairstow,Kuldeep Yadav,1,0,"",""
ball,1,14.4,England,JM Bairstow,JJ Roy,Kuldeep Yadav,4,0,"",""
ball,1,14.5,England,JM Bairstow,JJ Roy,Kuldeep Yadav,3,0,"",""
ball,1,14.6,England,JJ Roy,JM Bairstow,Kuldeep Yadav,1,0,"",""
ball,1,15.1,England,JJ Roy,JM Bairstow,YS Chahal,1,0,"",""
ball,1,15.2,England,JM Bairstow,JJ Roy,YS Chahal,0,0,"",""
ball,1,15.3,England,JM Bairstow,JJ Roy,YS Chahal,6,0,"",""
ball,1,15.4,England,JM Bairstow,JJ Roy,YS Chahal,1,0,"",""
ball,1,15.5,England,JJ Roy,JM Bairstow,YS Chahal,1,0,"",""
ball,1,15.6,England,JM Bairstow,JJ Roy,YS Chahal,6,0,"",""
ball,1,16.1,England,JJ Roy,JM Bairstow,Kuldeep Yadav,1,0,"",""
ball,1,16.2,England,JM Bairstow,JJ Roy,Kuldeep Yadav,1,0,"",""
ball,1,16.3,England,JJ Roy,JM Bairstow,Kuldeep Yadav,2,0,"",""
ball,1,16.4,England,JJ Roy,JM Bairstow,Kuldeep Yadav,2,0,"",""
ball,1,16.5,England,JJ Roy,JM Bairstow,Kuldeep Yadav,6,0,"",""
ball,1,16.6,England,JJ Roy,JM Bairstow,Kuldeep Yadav,0,0,"",""
ball,1,17.1,England,JM Bairstow,JJ Roy,YS Chahal,0,0,"",""
ball,1,17.2,England,JM Bairstow,JJ Roy,YS Chahal,0,0,"",""
ball,1,17.3,England,JM Bairstow,JJ Roy,YS Chahal,0,0,"",""
ball,1,17.4,England,JM Bairstow,JJ Roy,YS Chahal,0,0,"",""
ball,1,17.5,England,JM Bairstow,JJ Roy,YS Chahal,0,0,"",""
ball,1,17.6,England,JM Bairstow,JJ Roy,YS Chahal,6,0,"",""
ball,1,18.1,England,JJ Roy,JM Bairstow,Kuldeep Yadav,1,0,"",""
ball,1,18.2,England,JM Bairstow,JJ Roy,Kuldeep Yadav,1,0,"",""
ball,1,18.3,England,JJ Roy,JM Bairstow,Kuldeep Yadav,0,0,"",""
ball,1,18.4,England,JJ Roy,JM Bairstow,Kuldeep Yadav,1,0,"",""
ball,1,18.5,England,JM Bairstow,JJ Roy,Kuldeep Yadav,6,0,"",""
ball,1,18.6,England,JM Bairstow,JJ Roy,Kuldeep Yadav,2,0,"",""
ball,1,19.1,England,JJ Roy,JM Bairstow,HH Pandya,2,0,"",""
ball,1,19.2,England,JJ Roy,JM Bairstow,HH Pandya,0,0,"",""
ball,1,19.3,England,JJ Roy,JM Bairstow,HH Pandya,0,0,"",""
ball,1,19.4,England,JJ Roy,JM Bairstow,HH Pandya,0,0,"",""
ball,1,19.5,England,JJ Roy,JM Bairstow,HH Pandya,1,0,"",""
ball,1,19.6,England,JM Bairstow,JJ Roy,HH Pandya,1,0,"",""
ball,1,20.1,England,JM Bairstow,JJ Roy,Kuldeep Yadav,6,0,"",""
ball,1,20.2,England,JM Bairstow,JJ Roy,Kuldeep Yadav,2,0,"",""
ball,1,20.3,England,JM Bairstow,JJ Roy,Kuldeep Yadav,1,0,"",""
ball,1,20.4,England,JJ Roy,JM Bairstow,Kuldeep Yadav,1,0,"",""
ball,1,20.5,England,JM Bairstow,JJ Roy,Kuldeep Yadav,0,0,"",""
ball,1,20.6,England,JM Bairstow,JJ Roy,Kuldeep Yadav,0,0,"",""
ball,1,21.1,England,JJ Roy,JM Bairstow,HH Pandya,0,0,"",""
ball,1,21.2,England,JJ Roy,JM Bairstow,HH Pandya,1,0,"",""
ball,1,21.3,England,JM Bairstow,JJ Roy,HH Pandya,1,0,"",""
ball,1,21.4,England,JJ Roy,JM Bairstow,HH Pandya,1,0,"",""
ball,1,21.5,England,JM Bairstow,JJ Roy,HH Pandya,1,0,"",""
ball,1,21.6,England,JJ Roy,JM Bairstow,HH Pandya,1,0,"",""
ball,1,22.1,England,JJ Roy,JM Bairstow,Kuldeep Yadav,0,0,caught,JJ Roy
ball,1,22.2,England,JE Root,JM Bairstow,Kuldeep Yadav,1,0,"",""
ball,1,22.3,England,JM Bairstow,JE Root,Kuldeep Yadav,0,0,"",""
ball,1,22.4,England,JM Bairstow,JE Root,Kuldeep Yadav,0,0,"",""
ball,1,22.5,England,JM Bairstow,JE Root,Kuldeep Yadav,1,0,"",""
ball,1,22.6,England,JE Root,JM Bairstow,Kuldeep Yadav,1,0,"",""
ball,1,23.1,England,JE Root,JM Bairstow,JJ Bumrah,1,0,"",""
ball,1,23.2,England,JM Bairstow,JE Root,JJ Bumrah,1,0,"",""
ball,1,23.3,England,JE Root,JM Bairstow,JJ Bumrah,2,0,"",""
ball,1,23.4,England,JE Root,JM Bairstow,JJ Bumrah,1,0,"",""
ball,1,23.5,England,JM Bairstow,JE Root,JJ Bumrah,1,0,"",""
ball,1,23.6,England,JE Root,JM Bairstow,JJ Bumrah,4,0,"",""
ball,1,24.1,England,JM Bairstow,JE Root,Kuldeep Yadav,0,0,"",""
ball,1,24.2,England,JM Bairstow,JE Root,Kuldeep Yadav,4,0,"",""
ball,1,24.3,England,JM Bairstow,JE Root,Kuldeep Yadav,1,0,"",""
ball,1,24.4,England,JE Root,JM Bairstow,Kuldeep Yadav,1,0,"",""
ball,1,24.5,England,JM Bairstow,JE Root,Kuldeep Yadav,0,0,"",""
ball,1,24.6,England,JM Bairstow,JE Root,Kuldeep Yadav,1,0,"",""
ball,1,25.1,England,JM Bairstow,JE Root,HH Pandya,0,0,"",""
ball,1,25.2,England,JM Bairstow,JE Root,HH Pandya,1,0,"",""
ball,1,25.3,England,JE Root,JM Bairstow,HH Pandya,0,0,"",""
ball,1,25.4,England,JE Root,JM Bairstow,HH Pandya,1,0,"",""
ball,1,25.5,England,JM Bairstow,JE Root,HH Pandya,0,0,"",""
ball,1,25.6,England,JM Bairstow,JE Root,HH Pandya,1,0,"",""
ball,1,26.1,England,JM Bairstow,JE Root,Kuldeep Yadav,0,0,"",""
ball,1,26.2,England,JM Bairstow,JE Root,Kuldeep Yadav,0,0,"",""
ball,1,26.3,England,JM Bairstow,JE Root,Kuldeep Yadav,4,0,"",""
ball,1,26.4,England,JM Bairstow,JE Root,Kuldeep Yadav,0,0,"",""
ball,1,26.5,England,JM Bairstow,JE Root,Kuldeep Yadav,0,0,"",""
ball,1,26.6,England,JM Bairstow,JE Root,Kuldeep Yadav,4,0,"",""
ball,1,27.1,England,JE Root,JM Bairstow,HH Pandya,1,0,"",""
ball,1,27.2,England,JM Bairstow,JE Root,HH Pandya,0,0,"",""
ball,1,27.3,England,JM Bairstow,JE Root,HH Pandya,1,0,"",""
ball,1,27.4,England,JE Root,JM Bairstow,HH Pandya,1,0,"",""
ball,1,27.5,England,JM Bairstow,JE Root,HH Pandya,0,0,"",""
ball,1,27.6,England,JM Bairstow,JE Root,HH Pandya,0,0,"",""
ball,1,28.1,England,JE Root,JM Bairstow,Kuldeep Yadav,0,0,"",""
ball,1,28.2,England,JE Root,JM Bairstow,Kuldeep Yadav,2,0,"",""
ball,1,28.3,England,JE Root,JM Bairstow,Kuldeep Yadav,0,0,"",""
ball,1,28.4,England,JE Root,JM Bairstow,Kuldeep Yadav,0,0,"",""
ball,1,28.5,England,JE Root,JM Bairstow,Kuldeep Yadav,0,0,"",""
ball,1,28.6,England,JE Root,JM Bairstow,Kuldeep Yadav,0,0,"",""
ball,1,29.1,England,JM Bairstow,JE Root,HH Pandya,1,0,"",""
ball,1,29.2,England,JE Root,JM Bairstow,HH Pandya,0,0,"",""
ball,1,29.3,England,JE Root,JM Bairstow,HH Pandya,2,0,"",""
ball,1,29.4,England,JE Root,JM Bairstow,HH Pandya,1,0,"",""
ball,1,29.5,England,JM Bairstow,JE Root,HH Pandya,1,0,"",""
ball,1,29.6,England,JE Root,JM Bairstow,HH Pandya,1,0,"",""
ball,1,30.1,England,JE Root,JM Bairstow,YS Chahal,1,0,"",""
ball,1,30.2,England,JM Bairstow,JE Root,YS Chahal,0,0,"",""
ball,1,30.3,England,JM Bairstow,JE Root,YS Chahal,0,1,"",""
ball,1,30.4,England,JM Bairstow,JE Root,YS Chahal,0,0,"",""
ball,1,30.5,England,JM Bairstow,JE Root,YS Chahal,0,0,"",""
ball,1,30.6,England,JM Bairstow,JE Root,YS Chahal,0,0,"",""
ball,1,30.7,England,JM Bairstow,JE Root,YS Chahal,0,0,"",""
ball,1,31.1,England,JE Root,JM Bairstow,Mohammed Shami,0,0,"",""
ball,1,31.2,England,JE Root,JM Bairstow,Mohammed Shami,1,0,"",""
ball,1,31.3,England,JM Bairstow,JE Root,Mohammed Shami,0,0,"",""
ball,1,31.4,England,JM Bairstow,JE Root,Mohammed Shami,0,0,caught,JM Bairstow
ball,1,31.5,England,EJG Morgan,JE Root,Mohammed Shami,0,0,"",""
ball,1,31.6,England,EJG Morgan,JE Root,Mohammed Shami,0,0,"",""
ball,1,32.1,England,JE Root,EJG Morgan,Kuldeep Yadav,0,0,"",""
ball,1,32.2,England,JE Root,EJG Morgan,Kuldeep Yadav,0,0,"",""
ball,1,32.3,England,JE Root,EJG Morgan,Kuldeep Yadav,1,0,"",""
ball,1,32.4,England,EJG Morgan,JE Root,Kuldeep Yadav,0,0,"",""
ball,1,32.5,England,EJG Morgan,JE Root,Kuldeep Yadav,0,0,"",""
ball,1,32.6,England,EJG Morgan,JE Root,Kuldeep Yadav,1,0,"",""
ball,1,33.1,England,EJG Morgan,JE Root,Mohammed Shami,0,0,"",""
ball,1,33.2,England,EJG Morgan,JE Root,Mohammed Shami,0,0,"",""
ball,1,33.3,England,EJG Morgan,JE Root,Mohammed Shami,0,0,"",""
ball,1,33.4,England,EJG Morgan,JE Root,Mohammed Shami,0,0,caught,EJG Morgan
ball,1,33.5,England,JE Root,BA Stokes,Mohammed Shami,0,0,"",""
ball,1,33.6,England,JE Root,BA Stokes,Mohammed Shami,0,0,"",""
ball,1,34.1,England,BA Stokes,JE Root,Kuldeep Yadav,0,0,"",""
ball,1,34.2,England,BA Stokes,JE Root,Kuldeep Yadav,1,0,"",""
ball,1,34.3,England,JE Root,BA Stokes,Kuldeep Yadav,1,0,"",""
ball,1,34.4,England,BA Stokes,JE Root,Kuldeep Yadav,0,0,"",""
ball,1,34.5,England,BA Stokes,JE Root,Kuldeep Yadav,1,0,"",""
ball,1,34.6,England,JE Root,BA Stokes,Kuldeep Yadav,1,0,"",""
ball,1,35.1,England,JE Root,BA Stokes,Mohammed Shami,0,0,"",""
ball,1,35.2,England,JE Root,BA Stokes,Mohammed Shami,0,0,"",""
ball,1,35.3,England,JE Root,BA Stokes,Mohammed Shami,1,0,"",""
ball,1,35.4,England,BA Stokes,JE Root,Mohammed Shami,0,0,"",""
ball,1,35.5,England,BA Stokes,JE Root,Mohammed Shami,0,0,"",""
ball,1,35.6,England,BA Stokes,JE Root,Mohammed Shami,1,0,"",""
ball,1,36.1,England,BA Stokes,JE Root,HH Pandya,0,0,"",""
ball,1,36.2,England,BA Stokes,JE Root,HH Pandya,0,0,"",""
ball,1,36.3,England,BA Stokes,JE Root,HH Pandya,1,0,"",""
ball,1,36.4,England,JE Root,BA Stokes,HH Pandya,1,0,"",""
ball,1,36.5,England,BA Stokes,JE Root,HH Pandya,1,0,"",""
ball,1,36.6,England,JE Root,BA Stokes,HH Pandya,0,0,"",""
ball,1,37.1,England,BA Stokes,JE Root,YS Chahal,0,0,"",""
ball,1,37.2,England,BA Stokes,JE Root,YS Chahal,0,0,"",""
ball,1,37.3,England,BA Stokes,JE Root,YS Chahal,4,0,"",""
ball,1,37.4,England,BA Stokes,JE Root,YS Chahal,2,0,"",""
ball,1,37.5,England,BA Stokes,JE Root,YS Chahal,2,0,"",""
ball,1,37.6,England,BA Stokes,JE Root,YS Chahal,0,0,"",""
ball,1,38.1,England,JE Root,BA Stokes,HH Pandya,0,0,"",""
ball,1,38.2,England,JE Root,BA Stokes,HH Pandya,2,0,"",""
ball,1,38.3,England,JE Root,BA Stokes,HH Pandya,1,0,"",""
ball,1,38.4,England,BA Stokes,JE Root,HH Pandya,1,0,"",""
ball,1,38.5,England,JE Root,BA Stokes,HH Pandya,1,0,"",""
ball,1,38.6,England,BA Stokes,JE Root,HH Pandya,1,0,"",""
ball,1,39.1,England,BA Stokes,JE Root,YS Chahal,0,1,"",""
ball,1,39.2,England,BA Stokes,JE Root,YS Chahal,4,0,"",""
ball,1,39.3,England,BA Stokes,JE Root,YS Chahal,1,0,"",""
ball,1,39.4,England,JE Root,BA Stokes,YS Chahal,1,0,"",""
ball,1,39.5,England,BA Stokes,JE Root,YS Chahal,6,0,"",""
ball,1,39.6,England,BA Stokes,JE Root,YS Chahal,1,0,"",""
ball,1,39.7,England,JE Root,BA Stokes,YS Chahal,1,0,"",""
ball,1,40.1,England,JE Root,BA Stokes,JJ Bumrah,1,0,"",""
ball,1,40.2,England,BA Stokes,JE Root,JJ Bumrah,2,0,"",""
ball,1,40.3,England,BA Stokes,JE Root,JJ Bumrah,3,0,"",""
ball,1,40.4,England,JE Root,BA Stokes,JJ Bumrah,0,0,"",""
ball,1,40.5,England,JE Root,BA Stokes,JJ Bumrah,1,0,"",""
ball,1,40.6,England,BA Stokes,JE Root,JJ Bumrah,1,0,"",""
ball,1,41.1,England,BA Stokes,JE Root,YS Chahal,6,0,"",""
ball,1,41.2,England,BA Stokes,JE Root,YS Chahal,1,0,"",""
ball,1,41.3,England,JE Root,BA Stokes,YS Chahal,4,0,"",""
ball,1,41.4,England,JE Root,BA Stokes,YS Chahal,0,0,"",""
ball,1,41.5,England,JE Root,BA Stokes,YS Chahal,0,0,"",""
ball,1,41.6,England,JE Root,BA Stokes,YS Chahal,1,0,"",""
ball,1,42.1,England,JE Root,BA Stokes,JJ Bumrah,1,0,"",""
ball,1,42.2,England,BA Stokes,JE Root,JJ Bumrah,0,0,"",""
ball,1,42.3,England,BA Stokes,JE Root,JJ Bumrah,0,0,"",""
ball,1,42.4,England,BA Stokes,JE Root,JJ Bumrah,0,0,"",""
ball,1,42.5,England,BA Stokes,JE Root,JJ Bumrah,1,0,"",""
ball,1,42.6,England,JE Root,BA Stokes,JJ Bumrah,1,0,"",""
ball,1,43.1,England,JE Root,BA Stokes,HH Pandya,1,0,"",""
ball,1,43.2,England,BA Stokes,JE Root,HH Pandya,4,0,"",""
ball,1,43.3,England,BA Stokes,JE Root,HH Pandya,1,0,"",""
ball,1,43.4,England,JE Root,BA Stokes,HH Pandya,1,0,"",""
ball,1,43.5,England,BA Stokes,JE Root,HH Pandya,2,0,"",""
ball,1,43.6,England,BA Stokes,JE Root,HH Pandya,0,0,"",""
ball,1,44.1,England,JE Root,BA Stokes,Mohammed Shami,0,0,caught,JE Root
ball,1,44.2,England,BA Stokes,JC Buttler,Mohammed Shami,1,0,"",""
ball,1,44.3,England,JC Buttler,BA Stokes,Mohammed Shami,0,0,"",""
ball,1,44.4,England,JC Buttler,BA Stokes,Mohammed Shami,6,0,"",""
ball,1,44.5,England,JC Buttler,BA Stokes,Mohammed Shami,3,0,"",""
ball,1,44.6,England,BA Stokes,JC Buttler,Mohammed Shami,2,0,"",""
ball,1,45.1,England,JC Buttler,BA Stokes,JJ Bumrah,1,0,"",""
ball,1,45.2,England,BA Stokes,JC Buttler,JJ Bumrah,2,0,"",""
ball,1,45.3,England,BA Stokes,JC Buttler,JJ Bumrah,0,0,"",""
ball,1,45.4,England,BA Stokes,JC Buttler,JJ Bumrah,0,0,"",""
ball,1,45.5,England,BA Stokes,JC Buttler,JJ Bumrah,1,0,"",""
ball,1,45.6,England,JC Buttler,BA Stokes,JJ Bumrah,0,0,"",""
ball,1,46.1,England,BA Stokes,JC Buttler,Mohammed Shami,4,0,"",""
ball,1,46.2,England,BA Stokes,JC Buttler,Mohammed Shami,2,0,"",""
ball,1,46.3,England,BA Stokes,JC Buttler,Mohammed Shami,1,0,"",""
ball,1,46.4,England,JC Buttler,BA Stokes,Mohammed Shami,4,0,"",""
ball,1,46.5,England,JC Buttler,BA Stokes,Mohammed Shami,6,0,"",""
ball,1,46.6,England,JC Buttler,BA Stokes,Mohammed Shami,0,0,caught and bowled,JC Buttler
ball,1,47.1,England,CR Woakes,BA Stokes,JJ Bumrah,1,0,"",""
ball,1,47.2,England,BA Stokes,CR Woakes,JJ Bumrah,1,0,"",""
ball,1,47.3,England,CR Woakes,BA Stokes,JJ Bumrah,1,0,"",""
ball,1,47.4,England,BA Stokes,CR Woakes,JJ Bumrah,1,0,"",""
ball,1,47.5,England,CR Woakes,BA Stokes,JJ Bumrah,4,0,"",""
ball,1,47.6,England,CR Woakes,BA Stokes,JJ Bumrah,1,0,"",""
ball,1,48.1,England,CR Woakes,BA Stokes,Mohammed Shami,0,0,caught,CR Woakes
ball,1,48.2,England,BA Stokes,LE Plunkett,Mohammed Shami,4,0,"",""
ball,1,48.3,England,BA Stokes,LE Plunkett,Mohammed Shami,6,0,"",""
ball,1,48.4,England,BA Stokes,LE Plunkett,Mohammed Shami,4,0,"",""
ball,1,48.5,England,BA Stokes,LE Plunkett,Mohammed Shami,1,0,"",""
ball,1,48.6,England,LE Plunkett,BA Stokes,Mohammed Shami,0,0,"",""
ball,1,49.1,England,BA Stokes,LE Plunkett,JJ Bumrah,0,0,"",""
ball,1,49.2,England,BA Stokes,LE Plunkett,JJ Bumrah,1,0,"",""
ball,1,49.3,England,LE Plunkett,BA Stokes,JJ Bumrah,0,1,"",""
ball,1,49.4,England,BA Stokes,LE Plunkett,JJ Bumrah,0,0,caught,BA Stokes
ball,1,49.5,England,LE Plunkett,JC Archer,JJ Bumrah,0,0,"",""
ball,1,49.6,England,LE Plunkett,JC Archer,JJ Bumrah,1,0,"",""
ball,2,0.1,India,KL Rahul,RG Sharma,CR Woakes,0,0,"",""
ball,2,0.2,India,KL Rahul,RG Sharma,CR Woakes,0,0,"",""
ball,2,0.3,India,KL Rahul,RG Sharma,CR Woakes,0,0,"",""
ball,2,0.4,India,KL Rahul,RG Sharma,CR Woakes,0,0,"",""
ball,2,0.5,India,KL Rahul,RG Sharma,CR Woakes,0,0,"",""
ball,2,0.6,India,KL Rahul,RG Sharma,CR Woakes,0,0,"",""
ball,2,1.1,India,RG Sharma,KL Rahul,JC Archer,4,0,"",""
ball,2,1.2,India,RG Sharma,KL Rahul,JC Archer,0,0,"",""
ball,2,1.3,India,RG Sharma,KL Rahul,JC Archer,0,0,"",""
ball,2,1.4,India,RG Sharma,KL Rahul,JC Archer,0,0,"",""
ball,2,1.5,India,RG Sharma,KL Rahul,JC Archer,4,0,"",""
ball,2,1.6,India,RG Sharma,KL Rahul,JC Archer,0,0,"",""
ball,2,2.1,India,KL Rahul,RG Sharma,CR Woakes,0,0,"",""
ball,2,2.2,India,KL Rahul,RG Sharma,CR Woakes,0,0,"",""
ball,2,2.3,India,KL Rahul,RG Sharma,CR Woakes,0,0,caught and bowled,KL Rahul
ball,2,2.4,India,V Kohli,RG Sharma,CR Woakes,0,0,"",""
ball,2,2.5,India,V Kohli,RG Sharma,CR Woakes,0,0,"",""
ball,2,2.6,India,V Kohli,RG Sharma,CR Woakes,0,0,"",""
ball,2,3.1,India,RG Sharma,V Kohli,JC Archer,0,0,"",""
ball,2,3.2,India,RG Sharma,V Kohli,JC Archer,0,0,"",""
ball,2,3.3,India,RG Sharma,V Kohli,JC Archer,0,0,"",""
ball,2,3.4,India,RG Sharma,V Kohli,JC Archer,0,0,"",""
ball,2,3.5,India,RG Sharma,V Kohli,JC Archer,0,0,"",""
ball,2,3.6,India,RG Sharma,V Kohli,JC Archer,1,0,"",""
ball,2,4.1,India,RG Sharma,V Kohli,CR Woakes,0,0,"",""
ball,2,4.2,India,RG Sharma,V Kohli,CR Woakes,0,0,"",""
ball,2,4.3,India,RG Sharma,V Kohli,CR Woakes,0,0,"",""
ball,2,4.4,India,RG Sharma,V Kohli,CR Woakes,0,0,"",""
ball,2,4.5,India,RG Sharma,V Kohli,CR Woakes,0,0,"",""
ball,2,4.6,India,RG Sharma,V Kohli,CR Woakes,0,0,"",""
ball,2,5.1,India,V Kohli,RG Sharma,JC Archer,0,0,"",""
ball,2,5.2,India,V Kohli,RG Sharma,JC Archer,4,0,"",""
ball,2,5.3,India,V Kohli,RG Sharma,JC Archer,4,0,"",""
ball,2,5.4,India,V Kohli,RG Sharma,JC Archer,0,0,"",""
ball,2,5.5,India,V Kohli,RG Sharma,JC Archer,0,0,"",""
ball,2,5.6,India,V Kohli,RG Sharma,JC Archer,0,0,"",""
ball,2,6.1,India,RG Sharma,V Kohli,CR Woakes,1,0,"",""
ball,2,6.2,India,V Kohli,RG Sharma,CR Woakes,0,0,"",""
ball,2,6.3,India,V Kohli,RG Sharma,CR Woakes,0,0,"",""
ball,2,6.4,India,V Kohli,RG Sharma,CR Woakes,0,0,"",""
ball,2,6.5,India,V Kohli,RG Sharma,CR Woakes,0,0,"",""
ball,2,6.6,India,V Kohli,RG Sharma,CR Woakes,2,0,"",""
ball,2,7.1,India,RG Sharma,V Kohli,JC Archer,0,0,"",""
ball,2,7.2,India,RG Sharma,V Kohli,JC Archer,0,0,"",""
ball,2,7.3,India,RG Sharma,V Kohli,JC Archer,1,0,"",""
ball,2,7.4,India,V Kohli,RG Sharma,JC Archer,0,0,"",""
ball,2,7.5,India,V Kohli,RG Sharma,JC Archer,1,0,"",""
ball,2,7.6,India,RG Sharma,V Kohli,JC Archer,0,0,"",""
ball,2,8.1,India,V Kohli,RG Sharma,CR Woakes,4,0,"",""
ball,2,8.2,India,V Kohli,RG Sharma,CR Woakes,0,0,"",""
ball,2,8.3,India,V Kohli,RG Sharma,CR Woakes,0,0,"",""
ball,2,8.4,India,V Kohli,RG Sharma,CR Woakes,1,0,"",""
ball,2,8.5,India,RG Sharma,V Kohli,CR Woakes,0,0,"",""
ball,2,8.6,India,RG Sharma,V Kohli,CR Woakes,0,0,"",""
ball,2,9.1,India,V Kohli,RG Sharma,JC Archer,0,0,"",""
ball,2,9.2,India,V Kohli,RG Sharma,JC Archer,0,0,"",""
ball,2,9.3,India,V Kohli,RG Sharma,JC Archer,0,0,"",""
ball,2,9.4,India,V Kohli,RG Sharma,JC Archer,0,0,"",""
ball,2,9.5,India,V Kohli,RG Sharma,JC Archer,1,0,"",""
ball,2,9.6,India,RG Sharma,V Kohli,JC Archer,0,0,"",""
ball,2,10.1,India,V Kohli,RG Sharma,LE Plunkett,1,0,"",""
ball,2,10.2,India,RG Sharma,V Kohli,LE Plunkett,0,0,"",""
ball,2,10.3,India,RG Sharma,V Kohli,LE Plunkett,1,0,"",""
ball,2,10.4,India,V Kohli,RG Sharma,LE Plunkett,1,0,"",""
ball,2,10.5,India,RG Sharma,V Kohli,LE Plunkett,0,0,"",""
ball,2,10.6,India,RG Sharma,V Kohli,LE Plunkett,0,0,"",""
ball,2,11.1,India,V Kohli,RG Sharma,MA Wood,1,0,"",""
ball,2,11.2,India,RG Sharma,V Kohli,MA Wood,0,0,"",""
ball,2,11.3,India,RG Sharma,V Kohli,MA Wood,4,0,"",""
ball,2,11.4,India,RG Sharma,V Kohli,MA Wood,0,0,"",""
ball,2,11.5,India,RG Sharma,V Kohli,MA Wood,0,0,"",""
ball,2,11.6,India,RG Sharma,V Kohli,MA Wood,4,0,"",""
ball,2,12.1,India,V Kohli,RG Sharma,LE Plunkett,0,0,"",""
ball,2,12.2,India,V Kohli,RG Sharma,LE Plunkett,0,0,"",""
ball,2,12.3,India,V Kohli,RG Sharma,LE Plunkett,1,0,"",""
ball,2,12.4,India,RG Sharma,V Kohli,LE Plunkett,1,0,"",""
ball,2,12.5,India,V Kohli,RG Sharma,LE Plunkett,0,0,"",""
ball,2,12.6,India,V Kohli,RG Sharma,LE Plunkett,1,0,"",""
ball,2,13.1,India,V Kohli,RG Sharma,MA Wood,2,0,"",""
ball,2,13.2,India,V Kohli,RG Sharma,MA Wood,2,0,"",""
ball,2,13.3,India,V Kohli,RG Sharma,MA Wood,0,0,"",""
ball,2,13.4,India,V Kohli,RG Sharma,MA Wood,0,0,"",""
ball,2,13.5,India,V Kohli,RG Sharma,MA Wood,4,0,"",""
ball,2,13.6,India,V Kohli,RG Sharma,MA Wood,0,0,"",""
ball,2,14.1,India,RG Sharma,V Kohli,LE Plunkett,1,0,"",""
ball,2,14.2,India,V Kohli,RG Sharma,LE Plunkett,0,0,"",""
ball,2,14.3,India,V Kohli,RG Sharma,LE Plunkett,1,0,"",""
ball,2,14.4,India,RG Sharma,V Kohli,LE Plunkett,0,0,"",""
ball,2,14.5,India,RG Sharma,V Kohli,LE Plunkett,0,0,"",""
ball,2,14.6,India,RG Sharma,V Kohli,LE Plunkett,0,0,"",""
ball,2,15.1,India,V Kohli,RG Sharma,MA Wood,2,0,"",""
ball,2,15.2,India,V Kohli,RG Sharma,MA Wood,0,0,"",""
ball,2,15.3,India,V Kohli,RG Sharma,MA Wood,1,0,"",""
ball,2,15.4,India,RG Sharma,V Kohli,MA Wood,1,0,"",""
ball,2,15.5,India,V Kohli,RG Sharma,MA Wood,0,0,"",""
ball,2,15.6,India,V Kohli,RG Sharma,MA Wood,0,0,"",""
ball,2,16.1,India,RG Sharma,V Kohli,LE Plunkett,1,0,"",""
ball,2,16.2,India,V Kohli,RG Sharma,LE Plunkett,4,0,"",""
ball,2,16.3,India,V Kohli,RG Sharma,LE Plunkett,0,0,"",""
ball,2,16.4,India,V Kohli,RG Sharma,LE Plunkett,1,0,"",""
ball,2,16.5,India,RG Sharma,V Kohli,LE Plunkett,4,0,"",""
ball,2,16.6,India,RG Sharma,V Kohli,LE Plunkett,0,0,"",""
ball,2,17.1,India,V Kohli,RG Sharma,MA Wood,0,0,"",""
ball,2,17.2,India,V Kohli,RG Sharma,MA Wood,1,0,"",""
ball,2,17.3,India,RG Sharma,V Kohli,MA Wood,0,0,"",""
ball,2,17.4,India,RG Sharma,V Kohli,MA Wood,1,0,"",""
ball,2,17.5,India,V Kohli,RG Sharma,MA Wood,0,0,"",""
ball,2,17.6,India,V Kohli,RG Sharma,MA Wood,2,0,"",""
ball,2,18.1,India,RG Sharma,V Kohli,AU Rashid,0,0,"",""
ball,2,18.2,India,RG Sharma,V Kohli,AU Rashid,1,0,"",""
ball,2,18.3,India,V Kohli,RG Sharma,AU Rashid,0,0,"",""
ball,2,18.4,India,V Kohli,RG Sharma,AU Rashid,0,0,"",""
ball,2,18.5,India,V Kohli,RG Sharma,AU Rashid,1,0,"",""
ball,2,18.6,India,RG Sharma,V Kohli,AU Rashid,1,0,"",""
ball,2,19.1,India,RG Sharma,V Kohli,BA Stokes,1,0,"",""
ball,2,19.2,India,V Kohli,RG Sharma,BA Stokes,1,0,"",""
ball,2,19.3,India,RG Sharma,V Kohli,BA Stokes,0,0,"",""
ball,2,19.4,India,RG Sharma,V Kohli,BA Stokes,1,0,"",""
ball,2,19.5,India,V Kohli,RG Sharma,BA Stokes,4,0,"",""
ball,2,19.6,India,V Kohli,RG Sharma,BA Stokes,2,0,"",""
ball,2,20.1,India,RG Sharma,V Kohli,AU Rashid,4,0,"",""
ball,2,20.2,India,RG Sharma,V Kohli,AU Rashid,0,0,"",""
ball,2,20.3,India,RG Sharma,V Kohli,AU Rashid,0,0,"",""
ball,2,20.4,India,RG Sharma,V Kohli,AU Rashid,1,0,"",""
ball,2,20.5,India,V Kohli,RG Sharma,AU Rashid,1,0,"",""
ball,2,20.6,India,RG Sharma,V Kohli,AU Rashid,4,0,"",""
ball,2,21.1,India,V Kohli,RG Sharma,BA Stokes,1,0,"",""
ball,2,21.2,India,RG Sharma,V Kohli,BA Stokes,0,0,"",""
ball,2,21.3,India,RG Sharma,V Kohli,BA Stokes,0,0,"",""
ball,2,21.4,India,RG Sharma,V Kohli,BA Stokes,4,0,"",""
ball,2,21.5,India,RG Sharma,V Kohli,BA Stokes,1,0,"",""
ball,2,21.6,India,V Kohli,RG Sharma,BA Stokes,1,0,"",""
ball,2,22.1,India,V Kohli,RG Sharma,AU Rashid,1,0,"",""
ball,2,22.2,India,RG Sharma,V Kohli,AU Rashid,0,0,"",""
ball,2,22.3,India,RG Sharma,V Kohli,AU Rashid,1,0,"",""
ball,2,22.4,India,V Kohli,RG Sharma,AU Rashid,1,0,"",""
ball,2,22.5,India,RG Sharma,V Kohli,AU Rashid,0,0,"",""
ball,2,22.6,India,RG Sharma,V Kohli,AU Rashid,4,0,"",""
ball,2,23.1,India,V Kohli,RG Sharma,BA Stokes,1,0,"",""
ball,2,23.2,India,RG Sharma,V Kohli,BA Stokes,2,0,"",""
ball,2,23.3,India,RG Sharma,V Kohli,BA Stokes,1,0,"",""
ball,2,23.4,India,V Kohli,RG Sharma,BA Stokes,0,0,"",""
ball,2,23.5,India,V Kohli,RG Sharma,BA Stokes,1,0,"",""
ball,2,23.6,India,RG Sharma,V Kohli,BA Stokes,0,0,"",""
ball,2,24.1,India,V Kohli,RG Sharma,AU Rashid,4,0,"",""
ball,2,24.2,India,V Kohli,RG Sharma,AU Rashid,1,0,"",""
ball,2,24.3,India,RG Sharma,V Kohli,AU Rashid,1,0,"",""
ball,2,24.4,India,V Kohli,RG Sharma,AU Rashid,1,0,"",""
ball,2,24.5,India,RG Sharma,V Kohli,AU Rashid,0,0,"",""
ball,2,24.6,India,RG Sharma,V Kohli,AU Rashid,1,0,"",""
ball,2,25.1,India,RG Sharma,V Kohli,BA Stokes,4,0,"",""
ball,2,25.2,India,RG Sharma,V Kohli,BA Stokes,4,0,"",""
ball,2,25.3,India,RG Sharma,V Kohli,BA Stokes,4,0,"",""
ball,2,25.4,India,RG Sharma,V Kohli,BA Stokes,0,0,"",""
ball,2,25.5,India,RG Sharma,V Kohli,BA Stokes,0,0,"",""
ball,2,25.6,India,RG Sharma,V Kohli,BA Stokes,1,0,"",""
ball,2,26.1,India,RG Sharma,V Kohli,AU Rashid,4,0,"",""
ball,2,26.2,India,RG Sharma,V Kohli,AU Rashid,1,0,"",""
ball,2,26.3,India,V Kohli,RG Sharma,AU Rashid,1,0,"",""
ball,2,26.4,India,RG Sharma,V Kohli,AU Rashid,0,1,"",""
ball,2,26.5,India,RG Sharma,V Kohli,AU Rashid,0,0,"",""
ball,2,26.6,India,RG Sharma,V Kohli,AU Rashid,0,0,"",""
ball,2,26.7,India,RG Sharma,V Kohli,AU Rashid,0,0,"",""
ball,2,27.1,India,V Kohli,RG Sharma,JC Archer,0,0,"",""
ball,2,27.2,India,V Kohli,RG Sharma,JC Archer,0,0,"",""
ball,2,27.3,India,V Kohli,RG Sharma,JC Archer,1,0,"",""
ball,2,27.4,India,RG Sharma,V Kohli,JC Archer,1,0,"",""
ball,2,27.5,India,V Kohli,RG Sharma,JC Archer,1,0,"",""
ball,2,27.6,India,RG Sharma,V Kohli,JC Archer,1,0,"",""
ball,2,28.1,India,RG Sharma,V Kohli,LE Plunkett,0,1,"",""
ball,2,28.2,India,RG Sharma,V Kohli,LE Plunkett,1,0,"",""
ball,2,28.3,India,V Kohli,RG Sharma,LE Plunkett,0,0,caught,V Kohli
ball,2,28.4,India,RR Pant,RG Sharma,LE Plunkett,0,0,"",""
ball,2,28.5,India,RR Pant,RG Sharma,LE Plunkett,0,1,"",""
ball,2,28.6,India,RG Sharma,RR Pant,LE Plunkett,0,0,"",""
ball,2,28.7,India,RG Sharma,RR Pant,LE Plunkett,1,0,"",""
ball,2,29.1,India,RG Sharma,RR Pant,JC Archer,0,0,"",""
ball,2,29.2,India,RG Sharma,RR Pant,JC Archer,0,0,"",""
ball,2,29.3,India,RG Sharma,RR Pant,JC Archer,0,0,"",""
ball,2,29.4,India,RG Sharma,RR Pant,JC Archer,0,0,"",""
ball,2,29.5,India,RG Sharma,RR Pant,JC Archer,1,0,"",""
ball,2,29.6,India,RR Pant,RG Sharma,JC Archer,3,0,"",""
ball,2,30.1,India,RR Pant,RG Sharma,LE Plunkett,1,0,"",""
ball,2,30.2,India,RG Sharma,RR Pant,LE Plunkett,0,0,"",""
ball,2,30.3,India,RG Sharma,RR Pant,LE Plunkett,1,0,"",""
ball,2,30.4,India,RR Pant,RG Sharma,LE Plunkett,0,0,"",""
ball,2,30.5,India,RR Pant,RG Sharma,LE Plunkett,0,0,"",""
ball,2,30.6,India,RR Pant,RG Sharma,LE Plunkett,0,1,"",""
ball,2,30.7,India,RR Pant,RG Sharma,LE Plunkett,0,0,"",""
ball,2,31.1,India,RG Sharma,RR Pant,MA Wood,4,0,"",""
ball,2,31.2,India,RG Sharma,RR Pant,MA Wood,4,0,"",""
ball,2,31.3,India,RG Sharma,RR Pant,MA Wood,1,0,"",""
ball,2,31.4,India,RR Pant,RG Sharma,MA Wood,0,0,"",""
ball,2,31.5,India,RR Pant,RG Sharma,MA Wood,1,0,"",""
ball,2,31.6,India,RG Sharma,RR Pant,MA Wood,1,0,"",""
ball,2,32.1,India,RG Sharma,RR Pant,LE Plunkett,2,0,"",""
ball,2,32.2,India,RG Sharma,RR Pant,LE Plunkett,1,0,"",""
ball,2,32.3,India,RR Pant,RG Sharma,LE Plunkett,2,0,"",""
ball,2,32.4,India,RR Pant,RG Sharma,LE Plunkett,4,0,"",""
ball,2,32.5,India,RR Pant,RG Sharma,LE Plunkett,1,0,"",""
ball,2,32.6,India,RG Sharma,RR Pant,LE Plunkett,1,0,"",""
ball,2,33.1,India,RG Sharma,RR Pant,MA Wood,1,0,"",""
ball,2,33.2,India,RR Pant,RG Sharma,MA Wood,1,0,"",""
ball,2,33.3,India,RG Sharma,RR Pant,MA Wood,1,0,"",""
ball,2,33.4,India,RR Pant,RG Sharma,MA Wood,1,0,"",""
ball,2,33.5,India,RG Sharma,RR Pant,MA Wood,1,0,"",""
ball,2,33.6,India,RR Pant,RG Sharma,MA Wood,1,0,"",""
ball,2,34.1,India,RR Pant,RG Sharma,LE Plunkett,0,0,"",""
ball,2,34.2,India,RR Pant,RG Sharma,LE Plunkett,1,0,"",""
ball,2,34.3,India,RG Sharma,RR Pant,LE Plunkett,0,0,"",""
ball,2,34.4,India,RG Sharma,RR Pant,LE Plunkett,2,0,"",""
ball,2,34.5,India,RG Sharma,RR Pant,LE Plunkett,1,0,"",""
ball,2,34.6,India,RR Pant,RG Sharma,LE Plunkett,1,0,"",""
ball,2,35.1,India,RR Pant,RG Sharma,MA Wood,0,0,"",""
ball,2,35.2,India,RR Pant,RG Sharma,MA Wood,0,0,"",""
ball,2,35.3,India,RR Pant,RG Sharma,MA Wood,4,0,"",""
ball,2,35.4,India,RR Pant,RG Sharma,MA Wood,1,0,"",""
ball,2,35.5,India,RG Sharma,RR Pant,MA Wood,1,0,"",""
ball,2,35.6,India,RR Pant,RG Sharma,MA Wood,4,0,"",""
ball,2,36.1,India,RG Sharma,RR Pant,CR Woakes,0,0,caught,RG Sharma
ball,2,36.2,India,HH Pandya,RR Pant,CR Woakes,3,0,"",""
ball,2,36.3,India,RR Pant,HH Pandya,CR Woakes,1,0,"",""
ball,2,36.4,India,HH Pandya,RR Pant,CR Woakes,0,0,"",""
ball,2,36.5,India,HH Pandya,RR Pant,CR Woakes,0,0,"",""
ball,2,36.6,India,HH Pandya,RR Pant,CR Woakes,2,0,"",""
ball,2,37.1,India,RR Pant,HH Pandya,MA Wood,0,0,"",""
ball,2,37.2,India,RR Pant,HH Pandya,MA Wood,1,0,"",""
ball,2,37.3,India,HH Pandya,RR Pant,MA Wood,0,0,"",""
ball,2,37.4,India,HH Pandya,RR Pant,MA Wood,1,0,"",""
ball,2,37.5,India,RR Pant,HH Pandya,MA Wood,0,0,"",""
ball,2,37.6,India,RR Pant,HH Pandya,MA Wood,4,0,"",""
ball,2,38.1,India,HH Pandya,RR Pant,CR Woakes,0,0,"",""
ball,2,38.2,India,HH Pandya,RR Pant,CR Woakes,4,0,"",""
ball,2,38.3,India,HH Pandya,RR Pant,CR Woakes,4,0,"",""
ball,2,38.4,India,HH Pandya,RR Pant,CR Woakes,4,0,"",""
ball,2,38.5,India,HH Pandya,RR Pant,CR Woakes,2,0,"",""
ball,2,38.6,India,HH Pandya,RR Pant,CR Woakes,2,0,"",""
ball,2,39.1,India,RR Pant,HH Pandya,LE Plunkett,0,0,caught,RR Pant
ball,2,39.2,India,HH Pandya,MS Dhoni,LE Plunkett,2,0,"",""
ball,2,39.3,India,HH Pandya,MS Dhoni,LE Plunkett,0,1,"",""
ball,2,39.4,India,HH Pandya,MS Dhoni,LE Plunkett,2,0,"",""
ball,2,39.5,India,HH Pandya,MS Dhoni,LE Plunkett,2,0,"",""
ball,2,39.6,India,HH Pandya,MS Dhoni,LE Plunkett,1,0,"",""
ball,2,39.7,India,MS Dhoni,HH Pandya,LE Plunkett,0,0,"",""
ball,2,40.1,India,HH Pandya,MS Dhoni,CR Woakes,0,0,"",""
ball,2,40.2,India,HH Pandya,MS Dhoni,CR Woakes,1,0,"",""
ball,2,40.3,India,MS Dhoni,HH Pandya,CR Woakes,1,0,"",""
ball,2,40.4,India,HH Pandya,MS Dhoni,CR Woakes,2,0,"",""
ball,2,40.5,India,HH Pandya,MS Dhoni,CR Woakes,4,0,"",""
ball,2,40.6,India,HH Pandya,MS Dhoni,CR Woakes,1,0,"",""
ball,2,41.1,India,HH Pandya,MS Dhoni,AU Rashid,1,0,"",""
ball,2,41.2,India,MS Dhoni,HH Pandya,AU Rashid,0,0,"",""
ball,2,41.3,India,MS Dhoni,HH Pandya,AU Rashid,1,0,"",""
ball,2,41.4,India,HH Pandya,MS Dhoni,AU Rashid,1,0,"",""
ball,2,41.5,India,MS Dhoni,HH Pandya,AU Rashid,1,0,"",""
ball,2,41.6,India,HH Pandya,MS Dhoni,AU Rashid,1,0,"",""
ball,2,42.1,India,HH Pandya,MS Dhoni,CR Woakes,1,0,"",""
ball,2,42.2,India,MS Dhoni,HH Pandya,CR Woakes,4,0,"",""
ball,2,42.3,India,MS Dhoni,HH Pandya,CR Woakes,0,0,"",""
ball,2,42.4,India,MS Dhoni,HH Pandya,CR Woakes,1,0,"",""
ball,2,42.5,India,HH Pandya,MS Dhoni,CR Woakes,1,0,"",""
ball,2,42.6,India,MS Dhoni,HH Pandya,CR Woakes,0,0,"",""
ball,2,43.1,India,HH Pandya,MS Dhoni,JC Archer,0,0,"",""
ball,2,43.2,India,HH Pandya,MS Dhoni,JC Archer,1,0,"",""
ball,2,43.3,India,MS Dhoni,HH Pandya,JC Archer,2,0,"",""
ball,2,43.4,India,MS Dhoni,HH Pandya,JC Archer,1,0,"",""
ball,2,43.5,India,HH Pandya,MS Dhoni,JC Archer,0,0,"",""
ball,2,43.6,India,HH Pandya,MS Dhoni,JC Archer,1,0,"",""
ball,2,44.1,India,HH Pandya,MS Dhoni,LE Plunkett,0,0,"",""
ball,2,44.2,India,HH Pandya,MS Dhoni,LE Plunkett,1,0,"",""
ball,2,44.3,India,MS Dhoni,HH Pandya,LE Plunkett,4,0,"",""
ball,2,44.4,India,MS Dhoni,HH Pandya,LE Plunkett,0,1,"",""
ball,2,44.5,India,MS Dhoni,HH Pandya,LE Plunkett,1,0,"",""
ball,2,44.6,India,HH Pandya,MS Dhoni,LE Plunkett,0,0,caught,HH Pandya
ball,2,44.7,India,KM Jadhav,MS Dhoni,LE Plunkett,0,0,"",""
ball,2,45.1,India,MS Dhoni,KM Jadhav,MA Wood,1,0,"",""
ball,2,45.2,India,KM Jadhav,MS Dhoni,MA Wood,1,0,"",""
ball,2,45.3,India,MS Dhoni,KM Jadhav,MA Wood,4,0,"",""
ball,2,45.4,India,MS Dhoni,KM Jadhav,MA Wood,1,0,"",""
ball,2,45.5,India,KM Jadhav,MS Dhoni,MA Wood,1,0,"",""
ball,2,45.6,India,MS Dhoni,KM Jadhav,MA Wood,1,0,"",""
ball,2,46.1,India,MS Dhoni,KM Jadhav,JC Archer,1,0,"",""
ball,2,46.2,India,KM Jadhav,MS Dhoni,JC Archer,1,0,"",""
ball,2,46.3,India,MS Dhoni,KM Jadhav,JC Archer,1,0,"",""
ball,2,46.4,India,KM Jadhav,MS Dhoni,JC Archer,0,0,"",""
ball,2,46.5,India,KM Jadhav,MS Dhoni,JC Archer,1,0,"",""
ball,2,46.6,India,MS Dhoni,KM Jadhav,JC Archer,1,0,"",""
ball,2,47.1,India,MS Dhoni,KM Jadhav,MA Wood,1,0,"",""
ball,2,47.2,India,KM Jadhav,MS Dhoni,MA Wood,1,0,"",""
ball,2,47.3,India,MS Dhoni,KM Jadhav,MA Wood,1,0,"",""
ball,2,47.4,India,KM Jadhav,MS Dhoni,MA Wood,1,0,"",""
ball,2,47.5,India,MS Dhoni,KM Jadhav,MA Wood,0,1,"",""
ball,2,47.6,India,MS Dhoni,KM Jadhav,MA Wood,0,0,"",""
ball,2,47.7,India,MS Dhoni,KM Jadhav,MA Wood,1,0,"",""
ball,2,48.1,India,MS Dhoni,KM Jadhav,JC Archer,0,0,"",""
ball,2,48.2,India,MS Dhoni,KM Jadhav,JC Archer,4,0,"",""
ball,2,48.3,India,MS Dhoni,KM Jadhav,JC Archer,1,0,"",""
ball,2,48.4,India,KM Jadhav,MS Dhoni,JC Archer,1,0,"",""
ball,2,48.5,India,MS Dhoni,KM Jadhav,JC Archer,1,0,"",""
ball,2,48.6,India,KM Jadhav,MS Dhoni,JC Archer,0,0,"",""
ball,2,49.1,India,MS Dhoni,KM Jadhav,CR Woakes,6,0,"",""
ball,2,49.2,India,MS Dhoni,KM Jadhav,CR Woakes,0,0,"",""
ball,2,49.3,India,MS Dhoni,KM Jadhav,CR Woakes,1,0,"",""
ball,2,49.4,India,KM Jadhav,MS Dhoni,CR Woakes,4,0,"",""
ball,2,49.5,India,KM Jadhav,MS Dhoni,CR Woakes,0,0,"",""
ball,2,49.6,India,KM Jadhav,MS Dhoni,CR Woakes,1,0,"",""
