version,1.3.0
info,team,Bangladesh
info,team,West Indies
info,gender,male
info,season,2019
info,date,2019/06/17
info,competition,World Cup
info,match_number,23
info,venue,The Cooper Associates County Ground
info,city,Taunton
info,toss_winner,Bangladesh
info,toss_decision,field
info,player_of_match,Shakib Al Hasan
info,umpire,RJ Tucker
info,umpire,S Ravi
info,reserve_umpire,HDPK Dharmasena
info,tv_umpire,P Wilson
info,match_referee,DC Boon
info,winner,Bangladesh
info,winner_wickets,7
ball,1,0.1,West Indies,CH Gayle,E Lewis,Mashrafe Mortaza,0,0,"",""
ball,1,0.2,West Indies,CH Gayle,E Lewis,Mashrafe Mortaza,0,0,"",""
ball,1,0.3,West Indies,CH Gayle,E Lewis,Mashrafe Mortaza,0,0,"",""
ball,1,0.4,West Indies,CH Gayle,E Lewis,Mashrafe Mortaza,0,0,"",""
ball,1,0.5,West Indies,CH Gayle,E Lewis,Mashrafe Mortaza,0,0,"",""
ball,1,0.6,West Indies,CH Gayle,E Lewis,Mashrafe Mortaza,0,0,"",""
ball,1,1.1,West Indies,E Lewis,CH Gayle,Mohammad Saifuddin,1,0,"",""
ball,1,1.2,West Indies,CH Gayle,E Lewis,Mohammad Saifuddin,0,1,"",""
ball,1,1.3,West Indies,CH Gayle,E Lewis,Mohammad Saifuddin,0,0,"",""
ball,1,1.4,West Indies,CH Gayle,E Lewis,Mohammad Saifuddin,0,0,"",""
ball,1,1.5,West Indies,CH Gayle,E Lewis,Mohammad Saifuddin,0,0,"",""
ball,1,1.6,West Indies,CH Gayle,E Lewis,Mohammad Saifuddin,0,0,"",""
ball,1,1.7,West Indies,CH Gayle,E Lewis,Mohammad Saifuddin,0,0,"",""
ball,1,2.1,West Indies,E Lewis,CH Gayle,Mashrafe Mortaza,0,0,"",""
ball,1,2.2,West Indies,E Lewis,CH Gayle,Mashrafe Mortaza,4,0,"",""
ball,1,2.3,West Indies,E Lewis,CH Gayle,Mashrafe Mortaza,0,0,"",""
ball,1,2.4,West Indies,E Lewis,CH Gayle,Mashrafe Mortaza,0,0,"",""
ball,1,2.5,West Indies,E Lewis,CH Gayle,Mashrafe Mortaza,0,0,"",""
ball,1,2.6,West Indies,E Lewis,CH Gayle,Mashrafe Mortaza,0,0,"",""
ball,1,3.1,West Indies,CH Gayle,E Lewis,Mohammad Saifuddin,0,0,"",""
ball,1,3.2,West Indies,CH Gayle,E Lewis,Mohammad Saifuddin,0,0,caught,CH Gayle
ball,1,3.3,West Indies,SD Hope,E Lewis,Mohammad Saifuddin,0,0,"",""
ball,1,3.4,West Indies,SD Hope,E Lewis,Mohammad Saifuddin,0,0,"",""
ball,1,3.5,West Indies,SD Hope,E Lewis,Mohammad Saifuddin,0,0,"",""
ball,1,3.6,West Indies,SD Hope,E Lewis,Mohammad Saifuddin,0,0,"",""
ball,1,4.1,West Indies,E Lewis,SD Hope,Mashrafe Mortaza,0,0,"",""
ball,1,4.2,West Indies,E Lewis,SD Hope,Mashrafe Mortaza,0,0,"",""
ball,1,4.3,West Indies,E Lewis,SD Hope,Mashrafe Mortaza,0,0,"",""
ball,1,4.4,West Indies,E Lewis,SD Hope,Mashrafe Mortaza,1,0,"",""
ball,1,4.5,West Indies,SD Hope,E Lewis,Mashrafe Mortaza,0,0,"",""
ball,1,4.6,West Indies,SD Hope,E Lewis,Mashrafe Mortaza,0,1,"",""
ball,1,5.1,West Indies,SD Hope,E Lewis,Mohammad Saifuddin,0,0,"",""
ball,1,5.2,West Indies,SD Hope,E Lewis,Mohammad Saifuddin,4,0,"",""
ball,1,5.3,West Indies,SD Hope,E Lewis,Mohammad Saifuddin,0,0,"",""
ball,1,5.4,West Indies,SD Hope,E Lewis,Mohammad Saifuddin,1,0,"",""
ball,1,5.5,West Indies,E Lewis,SD Hope,Mohammad Saifuddin,4,0,"",""
ball,1,5.6,West Indies,E Lewis,SD Hope,Mohammad Saifuddin,1,0,"",""
ball,1,6.1,West Indies,E Lewis,SD Hope,Mashrafe Mortaza,0,0,"",""
ball,1,6.2,West Indies,E Lewis,SD Hope,Mashrafe Mortaza,1,0,"",""
ball,1,6.3,West Indies,SD Hope,E Lewis,Mashrafe Mortaza,0,0,"",""
ball,1,6.4,West Indies,SD Hope,E Lewis,Mashrafe Mortaza,1,0,"",""
ball,1,6.5,West Indies,E Lewis,SD Hope,Mashrafe Mortaza,0,0,"",""
ball,1,6.6,West Indies,E Lewis,SD Hope,Mashrafe Mortaza,1,0,"",""
ball,1,7.1,West Indies,E Lewis,SD Hope,Mustafizur Rahman,0,0,"",""
ball,1,7.2,West Indies,E Lewis,SD Hope,Mustafizur Rahman,0,1,"",""
ball,1,7.3,West Indies,E Lewis,SD Hope,Mustafizur Rahman,0,0,"",""
ball,1,7.4,West Indies,E Lewis,SD Hope,Mustafizur Rahman,1,0,"",""
ball,1,7.5,West Indies,SD Hope,E Lewis,Mustafizur Rahman,1,0,"",""
ball,1,7.6,West Indies,E Lewis,SD Hope,Mustafizur Rahman,1,0,"",""
ball,1,7.7,West Indies,SD Hope,E Lewis,Mustafizur Rahman,4,0,"",""
ball,1,8.1,West Indies,E Lewis,SD Hope,Mashrafe Mortaza,0,0,"",""
ball,1,8.2,West Indies,E Lewis,SD Hope,Mashrafe Mortaza,0,0,"",""
ball,1,8.3,West Indies,E Lewis,SD Hope,Mashrafe Mortaza,1,0,"",""
ball,1,8.4,West Indies,SD Hope,E Lewis,Mashrafe Mortaza,0,0,"",""
ball,1,8.5,West Indies,SD Hope,E Lewis,Mashrafe Mortaza,0,0,"",""
ball,1,8.6,West Indies,SD Hope,E Lewis,Mashrafe Mortaza,0,0,"",""
ball,1,9.1,West Indies,E Lewis,SD Hope,Mehedi Hasan Miraz,1,0,"",""
ball,1,9.2,West Indies,SD Hope,E Lewis,Mehedi Hasan Miraz,0,0,"",""
ball,1,9.3,West Indies,SD Hope,E Lewis,Mehedi Hasan Miraz,0,0,"",""
ball,1,9.4,West Indies,SD Hope,E Lewis,Mehedi Hasan Miraz,0,0,"",""
ball,1,9.5,West Indies,SD Hope,E Lewis,Mehedi Hasan Miraz,1,0,"",""
ball,1,9.6,West Indies,E Lewis,SD Hope,Mehedi Hasan Miraz,0,0,"",""
ball,1,10.1,West Indies,SD Hope,E Lewis,Mashrafe Mortaza,0,0,"",""
ball,1,10.2,West Indies,SD Hope,E Lewis,Mashrafe Mortaza,1,0,"",""
ball,1,10.3,West Indies,E Lewis,SD Hope,Mashrafe Mortaza,6,0,"",""
ball,1,10.4,West Indies,E Lewis,SD Hope,Mashrafe Mortaza,0,2,"",""
ball,1,10.5,West Indies,E Lewis,SD Hope,Mashrafe Mortaza,0,0,"",""
ball,1,10.6,West Indies,E Lewis,SD Hope,Mashrafe Mortaza,1,0,"",""
ball,1,11.1,West Indies,E Lewis,SD Hope,Mehedi Hasan Miraz,0,0,"",""
ball,1,11.2,West Indies,E Lewis,SD Hope,Mehedi Hasan Miraz,1,0,"",""
ball,1,11.3,West Indies,SD Hope,E Lewis,Mehedi Hasan Miraz,1,0,"",""
ball,1,11.4,West Indies,E Lewis,SD Hope,Mehedi Hasan Miraz,1,0,"",""
ball,1,11.5,West Indies,SD Hope,E Lewis,Mehedi Hasan Miraz,0,0,"",""
ball,1,11.6,West Indies,SD Hope,E Lewis,Mehedi Hasan Miraz,0,0,"",""
ball,1,12.1,West Indies,E Lewis,SD Hope,Mashrafe Mortaza,0,0,"",""
ball,1,12.2,West Indies,E Lewis,SD Hope,Mashrafe Mortaza,1,0,"",""
ball,1,12.3,West Indies,SD Hope,E Lewis,Mashrafe Mortaza,0,1,"",""
ball,1,12.4,West Indies,E Lewis,SD Hope,Mashrafe Mortaza,4,0,"",""
ball,1,12.5,West Indies,E Lewis,SD Hope,Mashrafe Mortaza,1,0,"",""
ball,1,12.6,West Indies,SD Hope,E Lewis,Mashrafe Mortaza,1,0,"",""
ball,1,13.1,West Indies,SD Hope,E Lewis,Mehedi Hasan Miraz,1,0,"",""
ball,1,13.2,West Indies,E Lewis,SD Hope,Mehedi Hasan Miraz,0,0,"",""
ball,1,13.3,West Indies,E Lewis,SD Hope,Mehedi Hasan Miraz,1,0,"",""
ball,1,13.4,West Indies,SD Hope,E Lewis,Mehedi Hasan Miraz,1,0,"",""
ball,1,13.5,West Indies,E Lewis,SD Hope,Mehedi Hasan Miraz,0,0,"",""
ball,1,13.6,West Indies,E Lewis,SD Hope,Mehedi Hasan Miraz,2,0,"",""
ball,1,14.1,West Indies,SD Hope,E Lewis,Mustafizur Rahman,0,0,"",""
ball,1,14.2,West Indies,SD Hope,E Lewis,Mustafizur Rahman,1,0,"",""
ball,1,14.3,West Indies,E Lewis,SD Hope,Mustafizur Rahman,0,1,"",""
ball,1,14.4,West Indies,E Lewis,SD Hope,Mustafizur Rahman,0,1,"",""
ball,1,14.5,West Indies,SD Hope,E Lewis,Mustafizur Rahman,2,0,"",""
ball,1,14.6,West Indies,SD Hope,E Lewis,Mustafizur Rahman,0,0,"",""
ball,1,14.7,West Indies,SD Hope,E Lewis,Mustafizur Rahman,1,0,"",""
ball,1,15.1,West Indies,SD Hope,E Lewis,Mehedi Hasan Miraz,1,0,"",""
ball,1,15.2,West Indies,E Lewis,SD Hope,Mehedi Hasan Miraz,2,0,"",""
ball,1,15.3,West Indies,E Lewis,SD Hope,Mehedi Hasan Miraz,0,0,"",""
ball,1,15.4,West Indies,E Lewis,SD Hope,Mehedi Hasan Miraz,1,0,"",""
ball,1,15.5,West Indies,SD Hope,E Lewis,Mehedi Hasan Miraz,0,0,"",""
ball,1,15.6,West Indies,SD Hope,E Lewis,Mehedi Hasan Miraz,4,0,"",""
ball,1,16.1,West Indies,E Lewis,SD Hope,Mustafizur Rahman,1,0,"",""
ball,1,16.2,West Indies,SD Hope,E Lewis,Mustafizur Rahman,0,0,"",""
ball,1,16.3,West Indies,SD Hope,E Lewis,Mustafizur Rahman,0,0,"",""
ball,1,16.4,West Indies,SD Hope,E Lewis,Mustafizur Rahman,1,0,"",""
ball,1,16.5,West Indies,E Lewis,SD Hope,Mustafizur Rahman,0,0,"",""
ball,1,16.6,West Indies,E Lewis,SD Hope,Mustafizur Rahman,0,0,"",""
ball,1,17.1,West Indies,SD Hope,E Lewis,Mosaddek Hossain,0,0,"",""
ball,1,17.2,West Indies,SD Hope,E Lewis,Mosaddek Hossain,0,0,"",""
ball,1,17.3,West Indies,SD Hope,E Lewis,Mosaddek Hossain,0,0,"",""
ball,1,17.4,West Indies,SD Hope,E Lewis,Mosaddek Hossain,0,0,"",""
ball,1,17.5,West Indies,SD Hope,E Lewis,Mosaddek Hossain,0,0,"",""
ball,1,17.6,West Indies,SD Hope,E Lewis,Mosaddek Hossain,1,0,"",""
ball,1,18.1,West Indies,SD Hope,E Lewis,Mustafizur Rahman,0,0,"",""
ball,1,18.2,West Indies,SD Hope,E Lewis,Mustafizur Rahman,1,0,"",""
ball,1,18.3,West Indies,E Lewis,SD Hope,Mustafizur Rahman,1,0,"",""
ball,1,18.4,West Indies,SD Hope,E Lewis,Mustafizur Rahman,1,0,"",""
ball,1,18.5,West Indies,E Lewis,SD Hope,Mustafizur Rahman,0,0,"",""
ball,1,18.6,West Indies,E Lewis,SD Hope,Mustafizur Rahman,4,0,"",""
ball,1,19.1,West Indies,SD Hope,E Lewis,Mosaddek Hossain,0,0,"",""
ball,1,19.2,West Indies,SD Hope,E Lewis,Mosaddek Hossain,2,0,"",""
ball,1,19.3,West Indies,SD Hope,E Lewis,Mosaddek Hossain,0,0,"",""
ball,1,19.4,West Indies,SD Hope,E Lewis,Mosaddek Hossain,1,0,"",""
ball,1,19.5,West Indies,E Lewis,SD Hope,Mosaddek Hossain,1,0,"",""
ball,1,19.6,West Indies,SD Hope,E Lewis,Mosaddek Hossain,0,0,"",""
ball,1,20.1,West Indies,E Lewis,SD Hope,Shakib Al Hasan,1,0,"",""
ball,1,20.2,West Indies,SD Hope,E Lewis,Shakib Al Hasan,1,0,"",""
ball,1,20.3,West Indies,E Lewis,SD Hope,Shakib Al Hasan,0,0,"",""
ball,1,20.4,West Indies,E Lewis,SD Hope,Shakib Al Hasan,1,0,"",""
ball,1,20.5,West Indies,SD Hope,E Lewis,Shakib Al Hasan,0,0,"",""
ball,1,20.6,West Indies,SD Hope,E Lewis,Shakib Al Hasan,1,0,"",""
ball,1,21.1,West Indies,SD Hope,E Lewis,Mosaddek Hossain,0,0,"",""
ball,1,21.2,West Indies,SD Hope,E Lewis,Mosaddek Hossain,0,0,"",""
ball,1,21.3,West Indies,SD Hope,E Lewis,Mosaddek Hossain,1,0,"",""
ball,1,21.4,West Indies,E Lewis,SD Hope,Mosaddek Hossain,1,0,"",""
ball,1,21.5,West Indies,SD Hope,E Lewis,Mosaddek Hossain,1,0,"",""
ball,1,21.6,West Indies,E Lewis,SD Hope,Mosaddek Hossain,1,0,"",""
ball,1,22.1,West Indies,E Lewis,SD Hope,Shakib Al Hasan,1,0,"",""
ball,1,22.2,West Indies,SD Hope,E Lewis,Shakib Al Hasan,3,0,"",""
ball,1,22.3,West Indies,E Lewis,SD Hope,Shakib Al Hasan,1,0,"",""
ball,1,22.4,West Indies,SD Hope,E Lewis,Shakib Al Hasan,1,0,"",""
ball,1,22.5,West Indies,E Lewis,SD Hope,Shakib Al Hasan,4,0,"",""
ball,1,22.6,West Indies,E Lewis,SD Hope,Shakib Al Hasan,4,0,"",""
ball,1,23.1,West Indies,SD Hope,E Lewis,Mosaddek Hossain,1,0,"",""
ball,1,23.2,West Indies,E Lewis,SD Hope,Mosaddek Hossain,1,0,"",""
ball,1,23.3,West Indies,SD Hope,E Lewis,Mosaddek Hossain,1,0,"",""
ball,1,23.4,West Indies,E Lewis,SD Hope,Mosaddek Hossain,1,0,"",""
ball,1,23.5,West Indies,SD Hope,E Lewis,Mosaddek Hossain,1,0,"",""
ball,1,23.6,West Indies,E Lewis,SD Hope,Mosaddek Hossain,1,0,"",""
ball,1,24.1,West Indies,E Lewis,SD Hope,Shakib Al Hasan,6,0,"",""
ball,1,24.2,West Indies,E Lewis,SD Hope,Shakib Al Hasan,2,0,"",""
ball,1,24.3,West Indies,E Lewis,SD Hope,Shakib Al Hasan,0,0,caught,E Lewis
ball,1,24.4,West Indies,N Pooran,SD Hope,Shakib Al Hasan,0,0,"",""
ball,1,24.5,West Indies,N Pooran,SD Hope,Shakib Al Hasan,0,0,"",""
ball,1,24.6,West Indies,N Pooran,SD Hope,Shakib Al Hasan,0,0,"",""
ball,1,25.1,West Indies,SD Hope,N Pooran,Mosaddek Hossain,0,0,"",""
ball,1,25.2,West Indies,SD Hope,N Pooran,Mosaddek Hossain,1,0,"",""
ball,1,25.3,West Indies,N Pooran,SD Hope,Mosaddek Hossain,4,0,"",""
ball,1,25.4,West Indies,N Pooran,SD Hope,Mosaddek Hossain,1,0,"",""
ball,1,25.5,West Indies,SD Hope,N Pooran,Mosaddek Hossain,0,0,"",""
ball,1,25.6,West Indies,SD Hope,N Pooran,Mosaddek Hossain,1,0,"",""
ball,1,26.1,West Indies,SD Hope,N Pooran,Shakib Al Hasan,1,0,"",""
ball,1,26.2,West Indies,N Pooran,SD Hope,Shakib Al Hasan,0,0,"",""
ball,1,26.3,West Indies,N Pooran,SD Hope,Shakib Al Hasan,0,0,"",""
ball,1,26.4,West Indies,N Pooran,SD Hope,Shakib Al Hasan,0,0,"",""
ball,1,26.5,West Indies,N Pooran,SD Hope,Shakib Al Hasan,0,0,"",""
ball,1,26.6,West Indies,N Pooran,SD Hope,Shakib Al Hasan,0,0,"",""
ball,1,27.1,West Indies,SD Hope,N Pooran,Mehedi Hasan Miraz,0,0,"",""
ball,1,27.2,West Indies,SD Hope,N Pooran,Mehedi Hasan Miraz,2,0,"",""
ball,1,27.3,West Indies,SD Hope,N Pooran,Mehedi Hasan Miraz,1,0,"",""
ball,1,27.4,West Indies,N Pooran,SD Hope,Mehedi Hasan Miraz,0,1,"",""
ball,1,27.5,West Indies,N Pooran,SD Hope,Mehedi Hasan Miraz,4,0,"",""
ball,1,27.6,West Indies,N Pooran,SD Hope,Mehedi Hasan Miraz,0,0,"",""
ball,1,27.7,West Indies,N Pooran,SD Hope,Mehedi Hasan Miraz,1,0,"",""
ball,1,28.1,West Indies,N Pooran,SD Hope,Shakib Al Hasan,1,0,"",""
ball,1,28.2,West Indies,SD Hope,N Pooran,Shakib Al Hasan,0,0,"",""
ball,1,28.3,West Indies,SD Hope,N Pooran,Shakib Al Hasan,1,0,"",""
ball,1,28.4,West Indies,N Pooran,SD Hope,Shakib Al Hasan,0,0,"",""
ball,1,28.5,West Indies,N Pooran,SD Hope,Shakib Al Hasan,1,0,"",""
ball,1,28.6,West Indies,SD Hope,N Pooran,Shakib Al Hasan,0,0,"",""
ball,1,29.1,West Indies,N Pooran,SD Hope,Mehedi Hasan Miraz,2,0,"",""
ball,1,29.2,West Indies,N Pooran,SD Hope,Mehedi Hasan Miraz,6,0,"",""
ball,1,29.3,West Indies,N Pooran,SD Hope,Mehedi Hasan Miraz,0,0,"",""
ball,1,29.4,West Indies,N Pooran,SD Hope,Mehedi Hasan Miraz,0,0,"",""
ball,1,29.5,West Indies,N Pooran,SD Hope,Mehedi Hasan Miraz,0,0,"",""
ball,1,29.6,West Indies,N Pooran,SD Hope,Mehedi Hasan Miraz,1,0,"",""
ball,1,30.1,West Indies,N Pooran,SD Hope,Shakib Al Hasan,1,0,"",""
ball,1,30.2,West Indies,SD Hope,N Pooran,Shakib Al Hasan,1,0,"",""
ball,1,30.3,West Indies,N Pooran,SD Hope,Shakib Al Hasan,1,0,"",""
ball,1,30.4,West Indies,SD Hope,N Pooran,Shakib Al Hasan,1,0,"",""
ball,1,30.5,West Indies,N Pooran,SD Hope,Shakib Al Hasan,1,0,"",""
ball,1,30.6,West Indies,SD Hope,N Pooran,Shakib Al Hasan,0,0,"",""
ball,1,31.1,West Indies,N Pooran,SD Hope,Mohammad Saifuddin,0,0,"",""
ball,1,31.2,West Indies,N Pooran,SD Hope,Mohammad Saifuddin,0,0,"",""
ball,1,31.3,West Indies,N Pooran,SD Hope,Mohammad Saifuddin,1,0,"",""
ball,1,31.4,West Indies,SD Hope,N Pooran,Mohammad Saifuddin,0,0,"",""
ball,1,31.5,West Indies,SD Hope,N Pooran,Mohammad Saifuddin,1,0,"",""
ball,1,31.6,West Indies,N Pooran,SD Hope,Mohammad Saifuddin,0,0,"",""
ball,1,32.1,West Indies,SD Hope,N Pooran,Shakib Al Hasan,1,0,"",""
ball,1,32.2,West Indies,N Pooran,SD Hope,Shakib Al Hasan,0,0,caught,N Pooran
ball,1,32.3,West Indies,SO Hetmyer,SD Hope,Shakib Al Hasan,0,0,"",""
ball,1,32.4,West Indies,SO Hetmyer,SD Hope,Shakib Al Hasan,2,0,"",""
ball,1,32.5,West Indies,SO Hetmyer,SD Hope,Shakib Al Hasan,4,0,"",""
ball,1,32.6,West Indies,SO Hetmyer,SD Hope,Shakib Al Hasan,1,0,"",""
ball,1,33.1,West Indies,SO Hetmyer,SD Hope,Mohammad Saifuddin,4,0,"",""
ball,1,33.2,West Indies,SO Hetmyer,SD Hope,Mohammad Saifuddin,0,0,"",""
ball,1,33.3,West Indies,SO Hetmyer,SD Hope,Mohammad Saifuddin,1,0,"",""
ball,1,33.4,West Indies,SD Hope,SO Hetmyer,Mohammad Saifuddin,2,0,"",""
ball,1,33.5,West Indies,SD Hope,SO Hetmyer,Mohammad Saifuddin,1,0,"",""
ball,1,33.6,West Indies,SO Hetmyer,SD Hope,Mohammad Saifuddin,0,0,"",""
ball,1,34.1,West Indies,SD Hope,SO Hetmyer,Mustafizur Rahman,0,0,"",""
ball,1,34.2,West Indies,SD Hope,SO Hetmyer,Mustafizur Rahman,6,0,"",""
ball,1,34.3,West Indies,SD Hope,SO Hetmyer,Mustafizur Rahman,4,0,"",""
ball,1,34.4,West Indies,SD Hope,SO Hetmyer,Mustafizur Rahman,0,5,"",""
ball,1,34.5,West Indies,SD Hope,SO Hetmyer,Mustafizur Rahman,0,1,"",""
ball,1,34.6,West Indies,SD Hope,SO Hetmyer,Mustafizur Rahman,0,0,"",""
ball,1,34.7,West Indies,SD Hope,SO Hetmyer,Mustafizur Rahman,1,0,"",""
ball,1,34.8,West Indies,SO Hetmyer,SD Hope,Mustafizur Rahman,2,0,"",""
ball,1,35.1,West Indies,SD Hope,SO Hetmyer,Mohammad Saifuddin,2,0,"",""
ball,1,35.2,West Indies,SD Hope,SO Hetmyer,Mohammad Saifuddin,2,0,"",""
ball,1,35.3,West Indies,SD Hope,SO Hetmyer,Mohammad Saifuddin,1,0,"",""
ball,1,35.4,West Indies,SO Hetmyer,SD Hope,Mohammad Saifuddin,6,0,"",""
ball,1,35.5,West Indies,SO Hetmyer,SD Hope,Mohammad Saifuddin,0,0,"",""
ball,1,35.6,West Indies,SO Hetmyer,SD Hope,Mohammad Saifuddin,6,0,"",""
ball,1,36.1,West Indies,SD Hope,SO Hetmyer,Mehedi Hasan Miraz,2,0,"",""
ball,1,36.2,West Indies,SD Hope,SO Hetmyer,Mehedi Hasan Miraz,1,0,"",""
ball,1,36.3,West Indies,SO Hetmyer,SD Hope,Mehedi Hasan Miraz,4,0,"",""
ball,1,36.4,West Indies,SO Hetmyer,SD Hope,Mehedi Hasan Miraz,1,0,"",""
ball,1,36.5,West Indies,SD Hope,SO Hetmyer,Mehedi Hasan Miraz,1,0,"",""
ball,1,36.6,West Indies,SO Hetmyer,SD Hope,Mehedi Hasan Miraz,1,0,"",""
ball,1,37.1,West Indies,SO Hetmyer,SD Hope,Mosaddek Hossain,4,0,"",""
ball,1,37.2,West Indies,SO Hetmyer,SD Hope,Mosaddek Hossain,2,0,"",""
ball,1,37.3,West Indies,SO Hetmyer,SD Hope,Mosaddek Hossain,6,0,"",""
ball,1,37.4,West Indies,SO Hetmyer,SD Hope,Mosaddek Hossain,0,0,"",""
ball,1,37.5,West Indies,SO Hetmyer,SD Hope,Mosaddek Hossain,0,0,"",""
ball,1,37.6,West Indies,SO Hetmyer,SD Hope,Mosaddek Hossain,2,0,"",""
ball,1,38.1,West Indies,SD Hope,SO Hetmyer,Mehedi Hasan Miraz,1,0,"",""
ball,1,38.2,West Indies,SO Hetmyer,SD Hope,Mehedi Hasan Miraz,1,0,"",""
ball,1,38.3,West Indies,SD Hope,SO Hetmyer,Mehedi Hasan Miraz,1,0,"",""
ball,1,38.4,West Indies,SO Hetmyer,SD Hope,Mehedi Hasan Miraz,1,0,"",""
ball,1,38.5,West Indies,SD Hope,SO Hetmyer,Mehedi Hasan Miraz,1,0,"",""
ball,1,38.6,West Indies,SO Hetmyer,SD Hope,Mehedi Hasan Miraz,1,0,"",""
ball,1,39.1,West Indies,SO Hetmyer,SD Hope,Mustafizur Rahman,1,0,"",""
ball,1,39.2,West Indies,SD Hope,SO Hetmyer,Mustafizur Rahman,1,0,"",""
ball,1,39.3,West Indies,SO Hetmyer,SD Hope,Mustafizur Rahman,0,0,caught,SO Hetmyer
ball,1,39.4,West Indies,SD Hope,AD Russell,Mustafizur Rahman,0,1,"",""
ball,1,39.5,West Indies,AD Russell,SD Hope,Mustafizur Rahman,0,0,"",""
ball,1,39.6,West Indies,AD Russell,SD Hope,Mustafizur Rahman,0,0,caught,AD Russell
ball,1,40.1,West Indies,SD Hope,JO Holder,Shakib Al Hasan,0,0,"",""
ball,1,40.2,West Indies,SD Hope,JO Holder,Shakib Al Hasan,0,0,"",""
ball,1,40.3,West Indies,SD Hope,JO Holder,Shakib Al Hasan,1,0,"",""
ball,1,40.4,West Indies,JO Holder,SD Hope,Shakib Al Hasan,6,0,"",""
ball,1,40.5,West Indies,JO Holder,SD Hope,Shakib Al Hasan,4,0,"",""
ball,1,40.6,West Indies,JO Holder,SD Hope,Shakib Al Hasan,0,0,"",""
ball,1,41.1,West Indies,SD Hope,JO Holder,Mustafizur Rahman,1,0,"",""
ball,1,41.2,West Indies,JO Holder,SD Hope,Mustafizur Rahman,0,0,"",""
ball,1,41.3,West Indies,JO Holder,SD Hope,Mustafizur Rahman,0,0,"",""
ball,1,41.4,West Indies,JO Holder,SD Hope,Mustafizur Rahman,2,0,"",""
ball,1,41.5,West Indies,JO Holder,SD Hope,Mustafizur Rahman,0,0,"",""
ball,1,41.6,West Indies,JO Holder,SD Hope,Mustafizur Rahman,4,0,"",""
ball,1,42.1,West Indies,SD Hope,JO Holder,Mashrafe Mortaza,1,0,"",""
ball,1,42.2,West Indies,JO Holder,SD Hope,Mashrafe Mortaza,0,0,"",""
ball,1,42.3,West Indies,JO Holder,SD Hope,Mashrafe Mortaza,6,0,"",""
ball,1,42.4,West Indies,JO Holder,SD Hope,Mashrafe Mortaza,4,0,"",""
ball,1,42.5,West Indies,JO Holder,SD Hope,Mashrafe Mortaza,1,0,"",""
ball,1,42.6,West Indies,SD Hope,JO Holder,Mashrafe Mortaza,1,0,"",""
ball,1,43.1,West Indies,SD Hope,JO Holder,Mohammad Saifuddin,1,0,"",""
ball,1,43.2,West Indies,JO Holder,SD Hope,Mohammad Saifuddin,4,0,"",""
ball,1,43.3,West Indies,JO Holder,SD Hope,Mohammad Saifuddin,2,0,"",""
ball,1,43.4,West Indies,JO Holder,SD Hope,Mohammad Saifuddin,0,1,"",""
ball,1,43.5,West Indies,JO Holder,SD Hope,Mohammad Saifuddin,0,0,caught,JO Holder
ball,1,43.6,West Indies,SD Hope,DM Bravo,Mohammad Saifuddin,0,0,"",""
ball,1,43.7,West Indies,SD Hope,DM Bravo,Mohammad Saifuddin,1,0,"",""
ball,1,44.1,West Indies,SD Hope,DM Bravo,Mehedi Hasan Miraz,1,0,"",""
ball,1,44.2,West Indies,DM Bravo,SD Hope,Mehedi Hasan Miraz,0,0,"",""
ball,1,44.3,West Indies,DM Bravo,SD Hope,Mehedi Hasan Miraz,1,0,"",""
ball,1,44.4,West Indies,SD Hope,DM Bravo,Mehedi Hasan Miraz,1,0,"",""
ball,1,44.5,West Indies,DM Bravo,SD Hope,Mehedi Hasan Miraz,1,0,"",""
ball,1,44.6,West Indies,SD Hope,DM Bravo,Mehedi Hasan Miraz,1,0,"",""
ball,1,45.1,West Indies,SD Hope,DM Bravo,Mohammad Saifuddin,1,0,"",""
ball,1,45.2,West Indies,DM Bravo,SD Hope,Mohammad Saifuddin,1,0,"",""
ball,1,45.3,West Indies,SD Hope,DM Bravo,Mohammad Saifuddin,1,0,"",""
ball,1,45.4,West Indies,DM Bravo,SD Hope,Mohammad Saifuddin,1,0,"",""
ball,1,45.5,West Indies,SD Hope,DM Bravo,Mohammad Saifuddin,0,0,"",""
ball,1,45.6,West Indies,SD Hope,DM Bravo,Mohammad Saifuddin,2,0,"",""
ball,1,46.1,West Indies,DM Bravo,SD Hope,Mustafizur Rahman,0,0,"",""
ball,1,46.2,West Indies,DM Bravo,SD Hope,Mustafizur Rahman,1,0,"",""
ball,1,46.3,West Indies,SD Hope,DM Bravo,Mustafizur Rahman,1,0,"",""
ball,1,46.4,West Indies,DM Bravo,SD Hope,Mustafizur Rahman,1,0,"",""
ball,1,46.5,West Indies,SD Hope,DM Bravo,Mustafizur Rahman,0,0,"",""
ball,1,46.6,West Indies,SD Hope,DM Bravo,Mustafizur Rahman,0,0,caught,SD Hope
ball,1,47.1,West Indies,O Thomas,DM Bravo,Mohammad Saifuddin,0,0,"",""
ball,1,47.2,West Indies,O Thomas,DM Bravo,Mohammad Saifuddin,0,0,"",""
ball,1,47.3,West Indies,O Thomas,DM Bravo,Mohammad Saifuddin,0,0,"",""
ball,1,47.4,West Indies,O Thomas,DM Bravo,Mohammad Saifuddin,1,0,"",""
ball,1,47.5,West Indies,DM Bravo,O Thomas,Mohammad Saifuddin,0,0,"",""
ball,1,47.6,West Indies,DM Bravo,O Thomas,Mohammad Saifuddin,0,1,"",""
ball,1,47.7,West Indies,DM Bravo,O Thomas,Mohammad Saifuddin,6,0,"",""
ball,1,48.1,West Indies,O Thomas,DM Bravo,Mustafizur Rahman,0,1,"",""
ball,1,48.2,West Indies,O Thomas,DM Bravo,Mustafizur Rahman,0,0,"",""
ball,1,48.3,West Indies,O Thomas,DM Bravo,Mustafizur Rahman,1,0,"",""
ball,1,48.4,West Indies,DM Bravo,O Thomas,Mustafizur Rahman,1,0,"",""
ball,1,48.5,West Indies,O Thomas,DM Bravo,Mustafizur Rahman,2,0,"",""
ball,1,48.6,West Indies,O Thomas,DM Bravo,Mustafizur Rahman,0,0,"",""
ball,1,48.7,West Indies,O Thomas,DM Bravo,Mustafizur Rahman,1,0,"",""
ball,1,49.1,West Indies,O Thomas,DM Bravo,Mohammad Saifuddin,0,1,"",""
ball,1,49.2,West Indies,O Thomas,DM Bravo,Mohammad Saifuddin,0,0,"",""
ball,1,49.3,West Indies,O Thomas,DM Bravo,Mohammad Saifuddin,0,1,"",""
ball,1,49.4,West Indies,O Thomas,DM Bravo,Mohammad Saifuddin,0,1,"",""
ball,1,49.5,West Indies,O Thomas,DM Bravo,Mohammad Saifuddin,1,0,"",""
ball,1,49.6,West Indies,DM Bravo,O Thomas,Mohammad Saifuddin,6,0,"",""
ball,1,49.7,West Indies,DM Bravo,O Thomas,Mohammad Saifuddin,0,0,"",""
ball,1,49.8,West Indies,DM Bravo,O Thomas,Mohammad Saifuddin,0,0,"",""
ball,1,49.9,West Indies,DM Bravo,O Thomas,Mohammad Saifuddin,0,0,bowled,DM Bravo
ball,2,0.1,Bangladesh,Tamim Iqbal,Soumya Sarkar,SS Cottrell,0,0,"",""
ball,2,0.2,Bangladesh,Tamim Iqbal,Soumya Sarkar,SS Cottrell,0,1,"",""
ball,2,0.3,Bangladesh,Tamim Iqbal,Soumya Sarkar,SS Cottrell,0,0,"",""
ball,2,0.4,Bangladesh,Tamim Iqbal,Soumya Sarkar,SS Cottrell,0,0,"",""
ball,2,0.5,Bangladesh,Tamim Iqbal,Soumya Sarkar,SS Cottrell,0,0,"",""
ball,2,0.6,Bangladesh,Tamim Iqbal,Soumya Sarkar,SS Cottrell,4,0,"",""
ball,2,0.7,Bangladesh,Tamim Iqbal,Soumya Sarkar,SS Cottrell,0,0,"",""
ball,2,1.1,Bangladesh,Soumya Sarkar,Tamim Iqbal,JO Holder,0,0,"",""
ball,2,1.2,Bangladesh,Soumya Sarkar,Tamim Iqbal,JO Holder,1,0,"",""
ball,2,1.3,Bangladesh,Tamim Iqbal,Soumya Sarkar,JO Holder,0,0,"",""
ball,2,1.4,Bangladesh,Tamim Iqbal,Soumya Sarkar,JO Holder,1,0,"",""
ball,2,1.5,Bangladesh,Soumya Sarkar,Tamim Iqbal,JO Holder,0,0,"",""
ball,2,1.6,Bangladesh,Soumya Sarkar,Tamim Iqbal,JO Holder,4,0,"",""
ball,2,2.1,Bangladesh,Tamim Iqbal,Soumya Sarkar,SS Cottrell,0,0,"",""
ball,2,2.2,Bangladesh,Tamim Iqbal,Soumya Sarkar,SS Cottrell,1,0,"",""
ball,2,2.3,Bangladesh,Soumya Sarkar,Tamim Iqbal,SS Cottrell,0,0,"",""
ball,2,2.4,Bangladesh,Soumya Sarkar,Tamim Iqbal,SS Cottrell,1,0,"",""
ball,2,2.5,Bangladesh,Tamim Iqbal,Soumya Sarkar,SS Cottrell,2,0,"",""
ball,2,2.6,Bangladesh,Tamim Iqbal,Soumya Sarkar,SS Cottrell,0,0,"",""
ball,2,3.1,Bangladesh,Soumya Sarkar,Tamim Iqbal,JO Holder,1,0,"",""
ball,2,3.2,Bangladesh,Tamim Iqbal,Soumya Sarkar,JO Holder,0,0,"",""
ball,2,3.3,Bangladesh,Tamim Iqbal,Soumya Sarkar,JO Holder,0,0,"",""
ball,2,3.4,Bangladesh,Tamim Iqbal,Soumya Sarkar,JO Holder,0,0,"",""
ball,2,3.5,Bangladesh,Tamim Iqbal,Soumya Sarkar,JO Holder,0,0,"",""
ball,2,3.6,Bangladesh,Tamim Iqbal,Soumya Sarkar,JO Holder,0,0,"",""
ball,2,4.1,Bangladesh,Soumya Sarkar,Tamim Iqbal,SS Cottrell,6,0,"",""
ball,2,4.2,Bangladesh,Soumya Sarkar,Tamim Iqbal,SS Cottrell,4,0,"",""
ball,2,4.3,Bangladesh,Soumya Sarkar,Tamim Iqbal,SS Cottrell,1,0,"",""
ball,2,4.4,Bangladesh,Tamim Iqbal,Soumya Sarkar,SS Cottrell,1,0,"",""
ball,2,4.5,Bangladesh,Soumya Sarkar,Tamim Iqbal,SS Cottrell,0,5,"",""
ball,2,4.6,Bangladesh,Soumya Sarkar,Tamim Iqbal,SS Cottrell,1,0,"",""
ball,2,4.7,Bangladesh,Tamim Iqbal,Soumya Sarkar,SS Cottrell,0,0,"",""
ball,2,5.1,Bangladesh,Soumya Sarkar,Tamim Iqbal,JO Holder,0,0,"",""
ball,2,5.2,Bangladesh,Soumya Sarkar,Tamim Iqbal,JO Holder,1,0,"",""
ball,2,5.3,Bangladesh,Tamim Iqbal,Soumya Sarkar,JO Holder,0,0,"",""
ball,2,5.4,Bangladesh,Tamim Iqbal,Soumya Sarkar,JO Holder,1,0,"",""
ball,2,5.5,Bangladesh,Soumya Sarkar,Tamim Iqbal,JO Holder,1,0,"",""
ball,2,5.6,Bangladesh,Tamim Iqbal,Soumya Sarkar,JO Holder,0,1,"",""
ball,2,5.7,Bangladesh,Tamim Iqbal,Soumya Sarkar,JO Holder,0,0,"",""
ball,2,6.1,Bangladesh,Soumya Sarkar,Tamim Iqbal,AD Russell,1,0,"",""
ball,2,6.2,Bangladesh,Tamim Iqbal,Soumya Sarkar,AD Russell,1,0,"",""
ball,2,6.3,Bangladesh,Soumya Sarkar,Tamim Iqbal,AD Russell,0,0,"",""
ball,2,6.4,Bangladesh,Soumya Sarkar,Tamim Iqbal,AD Russell,0,0,"",""
ball,2,6.5,Bangladesh,Soumya Sarkar,Tamim Iqbal,AD Russell,0,0,"",""
ball,2,6.6,Bangladesh,Soumya Sarkar,Tamim Iqbal,AD Russell,0,0,"",""
ball,2,7.1,Bangladesh,Tamim Iqbal,Soumya Sarkar,JO Holder,0,0,"",""
ball,2,7.2,Bangladesh,Tamim Iqbal,Soumya Sarkar,JO Holder,1,0,"",""
ball,2,7.3,Bangladesh,Soumya Sarkar,Tamim Iqbal,JO Holder,0,0,"",""
ball,2,7.4,Bangladesh,Soumya Sarkar,Tamim Iqbal,JO Holder,1,0,"",""
ball,2,7.5,Bangladesh,Tamim Iqbal,Soumya Sarkar,JO Holder,2,0,"",""
ball,2,7.6,Bangladesh,Tamim Iqbal,Soumya Sarkar,JO Holder,2,0,"",""
ball,2,8.1,Bangladesh,Soumya Sarkar,Tamim Iqbal,AD Russell,6,0,"",""
ball,2,8.2,Bangladesh,Soumya Sarkar,Tamim Iqbal,AD Russell,0,0,caught,Soumya Sarkar
ball,2,8.3,Bangladesh,Shakib Al Hasan,Tamim Iqbal,AD Russell,3,0,"",""
ball,2,8.4,Bangladesh,Tamim Iqbal,Shakib Al Hasan,AD Russell,1,0,"",""
ball,2,8.5,Bangladesh,Shakib Al Hasan,Tamim Iqbal,AD Russell,0,0,"",""
ball,2,8.6,Bangladesh,Shakib Al Hasan,Tamim Iqbal,AD Russell,0,0,"",""
ball,2,9.1,Bangladesh,Tamim Iqbal,Shakib Al Hasan,JO Holder,4,0,"",""
ball,2,9.2,Bangladesh,Tamim Iqbal,Shakib Al Hasan,JO Holder,1,0,"",""
ball,2,9.3,Bangladesh,Shakib Al Hasan,Tamim Iqbal,JO Holder,4,0,"",""
ball,2,9.4,Bangladesh,Shakib Al Hasan,Tamim Iqbal,JO Holder,0,0,"",""
ball,2,9.5,Bangladesh,Shakib Al Hasan,Tamim Iqbal,JO Holder,1,0,"",""
ball,2,9.6,Bangladesh,Tamim Iqbal,Shakib Al Hasan,JO Holder,4,0,"",""
ball,2,10.1,Bangladesh,Shakib Al Hasan,Tamim Iqbal,AD Russell,1,0,"",""
ball,2,10.2,Bangladesh,Tamim Iqbal,Shakib Al Hasan,AD Russell,0,0,"",""
ball,2,10.3,Bangladesh,Tamim Iqbal,Shakib Al Hasan,AD Russell,4,0,"",""
ball,2,10.4,Bangladesh,Tamim Iqbal,Shakib Al Hasan,AD Russell,2,0,"",""
ball,2,10.5,Bangladesh,Tamim Iqbal,Shakib Al Hasan,AD Russell,4,0,"",""
ball,2,10.6,Bangladesh,Tamim Iqbal,Shakib Al Hasan,AD Russell,0,0,"",""
ball,2,11.1,Bangladesh,Shakib Al Hasan,Tamim Iqbal,ST Gabriel,0,1,"",""
ball,2,11.2,Bangladesh,Shakib Al Hasan,Tamim Iqbal,ST Gabriel,1,0,"",""
ball,2,11.3,Bangladesh,Tamim Iqbal,Shakib Al Hasan,ST Gabriel,0,0,"",""
ball,2,11.4,Bangladesh,Tamim Iqbal,Shakib Al Hasan,ST Gabriel,0,0,"",""
ball,2,11.5,Bangladesh,Tamim Iqbal,Shakib Al Hasan,ST Gabriel,1,0,"",""
ball,2,11.6,Bangladesh,Shakib Al Hasan,Tamim Iqbal,ST Gabriel,4,0,"",""
ball,2,11.7,Bangladesh,Shakib Al Hasan,Tamim Iqbal,ST Gabriel,1,0,"",""
ball,2,12.1,Bangladesh,Shakib Al Hasan,Tamim Iqbal,O Thomas,1,0,"",""
ball,2,12.2,Bangladesh,Tamim Iqbal,Shakib Al Hasan,O Thomas,0,0,"",""
ball,2,12.3,Bangladesh,Tamim Iqbal,Shakib Al Hasan,O Thomas,0,1,"",""
ball,2,12.4,Bangladesh,Tamim Iqbal,Shakib Al Hasan,O Thomas,1,0,"",""
ball,2,12.5,Bangladesh,Shakib Al Hasan,Tamim Iqbal,O Thomas,4,0,"",""
ball,2,12.6,Bangladesh,Shakib Al Hasan,Tamim Iqbal,O Thomas,0,0,"",""
ball,2,12.7,Bangladesh,Shakib Al Hasan,Tamim Iqbal,O Thomas,0,0,"",""
ball,2,13.1,Bangladesh,Tamim Iqbal,Shakib Al Hasan,ST Gabriel,0,0,"",""
ball,2,13.2,Bangladesh,Tamim Iqbal,Shakib Al Hasan,ST Gabriel,1,0,"",""
ball,2,13.3,Bangladesh,Shakib Al Hasan,Tamim Iqbal,ST Gabriel,1,0,"",""
ball,2,13.4,Bangladesh,Tamim Iqbal,Shakib Al Hasan,ST Gabriel,0,0,"",""
ball,2,13.5,Bangladesh,Tamim Iqbal,Shakib Al Hasan,ST Gabriel,4,0,"",""
ball,2,13.6,Bangladesh,Tamim Iqbal,Shakib Al Hasan,ST Gabriel,1,0,"",""
ball,2,14.1,Bangladesh,Tamim Iqbal,Shakib Al Hasan,O Thomas,1,0,"",""
ball,2,14.2,Bangladesh,Shakib Al Hasan,Tamim Iqbal,O Thomas,0,0,"",""
ball,2,14.3,Bangladesh,Shakib Al Hasan,Tamim Iqbal,O Thomas,1,0,"",""
ball,2,14.4,Bangladesh,Tamim Iqbal,Shakib Al Hasan,O Thomas,1,0,"",""
ball,2,14.5,Bangladesh,Shakib Al Hasan,Tamim Iqbal,O Thomas,2,0,"",""
ball,2,14.6,Bangladesh,Shakib Al Hasan,Tamim Iqbal,O Thomas,0,0,"",""
ball,2,15.1,Bangladesh,Tamim Iqbal,Shakib Al Hasan,ST Gabriel,1,0,"",""
ball,2,15.2,Bangladesh,Shakib Al Hasan,Tamim Iqbal,ST Gabriel,2,0,"",""
ball,2,15.3,Bangladesh,Shakib Al Hasan,Tamim Iqbal,ST Gabriel,0,0,"",""
ball,2,15.4,Bangladesh,Shakib Al Hasan,Tamim Iqbal,ST Gabriel,1,0,"",""
ball,2,15.5,Bangladesh,Tamim Iqbal,Shakib Al Hasan,ST Gabriel,0,0,"",""
ball,2,15.6,Bangladesh,Tamim Iqbal,Shakib Al Hasan,ST Gabriel,0,0,"",""
ball,2,16.1,Bangladesh,Shakib Al Hasan,Tamim Iqbal,O Thomas,2,0,"",""
ball,2,16.2,Bangladesh,Shakib Al Hasan,Tamim Iqbal,O Thomas,0,0,"",""
ball,2,16.3,Bangladesh,Shakib Al Hasan,Tamim Iqbal,O Thomas,4,0,"",""
ball,2,16.4,Bangladesh,Shakib Al Hasan,Tamim Iqbal,O Thomas,0,1,"",""
ball,2,16.5,Bangladesh,Shakib Al Hasan,Tamim Iqbal,O Thomas,0,0,"",""
ball,2,16.6,Bangladesh,Shakib Al Hasan,Tamim Iqbal,O Thomas,0,0,"",""
ball,2,16.7,Bangladesh,Shakib Al Hasan,Tamim Iqbal,O Thomas,0,0,"",""
ball,2,17.1,Bangladesh,Tamim Iqbal,Shakib Al Hasan,SS Cottrell,1,0,"",""
ball,2,17.2,Bangladesh,Shakib Al Hasan,Tamim Iqbal,SS Cottrell,1,0,"",""
ball,2,17.3,Bangladesh,Tamim Iqbal,Shakib Al Hasan,SS Cottrell,0,0,run out,Tamim Iqbal
ball,2,17.4,Bangladesh,Mushfiqur Rahim,Shakib Al Hasan,SS Cottrell,0,0,"",""
ball,2,17.5,Bangladesh,Mushfiqur Rahim,Shakib Al Hasan,SS Cottrell,0,0,"",""
ball,2,17.6,Bangladesh,Mushfiqur Rahim,Shakib Al Hasan,SS Cottrell,0,0,"",""
ball,2,18.1,Bangladesh,Shakib Al Hasan,Mushfiqur Rahim,O Thomas,4,0,"",""
ball,2,18.2,Bangladesh,Shakib Al Hasan,Mushfiqur Rahim,O Thomas,0,1,"",""
ball,2,18.3,Bangladesh,Shakib Al Hasan,Mushfiqur Rahim,O Thomas,4,0,"",""
ball,2,18.4,Bangladesh,Shakib Al Hasan,Mushfiqur Rahim,O Thomas,1,0,"",""
ball,2,18.5,Bangladesh,Mushfiqur Rahim,Shakib Al Hasan,O Thomas,1,0,"",""
ball,2,18.6,Bangladesh,Shakib Al Hasan,Mushfiqur Rahim,O Thomas,1,0,"",""
ball,2,18.7,Bangladesh,Mushfiqur Rahim,Shakib Al Hasan,O Thomas,0,0,caught,Mushfiqur Rahim
ball,2,19.1,Bangladesh,Shakib Al Hasan,Liton Das,SS Cottrell,0,0,"",""
ball,2,19.2,Bangladesh,Shakib Al Hasan,Liton Das,SS Cottrell,0,0,"",""
ball,2,19.3,Bangladesh,Shakib Al Hasan,Liton Das,SS Cottrell,0,0,"",""
ball,2,19.4,Bangladesh,Shakib Al Hasan,Liton Das,SS Cottrell,0,0,"",""
ball,2,19.5,Bangladesh,Shakib Al Hasan,Liton Das,SS Cottrell,4,0,"",""
ball,2,19.6,Bangladesh,Shakib Al Hasan,Liton Das,SS Cottrell,1,0,"",""
ball,2,20.1,Bangladesh,Shakib Al Hasan,Liton Das,AD Russell,1,0,"",""
ball,2,20.2,Bangladesh,Liton Das,Shakib Al Hasan,AD Russell,1,0,"",""
ball,2,20.3,Bangladesh,Shakib Al Hasan,Liton Das,AD Russell,1,0,"",""
ball,2,20.4,Bangladesh,Liton Das,Shakib Al Hasan,AD Russell,0,0,"",""
ball,2,20.5,Bangladesh,Liton Das,Shakib Al Hasan,AD Russell,0,0,"",""
ball,2,20.6,Bangladesh,Liton Das,Shakib Al Hasan,AD Russell,0,0,"",""
ball,2,21.1,Bangladesh,Shakib Al Hasan,Liton Das,SS Cottrell,1,0,"",""
ball,2,21.2,Bangladesh,Liton Das,Shakib Al Hasan,SS Cottrell,1,0,"",""
ball,2,21.3,Bangladesh,Shakib Al Hasan,Liton Das,SS Cottrell,1,0,"",""
ball,2,21.4,Bangladesh,Liton Das,Shakib Al Hasan,SS Cottrell,0,0,"",""
ball,2,21.5,Bangladesh,Liton Das,Shakib Al Hasan,SS Cottrell,1,0,"",""
ball,2,21.6,Bangladesh,Shakib Al Hasan,Liton Das,SS Cottrell,1,0,"",""
ball,2,22.1,Bangladesh,Shakib Al Hasan,Liton Das,AD Russell,0,0,"",""
ball,2,22.2,Bangladesh,Shakib Al Hasan,Liton Das,AD Russell,0,0,"",""
ball,2,22.3,Bangladesh,Shakib Al Hasan,Liton Das,AD Russell,1,0,"",""
ball,2,22.4,Bangladesh,Liton Das,Shakib Al Hasan,AD Russell,1,0,"",""
ball,2,22.5,Bangladesh,Shakib Al Hasan,Liton Das,AD Russell,1,0,"",""
ball,2,22.6,Bangladesh,Liton Das,Shakib Al Hasan,AD Russell,4,0,"",""
ball,2,23.1,Bangladesh,Shakib Al Hasan,Liton Das,ST Gabriel,1,0,"",""
ball,2,23.2,Bangladesh,Liton Das,Shakib Al Hasan,ST Gabriel,1,0,"",""
ball,2,23.3,Bangladesh,Shakib Al Hasan,Liton Das,ST Gabriel,1,0,"",""
ball,2,23.4,Bangladesh,Liton Das,Shakib Al Hasan,ST Gabriel,1,0,"",""
ball,2,23.5,Bangladesh,Shakib Al Hasan,Liton Das,ST Gabriel,0,0,"",""
ball,2,23.6,Bangladesh,Shakib Al Hasan,Liton Das,ST Gabriel,0,0,"",""
ball,2,24.1,Bangladesh,Liton Das,Shakib Al Hasan,AD Russell,1,0,"",""
ball,2,24.2,Bangladesh,Shakib Al Hasan,Liton Das,AD Russell,1,0,"",""
ball,2,24.3,Bangladesh,Liton Das,Shakib Al Hasan,AD Russell,1,0,"",""
ball,2,24.4,Bangladesh,Shakib Al Hasan,Liton Das,AD Russell,0,0,"",""
ball,2,24.5,Bangladesh,Shakib Al Hasan,Liton Das,AD Russell,1,0,"",""
ball,2,24.6,Bangladesh,Liton Das,Shakib Al Hasan,AD Russell,0,5,"",""
ball,2,24.7,Bangladesh,Liton Das,Shakib Al Hasan,AD Russell,0,0,"",""
ball,2,25.1,Bangladesh,Shakib Al Hasan,Liton Das,ST Gabriel,1,0,"",""
ball,2,25.2,Bangladesh,Liton Das,Shakib Al Hasan,ST Gabriel,0,0,"",""
ball,2,25.3,Bangladesh,Liton Das,Shakib Al Hasan,ST Gabriel,0,1,"",""
ball,2,25.4,Bangladesh,Liton Das,Shakib Al Hasan,ST Gabriel,1,0,"",""
ball,2,25.5,Bangladesh,Shakib Al Hasan,Liton Das,ST Gabriel,0,0,"",""
ball,2,25.6,Bangladesh,Shakib Al Hasan,Liton Das,ST Gabriel,1,0,"",""
ball,2,25.7,Bangladesh,Liton Das,Shakib Al Hasan,ST Gabriel,2,0,"",""
ball,2,26.1,Bangladesh,Shakib Al Hasan,Liton Das,JO Holder,1,0,"",""
ball,2,26.2,Bangladesh,Liton Das,Shakib Al Hasan,JO Holder,1,0,"",""
ball,2,26.3,Bangladesh,Shakib Al Hasan,Liton Das,JO Holder,4,0,"",""
ball,2,26.4,Bangladesh,Shakib Al Hasan,Liton Das,JO Holder,0,0,"",""
ball,2,26.5,Bangladesh,Shakib Al Hasan,Liton Das,JO Holder,1,0,"",""
ball,2,26.6,Bangladesh,Liton Das,Shakib Al Hasan,JO Holder,0,0,"",""
ball,2,27.1,Bangladesh,Shakib Al Hasan,Liton Das,ST Gabriel,4,0,"",""
ball,2,27.2,Bangladesh,Shakib Al Hasan,Liton Das,ST Gabriel,0,0,"",""
ball,2,27.3,Bangladesh,Shakib Al Hasan,Liton Das,ST Gabriel,0,0,"",""
ball,2,27.4,Bangladesh,Shakib Al Hasan,Liton Das,ST Gabriel,4,0,"",""
ball,2,27.5,Bangladesh,Shakib Al Hasan,Liton Das,ST Gabriel,4,0,"",""
ball,2,27.6,Bangladesh,Shakib Al Hasan,Liton Das,ST Gabriel,1,0,"",""
ball,2,28.1,Bangladesh,Shakib Al Hasan,Liton Das,JO Holder,1,0,"",""
ball,2,28.2,Bangladesh,Liton Das,Shakib Al Hasan,JO Holder,1,0,"",""
ball,2,28.3,Bangladesh,Shakib Al Hasan,Liton Das,JO Holder,4,0,"",""
ball,2,28.4,Bangladesh,Shakib Al Hasan,Liton Das,JO Holder,1,0,"",""
ball,2,28.5,Bangladesh,Liton Das,Shakib Al Hasan,JO Holder,0,0,"",""
ball,2,28.6,Bangladesh,Liton Das,Shakib Al Hasan,JO Holder,1,0,"",""
ball,2,29.1,Bangladesh,Liton Das,Shakib Al Hasan,CH Gayle,1,0,"",""
ball,2,29.2,Bangladesh,Shakib Al Hasan,Liton Das,CH Gayle,0,0,"",""
ball,2,29.3,Bangladesh,Shakib Al Hasan,Liton Das,CH Gayle,1,0,"",""
ball,2,29.4,Bangladesh,Liton Das,Shakib Al Hasan,CH Gayle,0,5,"",""
ball,2,29.5,Bangladesh,Liton Das,Shakib Al Hasan,CH Gayle,1,0,"",""
ball,2,29.6,Bangladesh,Shakib Al Hasan,Liton Das,CH Gayle,1,0,"",""
ball,2,29.7,Bangladesh,Liton Das,Shakib Al Hasan,CH Gayle,1,0,"",""
ball,2,30.1,Bangladesh,Liton Das,Shakib Al Hasan,JO Holder,0,0,"",""
ball,2,30.2,Bangladesh,Liton Das,Shakib Al Hasan,JO Holder,1,0,"",""
ball,2,30.3,Bangladesh,Shakib Al Hasan,Liton Das,JO Holder,2,0,"",""
ball,2,30.4,Bangladesh,Shakib Al Hasan,Liton Das,JO Holder,1,0,"",""
ball,2,30.5,Bangladesh,Liton Das,Shakib Al Hasan,JO Holder,1,0,"",""
ball,2,30.6,Bangladesh,Shakib Al Hasan,Liton Das,JO Holder,0,0,"",""
ball,2,31.1,Bangladesh,Liton Das,Shakib Al Hasan,CH Gayle,4,0,"",""
ball,2,31.2,Bangladesh,Liton Das,Shakib Al Hasan,CH Gayle,1,0,"",""
ball,2,31.3,Bangladesh,Shakib Al Hasan,Liton Das,CH Gayle,2,0,"",""
ball,2,31.4,Bangladesh,Shakib Al Hasan,Liton Das,CH Gayle,0,1,"",""
ball,2,31.5,Bangladesh,Liton Das,Shakib Al Hasan,CH Gayle,4,0,"",""
ball,2,31.6,Bangladesh,Liton Das,Shakib Al Hasan,CH Gayle,1,0,"",""
ball,2,32.1,Bangladesh,Liton Das,Shakib Al Hasan,SS Cottrell,1,0,"",""
ball,2,32.2,Bangladesh,Shakib Al Hasan,Liton Das,SS Cottrell,1,0,"",""
ball,2,32.3,Bangladesh,Liton Das,Shakib Al Hasan,SS Cottrell,0,0,"",""
ball,2,32.4,Bangladesh,Liton Das,Shakib Al Hasan,SS Cottrell,6,0,"",""
ball,2,32.5,Bangladesh,Liton Das,Shakib Al Hasan,SS Cottrell,0,0,"",""
ball,2,32.6,Bangladesh,Liton Das,Shakib Al Hasan,SS Cottrell,2,0,"",""
ball,2,33.1,Bangladesh,Shakib Al Hasan,Liton Das,O Thomas,0,0,"",""
ball,2,33.2,Bangladesh,Shakib Al Hasan,Liton Das,O Thomas,1,0,"",""
ball,2,33.3,Bangladesh,Liton Das,Shakib Al Hasan,O Thomas,4,0,"",""
ball,2,33.4,Bangladesh,Liton Das,Shakib Al Hasan,O Thomas,0,0,"",""
ball,2,33.5,Bangladesh,Liton Das,Shakib Al Hasan,O Thomas,1,0,"",""
ball,2,33.6,Bangladesh,Shakib Al Hasan,Liton Das,O Thomas,4,0,"",""
ball,2,34.1,Bangladesh,Liton Das,Shakib Al Hasan,SS Cottrell,0,0,"",""
ball,2,34.2,Bangladesh,Liton Das,Shakib Al Hasan,SS Cottrell,2,0,"",""
ball,2,34.3,Bangladesh,Liton Das,Shakib Al Hasan,SS Cottrell,1,0,"",""
ball,2,34.4,Bangladesh,Shakib Al Hasan,Liton Das,SS Cottrell,0,0,"",""
ball,2,34.5,Bangladesh,Shakib Al Hasan,Liton Das,SS Cottrell,1,0,"",""
ball,2,34.6,Bangladesh,Liton Das,Shakib Al Hasan,SS Cottrell,1,0,"",""
ball,2,35.1,Bangladesh,Liton Das,Shakib Al Hasan,O Thomas,0,0,"",""
ball,2,35.2,Bangladesh,Liton Das,Shakib Al Hasan,O Thomas,0,0,"",""
ball,2,35.3,Bangladesh,Liton Das,Shakib Al Hasan,O Thomas,1,0,"",""
ball,2,35.4,Bangladesh,Shakib Al Hasan,Liton Das,O Thomas,2,0,"",""
ball,2,35.5,Bangladesh,Shakib Al Hasan,Liton Das,O Thomas,2,0,"",""
ball,2,35.6,Bangladesh,Shakib Al Hasan,Liton Das,O Thomas,0,1,"",""
ball,2,35.7,Bangladesh,Shakib Al Hasan,Liton Das,O Thomas,0,1,"",""
ball,2,35.8,Bangladesh,Shakib Al Hasan,Liton Das,O Thomas,4,0,"",""
ball,2,36.1,Bangladesh,Liton Das,Shakib Al Hasan,SS Cottrell,0,1,"",""
ball,2,36.2,Bangladesh,Liton Das,Shakib Al Hasan,SS Cottrell,0,0,"",""
ball,2,36.3,Bangladesh,Liton Das,Shakib Al Hasan,SS Cottrell,0,0,"",""
ball,2,36.4,Bangladesh,Liton Das,Shakib Al Hasan,SS Cottrell,1,0,"",""
ball,2,36.5,Bangladesh,Shakib Al Hasan,Liton Das,SS Cottrell,0,0,"",""
ball,2,36.6,Bangladesh,Shakib Al Hasan,Liton Das,SS Cottrell,4,0,"",""
ball,2,36.7,Bangladesh,Shakib Al Hasan,Liton Das,SS Cottrell,0,0,"",""
ball,2,37.1,Bangladesh,Liton Das,Shakib Al Hasan,ST Gabriel,6,0,"",""
ball,2,37.2,Bangladesh,Liton Das,Shakib Al Hasan,ST Gabriel,6,0,"",""
ball,2,37.3,Bangladesh,Liton Das,Shakib Al Hasan,ST Gabriel,6,0,"",""
ball,2,37.4,Bangladesh,Liton Das,Shakib Al Hasan,ST Gabriel,1,0,"",""
ball,2,37.5,Bangladesh,Shakib Al Hasan,Liton Das,ST Gabriel,4,0,"",""
ball,2,37.6,Bangladesh,Shakib Al Hasan,Liton Das,ST Gabriel,1,0,"",""
ball,2,38.1,Bangladesh,Shakib Al Hasan,Liton Das,SS Cottrell,1,0,"",""
ball,2,38.2,Bangladesh,Liton Das,Shakib Al Hasan,SS Cottrell,0,0,"",""
ball,2,38.3,Bangladesh,Liton Das,Shakib Al Hasan,SS Cottrell,0,0,"",""
ball,2,38.4,Bangladesh,Liton Das,Shakib Al Hasan,SS Cottrell,4,0,"",""
ball,2,38.5,Bangladesh,Liton Das,Shakib Al Hasan,SS Cottrell,0,0,"",""
ball,2,38.6,Bangladesh,Liton Das,Shakib Al Hasan,SS Cottrell,0,0,"",""
ball,2,39.1,Bangladesh,Shakib Al Hasan,Liton Das,ST Gabriel,2,0,"",""
ball,2,39.2,Bangladesh,Shakib Al Hasan,Liton Das,ST Gabriel,1,0,"",""
ball,2,39.3,Bangladesh,Liton Das,Shakib Al Hasan,ST Gabriel,1,0,"",""
ball,2,39.4,Bangladesh,Shakib Al Hasan,Liton Das,ST Gabriel,0,0,"",""
ball,2,39.5,Bangladesh,Shakib Al Hasan,Liton Das,ST Gabriel,1,0,"",""
ball,2,39.6,Bangladesh,Liton Das,Shakib Al Hasan,ST Gabriel,1,0,"",""
ball,2,40.1,Bangladesh,Liton Das,Shakib Al Hasan,JO Holder,4,0,"",""
ball,2,40.2,Bangladesh,Liton Das,Shakib Al Hasan,JO Holder,1,0,"",""
ball,2,40.3,Bangladesh,Shakib Al Hasan,Liton Das,JO Holder,1,0,"",""
ball,2,40.4,Bangladesh,Liton Das,Shakib Al Hasan,JO Holder,4,0,"",""
ball,2,40.5,Bangladesh,Liton Das,Shakib Al Hasan,JO Holder,0,0,"",""
ball,2,40.6,Bangladesh,Liton Das,Shakib Al Hasan,JO Holder,1,0,"",""
ball,2,41.1,Bangladesh,Liton Das,Shakib Al Hasan,ST Gabriel,2,0,"",""
ball,2,41.2,Bangladesh,Liton Das,Shakib Al Hasan,ST Gabriel,0,0,"",""
ball,2,41.3,Bangladesh,Liton Das,Shakib Al Hasan,ST Gabriel,4,0,"",""
