version,1.3.0
info,team,England
info,team,Sri Lanka
info,gender,male
info,season,2019
info,date,2019/06/21
info,competition,World Cup
info,match_number,27
info,venue,Headingley
info,city,Leeds
info,toss_winner,Sri Lanka
info,toss_decision,bat
info,player_of_match,SL Malinga
info,umpire,P Wilson
info,umpire,M Erasmus
info,reserve_umpire,PR Reiffel
info,tv_umpire,BNJ Oxenford
info,match_referee,RB Richardson
info,winner,Sri Lanka
info,winner_runs,20
ball,1,0.1,Sri Lanka,FDM Karunaratne,MDKJ Perera,CR Woakes,0,0,"",""
ball,1,0.2,Sri Lanka,FDM Karunaratne,MDKJ Perera,CR Woakes,0,0,"",""
ball,1,0.3,Sri Lanka,FDM Karunaratne,MDKJ Perera,CR Woakes,0,0,"",""
ball,1,0.4,Sri Lanka,FDM Karunaratne,MDKJ Perera,CR Woakes,1,0,"",""
ball,1,0.5,Sri Lanka,MDKJ Perera,FDM Karunaratne,CR Woakes,1,0,"",""
ball,1,0.6,Sri Lanka,FDM Karunaratne,MDKJ Perera,CR Woakes,0,0,"",""
ball,1,1.1,Sri Lanka,MDKJ Perera,FDM Karunaratne,JC Archer,0,0,"",""
ball,1,1.2,Sri Lanka,MDKJ Perera,FDM Karunaratne,JC Archer,0,0,"",""
ball,1,1.3,Sri Lanka,MDKJ Perera,FDM Karunaratne,JC Archer,1,0,"",""
ball,1,1.4,Sri Lanka,FDM Karunaratne,MDKJ Perera,JC Archer,0,0,"",""
ball,1,1.5,Sri Lanka,FDM Karunaratne,MDKJ Perera,JC Archer,0,0,"",""
ball,1,1.6,Sri Lanka,FDM Karunaratne,MDKJ Perera,JC Archer,0,0,caught,FDM Karunaratne
ball,1,2.1,Sri Lanka,MDKJ Perera,WIA Fernando,CR Woakes,0,0,"",""
ball,1,2.2,Sri Lanka,MDKJ Perera,WIA Fernando,CR Woakes,0,0,caught,MDKJ Perera
ball,1,2.3,Sri Lanka,WIA Fernando,BKG Mendis,CR Woakes,0,0,"",""
ball,1,2.4,Sri Lanka,WIA Fernando,BKG Mendis,CR Woakes,0,0,"",""
ball,1,2.5,Sri Lanka,WIA Fernando,BKG Mendis,CR Woakes,1,0,"",""
ball,1,2.6,Sri Lanka,BKG Mendis,WIA Fernando,CR Woakes,0,0,"",""
ball,1,3.1,Sri Lanka,WIA Fernando,BKG Mendis,JC Archer,0,0,"",""
ball,1,3.2,Sri Lanka,WIA Fernando,BKG Mendis,JC Archer,0,0,"",""
ball,1,3.3,Sri Lanka,WIA Fernando,BKG Mendis,JC Archer,0,0,"",""
ball,1,3.4,Sri Lanka,WIA Fernando,BKG Mendis,JC Archer,0,0,"",""
ball,1,3.5,Sri Lanka,WIA Fernando,BKG Mendis,JC Archer,0,0,"",""
ball,1,3.6,Sri Lanka,WIA Fernando,BKG Mendis,JC Archer,0,0,"",""
ball,1,4.1,Sri Lanka,BKG Mendis,WIA Fernando,CR Woakes,1,0,"",""
ball,1,4.2,Sri Lanka,WIA Fernando,BKG Mendis,CR Woakes,0,0,"",""
ball,1,4.3,Sri Lanka,WIA Fernando,BKG Mendis,CR Woakes,2,0,"",""
ball,1,4.4,Sri Lanka,WIA Fernando,BKG Mendis,CR Woakes,2,0,"",""
ball,1,4.5,Sri Lanka,WIA Fernando,BKG Mendis,CR Woakes,1,0,"",""
ball,1,4.6,Sri Lanka,BKG Mendis,WIA Fernando,CR Woakes,0,0,"",""
ball,1,5.1,Sri Lanka,WIA Fernando,BKG Mendis,JC Archer,0,0,"",""
ball,1,5.2,Sri Lanka,WIA Fernando,BKG Mendis,JC Archer,4,0,"",""
ball,1,5.3,Sri Lanka,WIA Fernando,BKG Mendis,JC Archer,0,0,"",""
ball,1,5.4,Sri Lanka,WIA Fernando,BKG Mendis,JC Archer,0,0,"",""
ball,1,5.5,Sri Lanka,WIA Fernando,BKG Mendis,JC Archer,6,0,"",""
ball,1,5.6,Sri Lanka,WIA Fernando,BKG Mendis,JC Archer,4,0,"",""
ball,1,6.1,Sri Lanka,BKG Mendis,WIA Fernando,CR Woakes,0,0,"",""
ball,1,6.2,Sri Lanka,BKG Mendis,WIA Fernando,CR Woakes,1,0,"",""
ball,1,6.3,Sri Lanka,WIA Fernando,BKG Mendis,CR Woakes,1,0,"",""
ball,1,6.4,Sri Lanka,BKG Mendis,WIA Fernando,CR Woakes,1,0,"",""
ball,1,6.5,Sri Lanka,WIA Fernando,BKG Mendis,CR Woakes,4,0,"",""
ball,1,6.6,Sri Lanka,WIA Fernando,BKG Mendis,CR Woakes,0,0,"",""
ball,1,7.1,Sri Lanka,BKG Mendis,WIA Fernando,JC Archer,0,0,"",""
ball,1,7.2,Sri Lanka,BKG Mendis,WIA Fernando,JC Archer,0,0,"",""
ball,1,7.3,Sri Lanka,BKG Mendis,WIA Fernando,JC Archer,0,0,"",""
ball,1,7.4,Sri Lanka,BKG Mendis,WIA Fernando,JC Archer,0,0,"",""
ball,1,7.5,Sri Lanka,BKG Mendis,WIA Fernando,JC Archer,0,0,"",""
ball,1,7.6,Sri Lanka,BKG Mendis,WIA Fernando,JC Archer,0,0,"",""
ball,1,8.1,Sri Lanka,WIA Fernando,BKG Mendis,CR Woakes,2,0,"",""
ball,1,8.2,Sri Lanka,WIA Fernando,BKG Mendis,CR Woakes,4,0,"",""
ball,1,8.3,Sri Lanka,WIA Fernando,BKG Mendis,CR Woakes,0,0,"",""
ball,1,8.4,Sri Lanka,WIA Fernando,BKG Mendis,CR Woakes,0,0,"",""
ball,1,8.5,Sri Lanka,WIA Fernando,BKG Mendis,CR Woakes,0,0,"",""
ball,1,8.6,Sri Lanka,WIA Fernando,BKG Mendis,CR Woakes,0,0,"",""
ball,1,9.1,Sri Lanka,BKG Mendis,WIA Fernando,JC Archer,0,0,"",""
ball,1,9.2,Sri Lanka,BKG Mendis,WIA Fernando,JC Archer,0,0,"",""
ball,1,9.3,Sri Lanka,BKG Mendis,WIA Fernando,JC Archer,1,0,"",""
ball,1,9.4,Sri Lanka,WIA Fernando,BKG Mendis,JC Archer,4,0,"",""
ball,1,9.5,Sri Lanka,WIA Fernando,BKG Mendis,JC Archer,6,0,"",""
ball,1,9.6,Sri Lanka,WIA Fernando,BKG Mendis,JC Archer,0,0,"",""
ball,1,10.1,Sri Lanka,BKG Mendis,WIA Fernando,MA Wood,0,0,"",""
ball,1,10.2,Sri Lanka,BKG Mendis,WIA Fernando,MA Wood,1,0,"",""
ball,1,10.3,Sri Lanka,WIA Fernando,BKG Mendis,MA Wood,0,0,"",""
ball,1,10.4,Sri Lanka,WIA Fernando,BKG Mendis,MA Wood,1,0,"",""
ball,1,10.5,Sri Lanka,BKG Mendis,WIA Fernando,MA Wood,0,1,"",""
ball,1,10.6,Sri Lanka,BKG Mendis,WIA Fernando,MA Wood,1,0,"",""
ball,1,10.7,Sri Lanka,WIA Fernando,BKG Mendis,MA Wood,4,0,"",""
ball,1,11.1,Sri Lanka,BKG Mendis,WIA Fernando,BA Stokes,1,0,"",""
ball,1,11.2,Sri Lanka,WIA Fernando,BKG Mendis,BA Stokes,1,0,"",""
ball,1,11.3,Sri Lanka,BKG Mendis,WIA Fernando,BA Stokes,0,0,"",""
ball,1,11.4,Sri Lanka,BKG Mendis,WIA Fernando,BA Stokes,1,0,"",""
ball,1,11.5,Sri Lanka,WIA Fernando,BKG Mendis,BA Stokes,0,0,"",""
ball,1,11.6,Sri Lanka,WIA Fernando,BKG Mendis,BA Stokes,0,0,"",""
ball,1,12.1,Sri Lanka,BKG Mendis,WIA Fernando,MA Wood,0,0,"",""
ball,1,12.2,Sri Lanka,BKG Mendis,WIA Fernando,MA Wood,0,0,"",""
ball,1,12.3,Sri Lanka,BKG Mendis,WIA Fernando,MA Wood,1,0,"",""
ball,1,12.4,Sri Lanka,WIA Fernando,BKG Mendis,MA Wood,2,0,"",""
ball,1,12.5,Sri Lanka,WIA Fernando,BKG Mendis,MA Wood,0,0,caught,WIA Fernando
ball,1,12.6,Sri Lanka,AD Mathews,BKG Mendis,MA Wood,0,0,"",""
ball,1,13.1,Sri Lanka,BKG Mendis,AD Mathews,BA Stokes,1,0,"",""
ball,1,13.2,Sri Lanka,AD Mathews,BKG Mendis,BA Stokes,0,0,"",""
ball,1,13.3,Sri Lanka,AD Mathews,BKG Mendis,BA Stokes,0,0,"",""
ball,1,13.4,Sri Lanka,AD Mathews,BKG Mendis,BA Stokes,0,0,"",""
ball,1,13.5,Sri Lanka,AD Mathews,BKG Mendis,BA Stokes,0,0,"",""
ball,1,13.6,Sri Lanka,AD Mathews,BKG Mendis,BA Stokes,0,0,"",""
ball,1,14.1,Sri Lanka,BKG Mendis,AD Mathews,MA Wood,2,0,"",""
ball,1,14.2,Sri Lanka,BKG Mendis,AD Mathews,MA Wood,1,0,"",""
ball,1,14.3,Sri Lanka,AD Mathews,BKG Mendis,MA Wood,0,0,"",""
ball,1,14.4,Sri Lanka,AD Mathews,BKG Mendis,MA Wood,0,0,"",""
ball,1,14.5,Sri Lanka,AD Mathews,BKG Mendis,MA Wood,0,0,"",""
ball,1,14.6,Sri Lanka,AD Mathews,BKG Mendis,MA Wood,0,0,"",""
ball,1,15.1,Sri Lanka,BKG Mendis,AD Mathews,BA Stokes,4,0,"",""
ball,1,15.2,Sri Lanka,BKG Mendis,AD Mathews,BA Stokes,0,0,"",""
ball,1,15.3,Sri Lanka,BKG Mendis,AD Mathews,BA Stokes,1,0,"",""
ball,1,15.4,Sri Lanka,AD Mathews,BKG Mendis,BA Stokes,0,0,"",""
ball,1,15.5,Sri Lanka,AD Mathews,BKG Mendis,BA Stokes,0,0,"",""
ball,1,15.6,Sri Lanka,AD Mathews,BKG Mendis,BA Stokes,1,0,"",""
ball,1,16.1,Sri Lanka,AD Mathews,BKG Mendis,MA Wood,1,0,"",""
ball,1,16.2,Sri Lanka,BKG Mendis,AD Mathews,MA Wood,0,0,"",""
ball,1,16.3,Sri Lanka,BKG Mendis,AD Mathews,MA Wood,0,0,"",""
ball,1,16.4,Sri Lanka,BKG Mendis,AD Mathews,MA Wood,1,0,"",""
ball,1,16.5,Sri Lanka,AD Mathews,BKG Mendis,MA Wood,0,0,"",""
ball,1,16.6,Sri Lanka,AD Mathews,BKG Mendis,MA Wood,0,0,"",""
ball,1,17.1,Sri Lanka,BKG Mendis,AD Mathews,BA Stokes,0,0,"",""
ball,1,17.2,Sri Lanka,BKG Mendis,AD Mathews,BA Stokes,0,0,"",""
ball,1,17.3,Sri Lanka,BKG Mendis,AD Mathews,BA Stokes,0,0,"",""
ball,1,17.4,Sri Lanka,BKG Mendis,AD Mathews,BA Stokes,1,0,"",""
ball,1,17.5,Sri Lanka,AD Mathews,BKG Mendis,BA Stokes,0,0,"",""
ball,1,17.6,Sri Lanka,AD Mathews,BKG Mendis,BA Stokes,0,0,"",""
ball,1,18.1,Sri Lanka,BKG Mendis,AD Mathews,MM Ali,0,0,"",""
ball,1,18.2,Sri Lanka,BKG Mendis,AD Mathews,MM Ali,1,0,"",""
ball,1,18.3,Sri Lanka,AD Mathews,BKG Mendis,MM Ali,1,0,"",""
ball,1,18.4,Sri Lanka,BKG Mendis,AD Mathews,MM Ali,1,0,"",""
ball,1,18.5,Sri Lanka,AD Mathews,BKG Mendis,MM Ali,0,0,"",""
ball,1,18.6,Sri Lanka,AD Mathews,BKG Mendis,MM Ali,1,0,"",""
ball,1,19.1,Sri Lanka,AD Mathews,BKG Mendis,BA Stokes,0,0,"",""
ball,1,19.2,Sri Lanka,AD Mathews,BKG Mendis,BA Stokes,0,0,"",""
ball,1,19.3,Sri Lanka,AD Mathews,BKG Mendis,BA Stokes,1,0,"",""
ball,1,19.4,Sri Lanka,BKG Mendis,AD Mathews,BA Stokes,0,0,"",""
ball,1,19.5,Sri Lanka,BKG Mendis,AD Mathews,BA Stokes,4,0,"",""
ball,1,19.6,Sri Lanka,BKG Mendis,AD Mathews,BA Stokes,0,0,"",""
ball,1,20.1,Sri Lanka,AD Mathews,BKG Mendis,MM Ali,0,0,"",""
ball,1,20.2,Sri Lanka,AD Mathews,BKG Mendis,MM Ali,0,0,"",""
ball,1,20.3,Sri Lanka,AD Mathews,BKG Mendis,MM Ali,0,0,"",""
ball,1,20.4,Sri Lanka,AD Mathews,BKG Mendis,MM Ali,2,0,"",""
ball,1,20.5,Sri Lanka,AD Mathews,BKG Mendis,MM Ali,0,0,"",""
ball,1,20.6,Sri Lanka,AD Mathews,BKG Mendis,MM Ali,1,0,"",""
ball,1,21.1,Sri Lanka,AD Mathews,BKG Mendis,AU Rashid,0,0,"",""
ball,1,21.2,Sri Lanka,AD Mathews,BKG Mendis,AU Rashid,1,0,"",""
ball,1,21.3,Sri Lanka,BKG Mendis,AD Mathews,AU Rashid,1,0,"",""
ball,1,21.4,Sri Lanka,AD Mathews,BKG Mendis,AU Rashid,1,0,"",""
ball,1,21.5,Sri Lanka,BKG Mendis,AD Mathews,AU Rashid,1,0,"",""
ball,1,21.6,Sri Lanka,AD Mathews,BKG Mendis,AU Rashid,1,0,"",""
ball,1,22.1,Sri Lanka,AD Mathews,BKG Mendis,MM Ali,1,0,"",""
ball,1,22.2,Sri Lanka,BKG Mendis,AD Mathews,MM Ali,1,0,"",""
ball,1,22.3,Sri Lanka,AD Mathews,BKG Mendis,MM Ali,1,0,"",""
ball,1,22.4,Sri Lanka,BKG Mendis,AD Mathews,MM Ali,1,0,"",""
ball,1,22.5,Sri Lanka,AD Mathews,BKG Mendis,MM Ali,1,0,"",""
ball,1,22.6,Sri Lanka,BKG Mendis,AD Mathews,MM Ali,1,0,"",""
ball,1,23.1,Sri Lanka,BKG Mendis,AD Mathews,AU Rashid,1,0,"",""
ball,1,23.2,Sri Lanka,AD Mathews,BKG Mendis,AU Rashid,1,0,"",""
ball,1,23.3,Sri Lanka,BKG Mendis,AD Mathews,AU Rashid,1,0,"",""
ball,1,23.4,Sri Lanka,AD Mathews,BKG Mendis,AU Rashid,4,0,"",""
ball,1,23.5,Sri Lanka,AD Mathews,BKG Mendis,AU Rashid,0,0,"",""
ball,1,23.6,Sri Lanka,AD Mathews,BKG Mendis,AU Rashid,1,0,"",""
ball,1,24.1,Sri Lanka,AD Mathews,BKG Mendis,MM Ali,1,0,"",""
ball,1,24.2,Sri Lanka,BKG Mendis,AD Mathews,MM Ali,2,0,"",""
ball,1,24.3,Sri Lanka,BKG Mendis,AD Mathews,MM Ali,0,0,"",""
ball,1,24.4,Sri Lanka,BKG Mendis,AD Mathews,MM Ali,2,0,"",""
ball,1,24.5,Sri Lanka,BKG Mendis,AD Mathews,MM Ali,2,0,"",""
ball,1,24.6,Sri Lanka,BKG Mendis,AD Mathews,MM Ali,1,0,"",""
ball,1,25.1,Sri Lanka,BKG Mendis,AD Mathews,AU Rashid,0,0,"",""
ball,1,25.2,Sri Lanka,BKG Mendis,AD Mathews,AU Rashid,1,0,"",""
ball,1,25.3,Sri Lanka,AD Mathews,BKG Mendis,AU Rashid,0,0,"",""
ball,1,25.4,Sri Lanka,AD Mathews,BKG Mendis,AU Rashid,0,0,"",""
ball,1,25.5,Sri Lanka,AD Mathews,BKG Mendis,AU Rashid,0,0,"",""
ball,1,25.6,Sri Lanka,AD Mathews,BKG Mendis,AU Rashid,0,0,"",""
ball,1,26.1,Sri Lanka,BKG Mendis,AD Mathews,MM Ali,1,0,"",""
ball,1,26.2,Sri Lanka,AD Mathews,BKG Mendis,MM Ali,1,0,"",""
ball,1,26.3,Sri Lanka,BKG Mendis,AD Mathews,MM Ali,1,0,"",""
ball,1,26.4,Sri Lanka,AD Mathews,BKG Mendis,MM Ali,0,0,"",""
ball,1,26.5,Sri Lanka,AD Mathews,BKG Mendis,MM Ali,0,0,"",""
ball,1,26.6,Sri Lanka,AD Mathews,BKG Mendis,MM Ali,1,0,"",""
ball,1,27.1,Sri Lanka,AD Mathews,BKG Mendis,AU Rashid,0,0,"",""
ball,1,27.2,Sri Lanka,AD Mathews,BKG Mendis,AU Rashid,0,2,"",""
ball,1,27.3,Sri Lanka,AD Mathews,BKG Mendis,AU Rashid,1,0,"",""
ball,1,27.4,Sri Lanka,BKG Mendis,AD Mathews,AU Rashid,1,0,"",""
ball,1,27.5,Sri Lanka,AD Mathews,BKG Mendis,AU Rashid,1,0,"",""
ball,1,27.6,Sri Lanka,BKG Mendis,AD Mathews,AU Rashid,1,0,"",""
ball,1,28.1,Sri Lanka,BKG Mendis,AD Mathews,MM Ali,0,0,"",""
ball,1,28.2,Sri Lanka,BKG Mendis,AD Mathews,MM Ali,0,0,"",""
ball,1,28.3,Sri Lanka,BKG Mendis,AD Mathews,MM Ali,0,0,"",""
ball,1,28.4,Sri Lanka,BKG Mendis,AD Mathews,MM Ali,1,0,"",""
ball,1,28.5,Sri Lanka,AD Mathews,BKG Mendis,MM Ali,0,1,"",""
ball,1,28.6,Sri Lanka,AD Mathews,BKG Mendis,MM Ali,1,0,"",""
ball,1,28.7,Sri Lanka,BKG Mendis,AD Mathews,MM Ali,0,0,"",""
ball,1,29.1,Sri Lanka,AD Mathews,BKG Mendis,AU Rashid,4,0,"",""
ball,1,29.2,Sri Lanka,AD Mathews,BKG Mendis,AU Rashid,1,0,"",""
ball,1,29.3,Sri Lanka,BKG Mendis,AD Mathews,AU Rashid,0,0,"",""
ball,1,29.4,Sri Lanka,BKG Mendis,AD Mathews,AU Rashid,0,0,caught,BKG Mendis
ball,1,29.5,Sri Lanka,BMAJ Mendis,AD Mathews,AU Rashid,0,0,caught and bowled,BMAJ Mendis
ball,1,29.6,Sri Lanka,DM de Silva,AD Mathews,AU Rashid,2,0,"",""
ball,1,30.1,Sri Lanka,AD Mathews,DM de Silva,MM Ali,0,0,"",""
ball,1,30.2,Sri Lanka,AD Mathews,DM de Silva,MM Ali,1,0,"",""
ball,1,30.3,Sri Lanka,DM de Silva,AD Mathews,MM Ali,0,0,"",""
ball,1,30.4,Sri Lanka,DM de Silva,AD Mathews,MM Ali,0,0,"",""
ball,1,30.5,Sri Lanka,DM de Silva,AD Mathews,MM Ali,0,0,"",""
ball,1,30.6,Sri Lanka,DM de Silva,AD Mathews,MM Ali,0,1,"",""
ball,1,30.7,Sri Lanka,DM de Silva,AD Mathews,MM Ali,1,0,"",""
ball,1,31.1,Sri Lanka,DM de Silva,AD Mathews,AU Rashid,0,0,"",""
ball,1,31.2,Sri Lanka,DM de Silva,AD Mathews,AU Rashid,1,0,"",""
ball,1,31.3,Sri Lanka,AD Mathews,DM de Silva,AU Rashid,1,0,"",""
ball,1,31.4,Sri Lanka,DM de Silva,AD Mathews,AU Rashid,0,0,"",""
ball,1,31.5,Sri Lanka,DM de Silva,AD Mathews,AU Rashid,0,0,"",""
ball,1,31.6,Sri Lanka,DM de Silva,AD Mathews,AU Rashid,1,0,"",""
ball,1,32.1,Sri Lanka,DM de Silva,AD Mathews,MM Ali,1,0,"",""
ball,1,32.2,Sri Lanka,AD Mathews,DM de Silva,MM Ali,1,0,"",""
ball,1,32.3,Sri Lanka,DM de Silva,AD Mathews,MM Ali,0,0,"",""
ball,1,32.4,Sri Lanka,DM de Silva,AD Mathews,MM Ali,2,0,"",""
ball,1,32.5,Sri Lanka,DM de Silva,AD Mathews,MM Ali,1,0,"",""
ball,1,32.6,Sri Lanka,AD Mathews,DM de Silva,MM Ali,0,0,"",""
ball,1,33.1,Sri Lanka,DM de Silva,AD Mathews,AU Rashid,0,0,"",""
ball,1,33.2,Sri Lanka,DM de Silva,AD Mathews,AU Rashid,0,0,"",""
ball,1,33.3,Sri Lanka,DM de Silva,AD Mathews,AU Rashid,2,0,"",""
ball,1,33.4,Sri Lanka,DM de Silva,AD Mathews,AU Rashid,0,0,"",""
ball,1,33.5,Sri Lanka,DM de Silva,AD Mathews,AU Rashid,0,0,"",""
ball,1,33.6,Sri Lanka,DM de Silva,AD Mathews,AU Rashid,4,0,"",""
ball,1,34.1,Sri Lanka,AD Mathews,DM de Silva,MM Ali,0,0,"",""
ball,1,34.2,Sri Lanka,AD Mathews,DM de Silva,MM Ali,0,0,"",""
ball,1,34.3,Sri Lanka,AD Mathews,DM de Silva,MM Ali,0,0,"",""
ball,1,34.4,Sri Lanka,AD Mathews,DM de Silva,MM Ali,0,0,"",""
ball,1,34.5,Sri Lanka,AD Mathews,DM de Silva,MM Ali,1,0,"",""
ball,1,34.6,Sri Lanka,DM de Silva,AD Mathews,MM Ali,0,1,"",""
ball,1,34.7,Sri Lanka,DM de Silva,AD Mathews,MM Ali,0,0,"",""
ball,1,35.1,Sri Lanka,AD Mathews,DM de Silva,AU Rashid,1,0,"",""
ball,1,35.2,Sri Lanka,DM de Silva,AD Mathews,AU Rashid,1,0,"",""
ball,1,35.3,Sri Lanka,AD Mathews,DM de Silva,AU Rashid,1,0,"",""
ball,1,35.4,Sri Lanka,DM de Silva,AD Mathews,AU Rashid,0,0,"",""
ball,1,35.5,Sri Lanka,DM de Silva,AD Mathews,AU Rashid,0,0,"",""
ball,1,35.6,Sri Lanka,DM de Silva,AD Mathews,AU Rashid,1,0,"",""
ball,1,36.1,Sri Lanka,DM de Silva,AD Mathews,MM Ali,0,0,"",""
ball,1,36.2,Sri Lanka,DM de Silva,AD Mathews,MM Ali,0,0,"",""
ball,1,36.3,Sri Lanka,DM de Silva,AD Mathews,MM Ali,0,0,"",""
ball,1,36.4,Sri Lanka,DM de Silva,AD Mathews,MM Ali,1,0,"",""
ball,1,36.5,Sri Lanka,AD Mathews,DM de Silva,MM Ali,1,0,"",""
ball,1,36.6,Sri Lanka,DM de Silva,AD Mathews,MM Ali,0,0,"",""
ball,1,37.1,Sri Lanka,AD Mathews,DM de Silva,AU Rashid,0,0,"",""
ball,1,37.2,Sri Lanka,AD Mathews,DM de Silva,AU Rashid,1,0,"",""
ball,1,37.3,Sri Lanka,DM de Silva,AD Mathews,AU Rashid,1,0,"",""
ball,1,37.4,Sri Lanka,AD Mathews,DM de Silva,AU Rashid,0,0,"",""
ball,1,37.5,Sri Lanka,AD Mathews,DM de Silva,AU Rashid,1,0,"",""
ball,1,37.6,Sri Lanka,DM de Silva,AD Mathews,AU Rashid,1,0,"",""
ball,1,38.1,Sri Lanka,DM de Silva,AD Mathews,JE Root,1,0,"",""
ball,1,38.2,Sri Lanka,AD Mathews,DM de Silva,JE Root,0,0,"",""
ball,1,38.3,Sri Lanka,AD Mathews,DM de Silva,JE Root,0,0,"",""
ball,1,38.4,Sri Lanka,AD Mathews,DM de Silva,JE Root,1,0,"",""
ball,1,38.5,Sri Lanka,DM de Silva,AD Mathews,JE Root,1,0,"",""
ball,1,38.6,Sri Lanka,AD Mathews,DM de Silva,JE Root,1,0,"",""
ball,1,39.1,Sri Lanka,AD Mathews,DM de Silva,AU Rashid,0,0,"",""
ball,1,39.2,Sri Lanka,AD Mathews,DM de Silva,AU Rashid,1,0,"",""
ball,1,39.3,Sri Lanka,DM de Silva,AD Mathews,AU Rashid,2,0,"",""
ball,1,39.4,Sri Lanka,DM de Silva,AD Mathews,AU Rashid,0,0,"",""
ball,1,39.5,Sri Lanka,DM de Silva,AD Mathews,AU Rashid,0,0,"",""
ball,1,39.6,Sri Lanka,DM de Silva,AD Mathews,AU Rashid,0,0,"",""
ball,1,40.1,Sri Lanka,AD Mathews,DM de Silva,JE Root,2,0,"",""
ball,1,40.2,Sri Lanka,AD Mathews,DM de Silva,JE Root,1,0,"",""
ball,1,40.3,Sri Lanka,DM de Silva,AD Mathews,JE Root,1,0,"",""
ball,1,40.4,Sri Lanka,AD Mathews,DM de Silva,JE Root,0,0,"",""
ball,1,40.5,Sri Lanka,AD Mathews,DM de Silva,JE Root,4,0,"",""
ball,1,40.6,Sri Lanka,AD Mathews,DM de Silva,JE Root,1,0,"",""
ball,1,41.1,Sri Lanka,AD Mathews,DM de Silva,JC Archer,0,0,"",""
ball,1,41.2,Sri Lanka,AD Mathews,DM de Silva,JC Archer,0,0,"",""
ball,1,41.3,Sri Lanka,AD Mathews,DM de Silva,JC Archer,1,0,"",""
ball,1,41.4,Sri Lanka,DM de Silva,AD Mathews,JC Archer,0,0,"",""
ball,1,41.5,Sri Lanka,DM de Silva,AD Mathews,JC Archer,0,1,"",""
ball,1,41.6,Sri Lanka,DM de Silva,AD Mathews,JC Archer,0,0,"",""
ball,1,41.7,Sri Lanka,DM de Silva,AD Mathews,JC Archer,1,0,"",""
ball,1,42.1,Sri Lanka,DM de Silva,AD Mathews,MA Wood,1,0,"",""
ball,1,42.2,Sri Lanka,AD Mathews,DM de Silva,MA Wood,0,0,"",""
ball,1,42.3,Sri Lanka,AD Mathews,DM de Silva,MA Wood,2,0,"",""
ball,1,42.4,Sri Lanka,AD Mathews,DM de Silva,MA Wood,1,0,"",""
ball,1,42.5,Sri Lanka,DM de Silva,AD Mathews,MA Wood,0,0,"",""
ball,1,42.6,Sri Lanka,DM de Silva,AD Mathews,MA Wood,1,0,"",""
ball,1,43.1,Sri Lanka,DM de Silva,AD Mathews,JC Archer,1,0,"",""
ball,1,43.2,Sri Lanka,AD Mathews,DM de Silva,JC Archer,1,0,"",""
ball,1,43.3,Sri Lanka,DM de Silva,AD Mathews,JC Archer,0,0,caught,DM de Silva
ball,1,43.4,Sri Lanka,NLTC Perera,AD Mathews,JC Archer,0,0,"",""
ball,1,43.5,Sri Lanka,NLTC Perera,AD Mathews,JC Archer,1,0,"",""
ball,1,43.6,Sri Lanka,AD Mathews,NLTC Perera,JC Archer,1,0,"",""
ball,1,44.1,Sri Lanka,AD Mathews,NLTC Perera,MA Wood,2,0,"",""
ball,1,44.2,Sri Lanka,AD Mathews,NLTC Perera,MA Wood,0,0,"",""
ball,1,44.3,Sri Lanka,AD Mathews,NLTC Perera,MA Wood,1,0,"",""
ball,1,44.4,Sri Lanka,NLTC Perera,AD Mathews,MA Wood,0,0,"",""
ball,1,44.5,Sri Lanka,NLTC Perera,AD Mathews,MA Wood,1,0,"",""
ball,1,44.6,Sri Lanka,AD Mathews,NLTC Perera,MA Wood,1,0,"",""
ball,1,45.1,Sri Lanka,AD Mathews,NLTC Perera,JC Archer,1,0,"",""
ball,1,45.2,Sri Lanka,NLTC Perera,AD Mathews,JC Archer,0,1,"",""
ball,1,45.3,Sri Lanka,AD Mathews,NLTC Perera,JC Archer,1,0,"",""
ball,1,45.4,Sri Lanka,NLTC Perera,AD Mathews,JC Archer,0,0,caught,NLTC Perera
ball,1,45.5,Sri Lanka,AD Mathews,I Udana,JC Archer,1,0,"",""
ball,1,45.6,Sri Lanka,I Udana,AD Mathews,JC Archer,0,1,"",""
ball,1,45.7,Sri Lanka,I Udana,AD Mathews,JC Archer,1,0,"",""
ball,1,46.1,Sri Lanka,I Udana,AD Mathews,MA Wood,1,0,"",""
ball,1,46.2,Sri Lanka,AD Mathews,I Udana,MA Wood,0,1,"",""
ball,1,46.3,Sri Lanka,I Udana,AD Mathews,MA Wood,4,0,"",""
ball,1,46.4,Sri Lanka,I Udana,AD Mathews,MA Wood,0,0,caught,I Udana
ball,1,46.5,Sri Lanka,AD Mathews,SL Malinga,MA Wood,4,0,"",""
ball,1,46.6,Sri Lanka,AD Mathews,SL Malinga,MA Wood,1,0,"",""
ball,1,47.1,Sri Lanka,AD Mathews,SL Malinga,JC Archer,0,0,"",""
ball,1,47.2,Sri Lanka,AD Mathews,SL Malinga,JC Archer,0,0,"",""
ball,1,47.3,Sri Lanka,AD Mathews,SL Malinga,JC Archer,1,0,"",""
ball,1,47.4,Sri Lanka,SL Malinga,AD Mathews,JC Archer,0,0,"",""
ball,1,47.5,Sri Lanka,SL Malinga,AD Mathews,JC Archer,1,0,"",""
ball,1,47.6,Sri Lanka,AD Mathews,SL Malinga,JC Archer,4,0,"",""
ball,1,48.1,Sri Lanka,SL Malinga,AD Mathews,MA Wood,0,0,"",""
ball,1,48.2,Sri Lanka,SL Malinga,AD Mathews,MA Wood,0,0,"",""
ball,1,48.3,Sri Lanka,SL Malinga,AD Mathews,MA Wood,0,0,bowled,SL Malinga
ball,1,48.4,Sri Lanka,N Pradeep,AD Mathews,MA Wood,1,0,"",""
ball,1,48.5,Sri Lanka,AD Mathews,N Pradeep,MA Wood,2,0,"",""
ball,1,48.6,Sri Lanka,AD Mathews,N Pradeep,MA Wood,1,0,"",""
ball,1,49.1,Sri Lanka,AD Mathews,N Pradeep,JC Archer,6,0,"",""
ball,1,49.2,Sri Lanka,AD Mathews,N Pradeep,JC Archer,0,0,"",""
ball,1,49.3,Sri Lanka,AD Mathews,N Pradeep,JC Archer,0,0,"",""
ball,1,49.4,Sri Lanka,AD Mathews,N Pradeep,JC Archer,2,0,"",""
ball,1,49.5,Sri Lanka,AD Mathews,N Pradeep,JC Archer,0,0,"",""
ball,1,49.6,Sri Lanka,AD Mathews,N Pradeep,JC Archer,0,0,"",""
ball,2,0.1,England,JM Vince,JM Bairstow,SL Malinga,1,0,"",""
ball,2,0.2,England,JM Bairstow,JM Vince,SL Malinga,0,0,lbw,JM Bairstow
ball,2,0.3,England,JE Root,JM Vince,SL Malinga,0,0,"",""
ball,2,0.4,England,JE Root,JM Vince,SL Malinga,0,0,"",""
ball,2,0.5,England,JE Root,JM Vince,SL Malinga,2,0,"",""
ball,2,0.6,England,JE Root,JM Vince,SL Malinga,0,0,"",""
ball,2,1.1,England,JM Vince,JE Root,N Pradeep,0,0,"",""
ball,2,1.2,England,JM Vince,JE Root,N Pradeep,1,0,"",""
ball,2,1.3,England,JE Root,JM Vince,N Pradeep,0,0,"",""
ball,2,1.4,England,JE Root,JM Vince,N Pradeep,0,0,"",""
ball,2,1.5,England,JE Root,JM Vince,N Pradeep,0,0,"",""
ball,2,1.6,England,JE Root,JM Vince,N Pradeep,0,0,"",""
ball,2,2.1,England,JM Vince,JE Root,SL Malinga,0,0,"",""
ball,2,2.2,England,JM Vince,JE Root,SL Malinga,0,0,"",""
ball,2,2.3,England,JM Vince,JE Root,SL Malinga,0,0,"",""
ball,2,2.4,England,JM Vince,JE Root,SL Malinga,0,0,"",""
ball,2,2.5,England,JM Vince,JE Root,SL Malinga,0,0,"",""
ball,2,2.6,England,JM Vince,JE Root,SL Malinga,0,0,"",""
ball,2,3.1,England,JE Root,JM Vince,N Pradeep,0,0,"",""
ball,2,3.2,England,JE Root,JM Vince,N Pradeep,0,0,"",""
ball,2,3.3,England,JE Root,JM Vince,N Pradeep,4,0,"",""
ball,2,3.4,England,JE Root,JM Vince,N Pradeep,2,0,"",""
ball,2,3.5,England,JE Root,JM Vince,N Pradeep,0,0,"",""
ball,2,3.6,England,JE Root,JM Vince,N Pradeep,0,0,"",""
ball,2,4.1,England,JM Vince,JE Root,SL Malinga,1,0,"",""
ball,2,4.2,England,JE Root,JM Vince,SL Malinga,2,0,"",""
ball,2,4.3,England,JE Root,JM Vince,SL Malinga,2,0,"",""
ball,2,4.4,England,JE Root,JM Vince,SL Malinga,0,0,"",""
ball,2,4.5,England,JE Root,JM Vince,SL Malinga,0,0,"",""
ball,2,4.6,England,JE Root,JM Vince,SL Malinga,0,0,"",""
ball,2,5.1,England,JM Vince,JE Root,N Pradeep,0,0,"",""
ball,2,5.2,England,JM Vince,JE Root,N Pradeep,0,0,"",""
ball,2,5.3,England,JM Vince,JE Root,N Pradeep,1,0,"",""
ball,2,5.4,England,JE Root,JM Vince,N Pradeep,0,0,"",""
ball,2,5.5,England,JE Root,JM Vince,N Pradeep,0,0,"",""
ball,2,5.6,England,JE Root,JM Vince,N Pradeep,0,0,"",""
ball,2,6.1,England,JM Vince,JE Root,SL Malinga,2,0,"",""
ball,2,6.2,England,JM Vince,JE Root,SL Malinga,4,0,"",""
ball,2,6.3,England,JM Vince,JE Root,SL Malinga,4,0,"",""
ball,2,6.4,England,JM Vince,JE Root,SL Malinga,0,0,"",""
ball,2,6.5,England,JM Vince,JE Root,SL Malinga,0,0,caught,JM Vince
ball,2,6.6,England,EJG Morgan,JE Root,SL Malinga,0,0,"",""
ball,2,7.1,England,JE Root,EJG Morgan,N Pradeep,0,0,"",""
ball,2,7.2,England,JE Root,EJG Morgan,N Pradeep,0,0,"",""
ball,2,7.3,England,JE Root,EJG Morgan,N Pradeep,0,0,"",""
ball,2,7.4,England,JE Root,EJG Morgan,N Pradeep,0,0,"",""
ball,2,7.5,England,JE Root,EJG Morgan,N Pradeep,0,0,"",""
ball,2,7.6,England,JE Root,EJG Morgan,N Pradeep,0,0,"",""
ball,2,8.1,England,EJG Morgan,JE Root,SL Malinga,4,0,"",""
ball,2,8.2,England,EJG Morgan,JE Root,SL Malinga,0,0,"",""
ball,2,8.3,England,EJG Morgan,JE Root,SL Malinga,1,0,"",""
ball,2,8.4,England,JE Root,EJG Morgan,SL Malinga,0,0,"",""
ball,2,8.5,England,JE Root,EJG Morgan,SL Malinga,0,0,"",""
ball,2,8.6,England,JE Root,EJG Morgan,SL Malinga,4,0,"",""
ball,2,9.1,England,EJG Morgan,JE Root,N Pradeep,0,0,"",""
ball,2,9.2,England,EJG Morgan,JE Root,N Pradeep,0,0,"",""
ball,2,9.3,England,EJG Morgan,JE Root,N Pradeep,0,1,"",""
ball,2,9.4,England,EJG Morgan,JE Root,N Pradeep,1,0,"",""
ball,2,9.5,England,JE Root,EJG Morgan,N Pradeep,0,0,"",""
ball,2,9.6,England,JE Root,EJG Morgan,N Pradeep,1,0,"",""
ball,2,9.7,England,EJG Morgan,JE Root,N Pradeep,0,0,"",""
ball,2,10.1,England,JE Root,EJG Morgan,DM de Silva,0,0,"",""
ball,2,10.2,England,JE Root,EJG Morgan,DM de Silva,2,0,"",""
ball,2,10.3,England,JE Root,EJG Morgan,DM de Silva,1,0,"",""
ball,2,10.4,England,EJG Morgan,JE Root,DM de Silva,0,0,"",""
ball,2,10.5,England,EJG Morgan,JE Root,DM de Silva,0,0,"",""
ball,2,10.6,England,EJG Morgan,JE Root,DM de Silva,0,0,"",""
ball,2,11.1,England,JE Root,EJG Morgan,N Pradeep,0,0,"",""
ball,2,11.2,England,JE Root,EJG Morgan,N Pradeep,0,0,"",""
ball,2,11.3,England,JE Root,EJG Morgan,N Pradeep,0,0,"",""
ball,2,11.4,England,JE Root,EJG Morgan,N Pradeep,0,0,"",""
ball,2,11.5,England,JE Root,EJG Morgan,N Pradeep,0,0,"",""
ball,2,11.6,England,JE Root,EJG Morgan,N Pradeep,1,0,"",""
ball,2,12.1,England,JE Root,EJG Morgan,DM de Silva,1,0,"",""
ball,2,12.2,England,EJG Morgan,JE Root,DM de Silva,2,0,"",""
ball,2,12.3,England,EJG Morgan,JE Root,DM de Silva,0,0,"",""
ball,2,12.4,England,EJG Morgan,JE Root,DM de Silva,1,0,"",""
ball,2,12.5,England,JE Root,EJG Morgan,DM de Silva,0,0,"",""
ball,2,12.6,England,JE Root,EJG Morgan,DM de Silva,1,0,"",""
ball,2,13.1,England,JE Root,EJG Morgan,NLTC Perera,1,0,"",""
ball,2,13.2,England,EJG Morgan,JE Root,NLTC Perera,0,0,"",""
ball,2,13.3,England,EJG Morgan,JE Root,NLTC Perera,0,0,"",""
ball,2,13.4,England,EJG Morgan,JE Root,NLTC Perera,0,0,"",""
ball,2,13.5,England,EJG Morgan,JE Root,NLTC Perera,1,0,"",""
ball,2,13.6,England,JE Root,EJG Morgan,NLTC Perera,1,0,"",""
ball,2,14.1,England,JE Root,EJG Morgan,DM de Silva,1,0,"",""
ball,2,14.2,England,EJG Morgan,JE Root,DM de Silva,1,0,"",""
ball,2,14.3,England,JE Root,EJG Morgan,DM de Silva,0,0,"",""
ball,2,14.4,England,JE Root,EJG Morgan,DM de Silva,1,0,"",""
ball,2,14.5,England,EJG Morgan,JE Root,DM de Silva,0,0,"",""
ball,2,14.6,England,EJG Morgan,JE Root,DM de Silva,0,0,"",""
ball,2,15.1,England,JE Root,EJG Morgan,NLTC Perera,1,0,"",""
ball,2,15.2,England,EJG Morgan,JE Root,NLTC Perera,2,0,"",""
ball,2,15.3,England,EJG Morgan,JE Root,NLTC Perera,0,0,"",""
ball,2,15.4,England,EJG Morgan,JE Root,NLTC Perera,1,0,"",""
ball,2,15.5,England,JE Root,EJG Morgan,NLTC Perera,0,0,"",""
ball,2,15.6,England,JE Root,EJG Morgan,NLTC Perera,1,0,"",""
ball,2,16.1,England,JE Root,EJG Morgan,I Udana,1,0,"",""
ball,2,16.2,England,EJG Morgan,JE Root,I Udana,4,0,"",""
ball,2,16.3,England,EJG Morgan,JE Root,I Udana,0,0,"",""
ball,2,16.4,England,EJG Morgan,JE Root,I Udana,0,0,"",""
ball,2,16.5,England,EJG Morgan,JE Root,I Udana,1,0,"",""
ball,2,16.6,England,JE Root,EJG Morgan,I Udana,4,0,"",""
ball,2,17.1,England,EJG Morgan,JE Root,NLTC Perera,0,0,"",""
ball,2,17.2,England,EJG Morgan,JE Root,NLTC Perera,0,0,"",""
ball,2,17.3,England,EJG Morgan,JE Root,NLTC Perera,0,0,"",""
ball,2,17.4,England,EJG Morgan,JE Root,NLTC Perera,1,0,"",""
ball,2,17.5,England,JE Root,EJG Morgan,NLTC Perera,1,0,"",""
ball,2,17.6,England,EJG Morgan,JE Root,NLTC Perera,0,0,"",""
ball,2,18.1,England,JE Root,EJG Morgan,I Udana,1,0,"",""
ball,2,18.2,England,EJG Morgan,JE Root,I Udana,1,0,"",""
ball,2,18.3,England,JE Root,EJG Morgan,I Udana,1,0,"",""
ball,2,18.4,England,EJG Morgan,JE Root,I Udana,0,0,caught and bowled,EJG Morgan
ball,2,18.5,England,BA Stokes,JE Root,I Udana,0,0,"",""
ball,2,18.6,England,BA Stokes,JE Root,I Udana,0,0,"",""
ball,2,19.1,England,JE Root,BA Stokes,NLTC Perera,2,0,"",""
ball,2,19.2,England,JE Root,BA Stokes,NLTC Perera,1,0,"",""
ball,2,19.3,England,BA Stokes,JE Root,NLTC Perera,0,0,"",""
ball,2,19.4,England,BA Stokes,JE Root,NLTC Perera,0,0,"",""
ball,2,19.5,England,BA Stokes,JE Root,NLTC Perera,0,0,"",""
ball,2,19.6,England,BA Stokes,JE Root,NLTC Perera,0,0,"",""
ball,2,20.1,England,JE Root,BA Stokes,I Udana,0,0,"",""
ball,2,20.2,England,JE Root,BA Stokes,I Udana,0,0,"",""
ball,2,20.3,England,JE Root,BA Stokes,I Udana,0,0,"",""
ball,2,20.4,England,JE Root,BA Stokes,I Udana,0,0,"",""
ball,2,20.5,England,JE Root,BA Stokes,I Udana,1,0,"",""
ball,2,20.6,England,BA Stokes,JE Root,I Udana,0,0,"",""
ball,2,21.1,England,JE Root,BA Stokes,DM de Silva,1,0,"",""
ball,2,21.2,England,BA Stokes,JE Root,DM de Silva,0,0,"",""
ball,2,21.3,England,BA Stokes,JE Root,DM de Silva,1,0,"",""
ball,2,21.4,England,JE Root,BA Stokes,DM de Silva,1,0,"",""
ball,2,21.5,England,BA Stokes,JE Root,DM de Silva,0,0,"",""
ball,2,21.6,England,BA Stokes,JE Root,DM de Silva,1,0,"",""
ball,2,22.1,England,BA Stokes,JE Root,I Udana,0,0,"",""
ball,2,22.2,England,BA Stokes,JE Root,I Udana,0,0,"",""
ball,2,22.3,England,BA Stokes,JE Root,I Udana,0,0,"",""
ball,2,22.4,England,BA Stokes,JE Root,I Udana,4,0,"",""
ball,2,22.5,England,BA Stokes,JE Root,I Udana,0,0,"",""
ball,2,22.6,England,BA Stokes,JE Root,I Udana,0,0,"",""
ball,2,23.1,England,JE Root,BA Stokes,DM de Silva,0,0,"",""
ball,2,23.2,England,JE Root,BA Stokes,DM de Silva,0,0,"",""
ball,2,23.3,England,JE Root,BA Stokes,DM de Silva,1,0,"",""
ball,2,23.4,England,BA Stokes,JE Root,DM de Silva,1,0,"",""
ball,2,23.5,England,JE Root,BA Stokes,DM de Silva,1,0,"",""
ball,2,23.6,England,BA Stokes,JE Root,DM de Silva,0,0,"",""
ball,2,24.1,England,JE Root,BA Stokes,I Udana,1,0,"",""
ball,2,24.2,England,BA Stokes,JE Root,I Udana,0,1,"",""
ball,2,24.3,England,JE Root,BA Stokes,I Udana,0,0,"",""
ball,2,24.4,England,JE Root,BA Stokes,I Udana,1,0,"",""
ball,2,24.5,England,BA Stokes,JE Root,I Udana,0,0,"",""
ball,2,24.6,England,BA Stokes,JE Root,I Udana,0,0,"",""
ball,2,25.1,England,JE Root,BA Stokes,BMAJ Mendis,1,0,"",""
ball,2,25.2,England,BA Stokes,JE Root,BMAJ Mendis,1,0,"",""
ball,2,25.3,England,JE Root,BA Stokes,BMAJ Mendis,0,0,"",""
ball,2,25.4,England,JE Root,BA Stokes,BMAJ Mendis,1,0,"",""
ball,2,25.5,England,BA Stokes,JE Root,BMAJ Mendis,1,0,"",""
ball,2,25.6,England,JE Root,BA Stokes,BMAJ Mendis,1,0,"",""
ball,2,26.1,England,JE Root,BA Stokes,N Pradeep,0,0,"",""
ball,2,26.2,England,JE Root,BA Stokes,N Pradeep,1,0,"",""
ball,2,26.3,England,BA Stokes,JE Root,N Pradeep,0,0,"",""
ball,2,26.4,England,BA Stokes,JE Root,N Pradeep,0,1,"",""
ball,2,26.5,England,BA Stokes,JE Root,N Pradeep,4,0,"",""
ball,2,26.6,England,BA Stokes,JE Root,N Pradeep,1,0,"",""
ball,2,26.7,England,JE Root,BA Stokes,N Pradeep,0,0,"",""
ball,2,27.1,England,BA Stokes,JE Root,BMAJ Mendis,6,0,"",""
ball,2,27.2,England,BA Stokes,JE Root,BMAJ Mendis,1,0,"",""
ball,2,27.3,England,JE Root,BA Stokes,BMAJ Mendis,1,0,"",""
ball,2,27.4,England,BA Stokes,JE Root,BMAJ Mendis,6,0,"",""
ball,2,27.5,England,BA Stokes,JE Root,BMAJ Mendis,0,0,"",""
ball,2,27.6,England,BA Stokes,JE Root,BMAJ Mendis,0,0,"",""
ball,2,28.1,England,JE Root,BA Stokes,N Pradeep,1,0,"",""
ball,2,28.2,England,BA Stokes,JE Root,N Pradeep,1,0,"",""
ball,2,28.3,England,JE Root,BA Stokes,N Pradeep,1,0,"",""
ball,2,28.4,England,BA Stokes,JE Root,N Pradeep,0,0,"",""
ball,2,28.5,England,BA Stokes,JE Root,N Pradeep,1,0,"",""
ball,2,28.6,England,JE Root,BA Stokes,N Pradeep,1,0,"",""
ball,2,29.1,England,JE Root,BA Stokes,BMAJ Mendis,1,0,"",""
ball,2,29.2,England,BA Stokes,JE Root,BMAJ Mendis,1,0,"",""
ball,2,29.3,England,JE Root,BA Stokes,BMAJ Mendis,1,0,"",""
ball,2,29.4,England,BA Stokes,JE Root,BMAJ Mendis,0,0,"",""
ball,2,29.5,England,BA Stokes,JE Root,BMAJ Mendis,1,0,"",""
ball,2,29.6,England,JE Root,BA Stokes,BMAJ Mendis,0,0,"",""
ball,2,30.1,England,BA Stokes,JE Root,SL Malinga,0,0,"",""
ball,2,30.2,England,BA Stokes,JE Root,SL Malinga,1,0,"",""
ball,2,30.3,England,JE Root,BA Stokes,SL Malinga,0,0,caught,JE Root
ball,2,30.4,England,JC Buttler,BA Stokes,SL Malinga,2,0,"",""
ball,2,30.5,England,JC Buttler,BA Stokes,SL Malinga,0,1,"",""
ball,2,30.6,England,JC Buttler,BA Stokes,SL Malinga,0,0,"",""
ball,2,30.7,England,JC Buttler,BA Stokes,SL Malinga,1,0,"",""
ball,2,31.1,England,JC Buttler,BA Stokes,NLTC Perera,1,0,"",""
ball,2,31.2,England,BA Stokes,JC Buttler,NLTC Perera,1,0,"",""
ball,2,31.3,England,JC Buttler,BA Stokes,NLTC Perera,1,0,"",""
ball,2,31.4,England,BA Stokes,JC Buttler,NLTC Perera,1,0,"",""
ball,2,31.5,England,JC Buttler,BA Stokes,NLTC Perera,1,0,"",""
ball,2,31.6,England,BA Stokes,JC Buttler,NLTC Perera,4,0,"",""
ball,2,32.1,England,JC Buttler,BA Stokes,SL Malinga,0,0,"",""
ball,2,32.2,England,JC Buttler,BA Stokes,SL Malinga,4,0,"",""
ball,2,32.3,England,JC Buttler,BA Stokes,SL Malinga,0,0,lbw,JC Buttler
ball,2,32.4,England,MM Ali,BA Stokes,SL Malinga,0,0,"",""
ball,2,32.5,England,MM Ali,BA Stokes,SL Malinga,0,0,"",""
ball,2,32.6,England,MM Ali,BA Stokes,SL Malinga,0,0,"",""
ball,2,33.1,England,BA Stokes,MM Ali,NLTC Perera,0,0,"",""
ball,2,33.2,England,BA Stokes,MM Ali,NLTC Perera,4,0,"",""
ball,2,33.3,England,BA Stokes,MM Ali,NLTC Perera,0,0,"",""
ball,2,33.4,England,BA Stokes,MM Ali,NLTC Perera,0,0,"",""
ball,2,33.5,England,BA Stokes,MM Ali,NLTC Perera,0,0,"",""
ball,2,33.6,England,BA Stokes,MM Ali,NLTC Perera,0,0,"",""
ball,2,34.1,England,MM Ali,BA Stokes,SL Malinga,1,0,"",""
ball,2,34.2,England,BA Stokes,MM Ali,SL Malinga,0,0,"",""
ball,2,34.3,England,BA Stokes,MM Ali,SL Malinga,0,0,"",""
ball,2,34.4,England,BA Stokes,MM Ali,SL Malinga,1,0,"",""
ball,2,34.5,England,MM Ali,BA Stokes,SL Malinga,0,0,"",""
ball,2,34.6,England,MM Ali,BA Stokes,SL Malinga,1,0,"",""
ball,2,35.1,England,MM Ali,BA Stokes,NLTC Perera,0,0,"",""
ball,2,35.2,England,MM Ali,BA Stokes,NLTC Perera,1,0,"",""
ball,2,35.3,England,BA Stokes,MM Ali,NLTC Perera,0,0,"",""
ball,2,35.4,England,BA Stokes,MM Ali,NLTC Perera,1,0,"",""
ball,2,35.5,England,MM Ali,BA Stokes,NLTC Perera,0,0,"",""
ball,2,35.6,England,MM Ali,BA Stokes,NLTC Perera,1,0,"",""
ball,2,36.1,England,MM Ali,BA Stokes,DM de Silva,1,0,"",""
ball,2,36.2,England,BA Stokes,MM Ali,DM de Silva,2,0,"",""
ball,2,36.3,England,BA Stokes,MM Ali,DM de Silva,0,0,"",""
ball,2,36.4,England,BA Stokes,MM Ali,DM de Silva,0,0,"",""
ball,2,36.5,England,BA Stokes,MM Ali,DM de Silva,1,0,"",""
ball,2,36.6,England,MM Ali,BA Stokes,DM de Silva,1,0,"",""
ball,2,37.1,England,MM Ali,BA Stokes,NLTC Perera,1,0,"",""
ball,2,37.2,England,BA Stokes,MM Ali,NLTC Perera,1,0,"",""
ball,2,37.3,England,MM Ali,BA Stokes,NLTC Perera,2,0,"",""
ball,2,37.4,England,MM Ali,BA Stokes,NLTC Perera,0,0,"",""
ball,2,37.5,England,MM Ali,BA Stokes,NLTC Perera,0,0,"",""
ball,2,37.6,England,MM Ali,BA Stokes,NLTC Perera,1,0,"",""
ball,2,38.1,England,MM Ali,BA Stokes,DM de Silva,0,0,"",""
ball,2,38.2,England,MM Ali,BA Stokes,DM de Silva,6,0,"",""
ball,2,38.3,England,MM Ali,BA Stokes,DM de Silva,0,0,caught,MM Ali
ball,2,38.4,England,CR Woakes,BA Stokes,DM de Silva,0,0,"",""
ball,2,38.5,England,CR Woakes,BA Stokes,DM de Silva,1,0,"",""
ball,2,38.6,England,BA Stokes,CR Woakes,DM de Silva,0,0,"",""
ball,2,39.1,England,CR Woakes,BA Stokes,N Pradeep,1,0,"",""
ball,2,39.2,England,BA Stokes,CR Woakes,N Pradeep,4,0,"",""
ball,2,39.3,England,BA Stokes,CR Woakes,N Pradeep,0,0,"",""
ball,2,39.4,England,BA Stokes,CR Woakes,N Pradeep,0,0,"",""
ball,2,39.5,England,BA Stokes,CR Woakes,N Pradeep,0,0,"",""
ball,2,39.6,England,BA Stokes,CR Woakes,N Pradeep,0,0,"",""
ball,2,40.1,England,CR Woakes,BA Stokes,DM de Silva,0,0,caught,CR Woakes
ball,2,40.2,England,AU Rashid,BA Stokes,DM de Silva,1,0,"",""
ball,2,40.3,England,BA Stokes,AU Rashid,DM de Silva,0,0,"",""
ball,2,40.4,England,BA Stokes,AU Rashid,DM de Silva,1,0,"",""
ball,2,40.5,England,AU Rashid,BA Stokes,DM de Silva,0,0,caught,AU Rashid
ball,2,40.6,England,JC Archer,BA Stokes,DM de Silva,0,0,"",""
ball,2,41.1,England,BA Stokes,JC Archer,I Udana,0,1,"",""
ball,2,41.2,England,BA Stokes,JC Archer,I Udana,1,0,"",""
ball,2,41.3,England,JC Archer,BA Stokes,I Udana,1,0,"",""
ball,2,41.4,England,BA Stokes,JC Archer,I Udana,0,0,"",""
ball,2,41.5,England,BA Stokes,JC Archer,I Udana,1,0,"",""
ball,2,41.6,England,JC Archer,BA Stokes,I Udana,0,0,"",""
ball,2,41.7,England,JC Archer,BA Stokes,I Udana,1,0,"",""
ball,2,42.1,England,JC Archer,BA Stokes,SL Malinga,0,0,"",""
ball,2,42.2,England,JC Archer,BA Stokes,SL Malinga,0,0,"",""
ball,2,42.3,England,JC Archer,BA Stokes,SL Malinga,1,0,"",""
ball,2,42.4,England,BA Stokes,JC Archer,SL Malinga,1,0,"",""
ball,2,42.5,England,JC Archer,BA Stokes,SL Malinga,0,0,"",""
ball,2,42.6,England,JC Archer,BA Stokes,SL Malinga,0,0,"",""
ball,2,43.1,England,BA Stokes,JC Archer,I Udana,0,0,"",""
ball,2,43.2,England,BA Stokes,JC Archer,I Udana,1,0,"",""
ball,2,43.3,England,JC Archer,BA Stokes,I Udana,0,0,"",""
ball,2,43.4,England,JC Archer,BA Stokes,I Udana,0,0,caught,JC Archer
ball,2,43.5,England,MA Wood,BA Stokes,I Udana,0,0,"",""
ball,2,43.6,England,MA Wood,BA Stokes,I Udana,0,0,"",""
ball,2,44.1,England,BA Stokes,MA Wood,SL Malinga,0,0,"",""
ball,2,44.2,England,BA Stokes,MA Wood,SL Malinga,0,0,"",""
ball,2,44.3,England,BA Stokes,MA Wood,SL Malinga,0,1,"",""
ball,2,44.4,England,BA Stokes,MA Wood,SL Malinga,0,0,"",""
ball,2,44.5,England,BA Stokes,MA Wood,SL Malinga,0,0,"",""
ball,2,44.6,England,BA Stokes,MA Wood,SL Malinga,0,0,"",""
ball,2,44.7,England,BA Stokes,MA Wood,SL Malinga,1,0,"",""
ball,2,45.1,England,BA Stokes,MA Wood,I Udana,6,0,"",""
ball,2,45.2,England,BA Stokes,MA Wood,I Udana,6,0,"",""
ball,2,45.3,England,BA Stokes,MA Wood,I Udana,0,0,"",""
ball,2,45.4,England,BA Stokes,MA Wood,I Udana,2,0,"",""
ball,2,45.5,England,BA Stokes,MA Wood,I Udana,1,0,"",""
ball,2,45.6,England,MA Wood,BA Stokes,I Udana,0,0,"",""
ball,2,46.1,England,BA Stokes,MA Wood,N Pradeep,0,0,"",""
ball,2,46.2,England,BA Stokes,MA Wood,N Pradeep,4,0,"",""
ball,2,46.3,England,BA Stokes,MA Wood,N Pradeep,4,0,"",""
ball,2,46.4,England,BA Stokes,MA Wood,N Pradeep,0,0,"",""
ball,2,46.5,England,BA Stokes,MA Wood,N Pradeep,1,0,"",""
ball,2,46.6,England,MA Wood,BA Stokes,N Pradeep,0,0,caught,MA Wood
