version,1.3.0
info,team,Australia
info,team,Sri Lanka
info,gender,male
info,season,2019
info,date,2019/06/15
info,competition,World Cup
info,match_number,20
info,venue,Kennington Oval
info,city,London
info,toss_winner,Sri Lanka
info,toss_decision,field
info,player_of_match,AJ Finch
info,umpire,Aleem Dar
info,umpire,RK Illingworth
info,reserve_umpire,RA Kettleborough
info,tv_umpire,MA Gough
info,match_referee,JJ Crowe
info,winner,Australia
info,winner_runs,87
ball,1,0.1,Australia,DA Warner,AJ Finch,SL Malinga,0,0,"",""
ball,1,0.2,Australia,DA Warner,AJ Finch,SL Malinga,0,0,"",""
ball,1,0.3,Australia,DA Warner,AJ Finch,SL Malinga,4,0,"",""
ball,1,0.4,Australia,DA Warner,AJ Finch,SL Malinga,0,0,"",""
ball,1,0.5,Australia,DA Warner,AJ Finch,SL Malinga,0,0,"",""
ball,1,0.6,Australia,DA Warner,AJ Finch,SL Malinga,0,0,"",""
ball,1,1.1,Australia,AJ Finch,DA Warner,N Pradeep,4,0,"",""
ball,1,1.2,Australia,AJ Finch,DA Warner,N Pradeep,0,0,"",""
ball,1,1.3,Australia,AJ Finch,DA Warner,N Pradeep,0,0,"",""
ball,1,1.4,Australia,AJ Finch,DA Warner,N Pradeep,0,0,"",""
ball,1,1.5,Australia,AJ Finch,DA Warner,N Pradeep,4,0,"",""
ball,1,1.6,Australia,AJ Finch,DA Warner,N Pradeep,0,0,"",""
ball,1,2.1,Australia,DA Warner,AJ Finch,SL Malinga,0,0,"",""
ball,1,2.2,Australia,DA Warner,AJ Finch,SL Malinga,0,0,"",""
ball,1,2.3,Australia,DA Warner,AJ Finch,SL Malinga,0,0,"",""
ball,1,2.4,Australia,DA Warner,AJ Finch,SL Malinga,0,0,"",""
ball,1,2.5,Australia,DA Warner,AJ Finch,SL Malinga,0,0,"",""
ball,1,2.6,Australia,DA Warner,AJ Finch,SL Malinga,0,0,"",""
ball,1,3.1,Australia,AJ Finch,DA Warner,N Pradeep,0,0,"",""
ball,1,3.2,Australia,AJ Finch,DA Warner,N Pradeep,0,0,"",""
ball,1,3.3,Australia,AJ Finch,DA Warner,N Pradeep,0,0,"",""
ball,1,3.4,Australia,AJ Finch,DA Warner,N Pradeep,4,0,"",""
ball,1,3.5,Australia,AJ Finch,DA Warner,N Pradeep,1,0,"",""
ball,1,3.6,Australia,DA Warner,AJ Finch,N Pradeep,0,0,"",""
ball,1,4.1,Australia,AJ Finch,DA Warner,SL Malinga,1,0,"",""
ball,1,4.2,Australia,DA Warner,AJ Finch,SL Malinga,2,0,"",""
ball,1,4.3,Australia,DA Warner,AJ Finch,SL Malinga,0,0,"",""
ball,1,4.4,Australia,DA Warner,AJ Finch,SL Malinga,0,0,"",""
ball,1,4.5,Australia,DA Warner,AJ Finch,SL Malinga,0,0,"",""
ball,1,4.6,Australia,DA Warner,AJ Finch,SL Malinga,0,0,"",""
ball,1,5.1,Australia,AJ Finch,DA Warner,N Pradeep,0,0,"",""
ball,1,5.2,Australia,AJ Finch,DA Warner,N Pradeep,0,0,"",""
ball,1,5.3,Australia,AJ Finch,DA Warner,N Pradeep,1,0,"",""
ball,1,5.4,Australia,DA Warner,AJ Finch,N Pradeep,2,0,"",""
ball,1,5.5,Australia,DA Warner,AJ Finch,N Pradeep,0,0,"",""
ball,1,5.6,Australia,DA Warner,AJ Finch,N Pradeep,0,0,"",""
ball,1,6.1,Australia,AJ Finch,DA Warner,SL Malinga,0,0,"",""
ball,1,6.2,Australia,AJ Finch,DA Warner,SL Malinga,4,0,"",""
ball,1,6.3,Australia,AJ Finch,DA Warner,SL Malinga,2,0,"",""
ball,1,6.4,Australia,AJ Finch,DA Warner,SL Malinga,0,0,"",""
ball,1,6.5,Australia,AJ Finch,DA Warner,SL Malinga,4,0,"",""
ball,1,6.6,Australia,AJ Finch,DA Warner,SL Malinga,0,0,"",""
ball,1,7.1,Australia,DA Warner,AJ Finch,N Pradeep,4,0,"",""
ball,1,7.2,Australia,DA Warner,AJ Finch,N Pradeep,0,0,"",""
ball,1,7.3,Australia,DA Warner,AJ Finch,N Pradeep,0,2,"",""
ball,1,7.4,Australia,AJ Finch,DA Warner,N Pradeep,0,0,"",""
ball,1,7.5,Australia,AJ Finch,DA Warner,N Pradeep,1,0,"",""
ball,1,7.6,Australia,DA Warner,AJ Finch,N Pradeep,2,0,"",""
ball,1,7.7,Australia,DA Warner,AJ Finch,N Pradeep,1,0,"",""
ball,1,8.1,Australia,DA Warner,AJ Finch,I Udana,0,0,"",""
ball,1,8.2,Australia,DA Warner,AJ Finch,I Udana,0,0,"",""
ball,1,8.3,Australia,DA Warner,AJ Finch,I Udana,0,0,"",""
ball,1,8.4,Australia,DA Warner,AJ Finch,I Udana,0,0,"",""
ball,1,8.5,Australia,DA Warner,AJ Finch,I Udana,1,0,"",""
ball,1,8.6,Australia,AJ Finch,DA Warner,I Udana,0,0,"",""
ball,1,9.1,Australia,DA Warner,AJ Finch,NLTC Perera,1,0,"",""
ball,1,9.2,Australia,AJ Finch,DA Warner,NLTC Perera,4,0,"",""
ball,1,9.3,Australia,AJ Finch,DA Warner,NLTC Perera,4,0,"",""
ball,1,9.4,Australia,AJ Finch,DA Warner,NLTC Perera,0,0,"",""
ball,1,9.5,Australia,AJ Finch,DA Warner,NLTC Perera,0,0,"",""
ball,1,9.6,Australia,AJ Finch,DA Warner,NLTC Perera,0,0,"",""
ball,1,10.1,Australia,DA Warner,AJ Finch,I Udana,0,0,"",""
ball,1,10.2,Australia,DA Warner,AJ Finch,I Udana,0,0,"",""
ball,1,10.3,Australia,DA Warner,AJ Finch,I Udana,0,0,"",""
ball,1,10.4,Australia,DA Warner,AJ Finch,I Udana,2,0,"",""
ball,1,10.5,Australia,DA Warner,AJ Finch,I Udana,1,0,"",""
ball,1,10.6,Australia,AJ Finch,DA Warner,I Udana,1,0,"",""
ball,1,11.1,Australia,AJ Finch,DA Warner,NLTC Perera,0,2,"",""
ball,1,11.2,Australia,AJ Finch,DA Warner,NLTC Perera,0,0,"",""
ball,1,11.3,Australia,AJ Finch,DA Warner,NLTC Perera,1,0,"",""
ball,1,11.4,Australia,DA Warner,AJ Finch,NLTC Perera,0,0,"",""
ball,1,11.5,Australia,DA Warner,AJ Finch,NLTC Perera,0,1,"",""
ball,1,11.6,Australia,DA Warner,AJ Finch,NLTC Perera,1,0,"",""
ball,1,11.7,Australia,AJ Finch,DA Warner,NLTC Perera,1,0,"",""
ball,1,12.1,Australia,AJ Finch,DA Warner,I Udana,1,0,"",""
ball,1,12.2,Australia,DA Warner,AJ Finch,I Udana,1,0,"",""
ball,1,12.3,Australia,AJ Finch,DA Warner,I Udana,0,0,"",""
ball,1,12.4,Australia,AJ Finch,DA Warner,I Udana,2,0,"",""
ball,1,12.5,Australia,AJ Finch,DA Warner,I Udana,0,0,"",""
ball,1,12.6,Australia,AJ Finch,DA Warner,I Udana,2,0,"",""
ball,1,13.1,Australia,DA Warner,AJ Finch,NLTC Perera,1,0,"",""
ball,1,13.2,Australia,AJ Finch,DA Warner,NLTC Perera,0,0,"",""
ball,1,13.3,Australia,AJ Finch,DA Warner,NLTC Perera,1,0,"",""
ball,1,13.4,Australia,DA Warner,AJ Finch,NLTC Perera,1,0,"",""
ball,1,13.5,Australia,AJ Finch,DA Warner,NLTC Perera,1,0,"",""
ball,1,13.6,Australia,DA Warner,AJ Finch,NLTC Perera,0,0,"",""
ball,1,14.1,Australia,AJ Finch,DA Warner,DM de Silva,0,0,"",""
ball,1,14.2,Australia,AJ Finch,DA Warner,DM de Silva,1,0,"",""
ball,1,14.3,Australia,DA Warner,AJ Finch,DM de Silva,1,0,"",""
ball,1,14.4,Australia,AJ Finch,DA Warner,DM de Silva,1,0,"",""
ball,1,14.5,Australia,DA Warner,AJ Finch,DM de Silva,0,0,"",""
ball,1,14.6,Australia,DA Warner,AJ Finch,DM de Silva,0,0,"",""
ball,1,15.1,Australia,AJ Finch,DA Warner,NLTC Perera,0,0,"",""
ball,1,15.2,Australia,AJ Finch,DA Warner,NLTC Perera,1,0,"",""
ball,1,15.3,Australia,DA Warner,AJ Finch,NLTC Perera,1,0,"",""
ball,1,15.4,Australia,AJ Finch,DA Warner,NLTC Perera,0,0,"",""
ball,1,15.5,Australia,AJ Finch,DA Warner,NLTC Perera,0,0,"",""
ball,1,15.6,Australia,AJ Finch,DA Warner,NLTC Perera,1,0,"",""
ball,1,16.1,Australia,AJ Finch,DA Warner,DM de Silva,0,0,"",""
ball,1,16.2,Australia,AJ Finch,DA Warner,DM de Silva,1,0,"",""
ball,1,16.3,Australia,DA Warner,AJ Finch,DM de Silva,0,0,"",""
ball,1,16.4,Australia,DA Warner,AJ Finch,DM de Silva,0,0,bowled,DA Warner
ball,1,16.5,Australia,UT Khawaja,AJ Finch,DM de Silva,0,0,"",""
ball,1,16.6,Australia,UT Khawaja,AJ Finch,DM de Silva,0,0,"",""
ball,1,17.1,Australia,AJ Finch,UT Khawaja,NLTC Perera,1,0,"",""
ball,1,17.2,Australia,UT Khawaja,AJ Finch,NLTC Perera,0,0,"",""
ball,1,17.3,Australia,UT Khawaja,AJ Finch,NLTC Perera,0,0,"",""
ball,1,17.4,Australia,UT Khawaja,AJ Finch,NLTC Perera,1,0,"",""
ball,1,17.5,Australia,AJ Finch,UT Khawaja,NLTC Perera,0,0,"",""
ball,1,17.6,Australia,AJ Finch,UT Khawaja,NLTC Perera,1,0,"",""
ball,1,18.1,Australia,AJ Finch,UT Khawaja,DM de Silva,0,0,"",""
ball,1,18.2,Australia,AJ Finch,UT Khawaja,DM de Silva,1,0,"",""
ball,1,18.3,Australia,UT Khawaja,AJ Finch,DM de Silva,1,0,"",""
ball,1,18.4,Australia,AJ Finch,UT Khawaja,DM de Silva,1,0,"",""
ball,1,18.5,Australia,UT Khawaja,AJ Finch,DM de Silva,0,0,"",""
ball,1,18.6,Australia,UT Khawaja,AJ Finch,DM de Silva,1,0,"",""
ball,1,19.1,Australia,UT Khawaja,AJ Finch,N Pradeep,0,0,"",""
ball,1,19.2,Australia,UT Khawaja,AJ Finch,N Pradeep,4,0,"",""
ball,1,19.3,Australia,UT Khawaja,AJ Finch,N Pradeep,0,0,"",""
ball,1,19.4,Australia,UT Khawaja,AJ Finch,N Pradeep,1,0,"",""
ball,1,19.5,Australia,AJ Finch,UT Khawaja,N Pradeep,1,0,"",""
ball,1,19.6,Australia,UT Khawaja,AJ Finch,N Pradeep,0,0,"",""
ball,1,20.1,Australia,AJ Finch,UT Khawaja,DM de Silva,0,0,"",""
ball,1,20.2,Australia,AJ Finch,UT Khawaja,DM de Silva,0,0,"",""
ball,1,20.3,Australia,AJ Finch,UT Khawaja,DM de Silva,0,0,"",""
ball,1,20.4,Australia,AJ Finch,UT Khawaja,DM de Silva,1,0,"",""
ball,1,20.5,Australia,UT Khawaja,AJ Finch,DM de Silva,1,0,"",""
ball,1,20.6,Australia,AJ Finch,UT Khawaja,DM de Silva,0,0,"",""
ball,1,21.1,Australia,UT Khawaja,AJ Finch,N Pradeep,0,0,"",""
ball,1,21.2,Australia,UT Khawaja,AJ Finch,N Pradeep,1,0,"",""
ball,1,21.3,Australia,AJ Finch,UT Khawaja,N Pradeep,0,0,"",""
ball,1,21.4,Australia,AJ Finch,UT Khawaja,N Pradeep,1,0,"",""
ball,1,21.5,Australia,UT Khawaja,AJ Finch,N Pradeep,0,0,"",""
ball,1,21.6,Australia,UT Khawaja,AJ Finch,N Pradeep,0,0,"",""
ball,1,22.1,Australia,AJ Finch,UT Khawaja,DM de Silva,0,0,"",""
ball,1,22.2,Australia,AJ Finch,UT Khawaja,DM de Silva,0,0,"",""
ball,1,22.3,Australia,AJ Finch,UT Khawaja,DM de Silva,2,0,"",""
ball,1,22.4,Australia,AJ Finch,UT Khawaja,DM de Silva,1,0,"",""
ball,1,22.5,Australia,UT Khawaja,AJ Finch,DM de Silva,0,0,"",""
ball,1,22.6,Australia,UT Khawaja,AJ Finch,DM de Silva,0,0,caught,UT Khawaja
ball,1,23.1,Australia,AJ Finch,SPD Smith,N Pradeep,1,0,"",""
ball,1,23.2,Australia,SPD Smith,AJ Finch,N Pradeep,0,0,"",""
ball,1,23.3,Australia,SPD Smith,AJ Finch,N Pradeep,1,0,"",""
ball,1,23.4,Australia,AJ Finch,SPD Smith,N Pradeep,0,0,"",""
ball,1,23.5,Australia,AJ Finch,SPD Smith,N Pradeep,0,0,"",""
ball,1,23.6,Australia,AJ Finch,SPD Smith,N Pradeep,6,0,"",""
ball,1,24.1,Australia,SPD Smith,AJ Finch,DM de Silva,0,0,"",""
ball,1,24.2,Australia,SPD Smith,AJ Finch,DM de Silva,0,0,"",""
ball,1,24.3,Australia,SPD Smith,AJ Finch,DM de Silva,0,0,"",""
ball,1,24.4,Australia,SPD Smith,AJ Finch,DM de Silva,1,0,"",""
ball,1,24.5,Australia,AJ Finch,SPD Smith,DM de Silva,1,0,"",""
ball,1,24.6,Australia,SPD Smith,AJ Finch,DM de Silva,0,0,"",""
ball,1,25.1,Australia,AJ Finch,SPD Smith,I Udana,1,0,"",""
ball,1,25.2,Australia,SPD Smith,AJ Finch,I Udana,1,0,"",""
ball,1,25.3,Australia,AJ Finch,SPD Smith,I Udana,1,0,"",""
ball,1,25.4,Australia,SPD Smith,AJ Finch,I Udana,0,0,"",""
ball,1,25.5,Australia,SPD Smith,AJ Finch,I Udana,2,0,"",""
ball,1,25.6,Australia,SPD Smith,AJ Finch,I Udana,4,0,"",""
ball,1,26.1,Australia,AJ Finch,SPD Smith,DM de Silva,0,1,"",""
ball,1,26.2,Australia,AJ Finch,SPD Smith,DM de Silva,0,0,"",""
ball,1,26.3,Australia,AJ Finch,SPD Smith,DM de Silva,1,0,"",""
ball,1,26.4,Australia,SPD Smith,AJ Finch,DM de Silva,1,0,"",""
ball,1,26.5,Australia,AJ Finch,SPD Smith,DM de Silva,1,0,"",""
ball,1,26.6,Australia,SPD Smith,AJ Finch,DM de Silva,0,0,"",""
ball,1,26.7,Australia,SPD Smith,AJ Finch,DM de Silva,1,0,"",""
ball,1,27.1,Australia,SPD Smith,AJ Finch,I Udana,1,0,"",""
ball,1,27.2,Australia,AJ Finch,SPD Smith,I Udana,1,0,"",""
ball,1,27.3,Australia,SPD Smith,AJ Finch,I Udana,1,0,"",""
ball,1,27.4,Australia,AJ Finch,SPD Smith,I Udana,1,0,"",""
ball,1,27.5,Australia,SPD Smith,AJ Finch,I Udana,0,0,"",""
ball,1,27.6,Australia,SPD Smith,AJ Finch,I Udana,4,0,"",""
ball,1,28.1,Australia,AJ Finch,SPD Smith,DM de Silva,4,0,"",""
ball,1,28.2,Australia,AJ Finch,SPD Smith,DM de Silva,6,0,"",""
ball,1,28.3,Australia,AJ Finch,SPD Smith,DM de Silva,6,0,"",""
ball,1,28.4,Australia,AJ Finch,SPD Smith,DM de Silva,0,1,"",""
ball,1,28.5,Australia,AJ Finch,SPD Smith,DM de Silva,1,0,"",""
ball,1,28.6,Australia,SPD Smith,AJ Finch,DM de Silva,1,0,"",""
ball,1,28.7,Australia,AJ Finch,SPD Smith,DM de Silva,1,0,"",""
ball,1,29.1,Australia,AJ Finch,SPD Smith,SL Malinga,1,0,"",""
ball,1,29.2,Australia,SPD Smith,AJ Finch,SL Malinga,1,0,"",""
ball,1,29.3,Australia,AJ Finch,SPD Smith,SL Malinga,0,0,"",""
ball,1,29.4,Australia,AJ Finch,SPD Smith,SL Malinga,0,1,"",""
ball,1,29.5,Australia,AJ Finch,SPD Smith,SL Malinga,1,0,"",""
ball,1,29.6,Australia,SPD Smith,AJ Finch,SL Malinga,2,0,"",""
ball,1,29.7,Australia,SPD Smith,AJ Finch,SL Malinga,1,0,"",""
ball,1,30.1,Australia,SPD Smith,AJ Finch,TAM Siriwardana,4,0,"",""
ball,1,30.2,Australia,SPD Smith,AJ Finch,TAM Siriwardana,2,0,"",""
ball,1,30.3,Australia,SPD Smith,AJ Finch,TAM Siriwardana,0,0,"",""
ball,1,30.4,Australia,SPD Smith,AJ Finch,TAM Siriwardana,1,0,"",""
ball,1,30.5,Australia,AJ Finch,SPD Smith,TAM Siriwardana,1,0,"",""
ball,1,30.6,Australia,SPD Smith,AJ Finch,TAM Siriwardana,1,0,"",""
ball,1,31.1,Australia,SPD Smith,AJ Finch,SL Malinga,4,0,"",""
ball,1,31.2,Australia,SPD Smith,AJ Finch,SL Malinga,0,1,"",""
ball,1,31.3,Australia,SPD Smith,AJ Finch,SL Malinga,0,0,"",""
ball,1,31.4,Australia,SPD Smith,AJ Finch,SL Malinga,1,0,"",""
ball,1,31.5,Australia,AJ Finch,SPD Smith,SL Malinga,0,1,"",""
ball,1,31.6,Australia,AJ Finch,SPD Smith,SL Malinga,0,0,"",""
ball,1,31.7,Australia,AJ Finch,SPD Smith,SL Malinga,0,0,"",""
ball,1,31.8,Australia,AJ Finch,SPD Smith,SL Malinga,1,0,"",""
ball,1,32.1,Australia,AJ Finch,SPD Smith,TAM Siriwardana,0,0,"",""
ball,1,32.2,Australia,AJ Finch,SPD Smith,TAM Siriwardana,6,0,"",""
ball,1,32.3,Australia,AJ Finch,SPD Smith,TAM Siriwardana,0,0,"",""
ball,1,32.4,Australia,AJ Finch,SPD Smith,TAM Siriwardana,1,0,"",""
ball,1,32.5,Australia,SPD Smith,AJ Finch,TAM Siriwardana,1,0,"",""
ball,1,32.6,Australia,AJ Finch,SPD Smith,TAM Siriwardana,0,1,"",""
ball,1,33.1,Australia,AJ Finch,SPD Smith,NLTC Perera,0,0,"",""
ball,1,33.2,Australia,AJ Finch,SPD Smith,NLTC Perera,1,0,"",""
ball,1,33.3,Australia,SPD Smith,AJ Finch,NLTC Perera,0,0,"",""
ball,1,33.4,Australia,SPD Smith,AJ Finch,NLTC Perera,2,0,"",""
ball,1,33.5,Australia,SPD Smith,AJ Finch,NLTC Perera,1,0,"",""
ball,1,33.6,Australia,AJ Finch,SPD Smith,NLTC Perera,1,0,"",""
ball,1,34.1,Australia,AJ Finch,SPD Smith,I Udana,0,0,"",""
ball,1,34.2,Australia,AJ Finch,SPD Smith,I Udana,4,0,"",""
ball,1,34.3,Australia,AJ Finch,SPD Smith,I Udana,0,0,"",""
ball,1,34.4,Australia,AJ Finch,SPD Smith,I Udana,0,0,"",""
ball,1,34.5,Australia,AJ Finch,SPD Smith,I Udana,0,0,"",""
ball,1,34.6,Australia,AJ Finch,SPD Smith,I Udana,1,0,"",""
ball,1,35.1,Australia,AJ Finch,SPD Smith,NLTC Perera,1,0,"",""
ball,1,35.2,Australia,SPD Smith,AJ Finch,NLTC Perera,0,0,"",""
ball,1,35.3,Australia,SPD Smith,AJ Finch,NLTC Perera,4,0,"",""
ball,1,35.4,Australia,SPD Smith,AJ Finch,NLTC Perera,1,0,"",""
ball,1,35.5,Australia,AJ Finch,SPD Smith,NLTC Perera,1,0,"",""
ball,1,35.6,Australia,SPD Smith,AJ Finch,NLTC Perera,1,0,"",""
ball,1,36.1,Australia,SPD Smith,AJ Finch,I Udana,1,0,"",""
ball,1,36.2,Australia,AJ Finch,SPD Smith,I Udana,0,0,"",""
ball,1,36.3,Australia,AJ Finch,SPD Smith,I Udana,1,0,"",""
ball,1,36.4,Australia,SPD Smith,AJ Finch,I Udana,0,0,"",""
ball,1,36.5,Australia,SPD Smith,AJ Finch,I Udana,1,0,"",""
ball,1,36.6,Australia,AJ Finch,SPD Smith,I Udana,4,0,"",""
ball,1,37.1,Australia,SPD Smith,AJ Finch,NLTC Perera,0,0,"",""
ball,1,37.2,Australia,SPD Smith,AJ Finch,NLTC Perera,1,0,"",""
ball,1,37.3,Australia,AJ Finch,SPD Smith,NLTC Perera,1,0,"",""
ball,1,37.4,Australia,SPD Smith,AJ Finch,NLTC Perera,1,0,"",""
ball,1,37.5,Australia,AJ Finch,SPD Smith,NLTC Perera,4,0,"",""
ball,1,37.6,Australia,AJ Finch,SPD Smith,NLTC Perera,1,0,"",""
ball,1,38.1,Australia,AJ Finch,SPD Smith,N Pradeep,1,0,"",""
ball,1,38.2,Australia,SPD Smith,AJ Finch,N Pradeep,0,0,"",""
ball,1,38.3,Australia,SPD Smith,AJ Finch,N Pradeep,1,0,"",""
ball,1,38.4,Australia,AJ Finch,SPD Smith,N Pradeep,1,0,"",""
ball,1,38.5,Australia,SPD Smith,AJ Finch,N Pradeep,1,0,"",""
ball,1,38.6,Australia,AJ Finch,SPD Smith,N Pradeep,2,0,"",""
ball,1,39.1,Australia,SPD Smith,AJ Finch,NLTC Perera,1,0,"",""
ball,1,39.2,Australia,AJ Finch,SPD Smith,NLTC Perera,6,0,"",""
ball,1,39.3,Australia,AJ Finch,SPD Smith,NLTC Perera,4,0,"",""
ball,1,39.4,Australia,AJ Finch,SPD Smith,NLTC Perera,1,0,"",""
ball,1,39.5,Australia,SPD Smith,AJ Finch,NLTC Perera,1,0,"",""
ball,1,39.6,Australia,AJ Finch,SPD Smith,NLTC Perera,0,0,"",""
ball,1,40.1,Australia,SPD Smith,AJ Finch,N Pradeep,4,0,"",""
ball,1,40.2,Australia,SPD Smith,AJ Finch,N Pradeep,4,0,"",""
ball,1,40.3,Australia,SPD Smith,AJ Finch,N Pradeep,1,0,"",""
ball,1,40.4,Australia,AJ Finch,SPD Smith,N Pradeep,4,0,"",""
ball,1,40.5,Australia,AJ Finch,SPD Smith,N Pradeep,4,0,"",""
ball,1,40.6,Australia,AJ Finch,SPD Smith,N Pradeep,1,0,"",""
ball,1,41.1,Australia,AJ Finch,SPD Smith,SL Malinga,4,0,"",""
ball,1,41.2,Australia,AJ Finch,SPD Smith,SL Malinga,1,0,"",""
ball,1,41.3,Australia,SPD Smith,AJ Finch,SL Malinga,0,1,"",""
ball,1,41.4,Australia,SPD Smith,AJ Finch,SL Malinga,1,0,"",""
ball,1,41.5,Australia,AJ Finch,SPD Smith,SL Malinga,1,0,"",""
ball,1,41.6,Australia,SPD Smith,AJ Finch,SL Malinga,0,0,"",""
ball,1,41.7,Australia,SPD Smith,AJ Finch,SL Malinga,6,0,"",""
ball,1,42.1,Australia,AJ Finch,SPD Smith,I Udana,1,0,"",""
ball,1,42.2,Australia,SPD Smith,AJ Finch,I Udana,2,0,"",""
ball,1,42.3,Australia,SPD Smith,AJ Finch,I Udana,1,0,"",""
ball,1,42.4,Australia,AJ Finch,SPD Smith,I Udana,0,0,caught,AJ Finch
ball,1,42.5,Australia,SPD Smith,GJ Maxwell,I Udana,1,0,"",""
ball,1,42.6,Australia,GJ Maxwell,SPD Smith,I Udana,1,0,"",""
ball,1,43.1,Australia,GJ Maxwell,SPD Smith,SL Malinga,2,0,"",""
ball,1,43.2,Australia,GJ Maxwell,SPD Smith,SL Malinga,1,0,"",""
ball,1,43.3,Australia,SPD Smith,GJ Maxwell,SL Malinga,0,0,bowled,SPD Smith
ball,1,43.4,Australia,SE Marsh,GJ Maxwell,SL Malinga,1,0,"",""
ball,1,43.5,Australia,GJ Maxwell,SE Marsh,SL Malinga,1,0,"",""
ball,1,43.6,Australia,SE Marsh,GJ Maxwell,SL Malinga,0,0,"",""
ball,1,44.1,Australia,GJ Maxwell,SE Marsh,N Pradeep,4,0,"",""
ball,1,44.2,Australia,GJ Maxwell,SE Marsh,N Pradeep,6,0,"",""
ball,1,44.3,Australia,GJ Maxwell,SE Marsh,N Pradeep,0,0,"",""
ball,1,44.4,Australia,GJ Maxwell,SE Marsh,N Pradeep,4,0,"",""
ball,1,44.5,Australia,GJ Maxwell,SE Marsh,N Pradeep,4,0,"",""
ball,1,44.6,Australia,GJ Maxwell,SE Marsh,N Pradeep,4,0,"",""
ball,1,45.1,Australia,SE Marsh,GJ Maxwell,SL Malinga,1,0,"",""
ball,1,45.2,Australia,GJ Maxwell,SE Marsh,SL Malinga,1,0,"",""
ball,1,45.3,Australia,SE Marsh,GJ Maxwell,SL Malinga,0,0,"",""
ball,1,45.4,Australia,SE Marsh,GJ Maxwell,SL Malinga,0,1,"",""
ball,1,45.5,Australia,GJ Maxwell,SE Marsh,SL Malinga,1,0,"",""
ball,1,45.6,Australia,SE Marsh,GJ Maxwell,SL Malinga,0,0,"",""
ball,1,46.1,Australia,GJ Maxwell,SE Marsh,I Udana,0,1,"",""
ball,1,46.2,Australia,GJ Maxwell,SE Marsh,I Udana,1,0,"",""
ball,1,46.3,Australia,SE Marsh,GJ Maxwell,I Udana,1,0,"",""
ball,1,46.4,Australia,GJ Maxwell,SE Marsh,I Udana,0,0,"",""
ball,1,46.5,Australia,GJ Maxwell,SE Marsh,I Udana,1,0,"",""
ball,1,46.6,Australia,SE Marsh,GJ Maxwell,I Udana,0,0,"",""
ball,1,46.7,Australia,SE Marsh,GJ Maxwell,I Udana,0,0,caught,SE Marsh
ball,1,47.1,Australia,GJ Maxwell,AT Carey,SL Malinga,1,0,"",""
ball,1,47.2,Australia,AT Carey,GJ Maxwell,SL Malinga,0,0,"",""
ball,1,47.3,Australia,AT Carey,GJ Maxwell,SL Malinga,3,0,"",""
ball,1,47.4,Australia,GJ Maxwell,AT Carey,SL Malinga,1,0,"",""
ball,1,47.5,Australia,AT Carey,GJ Maxwell,SL Malinga,1,0,"",""
ball,1,47.6,Australia,GJ Maxwell,AT Carey,SL Malinga,1,0,"",""
ball,1,48.1,Australia,GJ Maxwell,AT Carey,I Udana,0,0,run out,AT Carey
ball,1,48.2,Australia,GJ Maxwell,PJ Cummins,I Udana,3,0,"",""
ball,1,48.3,Australia,PJ Cummins,GJ Maxwell,I Udana,0,0,run out,PJ Cummins
ball,1,48.4,Australia,MA Starc,GJ Maxwell,I Udana,1,0,"",""
ball,1,48.5,Australia,GJ Maxwell,MA Starc,I Udana,2,0,"",""
ball,1,48.6,Australia,GJ Maxwell,MA Starc,I Udana,1,0,"",""
ball,1,49.1,Australia,GJ Maxwell,MA Starc,NLTC Perera,1,0,"",""
ball,1,49.2,Australia,MA Starc,GJ Maxwell,NLTC Perera,1,0,"",""
ball,1,49.3,Australia,GJ Maxwell,MA Starc,NLTC Perera,1,0,"",""
ball,1,49.4,Australia,MA Starc,GJ Maxwell,NLTC Perera,2,0,"",""
ball,1,49.5,Australia,MA Starc,GJ Maxwell,NLTC Perera,1,0,"",""
ball,1,49.6,Australia,GJ Maxwell,MA Starc,NLTC Perera,4,0,"",""
ball,2,0.1,Sri Lanka,FDM Karunaratne,MDKJ Perera,MA Starc,1,0,"",""
ball,2,0.2,Sri Lanka,MDKJ Perera,FDM Karunaratne,MA Starc,0,0,"",""
ball,2,0.3,Sri Lanka,MDKJ Perera,FDM Karunaratne,MA Starc,4,0,"",""
ball,2,0.4,Sri Lanka,MDKJ Perera,FDM Karunaratne,MA Starc,0,1,"",""
ball,2,0.5,Sri Lanka,FDM Karunaratne,MDKJ Perera,MA Starc,2,0,"",""
ball,2,0.6,Sri Lanka,FDM Karunaratne,MDKJ Perera,MA Starc,4,0,"",""
ball,2,1.1,Sri Lanka,MDKJ Perera,FDM Karunaratne,PJ Cummins,1,0,"",""
ball,2,1.2,Sri Lanka,FDM Karunaratne,MDKJ Perera,PJ Cummins,0,0,"",""
ball,2,1.3,Sri Lanka,FDM Karunaratne,MDKJ Perera,PJ Cummins,3,0,"",""
ball,2,1.4,Sri Lanka,MDKJ Perera,FDM Karunaratne,PJ Cummins,4,0,"",""
ball,2,1.5,Sri Lanka,MDKJ Perera,FDM Karunaratne,PJ Cummins,0,0,"",""
ball,2,1.6,Sri Lanka,MDKJ Perera,FDM Karunaratne,PJ Cummins,4,0,"",""
ball,2,2.1,Sri Lanka,FDM Karunaratne,MDKJ Perera,MA Starc,0,0,"",""
ball,2,2.2,Sri Lanka,FDM Karunaratne,MDKJ Perera,MA Starc,0,0,"",""
ball,2,2.3,Sri Lanka,FDM Karunaratne,MDKJ Perera,MA Starc,2,0,"",""
ball,2,2.4,Sri Lanka,FDM Karunaratne,MDKJ Perera,MA Starc,0,0,"",""
ball,2,2.5,Sri Lanka,FDM Karunaratne,MDKJ Perera,MA Starc,0,0,"",""
ball,2,2.6,Sri Lanka,FDM Karunaratne,MDKJ Perera,MA Starc,0,0,"",""
ball,2,3.1,Sri Lanka,MDKJ Perera,FDM Karunaratne,PJ Cummins,0,0,"",""
ball,2,3.2,Sri Lanka,MDKJ Perera,FDM Karunaratne,PJ Cummins,0,0,"",""
ball,2,3.3,Sri Lanka,MDKJ Perera,FDM Karunaratne,PJ Cummins,1,0,"",""
ball,2,3.4,Sri Lanka,FDM Karunaratne,MDKJ Perera,PJ Cummins,0,0,"",""
ball,2,3.5,Sri Lanka,FDM Karunaratne,MDKJ Perera,PJ Cummins,0,0,"",""
ball,2,3.6,Sri Lanka,FDM Karunaratne,MDKJ Perera,PJ Cummins,3,0,"",""
ball,2,4.1,Sri Lanka,FDM Karunaratne,MDKJ Perera,JP Behrendorff,0,0,"",""
ball,2,4.2,Sri Lanka,FDM Karunaratne,MDKJ Perera,JP Behrendorff,0,0,"",""
ball,2,4.3,Sri Lanka,FDM Karunaratne,MDKJ Perera,JP Behrendorff,0,0,"",""
ball,2,4.4,Sri Lanka,FDM Karunaratne,MDKJ Perera,JP Behrendorff,0,0,"",""
ball,2,4.5,Sri Lanka,FDM Karunaratne,MDKJ Perera,JP Behrendorff,0,0,"",""
ball,2,4.6,Sri Lanka,FDM Karunaratne,MDKJ Perera,JP Behrendorff,1,0,"",""
ball,2,5.1,Sri Lanka,FDM Karunaratne,MDKJ Perera,PJ Cummins,0,0,"",""
ball,2,5.2,Sri Lanka,FDM Karunaratne,MDKJ Perera,PJ Cummins,4,0,"",""
ball,2,5.3,Sri Lanka,FDM Karunaratne,MDKJ Perera,PJ Cummins,4,0,"",""
ball,2,5.4,Sri Lanka,FDM Karunaratne,MDKJ Perera,PJ Cummins,0,0,"",""
ball,2,5.5,Sri Lanka,FDM Karunaratne,MDKJ Perera,PJ Cummins,0,0,"",""
ball,2,5.6,Sri Lanka,FDM Karunaratne,MDKJ Perera,PJ Cummins,1,0,"",""
ball,2,6.1,Sri Lanka,FDM Karunaratne,MDKJ Perera,JP Behrendorff,2,0,"",""
ball,2,6.2,Sri Lanka,FDM Karunaratne,MDKJ Perera,JP Behrendorff,1,0,"",""
ball,2,6.3,Sri Lanka,MDKJ Perera,FDM Karunaratne,JP Behrendorff,1,0,"",""
ball,2,6.4,Sri Lanka,FDM Karunaratne,MDKJ Perera,JP Behrendorff,4,0,"",""
ball,2,6.5,Sri Lanka,FDM Karunaratne,MDKJ Perera,JP Behrendorff,4,0,"",""
ball,2,6.6,Sri Lanka,FDM Karunaratne,MDKJ Perera,JP Behrendorff,1,0,"",""
ball,2,7.1,Sri Lanka,FDM Karunaratne,MDKJ Perera,KW Richardson,0,0,"",""
ball,2,7.2,Sri Lanka,FDM Karunaratne,MDKJ Perera,KW Richardson,4,0,"",""
ball,2,7.3,Sri Lanka,FDM Karunaratne,MDKJ Perera,KW Richardson,1,0,"",""
ball,2,7.4,Sri Lanka,MDKJ Perera,FDM Karunaratne,KW Richardson,0,0,"",""
ball,2,7.5,Sri Lanka,MDKJ Perera,FDM Karunaratne,KW Richardson,2,0,"",""
ball,2,7.6,Sri Lanka,MDKJ Perera,FDM Karunaratne,KW Richardson,1,0,"",""
ball,2,8.1,Sri Lanka,MDKJ Perera,FDM Karunaratne,JP Behrendorff,6,0,"",""
ball,2,8.2,Sri Lanka,MDKJ Perera,FDM Karunaratne,JP Behrendorff,2,0,"",""
ball,2,8.3,Sri Lanka,MDKJ Perera,FDM Karunaratne,JP Behrendorff,5,0,"",""
ball,2,8.4,Sri Lanka,FDM Karunaratne,MDKJ Perera,JP Behrendorff,1,0,"",""
ball,2,8.5,Sri Lanka,MDKJ Perera,FDM Karunaratne,JP Behrendorff,0,0,"",""
ball,2,8.6,Sri Lanka,MDKJ Perera,FDM Karunaratne,JP Behrendorff,4,0,"",""
ball,2,9.1,Sri Lanka,FDM Karunaratne,MDKJ Perera,KW Richardson,1,0,"",""
ball,2,9.2,Sri Lanka,MDKJ Perera,FDM Karunaratne,KW Richardson,2,0,"",""
ball,2,9.3,Sri Lanka,MDKJ Perera,FDM Karunaratne,KW Richardson,4,0,"",""
ball,2,9.4,Sri Lanka,MDKJ Perera,FDM Karunaratne,KW Richardson,0,0,"",""
ball,2,9.5,Sri Lanka,MDKJ Perera,FDM Karunaratne,KW Richardson,1,0,"",""
ball,2,9.6,Sri Lanka,FDM Karunaratne,MDKJ Perera,KW Richardson,0,0,"",""
ball,2,10.1,Sri Lanka,MDKJ Perera,FDM Karunaratne,GJ Maxwell,0,0,"",""
ball,2,10.2,Sri Lanka,MDKJ Perera,FDM Karunaratne,GJ Maxwell,0,0,"",""
ball,2,10.3,Sri Lanka,MDKJ Perera,FDM Karunaratne,GJ Maxwell,1,0,"",""
ball,2,10.4,Sri Lanka,FDM Karunaratne,MDKJ Perera,GJ Maxwell,0,1,"",""
ball,2,10.5,Sri Lanka,FDM Karunaratne,MDKJ Perera,GJ Maxwell,0,0,"",""
ball,2,10.6,Sri Lanka,FDM Karunaratne,MDKJ Perera,GJ Maxwell,0,0,"",""
ball,2,10.7,Sri Lanka,FDM Karunaratne,MDKJ Perera,GJ Maxwell,2,0,"",""
ball,2,11.1,Sri Lanka,MDKJ Perera,FDM Karunaratne,KW Richardson,2,0,"",""
ball,2,11.2,Sri Lanka,MDKJ Perera,FDM Karunaratne,KW Richardson,1,0,"",""
ball,2,11.3,Sri Lanka,FDM Karunaratne,MDKJ Perera,KW Richardson,0,0,"",""
ball,2,11.4,Sri Lanka,FDM Karunaratne,MDKJ Perera,KW Richardson,0,0,"",""
ball,2,11.5,Sri Lanka,FDM Karunaratne,MDKJ Perera,KW Richardson,4,0,"",""
ball,2,11.6,Sri Lanka,FDM Karunaratne,MDKJ Perera,KW Richardson,0,0,"",""
ball,2,12.1,Sri Lanka,MDKJ Perera,FDM Karunaratne,GJ Maxwell,1,0,"",""
ball,2,12.2,Sri Lanka,FDM Karunaratne,MDKJ Perera,GJ Maxwell,0,0,"",""
ball,2,12.3,Sri Lanka,FDM Karunaratne,MDKJ Perera,GJ Maxwell,0,0,"",""
ball,2,12.4,Sri Lanka,FDM Karunaratne,MDKJ Perera,GJ Maxwell,1,0,"",""
ball,2,12.5,Sri Lanka,MDKJ Perera,FDM Karunaratne,GJ Maxwell,1,0,"",""
ball,2,12.6,Sri Lanka,FDM Karunaratne,MDKJ Perera,GJ Maxwell,1,0,"",""
ball,2,13.1,Sri Lanka,FDM Karunaratne,MDKJ Perera,MA Starc,1,0,"",""
ball,2,13.2,Sri Lanka,MDKJ Perera,FDM Karunaratne,MA Starc,0,0,"",""
ball,2,13.3,Sri Lanka,MDKJ Perera,FDM Karunaratne,MA Starc,1,0,"",""
ball,2,13.4,Sri Lanka,FDM Karunaratne,MDKJ Perera,MA Starc,0,0,"",""
ball,2,13.5,Sri Lanka,FDM Karunaratne,MDKJ Perera,MA Starc,1,0,"",""
ball,2,13.6,Sri Lanka,MDKJ Perera,FDM Karunaratne,MA Starc,1,0,"",""
ball,2,14.1,Sri Lanka,MDKJ Perera,FDM Karunaratne,GJ Maxwell,1,0,"",""
ball,2,14.2,Sri Lanka,FDM Karunaratne,MDKJ Perera,GJ Maxwell,0,0,"",""
ball,2,14.3,Sri Lanka,FDM Karunaratne,MDKJ Perera,GJ Maxwell,0,0,"",""
ball,2,14.4,Sri Lanka,FDM Karunaratne,MDKJ Perera,GJ Maxwell,3,0,"",""
ball,2,14.5,Sri Lanka,MDKJ Perera,FDM Karunaratne,GJ Maxwell,1,0,"",""
ball,2,14.6,Sri Lanka,FDM Karunaratne,MDKJ Perera,GJ Maxwell,1,0,"",""
ball,2,15.1,Sri Lanka,FDM Karunaratne,MDKJ Perera,MA Starc,2,0,"",""
ball,2,15.2,Sri Lanka,FDM Karunaratne,MDKJ Perera,MA Starc,1,0,"",""
ball,2,15.3,Sri Lanka,MDKJ Perera,FDM Karunaratne,MA Starc,0,0,bowled,MDKJ Perera
ball,2,15.4,Sri Lanka,HDRL Thirimanne,FDM Karunaratne,MA Starc,1,0,"",""
ball,2,15.5,Sri Lanka,FDM Karunaratne,HDRL Thirimanne,MA Starc,0,0,"",""
ball,2,15.6,Sri Lanka,FDM Karunaratne,HDRL Thirimanne,MA Starc,4,0,"",""
ball,2,16.1,Sri Lanka,HDRL Thirimanne,FDM Karunaratne,GJ Maxwell,1,0,"",""
ball,2,16.2,Sri Lanka,FDM Karunaratne,HDRL Thirimanne,GJ Maxwell,1,0,"",""
ball,2,16.3,Sri Lanka,HDRL Thirimanne,FDM Karunaratne,GJ Maxwell,0,0,"",""
ball,2,16.4,Sri Lanka,HDRL Thirimanne,FDM Karunaratne,GJ Maxwell,0,0,"",""
ball,2,16.5,Sri Lanka,HDRL Thirimanne,FDM Karunaratne,GJ Maxwell,0,0,"",""
ball,2,16.6,Sri Lanka,HDRL Thirimanne,FDM Karunaratne,GJ Maxwell,0,0,"",""
ball,2,17.1,Sri Lanka,FDM Karunaratne,HDRL Thirimanne,MA Starc,0,0,"",""
ball,2,17.2,Sri Lanka,FDM Karunaratne,HDRL Thirimanne,MA Starc,0,0,"",""
ball,2,17.3,Sri Lanka,FDM Karunaratne,HDRL Thirimanne,MA Starc,1,0,"",""
ball,2,17.4,Sri Lanka,HDRL Thirimanne,FDM Karunaratne,MA Starc,0,0,"",""
ball,2,17.5,Sri Lanka,HDRL Thirimanne,FDM Karunaratne,MA Starc,0,0,"",""
ball,2,17.6,Sri Lanka,HDRL Thirimanne,FDM Karunaratne,MA Starc,0,0,"",""
ball,2,18.1,Sri Lanka,FDM Karunaratne,HDRL Thirimanne,GJ Maxwell,1,0,"",""
ball,2,18.2,Sri Lanka,HDRL Thirimanne,FDM Karunaratne,GJ Maxwell,1,0,"",""
ball,2,18.3,Sri Lanka,FDM Karunaratne,HDRL Thirimanne,GJ Maxwell,0,0,"",""
ball,2,18.4,Sri Lanka,FDM Karunaratne,HDRL Thirimanne,GJ Maxwell,1,0,"",""
ball,2,18.5,Sri Lanka,HDRL Thirimanne,FDM Karunaratne,GJ Maxwell,1,0,"",""
ball,2,18.6,Sri Lanka,FDM Karunaratne,HDRL Thirimanne,GJ Maxwell,4,0,"",""
ball,2,19.1,Sri Lanka,HDRL Thirimanne,FDM Karunaratne,JP Behrendorff,0,0,"",""
ball,2,19.2,Sri Lanka,HDRL Thirimanne,FDM Karunaratne,JP Behrendorff,1,0,"",""
ball,2,19.3,Sri Lanka,FDM Karunaratne,HDRL Thirimanne,JP Behrendorff,2,0,"",""
ball,2,19.4,Sri Lanka,FDM Karunaratne,HDRL Thirimanne,JP Behrendorff,1,0,"",""
ball,2,19.5,Sri Lanka,HDRL Thirimanne,FDM Karunaratne,JP Behrendorff,0,0,"",""
ball,2,19.6,Sri Lanka,HDRL Thirimanne,FDM Karunaratne,JP Behrendorff,0,0,"",""
ball,2,20.1,Sri Lanka,FDM Karunaratne,HDRL Thirimanne,GJ Maxwell,0,0,"",""
ball,2,20.2,Sri Lanka,FDM Karunaratne,HDRL Thirimanne,GJ Maxwell,1,0,"",""
ball,2,20.3,Sri Lanka,HDRL Thirimanne,FDM Karunaratne,GJ Maxwell,1,0,"",""
ball,2,20.4,Sri Lanka,FDM Karunaratne,HDRL Thirimanne,GJ Maxwell,1,0,"",""
ball,2,20.5,Sri Lanka,HDRL Thirimanne,FDM Karunaratne,GJ Maxwell,1,0,"",""
ball,2,20.6,Sri Lanka,FDM Karunaratne,HDRL Thirimanne,GJ Maxwell,0,0,"",""
ball,2,21.1,Sri Lanka,HDRL Thirimanne,FDM Karunaratne,JP Behrendorff,1,0,"",""
ball,2,21.2,Sri Lanka,FDM Karunaratne,HDRL Thirimanne,JP Behrendorff,0,0,"",""
ball,2,21.3,Sri Lanka,FDM Karunaratne,HDRL Thirimanne,JP Behrendorff,0,0,"",""
ball,2,21.4,Sri Lanka,FDM Karunaratne,HDRL Thirimanne,JP Behrendorff,1,0,"",""
ball,2,21.5,Sri Lanka,HDRL Thirimanne,FDM Karunaratne,JP Behrendorff,0,0,"",""
ball,2,21.6,Sri Lanka,HDRL Thirimanne,FDM Karunaratne,JP Behrendorff,0,0,"",""
ball,2,22.1,Sri Lanka,FDM Karunaratne,HDRL Thirimanne,GJ Maxwell,0,0,"",""
ball,2,22.2,Sri Lanka,FDM Karunaratne,HDRL Thirimanne,GJ Maxwell,0,0,"",""
ball,2,22.3,Sri Lanka,FDM Karunaratne,HDRL Thirimanne,GJ Maxwell,1,0,"",""
ball,2,22.4,Sri Lanka,HDRL Thirimanne,FDM Karunaratne,GJ Maxwell,1,0,"",""
ball,2,22.5,Sri Lanka,FDM Karunaratne,HDRL Thirimanne,GJ Maxwell,1,0,"",""
ball,2,22.6,Sri Lanka,HDRL Thirimanne,FDM Karunaratne,GJ Maxwell,1,0,"",""
ball,2,23.1,Sri Lanka,HDRL Thirimanne,FDM Karunaratne,JP Behrendorff,2,0,"",""
ball,2,23.2,Sri Lanka,HDRL Thirimanne,FDM Karunaratne,JP Behrendorff,0,1,"",""
ball,2,23.3,Sri Lanka,FDM Karunaratne,HDRL Thirimanne,JP Behrendorff,1,0,"",""
ball,2,23.4,Sri Lanka,HDRL Thirimanne,FDM Karunaratne,JP Behrendorff,4,0,"",""
ball,2,23.5,Sri Lanka,HDRL Thirimanne,FDM Karunaratne,JP Behrendorff,0,0,caught,HDRL Thirimanne
ball,2,23.6,Sri Lanka,BKG Mendis,FDM Karunaratne,JP Behrendorff,1,0,"",""
ball,2,24.1,Sri Lanka,BKG Mendis,FDM Karunaratne,PJ Cummins,0,0,"",""
ball,2,24.2,Sri Lanka,BKG Mendis,FDM Karunaratne,PJ Cummins,0,0,"",""
ball,2,24.3,Sri Lanka,BKG Mendis,FDM Karunaratne,PJ Cummins,0,0,"",""
ball,2,24.4,Sri Lanka,BKG Mendis,FDM Karunaratne,PJ Cummins,0,1,"",""
ball,2,24.5,Sri Lanka,BKG Mendis,FDM Karunaratne,PJ Cummins,0,0,"",""
ball,2,24.6,Sri Lanka,BKG Mendis,FDM Karunaratne,PJ Cummins,1,0,"",""
ball,2,24.7,Sri Lanka,FDM Karunaratne,BKG Mendis,PJ Cummins,0,0,"",""
ball,2,25.1,Sri Lanka,BKG Mendis,FDM Karunaratne,JP Behrendorff,0,0,"",""
ball,2,25.2,Sri Lanka,BKG Mendis,FDM Karunaratne,JP Behrendorff,1,0,"",""
ball,2,25.3,Sri Lanka,FDM Karunaratne,BKG Mendis,JP Behrendorff,1,0,"",""
ball,2,25.4,Sri Lanka,BKG Mendis,FDM Karunaratne,JP Behrendorff,1,0,"",""
ball,2,25.5,Sri Lanka,FDM Karunaratne,BKG Mendis,JP Behrendorff,0,0,"",""
ball,2,25.6,Sri Lanka,FDM Karunaratne,BKG Mendis,JP Behrendorff,0,0,"",""
ball,2,26.1,Sri Lanka,BKG Mendis,FDM Karunaratne,PJ Cummins,1,0,"",""
ball,2,26.2,Sri Lanka,FDM Karunaratne,BKG Mendis,PJ Cummins,1,0,"",""
ball,2,26.3,Sri Lanka,BKG Mendis,FDM Karunaratne,PJ Cummins,1,0,"",""
ball,2,26.4,Sri Lanka,FDM Karunaratne,BKG Mendis,PJ Cummins,0,0,"",""
ball,2,26.5,Sri Lanka,FDM Karunaratne,BKG Mendis,PJ Cummins,1,0,"",""
ball,2,26.6,Sri Lanka,BKG Mendis,FDM Karunaratne,PJ Cummins,0,0,"",""
ball,2,27.1,Sri Lanka,FDM Karunaratne,BKG Mendis,JP Behrendorff,2,0,"",""
ball,2,27.2,Sri Lanka,FDM Karunaratne,BKG Mendis,JP Behrendorff,0,0,"",""
ball,2,27.3,Sri Lanka,FDM Karunaratne,BKG Mendis,JP Behrendorff,0,0,"",""
ball,2,27.4,Sri Lanka,FDM Karunaratne,BKG Mendis,JP Behrendorff,1,0,"",""
ball,2,27.5,Sri Lanka,BKG Mendis,FDM Karunaratne,JP Behrendorff,1,0,"",""
ball,2,27.6,Sri Lanka,FDM Karunaratne,BKG Mendis,JP Behrendorff,1,0,"",""
ball,2,28.1,Sri Lanka,FDM Karunaratne,BKG Mendis,KW Richardson,0,0,"",""
ball,2,28.2,Sri Lanka,FDM Karunaratne,BKG Mendis,KW Richardson,2,0,"",""
ball,2,28.3,Sri Lanka,FDM Karunaratne,BKG Mendis,KW Richardson,0,0,"",""
ball,2,28.4,Sri Lanka,FDM Karunaratne,BKG Mendis,KW Richardson,1,0,"",""
ball,2,28.5,Sri Lanka,BKG Mendis,FDM Karunaratne,KW Richardson,1,0,"",""
ball,2,28.6,Sri Lanka,FDM Karunaratne,BKG Mendis,KW Richardson,1,0,"",""
ball,2,29.1,Sri Lanka,FDM Karunaratne,BKG Mendis,GJ Maxwell,0,0,"",""
ball,2,29.2,Sri Lanka,FDM Karunaratne,BKG Mendis,GJ Maxwell,1,0,"",""
ball,2,29.3,Sri Lanka,BKG Mendis,FDM Karunaratne,GJ Maxwell,0,0,"",""
ball,2,29.4,Sri Lanka,BKG Mendis,FDM Karunaratne,GJ Maxwell,1,0,"",""
ball,2,29.5,Sri Lanka,FDM Karunaratne,BKG Mendis,GJ Maxwell,0,0,"",""
ball,2,29.6,Sri Lanka,FDM Karunaratne,BKG Mendis,GJ Maxwell,1,0,"",""
ball,2,30.1,Sri Lanka,FDM Karunaratne,BKG Mendis,KW Richardson,0,0,"",""
ball,2,30.2,Sri Lanka,FDM Karunaratne,BKG Mendis,KW Richardson,1,0,"",""
ball,2,30.3,Sri Lanka,BKG Mendis,FDM Karunaratne,KW Richardson,0,0,"",""
ball,2,30.4,Sri Lanka,BKG Mendis,FDM Karunaratne,KW Richardson,0,0,"",""
ball,2,30.5,Sri Lanka,BKG Mendis,FDM Karunaratne,KW Richardson,0,0,"",""
ball,2,30.6,Sri Lanka,BKG Mendis,FDM Karunaratne,KW Richardson,1,0,"",""
ball,2,31.1,Sri Lanka,BKG Mendis,FDM Karunaratne,GJ Maxwell,0,0,"",""
ball,2,31.2,Sri Lanka,BKG Mendis,FDM Karunaratne,GJ Maxwell,1,0,"",""
ball,2,31.3,Sri Lanka,FDM Karunaratne,BKG Mendis,GJ Maxwell,0,0,"",""
ball,2,31.4,Sri Lanka,FDM Karunaratne,BKG Mendis,GJ Maxwell,0,0,"",""
ball,2,31.5,Sri Lanka,FDM Karunaratne,BKG Mendis,GJ Maxwell,1,0,"",""
ball,2,31.6,Sri Lanka,BKG Mendis,FDM Karunaratne,GJ Maxwell,6,0,"",""
ball,2,32.1,Sri Lanka,FDM Karunaratne,BKG Mendis,KW Richardson,0,0,caught,FDM Karunaratne
ball,2,32.2,Sri Lanka,AD Mathews,BKG Mendis,KW Richardson,4,0,"",""
ball,2,32.3,Sri Lanka,AD Mathews,BKG Mendis,KW Richardson,0,0,"",""
ball,2,32.4,Sri Lanka,AD Mathews,BKG Mendis,KW Richardson,0,0,"",""
ball,2,32.5,Sri Lanka,AD Mathews,BKG Mendis,KW Richardson,0,0,"",""
ball,2,32.6,Sri Lanka,AD Mathews,BKG Mendis,KW Richardson,0,0,"",""
ball,2,33.1,Sri Lanka,BKG Mendis,AD Mathews,GJ Maxwell,1,0,"",""
ball,2,33.2,Sri Lanka,AD Mathews,BKG Mendis,GJ Maxwell,1,0,"",""
ball,2,33.3,Sri Lanka,BKG Mendis,AD Mathews,GJ Maxwell,0,0,"",""
ball,2,33.4,Sri Lanka,BKG Mendis,AD Mathews,GJ Maxwell,0,0,"",""
ball,2,33.5,Sri Lanka,BKG Mendis,AD Mathews,GJ Maxwell,0,0,"",""
ball,2,33.6,Sri Lanka,BKG Mendis,AD Mathews,GJ Maxwell,1,0,"",""
ball,2,34.1,Sri Lanka,BKG Mendis,AD Mathews,MA Starc,0,0,"",""
ball,2,34.2,Sri Lanka,BKG Mendis,AD Mathews,MA Starc,6,0,"",""
ball,2,34.3,Sri Lanka,BKG Mendis,AD Mathews,MA Starc,1,0,"",""
ball,2,34.4,Sri Lanka,AD Mathews,BKG Mendis,MA Starc,0,0,"",""
ball,2,34.5,Sri Lanka,AD Mathews,BKG Mendis,MA Starc,0,0,"",""
ball,2,34.6,Sri Lanka,AD Mathews,BKG Mendis,MA Starc,4,0,"",""
ball,2,35.1,Sri Lanka,BKG Mendis,AD Mathews,PJ Cummins,0,0,"",""
ball,2,35.2,Sri Lanka,BKG Mendis,AD Mathews,PJ Cummins,1,0,"",""
ball,2,35.3,Sri Lanka,AD Mathews,BKG Mendis,PJ Cummins,0,0,"",""
ball,2,35.4,Sri Lanka,AD Mathews,BKG Mendis,PJ Cummins,0,0,caught,AD Mathews
ball,2,35.5,Sri Lanka,TAM Siriwardana,BKG Mendis,PJ Cummins,2,0,"",""
ball,2,35.6,Sri Lanka,TAM Siriwardana,BKG Mendis,PJ Cummins,1,0,"",""
ball,2,36.1,Sri Lanka,TAM Siriwardana,BKG Mendis,MA Starc,0,1,"",""
ball,2,36.2,Sri Lanka,TAM Siriwardana,BKG Mendis,MA Starc,0,0,"",""
ball,2,36.3,Sri Lanka,TAM Siriwardana,BKG Mendis,MA Starc,0,0,bowled,TAM Siriwardana
ball,2,36.4,Sri Lanka,NLTC Perera,BKG Mendis,MA Starc,6,0,"",""
ball,2,36.5,Sri Lanka,NLTC Perera,BKG Mendis,MA Starc,1,0,"",""
ball,2,36.6,Sri Lanka,BKG Mendis,NLTC Perera,MA Starc,1,0,"",""
ball,2,36.7,Sri Lanka,NLTC Perera,BKG Mendis,MA Starc,0,0,caught,NLTC Perera
ball,2,37.1,Sri Lanka,BKG Mendis,DM de Silva,JP Behrendorff,1,0,"",""
ball,2,37.2,Sri Lanka,DM de Silva,BKG Mendis,JP Behrendorff,0,0,"",""
ball,2,37.3,Sri Lanka,DM de Silva,BKG Mendis,JP Behrendorff,2,0,"",""
ball,2,37.4,Sri Lanka,DM de Silva,BKG Mendis,JP Behrendorff,0,0,"",""
ball,2,37.5,Sri Lanka,DM de Silva,BKG Mendis,JP Behrendorff,1,0,"",""
ball,2,37.6,Sri Lanka,BKG Mendis,DM de Silva,JP Behrendorff,1,0,"",""
ball,2,38.1,Sri Lanka,BKG Mendis,DM de Silva,MA Starc,0,0,caught,BKG Mendis
ball,2,38.2,Sri Lanka,I Udana,DM de Silva,MA Starc,1,0,"",""
ball,2,38.3,Sri Lanka,DM de Silva,I Udana,MA Starc,1,0,"",""
ball,2,38.4,Sri Lanka,I Udana,DM de Silva,MA Starc,1,0,"",""
ball,2,38.5,Sri Lanka,DM de Silva,I Udana,MA Starc,0,0,"",""
ball,2,38.6,Sri Lanka,DM de Silva,I Udana,MA Starc,4,0,"",""
ball,2,39.1,Sri Lanka,I Udana,DM de Silva,KW Richardson,4,0,"",""
ball,2,39.2,Sri Lanka,I Udana,DM de Silva,KW Richardson,0,0,"",""
ball,2,39.3,Sri Lanka,I Udana,DM de Silva,KW Richardson,0,0,"",""
ball,2,39.4,Sri Lanka,I Udana,DM de Silva,KW Richardson,0,0,"",""
ball,2,39.5,Sri Lanka,I Udana,DM de Silva,KW Richardson,0,1,"",""
ball,2,39.6,Sri Lanka,I Udana,DM de Silva,KW Richardson,2,0,"",""
ball,2,39.7,Sri Lanka,I Udana,DM de Silva,KW Richardson,0,0,caught,I Udana
ball,2,40.1,Sri Lanka,SL Malinga,DM de Silva,MA Starc,1,0,"",""
ball,2,40.2,Sri Lanka,DM de Silva,SL Malinga,MA Starc,0,0,"",""
ball,2,40.3,Sri Lanka,DM de Silva,SL Malinga,MA Starc,0,0,"",""
ball,2,40.4,Sri Lanka,DM de Silva,SL Malinga,MA Starc,0,0,"",""
ball,2,40.5,Sri Lanka,DM de Silva,SL Malinga,MA Starc,0,0,"",""
ball,2,40.6,Sri Lanka,DM de Silva,SL Malinga,MA Starc,0,0,"",""
ball,2,41.1,Sri Lanka,SL Malinga,DM de Silva,KW Richardson,0,0,"",""
ball,2,41.2,Sri Lanka,SL Malinga,DM de Silva,KW Richardson,0,0,"",""
ball,2,41.3,Sri Lanka,SL Malinga,DM de Silva,KW Richardson,0,0,"",""
ball,2,41.4,Sri Lanka,SL Malinga,DM de Silva,KW Richardson,0,0,caught,SL Malinga
ball,2,41.5,Sri Lanka,N Pradeep,DM de Silva,KW Richardson,0,0,"",""
ball,2,41.6,Sri Lanka,N Pradeep,DM de Silva,KW Richardson,0,0,"",""
ball,2,42.1,Sri Lanka,DM de Silva,N Pradeep,MA Starc,0,0,"",""
ball,2,42.2,Sri Lanka,DM de Silva,N Pradeep,MA Starc,0,0,"",""
ball,2,42.3,Sri Lanka,DM de Silva,N Pradeep,MA Starc,0,0,"",""
ball,2,42.4,Sri Lanka,DM de Silva,N Pradeep,MA Starc,0,0,"",""
ball,2,42.5,Sri Lanka,DM de Silva,N Pradeep,MA Starc,1,0,"",""
ball,2,42.6,Sri Lanka,N Pradeep,DM de Silva,MA Starc,0,0,"",""
ball,2,43.1,Sri Lanka,DM de Silva,N Pradeep,PJ Cummins,0,0,"",""
ball,2,43.2,Sri Lanka,DM de Silva,N Pradeep,PJ Cummins,0,1,"",""
ball,2,43.3,Sri Lanka,DM de Silva,N Pradeep,PJ Cummins,0,0,"",""
ball,2,43.4,Sri Lanka,DM de Silva,N Pradeep,PJ Cummins,0,0,"",""
ball,2,43.5,Sri Lanka,DM de Silva,N Pradeep,PJ Cummins,1,0,"",""
ball,2,43.6,Sri Lanka,N Pradeep,DM de Silva,PJ Cummins,0,0,"",""
ball,2,43.7,Sri Lanka,N Pradeep,DM de Silva,PJ Cummins,0,0,"",""
ball,2,44.1,Sri Lanka,DM de Silva,N Pradeep,KW Richardson,0,0,"",""
ball,2,44.2,Sri Lanka,DM de Silva,N Pradeep,KW Richardson,0,1,"",""
ball,2,44.3,Sri Lanka,DM de Silva,N Pradeep,KW Richardson,0,0,"",""
ball,2,44.4,Sri Lanka,DM de Silva,N Pradeep,KW Richardson,0,0,"",""
ball,2,44.5,Sri Lanka,DM de Silva,N Pradeep,KW Richardson,4,0,"",""
ball,2,44.6,Sri Lanka,DM de Silva,N Pradeep,KW Richardson,1,0,"",""
ball,2,44.7,Sri Lanka,N Pradeep,DM de Silva,KW Richardson,0,0,"",""
ball,2,45.1,Sri Lanka,DM de Silva,N Pradeep,PJ Cummins,0,0,"",""
ball,2,45.2,Sri Lanka,DM de Silva,N Pradeep,PJ Cummins,0,0,"",""
ball,2,45.3,Sri Lanka,DM de Silva,N Pradeep,PJ Cummins,0,0,"",""
ball,2,45.4,Sri Lanka,DM de Silva,N Pradeep,PJ Cummins,1,0,"",""
ball,2,45.5,Sri Lanka,N Pradeep,DM de Silva,PJ Cummins,0,0,caught,N Pradeep
