version,1.3.0
info,team,Australia
info,team,Pakistan
info,gender,male
info,season,2019
info,date,2019/06/12
info,competition,World Cup
info,match_number,17
info,venue,The Cooper Associates County Ground
info,city,Taunton
info,toss_winner,Pakistan
info,toss_decision,field
info,player_of_match,DA Warner
info,umpire,NJ Llong
info,umpire,RSA Palliyaguruge
info,reserve_umpire,CB Gaffaney
info,tv_umpire,IJ Gould
info,match_referee,AJ Pycroft
info,winner,Australia
info,winner_runs,41
ball,1,0.1,Australia,AJ Finch,DA Warner,Mohammad Amir,0,0,"",""
ball,1,0.2,Australia,AJ Finch,DA Warner,Mohammad Amir,0,0,"",""
ball,1,0.3,Australia,AJ Finch,DA Warner,Mohammad Amir,0,0,"",""
ball,1,0.4,Australia,AJ Finch,DA Warner,Mohammad Amir,0,0,"",""
ball,1,0.5,Australia,AJ Finch,DA Warner,Mohammad Amir,0,0,"",""
ball,1,0.6,Australia,AJ Finch,DA Warner,Mohammad Amir,0,0,"",""
ball,1,1.1,Australia,DA Warner,AJ Finch,Shaheen Shah Afridi,0,0,"",""
ball,1,1.2,Australia,DA Warner,AJ Finch,Shaheen Shah Afridi,4,0,"",""
ball,1,1.3,Australia,DA Warner,AJ Finch,Shaheen Shah Afridi,1,0,"",""
ball,1,1.4,Australia,AJ Finch,DA Warner,Shaheen Shah Afridi,0,1,"",""
ball,1,1.5,Australia,AJ Finch,DA Warner,Shaheen Shah Afridi,0,0,"",""
ball,1,1.6,Australia,AJ Finch,DA Warner,Shaheen Shah Afridi,0,0,"",""
ball,1,1.7,Australia,AJ Finch,DA Warner,Shaheen Shah Afridi,1,0,"",""
ball,1,2.1,Australia,AJ Finch,DA Warner,Mohammad Amir,0,0,"",""
ball,1,2.2,Australia,AJ Finch,DA Warner,Mohammad Amir,2,0,"",""
ball,1,2.3,Australia,AJ Finch,DA Warner,Mohammad Amir,0,0,"",""
ball,1,2.4,Australia,AJ Finch,DA Warner,Mohammad Amir,0,0,"",""
ball,1,2.5,Australia,AJ Finch,DA Warner,Mohammad Amir,1,0,"",""
ball,1,2.6,Australia,DA Warner,AJ Finch,Mohammad Amir,0,0,"",""
ball,1,3.1,Australia,AJ Finch,DA Warner,Shaheen Shah Afridi,6,0,"",""
ball,1,3.2,Australia,AJ Finch,DA Warner,Shaheen Shah Afridi,2,0,"",""
ball,1,3.3,Australia,AJ Finch,DA Warner,Shaheen Shah Afridi,2,0,"",""
ball,1,3.4,Australia,AJ Finch,DA Warner,Shaheen Shah Afridi,1,0,"",""
ball,1,3.5,Australia,DA Warner,AJ Finch,Shaheen Shah Afridi,4,0,"",""
ball,1,3.6,Australia,DA Warner,AJ Finch,Shaheen Shah Afridi,2,0,"",""
ball,1,4.1,Australia,AJ Finch,DA Warner,Mohammad Amir,0,0,"",""
ball,1,4.2,Australia,AJ Finch,DA Warner,Mohammad Amir,0,0,"",""
ball,1,4.3,Australia,AJ Finch,DA Warner,Mohammad Amir,0,0,"",""
ball,1,4.4,Australia,AJ Finch,DA Warner,Mohammad Amir,0,0,"",""
ball,1,4.5,Australia,AJ Finch,DA Warner,Mohammad Amir,0,0,"",""
ball,1,4.6,Australia,AJ Finch,DA Warner,Mohammad Amir,0,0,"",""
ball,1,5.1,Australia,DA Warner,AJ Finch,Hasan Ali,0,0,"",""
ball,1,5.2,Australia,DA Warner,AJ Finch,Hasan Ali,0,0,"",""
ball,1,5.3,Australia,DA Warner,AJ Finch,Hasan Ali,0,0,"",""
ball,1,5.4,Australia,DA Warner,AJ Finch,Hasan Ali,0,0,"",""
ball,1,5.5,Australia,DA Warner,AJ Finch,Hasan Ali,1,0,"",""
ball,1,5.6,Australia,AJ Finch,DA Warner,Hasan Ali,0,0,"",""
ball,1,6.1,Australia,DA Warner,AJ Finch,Mohammad Amir,0,1,"",""
ball,1,6.2,Australia,DA Warner,AJ Finch,Mohammad Amir,4,0,"",""
ball,1,6.3,Australia,DA Warner,AJ Finch,Mohammad Amir,1,0,"",""
ball,1,6.4,Australia,AJ Finch,DA Warner,Mohammad Amir,0,0,"",""
ball,1,6.5,Australia,AJ Finch,DA Warner,Mohammad Amir,1,0,"",""
ball,1,6.6,Australia,DA Warner,AJ Finch,Mohammad Amir,1,0,"",""
ball,1,6.7,Australia,AJ Finch,DA Warner,Mohammad Amir,0,0,"",""
ball,1,7.1,Australia,DA Warner,AJ Finch,Hasan Ali,0,1,"",""
ball,1,7.2,Australia,DA Warner,AJ Finch,Hasan Ali,1,0,"",""
ball,1,7.3,Australia,AJ Finch,DA Warner,Hasan Ali,0,0,"",""
ball,1,7.4,Australia,AJ Finch,DA Warner,Hasan Ali,4,0,"",""
ball,1,7.5,Australia,AJ Finch,DA Warner,Hasan Ali,1,0,"",""
ball,1,7.6,Australia,DA Warner,AJ Finch,Hasan Ali,4,0,"",""
ball,1,7.7,Australia,DA Warner,AJ Finch,Hasan Ali,0,0,"",""
ball,1,8.1,Australia,AJ Finch,DA Warner,Wahab Riaz,1,0,"",""
ball,1,8.2,Australia,DA Warner,AJ Finch,Wahab Riaz,1,0,"",""
ball,1,8.3,Australia,AJ Finch,DA Warner,Wahab Riaz,0,0,"",""
ball,1,8.4,Australia,AJ Finch,DA Warner,Wahab Riaz,0,0,"",""
ball,1,8.5,Australia,AJ Finch,DA Warner,Wahab Riaz,0,0,"",""
ball,1,8.6,Australia,AJ Finch,DA Warner,Wahab Riaz,0,0,"",""
ball,1,9.1,Australia,DA Warner,AJ Finch,Hasan Ali,2,0,"",""
ball,1,9.2,Australia,DA Warner,AJ Finch,Hasan Ali,0,4,"",""
ball,1,9.3,Australia,DA Warner,AJ Finch,Hasan Ali,1,0,"",""
ball,1,9.4,Australia,AJ Finch,DA Warner,Hasan Ali,0,0,"",""
ball,1,9.5,Australia,AJ Finch,DA Warner,Hasan Ali,0,0,"",""
ball,1,9.6,Australia,AJ Finch,DA Warner,Hasan Ali,0,0,"",""
ball,1,10.1,Australia,DA Warner,AJ Finch,Wahab Riaz,0,0,"",""
ball,1,10.2,Australia,DA Warner,AJ Finch,Wahab Riaz,0,0,"",""
ball,1,10.3,Australia,DA Warner,AJ Finch,Wahab Riaz,0,0,"",""
ball,1,10.4,Australia,DA Warner,AJ Finch,Wahab Riaz,1,0,"",""
ball,1,10.5,Australia,AJ Finch,DA Warner,Wahab Riaz,1,0,"",""
ball,1,10.6,Australia,DA Warner,AJ Finch,Wahab Riaz,2,0,"",""
ball,1,11.1,Australia,AJ Finch,DA Warner,Shaheen Shah Afridi,0,0,"",""
ball,1,11.2,Australia,AJ Finch,DA Warner,Shaheen Shah Afridi,2,0,"",""
ball,1,11.3,Australia,AJ Finch,DA Warner,Shaheen Shah Afridi,0,1,"",""
ball,1,11.4,Australia,DA Warner,AJ Finch,Shaheen Shah Afridi,2,0,"",""
ball,1,11.5,Australia,DA Warner,AJ Finch,Shaheen Shah Afridi,0,0,"",""
ball,1,11.6,Australia,DA Warner,AJ Finch,Shaheen Shah Afridi,0,0,"",""
ball,1,12.1,Australia,AJ Finch,DA Warner,Wahab Riaz,1,0,"",""
ball,1,12.2,Australia,DA Warner,AJ Finch,Wahab Riaz,0,0,"",""
ball,1,12.3,Australia,DA Warner,AJ Finch,Wahab Riaz,1,0,"",""
ball,1,12.4,Australia,AJ Finch,DA Warner,Wahab Riaz,4,0,"",""
ball,1,12.5,Australia,AJ Finch,DA Warner,Wahab Riaz,4,0,"",""
ball,1,12.6,Australia,AJ Finch,DA Warner,Wahab Riaz,1,0,"",""
ball,1,13.1,Australia,AJ Finch,DA Warner,Shaheen Shah Afridi,1,0,"",""
ball,1,13.2,Australia,DA Warner,AJ Finch,Shaheen Shah Afridi,0,0,"",""
ball,1,13.3,Australia,DA Warner,AJ Finch,Shaheen Shah Afridi,1,0,"",""
ball,1,13.4,Australia,AJ Finch,DA Warner,Shaheen Shah Afridi,1,0,"",""
ball,1,13.5,Australia,DA Warner,AJ Finch,Shaheen Shah Afridi,4,0,"",""
ball,1,13.6,Australia,DA Warner,AJ Finch,Shaheen Shah Afridi,0,0,"",""
ball,1,14.1,Australia,AJ Finch,DA Warner,Wahab Riaz,2,0,"",""
ball,1,14.2,Australia,AJ Finch,DA Warner,Wahab Riaz,0,0,"",""
ball,1,14.3,Australia,AJ Finch,DA Warner,Wahab Riaz,0,0,"",""
ball,1,14.4,Australia,AJ Finch,DA Warner,Wahab Riaz,0,0,"",""
ball,1,14.5,Australia,AJ Finch,DA Warner,Wahab Riaz,1,0,"",""
ball,1,14.6,Australia,DA Warner,AJ Finch,Wahab Riaz,0,1,"",""
ball,1,14.7,Australia,DA Warner,AJ Finch,Wahab Riaz,0,0,"",""
ball,1,15.1,Australia,AJ Finch,DA Warner,Shaheen Shah Afridi,0,0,"",""
ball,1,15.2,Australia,AJ Finch,DA Warner,Shaheen Shah Afridi,0,0,"",""
ball,1,15.3,Australia,AJ Finch,DA Warner,Shaheen Shah Afridi,0,0,"",""
ball,1,15.4,Australia,AJ Finch,DA Warner,Shaheen Shah Afridi,0,0,"",""
ball,1,15.5,Australia,AJ Finch,DA Warner,Shaheen Shah Afridi,0,0,"",""
ball,1,15.6,Australia,AJ Finch,DA Warner,Shaheen Shah Afridi,4,0,"",""
ball,1,16.1,Australia,DA Warner,AJ Finch,Mohammad Hafeez,0,1,"",""
ball,1,16.2,Australia,AJ Finch,DA Warner,Mohammad Hafeez,0,0,"",""
ball,1,16.3,Australia,AJ Finch,DA Warner,Mohammad Hafeez,4,0,"",""
ball,1,16.4,Australia,AJ Finch,DA Warner,Mohammad Hafeez,4,0,"",""
ball,1,16.5,Australia,AJ Finch,DA Warner,Mohammad Hafeez,6,0,"",""
ball,1,16.6,Australia,AJ Finch,DA Warner,Mohammad Hafeez,1,0,"",""
ball,1,17.1,Australia,AJ Finch,DA Warner,Shaheen Shah Afridi,0,0,"",""
ball,1,17.2,Australia,AJ Finch,DA Warner,Shaheen Shah Afridi,1,1,"",""
ball,1,17.3,Australia,DA Warner,AJ Finch,Shaheen Shah Afridi,0,0,"",""
ball,1,17.4,Australia,DA Warner,AJ Finch,Shaheen Shah Afridi,2,0,"",""
ball,1,17.5,Australia,DA Warner,AJ Finch,Shaheen Shah Afridi,1,0,"",""
ball,1,17.6,Australia,AJ Finch,DA Warner,Shaheen Shah Afridi,0,0,"",""
ball,1,17.7,Australia,AJ Finch,DA Warner,Shaheen Shah Afridi,1,0,"",""
ball,1,18.1,Australia,AJ Finch,DA Warner,Mohammad Hafeez,0,0,"",""
ball,1,18.2,Australia,AJ Finch,DA Warner,Mohammad Hafeez,0,0,"",""
ball,1,18.3,Australia,AJ Finch,DA Warner,Mohammad Hafeez,1,0,"",""
ball,1,18.4,Australia,DA Warner,AJ Finch,Mohammad Hafeez,1,0,"",""
ball,1,18.5,Australia,AJ Finch,DA Warner,Mohammad Hafeez,1,0,"",""
ball,1,18.6,Australia,DA Warner,AJ Finch,Mohammad Hafeez,0,1,"",""
ball,1,19.1,Australia,DA Warner,AJ Finch,Hasan Ali,0,1,"",""
ball,1,19.2,Australia,AJ Finch,DA Warner,Hasan Ali,2,0,"",""
ball,1,19.3,Australia,AJ Finch,DA Warner,Hasan Ali,1,0,"",""
ball,1,19.4,Australia,DA Warner,AJ Finch,Hasan Ali,0,0,"",""
ball,1,19.5,Australia,DA Warner,AJ Finch,Hasan Ali,1,0,"",""
ball,1,19.6,Australia,AJ Finch,DA Warner,Hasan Ali,0,0,"",""
ball,1,20.1,Australia,DA Warner,AJ Finch,Mohammad Hafeez,1,0,"",""
ball,1,20.2,Australia,AJ Finch,DA Warner,Mohammad Hafeez,0,0,"",""
ball,1,20.3,Australia,AJ Finch,DA Warner,Mohammad Hafeez,6,0,"",""
ball,1,20.4,Australia,AJ Finch,DA Warner,Mohammad Hafeez,6,0,"",""
ball,1,20.5,Australia,AJ Finch,DA Warner,Mohammad Hafeez,1,0,"",""
ball,1,20.6,Australia,DA Warner,AJ Finch,Mohammad Hafeez,0,0,"",""
ball,1,21.1,Australia,AJ Finch,DA Warner,Hasan Ali,1,0,"",""
ball,1,21.2,Australia,DA Warner,AJ Finch,Hasan Ali,0,0,"",""
ball,1,21.3,Australia,DA Warner,AJ Finch,Hasan Ali,1,1,"",""
ball,1,21.4,Australia,AJ Finch,DA Warner,Hasan Ali,1,0,"",""
ball,1,21.5,Australia,DA Warner,AJ Finch,Hasan Ali,1,0,"",""
ball,1,21.6,Australia,AJ Finch,DA Warner,Hasan Ali,1,0,"",""
ball,1,21.7,Australia,DA Warner,AJ Finch,Hasan Ali,4,0,"",""
ball,1,22.1,Australia,AJ Finch,DA Warner,Mohammad Amir,0,0,caught,AJ Finch
ball,1,22.2,Australia,DA Warner,SPD Smith,Mohammad Amir,1,0,"",""
ball,1,22.3,Australia,SPD Smith,DA Warner,Mohammad Amir,1,0,"",""
ball,1,22.4,Australia,DA Warner,SPD Smith,Mohammad Amir,0,0,"",""
ball,1,22.5,Australia,DA Warner,SPD Smith,Mohammad Amir,0,0,"",""
ball,1,22.6,Australia,DA Warner,SPD Smith,Mohammad Amir,1,0,"",""
ball,1,23.1,Australia,DA Warner,SPD Smith,Hasan Ali,4,0,"",""
ball,1,23.2,Australia,DA Warner,SPD Smith,Hasan Ali,4,0,"",""
ball,1,23.3,Australia,DA Warner,SPD Smith,Hasan Ali,0,1,"",""
ball,1,23.4,Australia,DA Warner,SPD Smith,Hasan Ali,1,0,"",""
ball,1,23.5,Australia,SPD Smith,DA Warner,Hasan Ali,0,0,"",""
ball,1,23.6,Australia,SPD Smith,DA Warner,Hasan Ali,4,0,"",""
ball,1,23.7,Australia,SPD Smith,DA Warner,Hasan Ali,0,0,"",""
ball,1,24.1,Australia,DA Warner,SPD Smith,Mohammad Amir,0,0,"",""
ball,1,24.2,Australia,DA Warner,SPD Smith,Mohammad Amir,0,0,"",""
ball,1,24.3,Australia,DA Warner,SPD Smith,Mohammad Amir,1,0,"",""
ball,1,24.4,Australia,SPD Smith,DA Warner,Mohammad Amir,1,0,"",""
ball,1,24.5,Australia,DA Warner,SPD Smith,Mohammad Amir,0,0,"",""
ball,1,24.6,Australia,DA Warner,SPD Smith,Mohammad Amir,0,0,"",""
ball,1,25.1,Australia,SPD Smith,DA Warner,Shoaib Malik,0,0,"",""
ball,1,25.2,Australia,SPD Smith,DA Warner,Shoaib Malik,1,0,"",""
ball,1,25.3,Australia,DA Warner,SPD Smith,Shoaib Malik,1,0,"",""
ball,1,25.4,Australia,SPD Smith,DA Warner,Shoaib Malik,0,0,"",""
ball,1,25.5,Australia,SPD Smith,DA Warner,Shoaib Malik,1,0,"",""
ball,1,25.6,Australia,DA Warner,SPD Smith,Shoaib Malik,1,0,"",""
ball,1,26.1,Australia,DA Warner,SPD Smith,Mohammad Amir,0,0,"",""
ball,1,26.2,Australia,DA Warner,SPD Smith,Mohammad Amir,0,0,"",""
ball,1,26.3,Australia,DA Warner,SPD Smith,Mohammad Amir,0,0,"",""
ball,1,26.4,Australia,DA Warner,SPD Smith,Mohammad Amir,2,0,"",""
ball,1,26.5,Australia,DA Warner,SPD Smith,Mohammad Amir,0,0,"",""
ball,1,26.6,Australia,DA Warner,SPD Smith,Mohammad Amir,1,0,"",""
ball,1,27.1,Australia,DA Warner,SPD Smith,Shoaib Malik,0,0,"",""
ball,1,27.2,Australia,DA Warner,SPD Smith,Shoaib Malik,0,0,"",""
ball,1,27.3,Australia,DA Warner,SPD Smith,Shoaib Malik,4,0,"",""
ball,1,27.4,Australia,DA Warner,SPD Smith,Shoaib Malik,1,0,"",""
ball,1,27.5,Australia,SPD Smith,DA Warner,Shoaib Malik,1,1,"",""
ball,1,27.6,Australia,DA Warner,SPD Smith,Shoaib Malik,6,0,"",""
ball,1,27.7,Australia,DA Warner,SPD Smith,Shoaib Malik,2,0,"",""
ball,1,28.1,Australia,SPD Smith,DA Warner,Mohammad Hafeez,1,0,"",""
ball,1,28.2,Australia,DA Warner,SPD Smith,Mohammad Hafeez,1,0,"",""
ball,1,28.3,Australia,SPD Smith,DA Warner,Mohammad Hafeez,0,0,"",""
ball,1,28.4,Australia,SPD Smith,DA Warner,Mohammad Hafeez,0,0,caught,SPD Smith
ball,1,28.5,Australia,DA Warner,GJ Maxwell,Mohammad Hafeez,0,0,"",""
ball,1,28.6,Australia,DA Warner,GJ Maxwell,Mohammad Hafeez,1,0,"",""
ball,1,29.1,Australia,DA Warner,GJ Maxwell,Shoaib Malik,0,0,"",""
ball,1,29.2,Australia,DA Warner,GJ Maxwell,Shoaib Malik,0,0,"",""
ball,1,29.3,Australia,DA Warner,GJ Maxwell,Shoaib Malik,0,0,"",""
ball,1,29.4,Australia,DA Warner,GJ Maxwell,Shoaib Malik,0,0,"",""
ball,1,29.5,Australia,DA Warner,GJ Maxwell,Shoaib Malik,0,0,"",""
ball,1,29.6,Australia,DA Warner,GJ Maxwell,Shoaib Malik,1,0,"",""
ball,1,30.1,Australia,DA Warner,GJ Maxwell,Mohammad Hafeez,1,0,"",""
ball,1,30.2,Australia,GJ Maxwell,DA Warner,Mohammad Hafeez,1,0,"",""
ball,1,30.3,Australia,DA Warner,GJ Maxwell,Mohammad Hafeez,1,0,"",""
ball,1,30.4,Australia,GJ Maxwell,DA Warner,Mohammad Hafeez,1,0,"",""
ball,1,30.5,Australia,DA Warner,GJ Maxwell,Mohammad Hafeez,0,0,"",""
ball,1,30.6,Australia,DA Warner,GJ Maxwell,Mohammad Hafeez,1,0,"",""
ball,1,31.1,Australia,DA Warner,GJ Maxwell,Shoaib Malik,0,0,"",""
ball,1,31.2,Australia,DA Warner,GJ Maxwell,Shoaib Malik,2,0,"",""
ball,1,31.3,Australia,DA Warner,GJ Maxwell,Shoaib Malik,1,0,"",""
ball,1,31.4,Australia,GJ Maxwell,DA Warner,Shoaib Malik,2,0,"",""
ball,1,31.5,Australia,GJ Maxwell,DA Warner,Shoaib Malik,1,0,"",""
ball,1,31.6,Australia,DA Warner,GJ Maxwell,Shoaib Malik,0,0,"",""
ball,1,32.1,Australia,GJ Maxwell,DA Warner,Mohammad Hafeez,4,0,"",""
ball,1,32.2,Australia,GJ Maxwell,DA Warner,Mohammad Hafeez,1,0,"",""
ball,1,32.3,Australia,DA Warner,GJ Maxwell,Mohammad Hafeez,0,0,"",""
ball,1,32.4,Australia,DA Warner,GJ Maxwell,Mohammad Hafeez,1,0,"",""
ball,1,32.5,Australia,GJ Maxwell,DA Warner,Mohammad Hafeez,4,0,"",""
ball,1,32.6,Australia,GJ Maxwell,DA Warner,Mohammad Hafeez,6,0,"",""
ball,1,33.1,Australia,DA Warner,GJ Maxwell,Shaheen Shah Afridi,4,0,"",""
ball,1,33.2,Australia,DA Warner,GJ Maxwell,Shaheen Shah Afridi,1,0,"",""
ball,1,33.3,Australia,GJ Maxwell,DA Warner,Shaheen Shah Afridi,0,0,"",""
ball,1,33.4,Australia,GJ Maxwell,DA Warner,Shaheen Shah Afridi,0,0,bowled,GJ Maxwell
ball,1,33.5,Australia,SE Marsh,DA Warner,Shaheen Shah Afridi,1,0,"",""
ball,1,33.6,Australia,DA Warner,SE Marsh,Shaheen Shah Afridi,0,0,"",""
ball,1,34.1,Australia,SE Marsh,DA Warner,Mohammad Hafeez,1,0,"",""
ball,1,34.2,Australia,DA Warner,SE Marsh,Mohammad Hafeez,1,0,"",""
ball,1,34.3,Australia,SE Marsh,DA Warner,Mohammad Hafeez,0,0,"",""
ball,1,34.4,Australia,SE Marsh,DA Warner,Mohammad Hafeez,1,0,"",""
ball,1,34.5,Australia,DA Warner,SE Marsh,Mohammad Hafeez,1,0,"",""
ball,1,34.6,Australia,SE Marsh,DA Warner,Mohammad Hafeez,0,0,"",""
ball,1,35.1,Australia,DA Warner,SE Marsh,Shaheen Shah Afridi,4,0,"",""
ball,1,35.2,Australia,DA Warner,SE Marsh,Shaheen Shah Afridi,2,0,"",""
ball,1,35.3,Australia,DA Warner,SE Marsh,Shaheen Shah Afridi,0,0,"",""
ball,1,35.4,Australia,DA Warner,SE Marsh,Shaheen Shah Afridi,1,0,"",""
ball,1,35.5,Australia,SE Marsh,DA Warner,Shaheen Shah Afridi,0,0,"",""
ball,1,35.6,Australia,SE Marsh,DA Warner,Shaheen Shah Afridi,0,0,"",""
ball,1,36.1,Australia,DA Warner,SE Marsh,Wahab Riaz,2,0,"",""
ball,1,36.2,Australia,DA Warner,SE Marsh,Wahab Riaz,1,0,"",""
ball,1,36.3,Australia,SE Marsh,DA Warner,Wahab Riaz,0,0,"",""
ball,1,36.4,Australia,SE Marsh,DA Warner,Wahab Riaz,1,0,"",""
ball,1,36.5,Australia,DA Warner,SE Marsh,Wahab Riaz,0,0,"",""
ball,1,36.6,Australia,DA Warner,SE Marsh,Wahab Riaz,0,0,"",""
ball,1,37.1,Australia,SE Marsh,DA Warner,Shaheen Shah Afridi,2,0,"",""
ball,1,37.2,Australia,SE Marsh,DA Warner,Shaheen Shah Afridi,0,0,"",""
ball,1,37.3,Australia,SE Marsh,DA Warner,Shaheen Shah Afridi,1,0,"",""
ball,1,37.4,Australia,DA Warner,SE Marsh,Shaheen Shah Afridi,0,0,"",""
ball,1,37.5,Australia,DA Warner,SE Marsh,Shaheen Shah Afridi,0,0,caught,DA Warner
ball,1,37.6,Australia,SE Marsh,UT Khawaja,Shaheen Shah Afridi,0,1,"",""
ball,1,38.1,Australia,SE Marsh,UT Khawaja,Wahab Riaz,1,0,"",""
ball,1,38.2,Australia,UT Khawaja,SE Marsh,Wahab Riaz,0,0,"",""
ball,1,38.3,Australia,UT Khawaja,SE Marsh,Wahab Riaz,1,0,"",""
ball,1,38.4,Australia,SE Marsh,UT Khawaja,Wahab Riaz,0,0,"",""
ball,1,38.5,Australia,SE Marsh,UT Khawaja,Wahab Riaz,1,0,"",""
ball,1,38.6,Australia,UT Khawaja,SE Marsh,Wahab Riaz,1,0,"",""
ball,1,39.1,Australia,UT Khawaja,SE Marsh,Shaheen Shah Afridi,0,0,"",""
ball,1,39.2,Australia,UT Khawaja,SE Marsh,Shaheen Shah Afridi,1,0,"",""
ball,1,39.3,Australia,SE Marsh,UT Khawaja,Shaheen Shah Afridi,2,0,"",""
ball,1,39.4,Australia,SE Marsh,UT Khawaja,Shaheen Shah Afridi,4,0,"",""
ball,1,39.5,Australia,SE Marsh,UT Khawaja,Shaheen Shah Afridi,1,0,"",""
ball,1,39.6,Australia,UT Khawaja,SE Marsh,Shaheen Shah Afridi,1,0,"",""
ball,1,40.1,Australia,UT Khawaja,SE Marsh,Wahab Riaz,0,0,"",""
ball,1,40.2,Australia,UT Khawaja,SE Marsh,Wahab Riaz,4,0,"",""
ball,1,40.3,Australia,UT Khawaja,SE Marsh,Wahab Riaz,4,0,"",""
ball,1,40.4,Australia,UT Khawaja,SE Marsh,Wahab Riaz,1,0,"",""
ball,1,40.5,Australia,SE Marsh,UT Khawaja,Wahab Riaz,4,0,"",""
ball,1,40.6,Australia,SE Marsh,UT Khawaja,Wahab Riaz,0,0,"",""
ball,1,41.1,Australia,UT Khawaja,SE Marsh,Hasan Ali,4,0,"",""
ball,1,41.2,Australia,UT Khawaja,SE Marsh,Hasan Ali,0,0,"",""
ball,1,41.3,Australia,UT Khawaja,SE Marsh,Hasan Ali,1,0,"",""
ball,1,41.4,Australia,SE Marsh,UT Khawaja,Hasan Ali,1,0,"",""
ball,1,41.5,Australia,UT Khawaja,SE Marsh,Hasan Ali,0,1,"",""
ball,1,41.6,Australia,UT Khawaja,SE Marsh,Hasan Ali,0,0,"",""
ball,1,41.7,Australia,UT Khawaja,SE Marsh,Hasan Ali,0,1,"",""
ball,1,42.1,Australia,UT Khawaja,SE Marsh,Mohammad Amir,0,0,caught,UT Khawaja
ball,1,42.2,Australia,AT Carey,SE Marsh,Mohammad Amir,0,0,"",""
ball,1,42.3,Australia,AT Carey,SE Marsh,Mohammad Amir,0,0,"",""
ball,1,42.4,Australia,AT Carey,SE Marsh,Mohammad Amir,0,0,"",""
ball,1,42.5,Australia,AT Carey,SE Marsh,Mohammad Amir,1,0,"",""
ball,1,42.6,Australia,SE Marsh,AT Carey,Mohammad Amir,0,0,"",""
ball,1,43.1,Australia,AT Carey,SE Marsh,Hasan Ali,2,0,"",""
ball,1,43.2,Australia,AT Carey,SE Marsh,Hasan Ali,0,0,"",""
ball,1,43.3,Australia,AT Carey,SE Marsh,Hasan Ali,0,0,"",""
ball,1,43.4,Australia,AT Carey,SE Marsh,Hasan Ali,1,0,"",""
ball,1,43.5,Australia,SE Marsh,AT Carey,Hasan Ali,1,0,"",""
ball,1,43.6,Australia,AT Carey,SE Marsh,Hasan Ali,4,0,"",""
ball,1,44.1,Australia,SE Marsh,AT Carey,Mohammad Amir,1,0,"",""
ball,1,44.2,Australia,AT Carey,SE Marsh,Mohammad Amir,1,0,"",""
ball,1,44.3,Australia,SE Marsh,AT Carey,Mohammad Amir,0,0,caught,SE Marsh
ball,1,44.4,Australia,AT Carey,NM Coulter-Nile,Mohammad Amir,1,0,"",""
ball,1,44.5,Australia,NM Coulter-Nile,AT Carey,Mohammad Amir,1,0,"",""
ball,1,44.6,Australia,AT Carey,NM Coulter-Nile,Mohammad Amir,1,0,"",""
ball,1,45.1,Australia,AT Carey,NM Coulter-Nile,Hasan Ali,0,0,"",""
ball,1,45.2,Australia,AT Carey,NM Coulter-Nile,Hasan Ali,4,0,"",""
ball,1,45.3,Australia,AT Carey,NM Coulter-Nile,Hasan Ali,0,0,"",""
ball,1,45.4,Australia,AT Carey,NM Coulter-Nile,Hasan Ali,1,0,"",""
ball,1,45.5,Australia,NM Coulter-Nile,AT Carey,Hasan Ali,1,0,"",""
ball,1,45.6,Australia,AT Carey,NM Coulter-Nile,Hasan Ali,1,0,"",""
ball,1,46.1,Australia,AT Carey,NM Coulter-Nile,Wahab Riaz,1,0,"",""
ball,1,46.2,Australia,NM Coulter-Nile,AT Carey,Wahab Riaz,0,0,caught,NM Coulter-Nile
ball,1,46.3,Australia,PJ Cummins,AT Carey,Wahab Riaz,0,0,"",""
ball,1,46.4,Australia,PJ Cummins,AT Carey,Wahab Riaz,0,0,"",""
ball,1,46.5,Australia,PJ Cummins,AT Carey,Wahab Riaz,0,0,"",""
ball,1,46.6,Australia,PJ Cummins,AT Carey,Wahab Riaz,1,0,"",""
ball,1,47.1,Australia,PJ Cummins,AT Carey,Hasan Ali,1,0,"",""
ball,1,47.2,Australia,AT Carey,PJ Cummins,Hasan Ali,1,0,"",""
ball,1,47.3,Australia,PJ Cummins,AT Carey,Hasan Ali,0,0,caught,PJ Cummins
ball,1,47.4,Australia,MA Starc,AT Carey,Hasan Ali,0,0,"",""
ball,1,47.5,Australia,MA Starc,AT Carey,Hasan Ali,0,0,"",""
ball,1,47.6,Australia,MA Starc,AT Carey,Hasan Ali,0,0,"",""
ball,1,48.1,Australia,AT Carey,MA Starc,Mohammad Amir,1,0,"",""
ball,1,48.2,Australia,MA Starc,AT Carey,Mohammad Amir,1,0,"",""
ball,1,48.3,Australia,AT Carey,MA Starc,Mohammad Amir,0,0,lbw,AT Carey
ball,1,48.4,Australia,KW Richardson,MA Starc,Mohammad Amir,1,0,"",""
ball,1,48.5,Australia,MA Starc,KW Richardson,Mohammad Amir,2,0,"",""
ball,1,48.6,Australia,MA Starc,KW Richardson,Mohammad Amir,0,0,caught,MA Starc
ball,2,0.1,Pakistan,Imam-ul-Haq,Fakhar Zaman,PJ Cummins,0,1,"",""
ball,2,0.2,Pakistan,Imam-ul-Haq,Fakhar Zaman,PJ Cummins,0,0,"",""
ball,2,0.3,Pakistan,Imam-ul-Haq,Fakhar Zaman,PJ Cummins,0,0,"",""
ball,2,0.4,Pakistan,Imam-ul-Haq,Fakhar Zaman,PJ Cummins,0,0,"",""
ball,2,0.5,Pakistan,Imam-ul-Haq,Fakhar Zaman,PJ Cummins,1,0,"",""
ball,2,0.6,Pakistan,Fakhar Zaman,Imam-ul-Haq,PJ Cummins,0,0,"",""
ball,2,0.7,Pakistan,Fakhar Zaman,Imam-ul-Haq,PJ Cummins,0,0,"",""
ball,2,1.1,Pakistan,Imam-ul-Haq,Fakhar Zaman,MA Starc,0,0,"",""
ball,2,1.2,Pakistan,Imam-ul-Haq,Fakhar Zaman,MA Starc,0,0,"",""
ball,2,1.3,Pakistan,Imam-ul-Haq,Fakhar Zaman,MA Starc,0,0,"",""
ball,2,1.4,Pakistan,Imam-ul-Haq,Fakhar Zaman,MA Starc,0,0,"",""
ball,2,1.5,Pakistan,Imam-ul-Haq,Fakhar Zaman,MA Starc,0,0,"",""
ball,2,1.6,Pakistan,Imam-ul-Haq,Fakhar Zaman,MA Starc,0,0,"",""
ball,2,2.1,Pakistan,Fakhar Zaman,Imam-ul-Haq,PJ Cummins,0,0,caught,Fakhar Zaman
ball,2,2.2,Pakistan,Babar Azam,Imam-ul-Haq,PJ Cummins,0,0,"",""
ball,2,2.3,Pakistan,Babar Azam,Imam-ul-Haq,PJ Cummins,0,0,"",""
ball,2,2.4,Pakistan,Babar Azam,Imam-ul-Haq,PJ Cummins,0,0,"",""
ball,2,2.5,Pakistan,Babar Azam,Imam-ul-Haq,PJ Cummins,4,0,"",""
ball,2,2.6,Pakistan,Babar Azam,Imam-ul-Haq,PJ Cummins,0,0,"",""
ball,2,3.1,Pakistan,Imam-ul-Haq,Babar Azam,MA Starc,0,0,"",""
ball,2,3.2,Pakistan,Imam-ul-Haq,Babar Azam,MA Starc,0,0,"",""
ball,2,3.3,Pakistan,Imam-ul-Haq,Babar Azam,MA Starc,4,0,"",""
ball,2,3.4,Pakistan,Imam-ul-Haq,Babar Azam,MA Starc,0,0,"",""
ball,2,3.5,Pakistan,Imam-ul-Haq,Babar Azam,MA Starc,0,0,"",""
ball,2,3.6,Pakistan,Imam-ul-Haq,Babar Azam,MA Starc,0,0,"",""
ball,2,4.1,Pakistan,Babar Azam,Imam-ul-Haq,PJ Cummins,4,0,"",""
ball,2,4.2,Pakistan,Babar Azam,Imam-ul-Haq,PJ Cummins,0,0,"",""
ball,2,4.3,Pakistan,Babar Azam,Imam-ul-Haq,PJ Cummins,0,0,"",""
ball,2,4.4,Pakistan,Babar Azam,Imam-ul-Haq,PJ Cummins,0,0,"",""
ball,2,4.5,Pakistan,Babar Azam,Imam-ul-Haq,PJ Cummins,0,0,"",""
ball,2,4.6,Pakistan,Babar Azam,Imam-ul-Haq,PJ Cummins,4,0,"",""
ball,2,5.1,Pakistan,Imam-ul-Haq,Babar Azam,MA Starc,0,0,"",""
ball,2,5.2,Pakistan,Imam-ul-Haq,Babar Azam,MA Starc,0,0,"",""
ball,2,5.3,Pakistan,Imam-ul-Haq,Babar Azam,MA Starc,4,0,"",""
ball,2,5.4,Pakistan,Imam-ul-Haq,Babar Azam,MA Starc,4,0,"",""
ball,2,5.5,Pakistan,Imam-ul-Haq,Babar Azam,MA Starc,0,0,"",""
ball,2,5.6,Pakistan,Imam-ul-Haq,Babar Azam,MA Starc,4,0,"",""
ball,2,6.1,Pakistan,Babar Azam,Imam-ul-Haq,PJ Cummins,0,0,"",""
ball,2,6.2,Pakistan,Babar Azam,Imam-ul-Haq,PJ Cummins,4,0,"",""
ball,2,6.3,Pakistan,Babar Azam,Imam-ul-Haq,PJ Cummins,0,0,"",""
ball,2,6.4,Pakistan,Babar Azam,Imam-ul-Haq,PJ Cummins,0,0,"",""
ball,2,6.5,Pakistan,Babar Azam,Imam-ul-Haq,PJ Cummins,0,0,"",""
ball,2,6.6,Pakistan,Babar Azam,Imam-ul-Haq,PJ Cummins,0,0,"",""
ball,2,7.1,Pakistan,Imam-ul-Haq,Babar Azam,KW Richardson,0,0,"",""
ball,2,7.2,Pakistan,Imam-ul-Haq,Babar Azam,KW Richardson,1,0,"",""
ball,2,7.3,Pakistan,Babar Azam,Imam-ul-Haq,KW Richardson,4,0,"",""
ball,2,7.4,Pakistan,Babar Azam,Imam-ul-Haq,KW Richardson,0,0,"",""
ball,2,7.5,Pakistan,Babar Azam,Imam-ul-Haq,KW Richardson,1,0,"",""
ball,2,7.6,Pakistan,Imam-ul-Haq,Babar Azam,KW Richardson,0,0,"",""
ball,2,8.1,Pakistan,Babar Azam,Imam-ul-Haq,NM Coulter-Nile,1,0,"",""
ball,2,8.2,Pakistan,Imam-ul-Haq,Babar Azam,NM Coulter-Nile,0,4,"",""
ball,2,8.3,Pakistan,Imam-ul-Haq,Babar Azam,NM Coulter-Nile,0,0,"",""
ball,2,8.4,Pakistan,Imam-ul-Haq,Babar Azam,NM Coulter-Nile,0,0,"",""
ball,2,8.5,Pakistan,Imam-ul-Haq,Babar Azam,NM Coulter-Nile,0,0,"",""
ball,2,8.6,Pakistan,Imam-ul-Haq,Babar Azam,NM Coulter-Nile,1,0,"",""
ball,2,9.1,Pakistan,Imam-ul-Haq,Babar Azam,KW Richardson,0,0,"",""
ball,2,9.2,Pakistan,Imam-ul-Haq,Babar Azam,KW Richardson,0,0,"",""
ball,2,9.3,Pakistan,Imam-ul-Haq,Babar Azam,KW Richardson,1,0,"",""
ball,2,9.4,Pakistan,Babar Azam,Imam-ul-Haq,KW Richardson,0,0,"",""
ball,2,9.5,Pakistan,Babar Azam,Imam-ul-Haq,KW Richardson,0,0,"",""
ball,2,9.6,Pakistan,Babar Azam,Imam-ul-Haq,KW Richardson,4,0,"",""
ball,2,10.1,Pakistan,Imam-ul-Haq,Babar Azam,NM Coulter-Nile,1,0,"",""
ball,2,10.2,Pakistan,Babar Azam,Imam-ul-Haq,NM Coulter-Nile,0,0,"",""
ball,2,10.3,Pakistan,Babar Azam,Imam-ul-Haq,NM Coulter-Nile,4,0,"",""
ball,2,10.4,Pakistan,Babar Azam,Imam-ul-Haq,NM Coulter-Nile,0,0,"",""
ball,2,10.5,Pakistan,Babar Azam,Imam-ul-Haq,NM Coulter-Nile,0,0,caught,Babar Azam
ball,2,10.6,Pakistan,Mohammad Hafeez,Imam-ul-Haq,NM Coulter-Nile,0,0,"",""
ball,2,11.1,Pakistan,Imam-ul-Haq,Mohammad Hafeez,GJ Maxwell,1,0,"",""
ball,2,11.2,Pakistan,Mohammad Hafeez,Imam-ul-Haq,GJ Maxwell,1,0,"",""
ball,2,11.3,Pakistan,Imam-ul-Haq,Mohammad Hafeez,GJ Maxwell,0,0,"",""
ball,2,11.4,Pakistan,Imam-ul-Haq,Mohammad Hafeez,GJ Maxwell,0,0,"",""
ball,2,11.5,Pakistan,Imam-ul-Haq,Mohammad Hafeez,GJ Maxwell,1,0,"",""
ball,2,11.6,Pakistan,Mohammad Hafeez,Imam-ul-Haq,GJ Maxwell,1,0,"",""
ball,2,12.1,Pakistan,Mohammad Hafeez,Imam-ul-Haq,NM Coulter-Nile,0,0,"",""
ball,2,12.2,Pakistan,Mohammad Hafeez,Imam-ul-Haq,NM Coulter-Nile,0,0,"",""
ball,2,12.3,Pakistan,Mohammad Hafeez,Imam-ul-Haq,NM Coulter-Nile,0,0,"",""
ball,2,12.4,Pakistan,Mohammad Hafeez,Imam-ul-Haq,NM Coulter-Nile,1,0,"",""
ball,2,12.5,Pakistan,Imam-ul-Haq,Mohammad Hafeez,NM Coulter-Nile,1,0,"",""
ball,2,12.6,Pakistan,Mohammad Hafeez,Imam-ul-Haq,NM Coulter-Nile,0,0,"",""
ball,2,13.1,Pakistan,Imam-ul-Haq,Mohammad Hafeez,GJ Maxwell,1,0,"",""
ball,2,13.2,Pakistan,Mohammad Hafeez,Imam-ul-Haq,GJ Maxwell,1,0,"",""
ball,2,13.3,Pakistan,Imam-ul-Haq,Mohammad Hafeez,GJ Maxwell,0,0,"",""
ball,2,13.4,Pakistan,Imam-ul-Haq,Mohammad Hafeez,GJ Maxwell,1,0,"",""
ball,2,13.5,Pakistan,Mohammad Hafeez,Imam-ul-Haq,GJ Maxwell,0,0,"",""
ball,2,13.6,Pakistan,Mohammad Hafeez,Imam-ul-Haq,GJ Maxwell,4,0,"",""
ball,2,14.1,Pakistan,Imam-ul-Haq,Mohammad Hafeez,NM Coulter-Nile,1,0,"",""
ball,2,14.2,Pakistan,Mohammad Hafeez,Imam-ul-Haq,NM Coulter-Nile,2,0,"",""
ball,2,14.3,Pakistan,Mohammad Hafeez,Imam-ul-Haq,NM Coulter-Nile,0,0,"",""
ball,2,14.4,Pakistan,Mohammad Hafeez,Imam-ul-Haq,NM Coulter-Nile,1,0,"",""
ball,2,14.5,Pakistan,Imam-ul-Haq,Mohammad Hafeez,NM Coulter-Nile,1,0,"",""
ball,2,14.6,Pakistan,Mohammad Hafeez,Imam-ul-Haq,NM Coulter-Nile,0,0,"",""
ball,2,15.1,Pakistan,Imam-ul-Haq,Mohammad Hafeez,GJ Maxwell,0,0,"",""
ball,2,15.2,Pakistan,Imam-ul-Haq,Mohammad Hafeez,GJ Maxwell,0,0,"",""
ball,2,15.3,Pakistan,Imam-ul-Haq,Mohammad Hafeez,GJ Maxwell,0,0,"",""
ball,2,15.4,Pakistan,Imam-ul-Haq,Mohammad Hafeez,GJ Maxwell,1,0,"",""
ball,2,15.5,Pakistan,Mohammad Hafeez,Imam-ul-Haq,GJ Maxwell,0,0,"",""
ball,2,15.6,Pakistan,Mohammad Hafeez,Imam-ul-Haq,GJ Maxwell,1,0,"",""
ball,2,16.1,Pakistan,Mohammad Hafeez,Imam-ul-Haq,KW Richardson,1,0,"",""
ball,2,16.2,Pakistan,Imam-ul-Haq,Mohammad Hafeez,KW Richardson,1,0,"",""
ball,2,16.3,Pakistan,Mohammad Hafeez,Imam-ul-Haq,KW Richardson,4,0,"",""
ball,2,16.4,Pakistan,Mohammad Hafeez,Imam-ul-Haq,KW Richardson,0,0,"",""
ball,2,16.5,Pakistan,Mohammad Hafeez,Imam-ul-Haq,KW Richardson,0,0,"",""
ball,2,16.6,Pakistan,Mohammad Hafeez,Imam-ul-Haq,KW Richardson,1,0,"",""
ball,2,17.1,Pakistan,Mohammad Hafeez,Imam-ul-Haq,GJ Maxwell,2,0,"",""
ball,2,17.2,Pakistan,Mohammad Hafeez,Imam-ul-Haq,GJ Maxwell,4,0,"",""
ball,2,17.3,Pakistan,Mohammad Hafeez,Imam-ul-Haq,GJ Maxwell,6,0,"",""
ball,2,17.4,Pakistan,Mohammad Hafeez,Imam-ul-Haq,GJ Maxwell,1,0,"",""
ball,2,17.5,Pakistan,Imam-ul-Haq,Mohammad Hafeez,GJ Maxwell,1,0,"",""
ball,2,17.6,Pakistan,Mohammad Hafeez,Imam-ul-Haq,GJ Maxwell,0,0,"",""
ball,2,18.1,Pakistan,Imam-ul-Haq,Mohammad Hafeez,KW Richardson,1,0,"",""
ball,2,18.2,Pakistan,Mohammad Hafeez,Imam-ul-Haq,KW Richardson,1,0,"",""
ball,2,18.3,Pakistan,Imam-ul-Haq,Mohammad Hafeez,KW Richardson,1,0,"",""
ball,2,18.4,Pakistan,Mohammad Hafeez,Imam-ul-Haq,KW Richardson,1,0,"",""
ball,2,18.5,Pakistan,Imam-ul-Haq,Mohammad Hafeez,KW Richardson,4,0,"",""
ball,2,18.6,Pakistan,Imam-ul-Haq,Mohammad Hafeez,KW Richardson,0,1,"",""
ball,2,18.7,Pakistan,Imam-ul-Haq,Mohammad Hafeez,KW Richardson,1,0,"",""
ball,2,19.1,Pakistan,Imam-ul-Haq,Mohammad Hafeez,MA Starc,1,0,"",""
ball,2,19.2,Pakistan,Mohammad Hafeez,Imam-ul-Haq,MA Starc,0,0,"",""
ball,2,19.3,Pakistan,Mohammad Hafeez,Imam-ul-Haq,MA Starc,1,0,"",""
ball,2,19.4,Pakistan,Imam-ul-Haq,Mohammad Hafeez,MA Starc,0,0,"",""
ball,2,19.5,Pakistan,Imam-ul-Haq,Mohammad Hafeez,MA Starc,0,1,"",""
ball,2,19.6,Pakistan,Imam-ul-Haq,Mohammad Hafeez,MA Starc,0,0,"",""
ball,2,19.7,Pakistan,Imam-ul-Haq,Mohammad Hafeez,MA Starc,0,0,"",""
ball,2,20.1,Pakistan,Mohammad Hafeez,Imam-ul-Haq,NM Coulter-Nile,1,0,"",""
ball,2,20.2,Pakistan,Imam-ul-Haq,Mohammad Hafeez,NM Coulter-Nile,0,1,"",""
ball,2,20.3,Pakistan,Imam-ul-Haq,Mohammad Hafeez,NM Coulter-Nile,1,0,"",""
ball,2,20.4,Pakistan,Mohammad Hafeez,Imam-ul-Haq,NM Coulter-Nile,0,0,"",""
ball,2,20.5,Pakistan,Mohammad Hafeez,Imam-ul-Haq,NM Coulter-Nile,0,0,"",""
ball,2,20.6,Pakistan,Mohammad Hafeez,Imam-ul-Haq,NM Coulter-Nile,0,0,"",""
ball,2,20.7,Pakistan,Mohammad Hafeez,Imam-ul-Haq,NM Coulter-Nile,0,1,"",""
ball,2,20.8,Pakistan,Mohammad Hafeez,Imam-ul-Haq,NM Coulter-Nile,1,0,"",""
ball,2,21.1,Pakistan,Mohammad Hafeez,Imam-ul-Haq,MA Starc,1,0,"",""
ball,2,21.2,Pakistan,Imam-ul-Haq,Mohammad Hafeez,MA Starc,0,0,"",""
ball,2,21.3,Pakistan,Imam-ul-Haq,Mohammad Hafeez,MA Starc,4,0,"",""
ball,2,21.4,Pakistan,Imam-ul-Haq,Mohammad Hafeez,MA Starc,0,0,"",""
ball,2,21.5,Pakistan,Imam-ul-Haq,Mohammad Hafeez,MA Starc,1,0,"",""
ball,2,21.6,Pakistan,Mohammad Hafeez,Imam-ul-Haq,MA Starc,0,0,"",""
ball,2,22.1,Pakistan,Imam-ul-Haq,Mohammad Hafeez,NM Coulter-Nile,1,0,"",""
ball,2,22.2,Pakistan,Mohammad Hafeez,Imam-ul-Haq,NM Coulter-Nile,1,0,"",""
ball,2,22.3,Pakistan,Imam-ul-Haq,Mohammad Hafeez,NM Coulter-Nile,1,0,"",""
ball,2,22.4,Pakistan,Mohammad Hafeez,Imam-ul-Haq,NM Coulter-Nile,0,0,"",""
ball,2,22.5,Pakistan,Mohammad Hafeez,Imam-ul-Haq,NM Coulter-Nile,2,0,"",""
ball,2,22.6,Pakistan,Mohammad Hafeez,Imam-ul-Haq,NM Coulter-Nile,0,0,"",""
ball,2,23.1,Pakistan,Imam-ul-Haq,Mohammad Hafeez,PJ Cummins,0,0,"",""
ball,2,23.2,Pakistan,Imam-ul-Haq,Mohammad Hafeez,PJ Cummins,1,0,"",""
ball,2,23.3,Pakistan,Mohammad Hafeez,Imam-ul-Haq,PJ Cummins,1,0,"",""
ball,2,23.4,Pakistan,Imam-ul-Haq,Mohammad Hafeez,PJ Cummins,0,0,"",""
ball,2,23.5,Pakistan,Imam-ul-Haq,Mohammad Hafeez,PJ Cummins,0,0,"",""
ball,2,23.6,Pakistan,Imam-ul-Haq,Mohammad Hafeez,PJ Cummins,0,0,"",""
ball,2,24.1,Pakistan,Mohammad Hafeez,Imam-ul-Haq,NM Coulter-Nile,0,0,"",""
ball,2,24.2,Pakistan,Mohammad Hafeez,Imam-ul-Haq,NM Coulter-Nile,2,0,"",""
ball,2,24.3,Pakistan,Mohammad Hafeez,Imam-ul-Haq,NM Coulter-Nile,1,0,"",""
ball,2,24.4,Pakistan,Imam-ul-Haq,Mohammad Hafeez,NM Coulter-Nile,0,0,"",""
ball,2,24.5,Pakistan,Imam-ul-Haq,Mohammad Hafeez,NM Coulter-Nile,4,0,"",""
ball,2,24.6,Pakistan,Imam-ul-Haq,Mohammad Hafeez,NM Coulter-Nile,1,0,"",""
ball,2,25.1,Pakistan,Imam-ul-Haq,Mohammad Hafeez,PJ Cummins,0,0,caught,Imam-ul-Haq
ball,2,25.2,Pakistan,Sarfraz Ahmed,Mohammad Hafeez,PJ Cummins,1,0,"",""
ball,2,25.3,Pakistan,Mohammad Hafeez,Sarfraz Ahmed,PJ Cummins,1,0,"",""
ball,2,25.4,Pakistan,Sarfraz Ahmed,Mohammad Hafeez,PJ Cummins,0,0,"",""
ball,2,25.5,Pakistan,Sarfraz Ahmed,Mohammad Hafeez,PJ Cummins,0,0,"",""
ball,2,25.6,Pakistan,Sarfraz Ahmed,Mohammad Hafeez,PJ Cummins,1,0,"",""
ball,2,26.1,Pakistan,Sarfraz Ahmed,Mohammad Hafeez,AJ Finch,4,0,"",""
ball,2,26.2,Pakistan,Sarfraz Ahmed,Mohammad Hafeez,AJ Finch,0,0,"",""
ball,2,26.3,Pakistan,Sarfraz Ahmed,Mohammad Hafeez,AJ Finch,1,0,"",""
ball,2,26.4,Pakistan,Mohammad Hafeez,Sarfraz Ahmed,AJ Finch,1,0,"",""
ball,2,26.5,Pakistan,Sarfraz Ahmed,Mohammad Hafeez,AJ Finch,1,0,"",""
ball,2,26.6,Pakistan,Mohammad Hafeez,Sarfraz Ahmed,AJ Finch,0,0,caught,Mohammad Hafeez
ball,2,27.1,Pakistan,Sarfraz Ahmed,Shoaib Malik,PJ Cummins,1,0,"",""
ball,2,27.2,Pakistan,Shoaib Malik,Sarfraz Ahmed,PJ Cummins,0,0,"",""
ball,2,27.3,Pakistan,Shoaib Malik,Sarfraz Ahmed,PJ Cummins,0,0,caught,Shoaib Malik
ball,2,27.4,Pakistan,Asif Ali,Sarfraz Ahmed,PJ Cummins,0,0,"",""
ball,2,27.5,Pakistan,Asif Ali,Sarfraz Ahmed,PJ Cummins,0,0,"",""
ball,2,27.6,Pakistan,Asif Ali,Sarfraz Ahmed,PJ Cummins,2,0,"",""
ball,2,28.1,Pakistan,Sarfraz Ahmed,Asif Ali,AJ Finch,0,2,"",""
ball,2,28.2,Pakistan,Asif Ali,Sarfraz Ahmed,AJ Finch,0,0,"",""
ball,2,28.3,Pakistan,Asif Ali,Sarfraz Ahmed,AJ Finch,1,0,"",""
ball,2,28.4,Pakistan,Sarfraz Ahmed,Asif Ali,AJ Finch,0,0,"",""
ball,2,28.5,Pakistan,Sarfraz Ahmed,Asif Ali,AJ Finch,1,0,"",""
ball,2,28.6,Pakistan,Asif Ali,Sarfraz Ahmed,AJ Finch,1,0,"",""
ball,2,28.7,Pakistan,Sarfraz Ahmed,Asif Ali,AJ Finch,1,0,"",""
ball,2,29.1,Pakistan,Sarfraz Ahmed,Asif Ali,KW Richardson,1,0,"",""
ball,2,29.2,Pakistan,Asif Ali,Sarfraz Ahmed,KW Richardson,1,0,"",""
ball,2,29.3,Pakistan,Sarfraz Ahmed,Asif Ali,KW Richardson,2,0,"",""
ball,2,29.4,Pakistan,Sarfraz Ahmed,Asif Ali,KW Richardson,0,0,"",""
ball,2,29.5,Pakistan,Sarfraz Ahmed,Asif Ali,KW Richardson,1,0,"",""
ball,2,29.6,Pakistan,Asif Ali,Sarfraz Ahmed,KW Richardson,0,0,caught,Asif Ali
ball,2,30.1,Pakistan,Sarfraz Ahmed,Hasan Ali,GJ Maxwell,0,1,"",""
ball,2,30.2,Pakistan,Sarfraz Ahmed,Hasan Ali,GJ Maxwell,1,0,"",""
ball,2,30.3,Pakistan,Hasan Ali,Sarfraz Ahmed,GJ Maxwell,1,0,"",""
ball,2,30.4,Pakistan,Sarfraz Ahmed,Hasan Ali,GJ Maxwell,1,0,"",""
ball,2,30.5,Pakistan,Hasan Ali,Sarfraz Ahmed,GJ Maxwell,0,0,"",""
ball,2,30.6,Pakistan,Hasan Ali,Sarfraz Ahmed,GJ Maxwell,4,0,"",""
ball,2,30.7,Pakistan,Hasan Ali,Sarfraz Ahmed,GJ Maxwell,0,0,"",""
ball,2,31.1,Pakistan,Sarfraz Ahmed,Hasan Ali,KW Richardson,0,0,"",""
ball,2,31.2,Pakistan,Sarfraz Ahmed,Hasan Ali,KW Richardson,1,0,"",""
ball,2,31.3,Pakistan,Hasan Ali,Sarfraz Ahmed,KW Richardson,0,1,"",""
ball,2,31.4,Pakistan,Hasan Ali,Sarfraz Ahmed,KW Richardson,0,0,"",""
ball,2,31.5,Pakistan,Hasan Ali,Sarfraz Ahmed,KW Richardson,6,0,"",""
ball,2,31.6,Pakistan,Hasan Ali,Sarfraz Ahmed,KW Richardson,6,0,"",""
ball,2,31.7,Pakistan,Hasan Ali,Sarfraz Ahmed,KW Richardson,0,0,"",""
ball,2,32.1,Pakistan,Sarfraz Ahmed,Hasan Ali,GJ Maxwell,0,0,"",""
ball,2,32.2,Pakistan,Sarfraz Ahmed,Hasan Ali,GJ Maxwell,1,0,"",""
ball,2,32.3,Pakistan,Hasan Ali,Sarfraz Ahmed,GJ Maxwell,0,0,"",""
ball,2,32.4,Pakistan,Hasan Ali,Sarfraz Ahmed,GJ Maxwell,6,0,"",""
ball,2,32.5,Pakistan,Hasan Ali,Sarfraz Ahmed,GJ Maxwell,1,0,"",""
ball,2,32.6,Pakistan,Sarfraz Ahmed,Hasan Ali,GJ Maxwell,1,0,"",""
ball,2,33.1,Pakistan,Sarfraz Ahmed,Hasan Ali,KW Richardson,1,0,"",""
ball,2,33.2,Pakistan,Hasan Ali,Sarfraz Ahmed,KW Richardson,0,0,"",""
ball,2,33.3,Pakistan,Hasan Ali,Sarfraz Ahmed,KW Richardson,4,0,"",""
ball,2,33.4,Pakistan,Hasan Ali,Sarfraz Ahmed,KW Richardson,4,0,"",""
ball,2,33.5,Pakistan,Hasan Ali,Sarfraz Ahmed,KW Richardson,0,0,caught,Hasan Ali
ball,2,33.6,Pakistan,Sarfraz Ahmed,Wahab Riaz,KW Richardson,0,0,"",""
ball,2,34.1,Pakistan,Wahab Riaz,Sarfraz Ahmed,MA Starc,1,0,"",""
ball,2,34.2,Pakistan,Sarfraz Ahmed,Wahab Riaz,MA Starc,2,0,"",""
ball,2,34.3,Pakistan,Sarfraz Ahmed,Wahab Riaz,MA Starc,1,0,"",""
ball,2,34.4,Pakistan,Wahab Riaz,Sarfraz Ahmed,MA Starc,0,0,"",""
ball,2,34.5,Pakistan,Wahab Riaz,Sarfraz Ahmed,MA Starc,1,0,"",""
ball,2,34.6,Pakistan,Sarfraz Ahmed,Wahab Riaz,MA Starc,0,0,"",""
ball,2,35.1,Pakistan,Wahab Riaz,Sarfraz Ahmed,PJ Cummins,0,0,"",""
ball,2,35.2,Pakistan,Wahab Riaz,Sarfraz Ahmed,PJ Cummins,0,0,"",""
ball,2,35.3,Pakistan,Wahab Riaz,Sarfraz Ahmed,PJ Cummins,0,0,"",""
ball,2,35.4,Pakistan,Wahab Riaz,Sarfraz Ahmed,PJ Cummins,1,0,"",""
ball,2,35.5,Pakistan,Sarfraz Ahmed,Wahab Riaz,PJ Cummins,1,0,"",""
ball,2,35.6,Pakistan,Wahab Riaz,Sarfraz Ahmed,PJ Cummins,0,0,"",""
ball,2,36.1,Pakistan,Sarfraz Ahmed,Wahab Riaz,MA Starc,1,0,"",""
ball,2,36.2,Pakistan,Wahab Riaz,Sarfraz Ahmed,MA Starc,0,0,"",""
ball,2,36.3,Pakistan,Wahab Riaz,Sarfraz Ahmed,MA Starc,0,0,"",""
ball,2,36.4,Pakistan,Wahab Riaz,Sarfraz Ahmed,MA Starc,4,0,"",""
ball,2,36.5,Pakistan,Wahab Riaz,Sarfraz Ahmed,MA Starc,1,0,"",""
ball,2,36.6,Pakistan,Sarfraz Ahmed,Wahab Riaz,MA Starc,1,0,"",""
ball,2,37.1,Pakistan,Sarfraz Ahmed,Wahab Riaz,PJ Cummins,0,0,"",""
ball,2,37.2,Pakistan,Sarfraz Ahmed,Wahab Riaz,PJ Cummins,1,0,"",""
ball,2,37.3,Pakistan,Wahab Riaz,Sarfraz Ahmed,PJ Cummins,1,0,"",""
ball,2,37.4,Pakistan,Sarfraz Ahmed,Wahab Riaz,PJ Cummins,0,0,"",""
ball,2,37.5,Pakistan,Sarfraz Ahmed,Wahab Riaz,PJ Cummins,1,0,"",""
ball,2,37.6,Pakistan,Wahab Riaz,Sarfraz Ahmed,PJ Cummins,0,0,"",""
ball,2,38.1,Pakistan,Sarfraz Ahmed,Wahab Riaz,NM Coulter-Nile,1,0,"",""
ball,2,38.2,Pakistan,Wahab Riaz,Sarfraz Ahmed,NM Coulter-Nile,2,0,"",""
ball,2,38.3,Pakistan,Wahab Riaz,Sarfraz Ahmed,NM Coulter-Nile,1,0,"",""
ball,2,38.4,Pakistan,Sarfraz Ahmed,Wahab Riaz,NM Coulter-Nile,0,0,"",""
ball,2,38.5,Pakistan,Sarfraz Ahmed,Wahab Riaz,NM Coulter-Nile,1,0,"",""
ball,2,38.6,Pakistan,Wahab Riaz,Sarfraz Ahmed,NM Coulter-Nile,6,0,"",""
ball,2,39.1,Pakistan,Sarfraz Ahmed,Wahab Riaz,PJ Cummins,1,0,"",""
ball,2,39.2,Pakistan,Wahab Riaz,Sarfraz Ahmed,PJ Cummins,0,0,"",""
ball,2,39.3,Pakistan,Wahab Riaz,Sarfraz Ahmed,PJ Cummins,0,0,"",""
ball,2,39.4,Pakistan,Wahab Riaz,Sarfraz Ahmed,PJ Cummins,0,0,"",""
ball,2,39.5,Pakistan,Wahab Riaz,Sarfraz Ahmed,PJ Cummins,0,0,"",""
ball,2,39.6,Pakistan,Wahab Riaz,Sarfraz Ahmed,PJ Cummins,1,0,"",""
ball,2,40.1,Pakistan,Wahab Riaz,Sarfraz Ahmed,GJ Maxwell,4,0,"",""
ball,2,40.2,Pakistan,Wahab Riaz,Sarfraz Ahmed,GJ Maxwell,6,0,"",""
ball,2,40.3,Pakistan,Wahab Riaz,Sarfraz Ahmed,GJ Maxwell,1,0,"",""
ball,2,40.4,Pakistan,Sarfraz Ahmed,Wahab Riaz,GJ Maxwell,1,0,"",""
ball,2,40.5,Pakistan,Wahab Riaz,Sarfraz Ahmed,GJ Maxwell,1,0,"",""
ball,2,40.6,Pakistan,Sarfraz Ahmed,Wahab Riaz,GJ Maxwell,1,0,"",""
ball,2,41.1,Pakistan,Sarfraz Ahmed,Wahab Riaz,NM Coulter-Nile,1,0,"",""
ball,2,41.2,Pakistan,Wahab Riaz,Sarfraz Ahmed,NM Coulter-Nile,0,0,"",""
ball,2,41.3,Pakistan,Wahab Riaz,Sarfraz Ahmed,NM Coulter-Nile,6,0,"",""
ball,2,41.4,Pakistan,Wahab Riaz,Sarfraz Ahmed,NM Coulter-Nile,1,0,"",""
ball,2,41.5,Pakistan,Sarfraz Ahmed,Wahab Riaz,NM Coulter-Nile,1,0,"",""
ball,2,41.6,Pakistan,Wahab Riaz,Sarfraz Ahmed,NM Coulter-Nile,1,0,"",""
ball,2,42.1,Pakistan,Wahab Riaz,Sarfraz Ahmed,MA Starc,0,0,"",""
ball,2,42.2,Pakistan,Wahab Riaz,Sarfraz Ahmed,MA Starc,1,0,"",""
ball,2,42.3,Pakistan,Sarfraz Ahmed,Wahab Riaz,MA Starc,1,0,"",""
ball,2,42.4,Pakistan,Wahab Riaz,Sarfraz Ahmed,MA Starc,0,0,"",""
ball,2,42.5,Pakistan,Wahab Riaz,Sarfraz Ahmed,MA Starc,0,0,"",""
ball,2,42.6,Pakistan,Wahab Riaz,Sarfraz Ahmed,MA Starc,1,0,"",""
ball,2,43.1,Pakistan,Wahab Riaz,Sarfraz Ahmed,KW Richardson,2,0,"",""
ball,2,43.2,Pakistan,Wahab Riaz,Sarfraz Ahmed,KW Richardson,1,0,"",""
ball,2,43.3,Pakistan,Sarfraz Ahmed,Wahab Riaz,KW Richardson,1,0,"",""
ball,2,43.4,Pakistan,Wahab Riaz,Sarfraz Ahmed,KW Richardson,1,0,"",""
ball,2,43.5,Pakistan,Sarfraz Ahmed,Wahab Riaz,KW Richardson,0,0,"",""
ball,2,43.6,Pakistan,Sarfraz Ahmed,Wahab Riaz,KW Richardson,1,0,"",""
ball,2,44.1,Pakistan,Sarfraz Ahmed,Wahab Riaz,MA Starc,1,0,"",""
ball,2,44.2,Pakistan,Wahab Riaz,Sarfraz Ahmed,MA Starc,0,0,caught,Wahab Riaz
ball,2,44.3,Pakistan,Mohammad Amir,Sarfraz Ahmed,MA Starc,0,1,"",""
ball,2,44.4,Pakistan,Mohammad Amir,Sarfraz Ahmed,MA Starc,0,0,"",""
ball,2,44.5,Pakistan,Mohammad Amir,Sarfraz Ahmed,MA Starc,0,0,bowled,Mohammad Amir
ball,2,44.6,Pakistan,Shaheen Shah Afridi,Sarfraz Ahmed,MA Starc,0,0,"",""
ball,2,44.7,Pakistan,Shaheen Shah Afridi,Sarfraz Ahmed,MA Starc,1,0,"",""
ball,2,45.1,Pakistan,Shaheen Shah Afridi,Sarfraz Ahmed,KW Richardson,0,0,"",""
ball,2,45.2,Pakistan,Shaheen Shah Afridi,Sarfraz Ahmed,KW Richardson,0,0,"",""
ball,2,45.3,Pakistan,Shaheen Shah Afridi,Sarfraz Ahmed,KW Richardson,0,0,"",""
ball,2,45.4,Pakistan,Shaheen Shah Afridi,Sarfraz Ahmed,KW Richardson,0,0,run out,Sarfraz Ahmed
