version,1.3.0
info,team,Australia
info,team,England
info,gender,male
info,season,2019
info,date,2019/07/11
info,competition,World Cup
info,venue,Edgbaston
info,city,Birmingham
info,toss_winner,Australia
info,toss_decision,bat
info,player_of_match,CR Woakes
info,umpire,HDPK Dharmasena
info,umpire,M Erasmus
info,reserve_umpire,Aleem Dar
info,tv_umpire,CB Gaffaney
info,match_referee,RS Madugalle
info,winner,England
info,winner_wickets,8
ball,1,0.1,Australia,DA Warner,AJ Finch,CR Woakes,4,0,"",""
ball,1,0.2,Australia,DA Warner,AJ Finch,CR Woakes,0,0,"",""
ball,1,0.3,Australia,DA Warner,AJ Finch,CR Woakes,0,0,"",""
ball,1,0.4,Australia,DA Warner,AJ Finch,CR Woakes,0,0,"",""
ball,1,0.5,Australia,DA Warner,AJ Finch,CR Woakes,0,0,"",""
ball,1,0.6,Australia,DA Warner,AJ Finch,CR Woakes,0,0,"",""
ball,1,1.1,Australia,AJ Finch,DA Warner,JC Archer,0,0,lbw,AJ Finch
ball,1,1.2,Australia,SPD Smith,DA Warner,JC Archer,0,0,"",""
ball,1,1.3,Australia,SPD Smith,DA Warner,JC Archer,0,0,"",""
ball,1,1.4,Australia,SPD Smith,DA Warner,JC Archer,1,0,"",""
ball,1,1.5,Australia,DA Warner,SPD Smith,JC Archer,1,0,"",""
ball,1,1.6,Australia,SPD Smith,DA Warner,JC Archer,0,0,"",""
ball,1,2.1,Australia,DA Warner,SPD Smith,CR Woakes,0,0,"",""
ball,1,2.2,Australia,DA Warner,SPD Smith,CR Woakes,0,0,"",""
ball,1,2.3,Australia,DA Warner,SPD Smith,CR Woakes,4,0,"",""
ball,1,2.4,Australia,DA Warner,SPD Smith,CR Woakes,0,0,caught,DA Warner
ball,1,2.5,Australia,PSP Handscomb,SPD Smith,CR Woakes,0,0,"",""
ball,1,2.6,Australia,PSP Handscomb,SPD Smith,CR Woakes,1,0,"",""
ball,1,3.1,Australia,PSP Handscomb,SPD Smith,JC Archer,1,0,"",""
ball,1,3.2,Australia,SPD Smith,PSP Handscomb,JC Archer,0,0,"",""
ball,1,3.3,Australia,SPD Smith,PSP Handscomb,JC Archer,0,0,"",""
ball,1,3.4,Australia,SPD Smith,PSP Handscomb,JC Archer,0,0,"",""
ball,1,3.5,Australia,SPD Smith,PSP Handscomb,JC Archer,0,0,"",""
ball,1,3.6,Australia,SPD Smith,PSP Handscomb,JC Archer,0,0,"",""
ball,1,4.1,Australia,PSP Handscomb,SPD Smith,CR Woakes,0,0,"",""
ball,1,4.2,Australia,PSP Handscomb,SPD Smith,CR Woakes,1,0,"",""
ball,1,4.3,Australia,SPD Smith,PSP Handscomb,CR Woakes,0,0,"",""
ball,1,4.4,Australia,SPD Smith,PSP Handscomb,CR Woakes,0,0,"",""
ball,1,4.5,Australia,SPD Smith,PSP Handscomb,CR Woakes,0,0,"",""
ball,1,4.6,Australia,SPD Smith,PSP Handscomb,CR Woakes,0,0,"",""
ball,1,5.1,Australia,PSP Handscomb,SPD Smith,JC Archer,0,0,"",""
ball,1,5.2,Australia,PSP Handscomb,SPD Smith,JC Archer,0,0,"",""
ball,1,5.3,Australia,PSP Handscomb,SPD Smith,JC Archer,0,0,"",""
ball,1,5.4,Australia,PSP Handscomb,SPD Smith,JC Archer,0,0,"",""
ball,1,5.5,Australia,PSP Handscomb,SPD Smith,JC Archer,0,0,"",""
ball,1,5.6,Australia,PSP Handscomb,SPD Smith,JC Archer,1,0,"",""
ball,1,6.1,Australia,PSP Handscomb,SPD Smith,CR Woakes,0,0,bowled,PSP Handscomb
ball,1,6.2,Australia,AT Carey,SPD Smith,CR Woakes,1,0,"",""
ball,1,6.3,Australia,SPD Smith,AT Carey,CR Woakes,0,0,"",""
ball,1,6.4,Australia,SPD Smith,AT Carey,CR Woakes,0,0,"",""
ball,1,6.5,Australia,SPD Smith,AT Carey,CR Woakes,0,0,"",""
ball,1,6.6,Australia,SPD Smith,AT Carey,CR Woakes,0,0,"",""
ball,1,7.1,Australia,AT Carey,SPD Smith,JC Archer,0,0,"",""
ball,1,7.2,Australia,AT Carey,SPD Smith,JC Archer,3,0,"",""
ball,1,7.3,Australia,SPD Smith,AT Carey,JC Archer,0,0,"",""
ball,1,7.4,Australia,SPD Smith,AT Carey,JC Archer,1,0,"",""
ball,1,7.5,Australia,AT Carey,SPD Smith,JC Archer,0,0,"",""
ball,1,7.6,Australia,AT Carey,SPD Smith,JC Archer,0,0,"",""
ball,1,8.1,Australia,SPD Smith,AT Carey,CR Woakes,0,0,"",""
ball,1,8.2,Australia,SPD Smith,AT Carey,CR Woakes,0,1,"",""
ball,1,8.3,Australia,AT Carey,SPD Smith,CR Woakes,0,0,"",""
ball,1,8.4,Australia,AT Carey,SPD Smith,CR Woakes,0,0,"",""
ball,1,8.5,Australia,AT Carey,SPD Smith,CR Woakes,0,0,"",""
ball,1,8.6,Australia,AT Carey,SPD Smith,CR Woakes,4,0,"",""
ball,1,9.1,Australia,SPD Smith,AT Carey,JC Archer,0,0,"",""
ball,1,9.2,Australia,SPD Smith,AT Carey,JC Archer,1,0,"",""
ball,1,9.3,Australia,AT Carey,SPD Smith,JC Archer,1,0,"",""
ball,1,9.4,Australia,SPD Smith,AT Carey,JC Archer,1,0,"",""
ball,1,9.5,Australia,AT Carey,SPD Smith,JC Archer,0,0,"",""
ball,1,9.6,Australia,AT Carey,SPD Smith,JC Archer,0,0,"",""
ball,1,10.1,Australia,SPD Smith,AT Carey,CR Woakes,0,0,"",""
ball,1,10.2,Australia,SPD Smith,AT Carey,CR Woakes,0,0,"",""
ball,1,10.3,Australia,SPD Smith,AT Carey,CR Woakes,0,0,"",""
ball,1,10.4,Australia,SPD Smith,AT Carey,CR Woakes,1,0,"",""
ball,1,10.5,Australia,AT Carey,SPD Smith,CR Woakes,0,0,"",""
ball,1,10.6,Australia,AT Carey,SPD Smith,CR Woakes,0,0,"",""
ball,1,11.1,Australia,SPD Smith,AT Carey,BA Stokes,0,0,"",""
ball,1,11.2,Australia,SPD Smith,AT Carey,BA Stokes,0,0,"",""
ball,1,11.3,Australia,SPD Smith,AT Carey,BA Stokes,1,0,"",""
ball,1,11.4,Australia,AT Carey,SPD Smith,BA Stokes,0,0,"",""
ball,1,11.5,Australia,AT Carey,SPD Smith,BA Stokes,0,0,"",""
ball,1,11.6,Australia,AT Carey,SPD Smith,BA Stokes,0,0,"",""
ball,1,12.1,Australia,SPD Smith,AT Carey,MA Wood,0,1,"",""
ball,1,12.2,Australia,SPD Smith,AT Carey,MA Wood,1,0,"",""
ball,1,12.3,Australia,AT Carey,SPD Smith,MA Wood,0,0,"",""
ball,1,12.4,Australia,AT Carey,SPD Smith,MA Wood,0,1,"",""
ball,1,12.5,Australia,AT Carey,SPD Smith,MA Wood,0,2,"",""
ball,1,12.6,Australia,AT Carey,SPD Smith,MA Wood,1,0,"",""
ball,1,12.7,Australia,SPD Smith,AT Carey,MA Wood,0,1,"",""
ball,1,12.8,Australia,SPD Smith,AT Carey,MA Wood,0,0,"",""
ball,1,12.9,Australia,SPD Smith,AT Carey,MA Wood,0,0,"",""
ball,1,13.1,Australia,AT Carey,SPD Smith,BA Stokes,1,0,"",""
ball,1,13.2,Australia,SPD Smith,AT Carey,BA Stokes,4,0,"",""
ball,1,13.3,Australia,SPD Smith,AT Carey,BA Stokes,0,0,"",""
ball,1,13.4,Australia,SPD Smith,AT Carey,BA Stokes,0,0,"",""
ball,1,13.5,Australia,SPD Smith,AT Carey,BA Stokes,2,0,"",""
ball,1,13.6,Australia,SPD Smith,AT Carey,BA Stokes,2,0,"",""
ball,1,14.1,Australia,AT Carey,SPD Smith,MA Wood,0,0,"",""
ball,1,14.2,Australia,AT Carey,SPD Smith,MA Wood,0,0,"",""
ball,1,14.3,Australia,AT Carey,SPD Smith,MA Wood,0,0,"",""
ball,1,14.4,Australia,AT Carey,SPD Smith,MA Wood,1,0,"",""
ball,1,14.5,Australia,SPD Smith,AT Carey,MA Wood,1,0,"",""
ball,1,14.6,Australia,AT Carey,SPD Smith,MA Wood,0,0,"",""
ball,1,15.1,Australia,SPD Smith,AT Carey,LE Plunkett,4,0,"",""
ball,1,15.2,Australia,SPD Smith,AT Carey,LE Plunkett,1,0,"",""
ball,1,15.3,Australia,AT Carey,SPD Smith,LE Plunkett,0,0,"",""
ball,1,15.4,Australia,AT Carey,SPD Smith,LE Plunkett,0,0,"",""
ball,1,15.5,Australia,AT Carey,SPD Smith,LE Plunkett,3,0,"",""
ball,1,15.6,Australia,SPD Smith,AT Carey,LE Plunkett,0,0,"",""
ball,1,16.1,Australia,AT Carey,SPD Smith,MA Wood,0,0,"",""
ball,1,16.2,Australia,AT Carey,SPD Smith,MA Wood,1,0,"",""
ball,1,16.3,Australia,SPD Smith,AT Carey,MA Wood,0,0,"",""
ball,1,16.4,Australia,SPD Smith,AT Carey,MA Wood,0,0,"",""
ball,1,16.5,Australia,SPD Smith,AT Carey,MA Wood,2,0,"",""
ball,1,16.6,Australia,SPD Smith,AT Carey,MA Wood,4,0,"",""
ball,1,17.1,Australia,AT Carey,SPD Smith,LE Plunkett,1,0,"",""
ball,1,17.2,Australia,SPD Smith,AT Carey,LE Plunkett,1,0,"",""
ball,1,17.3,Australia,AT Carey,SPD Smith,LE Plunkett,0,0,"",""
ball,1,17.4,Australia,AT Carey,SPD Smith,LE Plunkett,2,0,"",""
ball,1,17.5,Australia,AT Carey,SPD Smith,LE Plunkett,0,0,"",""
ball,1,17.6,Australia,AT Carey,SPD Smith,LE Plunkett,0,0,"",""
ball,1,18.1,Australia,SPD Smith,AT Carey,MA Wood,4,0,"",""
ball,1,18.2,Australia,SPD Smith,AT Carey,MA Wood,1,0,"",""
ball,1,18.3,Australia,AT Carey,SPD Smith,MA Wood,0,0,"",""
ball,1,18.4,Australia,AT Carey,SPD Smith,MA Wood,0,0,"",""
ball,1,18.5,Australia,AT Carey,SPD Smith,MA Wood,0,0,"",""
ball,1,18.6,Australia,AT Carey,SPD Smith,MA Wood,1,0,"",""
ball,1,19.1,Australia,AT Carey,SPD Smith,AU Rashid,0,0,"",""
ball,1,19.2,Australia,AT Carey,SPD Smith,AU Rashid,0,0,"",""
ball,1,19.3,Australia,AT Carey,SPD Smith,AU Rashid,1,0,"",""
ball,1,19.4,Australia,SPD Smith,AT Carey,AU Rashid,1,0,"",""
ball,1,19.5,Australia,AT Carey,SPD Smith,AU Rashid,4,0,"",""
ball,1,19.6,Australia,AT Carey,SPD Smith,AU Rashid,0,0,"",""
ball,1,20.1,Australia,SPD Smith,AT Carey,LE Plunkett,0,0,"",""
ball,1,20.2,Australia,SPD Smith,AT Carey,LE Plunkett,0,0,"",""
ball,1,20.3,Australia,SPD Smith,AT Carey,LE Plunkett,1,0,"",""
ball,1,20.4,Australia,AT Carey,SPD Smith,LE Plunkett,0,0,"",""
ball,1,20.5,Australia,AT Carey,SPD Smith,LE Plunkett,0,0,"",""
ball,1,20.6,Australia,AT Carey,SPD Smith,LE Plunkett,1,0,"",""
ball,1,21.1,Australia,AT Carey,SPD Smith,AU Rashid,1,0,"",""
ball,1,21.2,Australia,SPD Smith,AT Carey,AU Rashid,1,0,"",""
ball,1,21.3,Australia,AT Carey,SPD Smith,AU Rashid,2,0,"",""
ball,1,21.4,Australia,AT Carey,SPD Smith,AU Rashid,1,0,"",""
ball,1,21.5,Australia,SPD Smith,AT Carey,AU Rashid,1,0,"",""
ball,1,21.6,Australia,AT Carey,SPD Smith,AU Rashid,1,0,"",""
ball,1,22.1,Australia,AT Carey,SPD Smith,LE Plunkett,0,0,"",""
ball,1,22.2,Australia,AT Carey,SPD Smith,LE Plunkett,4,0,"",""
ball,1,22.3,Australia,AT Carey,SPD Smith,LE Plunkett,0,0,"",""
ball,1,22.4,Australia,AT Carey,SPD Smith,LE Plunkett,1,0,"",""
ball,1,22.5,Australia,SPD Smith,AT Carey,LE Plunkett,0,0,"",""
ball,1,22.6,Australia,SPD Smith,AT Carey,LE Plunkett,0,0,"",""
ball,1,23.1,Australia,AT Carey,SPD Smith,AU Rashid,1,0,"",""
ball,1,23.2,Australia,SPD Smith,AT Carey,AU Rashid,0,0,"",""
ball,1,23.3,Australia,SPD Smith,AT Carey,AU Rashid,2,0,"",""
ball,1,23.4,Australia,SPD Smith,AT Carey,AU Rashid,0,0,"",""
ball,1,23.5,Australia,SPD Smith,AT Carey,AU Rashid,2,0,"",""
ball,1,23.6,Australia,SPD Smith,AT Carey,AU Rashid,1,0,"",""
ball,1,24.1,Australia,SPD Smith,AT Carey,LE Plunkett,1,0,"",""
ball,1,24.2,Australia,AT Carey,SPD Smith,LE Plunkett,0,1,"",""
ball,1,24.3,Australia,AT Carey,SPD Smith,LE Plunkett,1,0,"",""
ball,1,24.4,Australia,SPD Smith,AT Carey,LE Plunkett,1,0,"",""
ball,1,24.5,Australia,AT Carey,SPD Smith,LE Plunkett,0,0,"",""
ball,1,24.6,Australia,AT Carey,SPD Smith,LE Plunkett,0,1,"",""
ball,1,24.7,Australia,AT Carey,SPD Smith,LE Plunkett,0,0,"",""
ball,1,24.8,Australia,AT Carey,SPD Smith,LE Plunkett,0,0,"",""
ball,1,25.1,Australia,SPD Smith,AT Carey,AU Rashid,0,1,"",""
ball,1,25.2,Australia,SPD Smith,AT Carey,AU Rashid,1,0,"",""
ball,1,25.3,Australia,AT Carey,SPD Smith,AU Rashid,4,0,"",""
ball,1,25.4,Australia,AT Carey,SPD Smith,AU Rashid,1,0,"",""
ball,1,25.5,Australia,SPD Smith,AT Carey,AU Rashid,1,0,"",""
ball,1,25.6,Australia,AT Carey,SPD Smith,AU Rashid,1,0,"",""
ball,1,25.7,Australia,SPD Smith,AT Carey,AU Rashid,1,0,"",""
ball,1,26.1,Australia,SPD Smith,AT Carey,BA Stokes,1,0,"",""
ball,1,26.2,Australia,AT Carey,SPD Smith,BA Stokes,0,0,"",""
ball,1,26.3,Australia,AT Carey,SPD Smith,BA Stokes,2,0,"",""
ball,1,26.4,Australia,AT Carey,SPD Smith,BA Stokes,0,0,"",""
ball,1,26.5,Australia,AT Carey,SPD Smith,BA Stokes,0,0,"",""
ball,1,26.6,Australia,AT Carey,SPD Smith,BA Stokes,0,0,"",""
ball,1,27.1,Australia,SPD Smith,AT Carey,AU Rashid,1,0,"",""
ball,1,27.2,Australia,AT Carey,SPD Smith,AU Rashid,0,0,caught,AT Carey
ball,1,27.3,Australia,SPD Smith,MP Stoinis,AU Rashid,0,0,"",""
ball,1,27.4,Australia,SPD Smith,MP Stoinis,AU Rashid,1,0,"",""
ball,1,27.5,Australia,MP Stoinis,SPD Smith,AU Rashid,0,0,"",""
ball,1,27.6,Australia,MP Stoinis,SPD Smith,AU Rashid,0,0,lbw,MP Stoinis
ball,1,28.1,Australia,SPD Smith,GJ Maxwell,BA Stokes,2,0,"",""
ball,1,28.2,Australia,SPD Smith,GJ Maxwell,BA Stokes,1,0,"",""
ball,1,28.3,Australia,GJ Maxwell,SPD Smith,BA Stokes,0,0,"",""
ball,1,28.4,Australia,GJ Maxwell,SPD Smith,BA Stokes,1,0,"",""
ball,1,28.5,Australia,SPD Smith,GJ Maxwell,BA Stokes,4,0,"",""
ball,1,28.6,Australia,SPD Smith,GJ Maxwell,BA Stokes,1,0,"",""
ball,1,29.1,Australia,SPD Smith,GJ Maxwell,AU Rashid,1,0,"",""
ball,1,29.2,Australia,GJ Maxwell,SPD Smith,AU Rashid,2,0,"",""
ball,1,29.3,Australia,GJ Maxwell,SPD Smith,AU Rashid,0,0,"",""
ball,1,29.4,Australia,GJ Maxwell,SPD Smith,AU Rashid,0,0,"",""
ball,1,29.5,Australia,GJ Maxwell,SPD Smith,AU Rashid,0,0,"",""
ball,1,29.6,Australia,GJ Maxwell,SPD Smith,AU Rashid,0,0,"",""
ball,1,30.1,Australia,SPD Smith,GJ Maxwell,JC Archer,1,0,"",""
ball,1,30.2,Australia,GJ Maxwell,SPD Smith,JC Archer,0,0,"",""
ball,1,30.3,Australia,GJ Maxwell,SPD Smith,JC Archer,0,0,"",""
ball,1,30.4,Australia,GJ Maxwell,SPD Smith,JC Archer,4,0,"",""
ball,1,30.5,Australia,GJ Maxwell,SPD Smith,JC Archer,0,0,"",""
ball,1,30.6,Australia,GJ Maxwell,SPD Smith,JC Archer,0,0,"",""
ball,1,31.1,Australia,SPD Smith,GJ Maxwell,AU Rashid,0,0,"",""
ball,1,31.2,Australia,SPD Smith,GJ Maxwell,AU Rashid,0,0,"",""
ball,1,31.3,Australia,SPD Smith,GJ Maxwell,AU Rashid,1,0,"",""
ball,1,31.4,Australia,GJ Maxwell,SPD Smith,AU Rashid,6,0,"",""
ball,1,31.5,Australia,GJ Maxwell,SPD Smith,AU Rashid,0,0,"",""
ball,1,31.6,Australia,GJ Maxwell,SPD Smith,AU Rashid,0,0,"",""
ball,1,32.1,Australia,SPD Smith,GJ Maxwell,JC Archer,0,0,"",""
ball,1,32.2,Australia,SPD Smith,GJ Maxwell,JC Archer,0,0,"",""
ball,1,32.3,Australia,SPD Smith,GJ Maxwell,JC Archer,0,0,"",""
ball,1,32.4,Australia,SPD Smith,GJ Maxwell,JC Archer,0,0,"",""
ball,1,32.5,Australia,SPD Smith,GJ Maxwell,JC Archer,1,0,"",""
ball,1,32.6,Australia,GJ Maxwell,SPD Smith,JC Archer,1,0,"",""
ball,1,33.1,Australia,GJ Maxwell,SPD Smith,AU Rashid,2,0,"",""
ball,1,33.2,Australia,GJ Maxwell,SPD Smith,AU Rashid,0,0,"",""
ball,1,33.3,Australia,GJ Maxwell,SPD Smith,AU Rashid,0,0,"",""
ball,1,33.4,Australia,GJ Maxwell,SPD Smith,AU Rashid,4,0,"",""
ball,1,33.5,Australia,GJ Maxwell,SPD Smith,AU Rashid,1,0,"",""
ball,1,33.6,Australia,SPD Smith,GJ Maxwell,AU Rashid,1,0,"",""
ball,1,34.1,Australia,SPD Smith,GJ Maxwell,JC Archer,1,0,"",""
ball,1,34.2,Australia,GJ Maxwell,SPD Smith,JC Archer,1,0,"",""
ball,1,34.3,Australia,SPD Smith,GJ Maxwell,JC Archer,0,0,"",""
ball,1,34.4,Australia,SPD Smith,GJ Maxwell,JC Archer,0,1,"",""
ball,1,34.5,Australia,SPD Smith,GJ Maxwell,JC Archer,1,0,"",""
ball,1,34.6,Australia,GJ Maxwell,SPD Smith,JC Archer,0,1,"",""
ball,1,34.7,Australia,GJ Maxwell,SPD Smith,JC Archer,0,0,caught,GJ Maxwell
ball,1,34.8,Australia,PJ Cummins,SPD Smith,JC Archer,0,0,"",""
ball,1,35.1,Australia,SPD Smith,PJ Cummins,AU Rashid,1,0,"",""
ball,1,35.2,Australia,PJ Cummins,SPD Smith,AU Rashid,1,0,"",""
ball,1,35.3,Australia,SPD Smith,PJ Cummins,AU Rashid,0,0,"",""
ball,1,35.4,Australia,SPD Smith,PJ Cummins,AU Rashid,1,0,"",""
ball,1,35.5,Australia,PJ Cummins,SPD Smith,AU Rashid,1,0,"",""
ball,1,35.6,Australia,SPD Smith,PJ Cummins,AU Rashid,0,0,"",""
ball,1,36.1,Australia,PJ Cummins,SPD Smith,JC Archer,2,0,"",""
ball,1,36.2,Australia,PJ Cummins,SPD Smith,JC Archer,0,0,"",""
ball,1,36.3,Australia,PJ Cummins,SPD Smith,JC Archer,0,0,"",""
ball,1,36.4,Australia,PJ Cummins,SPD Smith,JC Archer,0,0,"",""
ball,1,36.5,Australia,PJ Cummins,SPD Smith,JC Archer,0,0,"",""
ball,1,36.6,Australia,PJ Cummins,SPD Smith,JC Archer,2,0,"",""
ball,1,37.1,Australia,SPD Smith,PJ Cummins,AU Rashid,0,0,"",""
ball,1,37.2,Australia,SPD Smith,PJ Cummins,AU Rashid,0,0,"",""
ball,1,37.3,Australia,SPD Smith,PJ Cummins,AU Rashid,1,0,"",""
ball,1,37.4,Australia,PJ Cummins,SPD Smith,AU Rashid,0,0,caught,PJ Cummins
ball,1,37.5,Australia,MA Starc,SPD Smith,AU Rashid,0,0,"",""
ball,1,37.6,Australia,MA Starc,SPD Smith,AU Rashid,0,0,"",""
ball,1,38.1,Australia,SPD Smith,MA Starc,JC Archer,1,0,"",""
ball,1,38.2,Australia,MA Starc,SPD Smith,JC Archer,1,0,"",""
ball,1,38.3,Australia,SPD Smith,MA Starc,JC Archer,0,0,"",""
ball,1,38.4,Australia,SPD Smith,MA Starc,JC Archer,1,0,"",""
ball,1,38.5,Australia,MA Starc,SPD Smith,JC Archer,2,0,"",""
ball,1,38.6,Australia,MA Starc,SPD Smith,JC Archer,0,0,"",""
ball,1,39.1,Australia,SPD Smith,MA Starc,MA Wood,0,0,"",""
ball,1,39.2,Australia,SPD Smith,MA Starc,MA Wood,2,0,"",""
ball,1,39.3,Australia,SPD Smith,MA Starc,MA Wood,1,0,"",""
ball,1,39.4,Australia,MA Starc,SPD Smith,MA Wood,0,0,"",""
ball,1,39.5,Australia,MA Starc,SPD Smith,MA Wood,1,0,"",""
ball,1,39.6,Australia,SPD Smith,MA Starc,MA Wood,0,0,"",""
ball,1,40.1,Australia,MA Starc,SPD Smith,LE Plunkett,0,0,"",""
ball,1,40.2,Australia,MA Starc,SPD Smith,LE Plunkett,0,0,"",""
ball,1,40.3,Australia,MA Starc,SPD Smith,LE Plunkett,0,0,"",""
ball,1,40.4,Australia,MA Starc,SPD Smith,LE Plunkett,0,0,"",""
ball,1,40.5,Australia,MA Starc,SPD Smith,LE Plunkett,0,0,"",""
ball,1,40.6,Australia,MA Starc,SPD Smith,LE Plunkett,1,0,"",""
ball,1,41.1,Australia,MA Starc,SPD Smith,MA Wood,0,1,"",""
ball,1,41.2,Australia,SPD Smith,MA Starc,MA Wood,0,0,"",""
ball,1,41.3,Australia,SPD Smith,MA Starc,MA Wood,0,1,"",""
ball,1,41.4,Australia,MA Starc,SPD Smith,MA Wood,1,0,"",""
ball,1,41.5,Australia,SPD Smith,MA Starc,MA Wood,1,0,"",""
ball,1,41.6,Australia,MA Starc,SPD Smith,MA Wood,1,0,"",""
ball,1,42.1,Australia,MA Starc,SPD Smith,LE Plunkett,1,0,"",""
ball,1,42.2,Australia,SPD Smith,MA Starc,LE Plunkett,1,0,"",""
ball,1,42.3,Australia,MA Starc,SPD Smith,LE Plunkett,1,0,"",""
ball,1,42.4,Australia,SPD Smith,MA Starc,LE Plunkett,0,0,"",""
ball,1,42.5,Australia,SPD Smith,MA Starc,LE Plunkett,0,0,"",""
ball,1,42.6,Australia,SPD Smith,MA Starc,LE Plunkett,2,0,"",""
ball,1,43.1,Australia,MA Starc,SPD Smith,MA Wood,0,0,"",""
ball,1,43.2,Australia,MA Starc,SPD Smith,MA Wood,4,0,"",""
ball,1,43.3,Australia,MA Starc,SPD Smith,MA Wood,0,0,"",""
ball,1,43.4,Australia,MA Starc,SPD Smith,MA Wood,0,0,"",""
ball,1,43.5,Australia,MA Starc,SPD Smith,MA Wood,0,1,"",""
ball,1,43.6,Australia,MA Starc,SPD Smith,MA Wood,1,0,"",""
ball,1,43.7,Australia,SPD Smith,MA Starc,MA Wood,0,0,"",""
ball,1,44.1,Australia,MA Starc,SPD Smith,LE Plunkett,6,0,"",""
ball,1,44.2,Australia,MA Starc,SPD Smith,LE Plunkett,1,0,"",""
ball,1,44.3,Australia,SPD Smith,MA Starc,LE Plunkett,1,0,"",""
ball,1,44.4,Australia,MA Starc,SPD Smith,LE Plunkett,0,1,"",""
ball,1,44.5,Australia,MA Starc,SPD Smith,LE Plunkett,0,0,"",""
ball,1,44.6,Australia,MA Starc,SPD Smith,LE Plunkett,1,0,"",""
ball,1,44.7,Australia,SPD Smith,MA Starc,LE Plunkett,4,0,"",""
ball,1,45.1,Australia,MA Starc,SPD Smith,CR Woakes,1,0,"",""
ball,1,45.2,Australia,SPD Smith,MA Starc,CR Woakes,1,0,"",""
ball,1,45.3,Australia,MA Starc,SPD Smith,CR Woakes,0,0,"",""
ball,1,45.4,Australia,MA Starc,SPD Smith,CR Woakes,0,0,"",""
ball,1,45.5,Australia,MA Starc,SPD Smith,CR Woakes,1,0,"",""
ball,1,45.6,Australia,SPD Smith,MA Starc,CR Woakes,0,1,"",""
ball,1,46.1,Australia,SPD Smith,MA Starc,MA Wood,1,0,"",""
ball,1,46.2,Australia,MA Starc,SPD Smith,MA Wood,2,0,"",""
ball,1,46.3,Australia,MA Starc,SPD Smith,MA Wood,2,0,"",""
ball,1,46.4,Australia,MA Starc,SPD Smith,MA Wood,0,0,"",""
ball,1,46.5,Australia,MA Starc,SPD Smith,MA Wood,1,0,"",""
ball,1,46.6,Australia,SPD Smith,MA Starc,MA Wood,1,0,"",""
ball,1,47.1,Australia,SPD Smith,MA Starc,CR Woakes,0,0,run out,SPD Smith
ball,1,47.2,Australia,MA Starc,JP Behrendorff,CR Woakes,0,0,caught,MA Starc
ball,1,47.3,Australia,NM Lyon,JP Behrendorff,CR Woakes,0,0,"",""
ball,1,47.4,Australia,NM Lyon,JP Behrendorff,CR Woakes,1,0,"",""
ball,1,47.5,Australia,JP Behrendorff,NM Lyon,CR Woakes,0,0,"",""
ball,1,47.6,Australia,JP Behrendorff,NM Lyon,CR Woakes,0,0,"",""
ball,1,48.1,Australia,NM Lyon,JP Behrendorff,MA Wood,0,0,"",""
ball,1,48.2,Australia,NM Lyon,JP Behrendorff,MA Wood,1,0,"",""
ball,1,48.3,Australia,JP Behrendorff,NM Lyon,MA Wood,1,0,"",""
ball,1,48.4,Australia,NM Lyon,JP Behrendorff,MA Wood,2,0,"",""
ball,1,48.5,Australia,NM Lyon,JP Behrendorff,MA Wood,1,0,"",""
ball,1,48.6,Australia,JP Behrendorff,NM Lyon,MA Wood,0,0,bowled,JP Behrendorff
ball,2,0.1,England,JJ Roy,JM Bairstow,JP Behrendorff,0,0,"",""
ball,2,0.2,England,JJ Roy,JM Bairstow,JP Behrendorff,0,0,"",""
ball,2,0.3,England,JJ Roy,JM Bairstow,JP Behrendorff,0,0,"",""
ball,2,0.4,England,JJ Roy,JM Bairstow,JP Behrendorff,1,0,"",""
ball,2,0.5,England,JM Bairstow,JJ Roy,JP Behrendorff,4,0,"",""
ball,2,0.6,England,JM Bairstow,JJ Roy,JP Behrendorff,0,0,"",""
ball,2,1.1,England,JJ Roy,JM Bairstow,MA Starc,0,0,"",""
ball,2,1.2,England,JJ Roy,JM Bairstow,MA Starc,0,0,"",""
ball,2,1.3,England,JJ Roy,JM Bairstow,MA Starc,0,0,"",""
ball,2,1.4,England,JJ Roy,JM Bairstow,MA Starc,0,0,"",""
ball,2,1.5,England,JJ Roy,JM Bairstow,MA Starc,0,0,"",""
ball,2,1.6,England,JJ Roy,JM Bairstow,MA Starc,0,1,"",""
ball,2,1.7,England,JJ Roy,JM Bairstow,MA Starc,0,0,"",""
ball,2,2.1,England,JM Bairstow,JJ Roy,JP Behrendorff,0,0,"",""
ball,2,2.2,England,JM Bairstow,JJ Roy,JP Behrendorff,0,0,"",""
ball,2,2.3,England,JM Bairstow,JJ Roy,JP Behrendorff,0,0,"",""
ball,2,2.4,England,JM Bairstow,JJ Roy,JP Behrendorff,0,0,"",""
ball,2,2.5,England,JM Bairstow,JJ Roy,JP Behrendorff,0,0,"",""
ball,2,2.6,England,JM Bairstow,JJ Roy,JP Behrendorff,0,0,"",""
ball,2,3.1,England,JJ Roy,JM Bairstow,MA Starc,4,0,"",""
ball,2,3.2,England,JJ Roy,JM Bairstow,MA Starc,2,0,"",""
ball,2,3.3,England,JJ Roy,JM Bairstow,MA Starc,0,0,"",""
ball,2,3.4,England,JJ Roy,JM Bairstow,MA Starc,0,0,"",""
ball,2,3.5,England,JJ Roy,JM Bairstow,MA Starc,0,0,"",""
ball,2,3.6,England,JJ Roy,JM Bairstow,MA Starc,4,0,"",""
ball,2,4.1,England,JM Bairstow,JJ Roy,JP Behrendorff,0,0,"",""
ball,2,4.2,England,JM Bairstow,JJ Roy,JP Behrendorff,0,0,"",""
ball,2,4.3,England,JM Bairstow,JJ Roy,JP Behrendorff,1,0,"",""
ball,2,4.4,England,JJ Roy,JM Bairstow,JP Behrendorff,2,0,"",""
ball,2,4.5,England,JJ Roy,JM Bairstow,JP Behrendorff,0,0,"",""
ball,2,4.6,England,JJ Roy,JM Bairstow,JP Behrendorff,0,0,"",""
ball,2,5.1,England,JM Bairstow,JJ Roy,MA Starc,0,1,"",""
ball,2,5.2,England,JM Bairstow,JJ Roy,MA Starc,4,0,"",""
ball,2,5.3,England,JM Bairstow,JJ Roy,MA Starc,0,0,"",""
ball,2,5.4,England,JM Bairstow,JJ Roy,MA Starc,0,0,"",""
ball,2,5.5,England,JM Bairstow,JJ Roy,MA Starc,1,0,"",""
ball,2,5.6,England,JJ Roy,JM Bairstow,MA Starc,6,0,"",""
ball,2,5.7,England,JJ Roy,JM Bairstow,MA Starc,0,0,"",""
ball,2,6.1,England,JM Bairstow,JJ Roy,PJ Cummins,0,0,"",""
ball,2,6.2,England,JM Bairstow,JJ Roy,PJ Cummins,0,0,"",""
ball,2,6.3,England,JM Bairstow,JJ Roy,PJ Cummins,0,0,"",""
ball,2,6.4,England,JM Bairstow,JJ Roy,PJ Cummins,0,0,"",""
ball,2,6.5,England,JM Bairstow,JJ Roy,PJ Cummins,0,0,"",""
ball,2,6.6,England,JM Bairstow,JJ Roy,PJ Cummins,2,0,"",""
ball,2,7.1,England,JJ Roy,JM Bairstow,JP Behrendorff,0,0,"",""
ball,2,7.2,England,JJ Roy,JM Bairstow,JP Behrendorff,0,0,"",""
ball,2,7.3,England,JJ Roy,JM Bairstow,JP Behrendorff,0,1,"",""
ball,2,7.4,England,JM Bairstow,JJ Roy,JP Behrendorff,2,0,"",""
ball,2,7.5,England,JM Bairstow,JJ Roy,JP Behrendorff,4,0,"",""
ball,2,7.6,England,JM Bairstow,JJ Roy,JP Behrendorff,0,0,"",""
ball,2,8.1,England,JJ Roy,JM Bairstow,PJ Cummins,0,0,"",""
ball,2,8.2,England,JJ Roy,JM Bairstow,PJ Cummins,0,0,"",""
ball,2,8.3,England,JJ Roy,JM Bairstow,PJ Cummins,0,0,"",""
ball,2,8.4,England,JJ Roy,JM Bairstow,PJ Cummins,0,0,"",""
ball,2,8.5,England,JJ Roy,JM Bairstow,PJ Cummins,0,0,"",""
ball,2,8.6,England,JJ Roy,JM Bairstow,PJ Cummins,4,0,"",""
ball,2,9.1,England,JM Bairstow,JJ Roy,JP Behrendorff,1,0,"",""
ball,2,9.2,England,JJ Roy,JM Bairstow,JP Behrendorff,1,0,"",""
ball,2,9.3,England,JM Bairstow,JJ Roy,JP Behrendorff,1,0,"",""
ball,2,9.4,England,JJ Roy,JM Bairstow,JP Behrendorff,2,0,"",""
ball,2,9.5,England,JJ Roy,JM Bairstow,JP Behrendorff,1,0,"",""
ball,2,9.6,England,JM Bairstow,JJ Roy,JP Behrendorff,0,0,"",""
ball,2,10.1,England,JJ Roy,JM Bairstow,NM Lyon,6,0,"",""
ball,2,10.2,England,JJ Roy,JM Bairstow,NM Lyon,0,0,"",""
ball,2,10.3,England,JJ Roy,JM Bairstow,NM Lyon,1,0,"",""
ball,2,10.4,England,JM Bairstow,JJ Roy,NM Lyon,1,0,"",""
ball,2,10.5,England,JJ Roy,JM Bairstow,NM Lyon,4,0,"",""
ball,2,10.6,England,JJ Roy,JM Bairstow,NM Lyon,1,0,"",""
ball,2,11.1,England,JJ Roy,JM Bairstow,PJ Cummins,0,0,"",""
ball,2,11.2,England,JJ Roy,JM Bairstow,PJ Cummins,1,0,"",""
ball,2,11.3,England,JM Bairstow,JJ Roy,PJ Cummins,0,0,"",""
ball,2,11.4,England,JM Bairstow,JJ Roy,PJ Cummins,0,5,"",""
ball,2,11.5,England,JM Bairstow,JJ Roy,PJ Cummins,2,0,"",""
ball,2,11.6,England,JM Bairstow,JJ Roy,PJ Cummins,0,0,"",""
ball,2,11.7,England,JM Bairstow,JJ Roy,PJ Cummins,0,0,"",""
ball,2,12.1,England,JJ Roy,JM Bairstow,NM Lyon,1,0,"",""
ball,2,12.2,England,JM Bairstow,JJ Roy,NM Lyon,0,0,"",""
ball,2,12.3,England,JM Bairstow,JJ Roy,NM Lyon,0,0,"",""
ball,2,12.4,England,JM Bairstow,JJ Roy,NM Lyon,4,0,"",""
ball,2,12.5,England,JM Bairstow,JJ Roy,NM Lyon,0,0,"",""
ball,2,12.6,England,JM Bairstow,JJ Roy,NM Lyon,0,0,"",""
ball,2,13.1,England,JJ Roy,JM Bairstow,PJ Cummins,0,0,"",""
ball,2,13.2,England,JJ Roy,JM Bairstow,PJ Cummins,0,0,"",""
ball,2,13.3,England,JJ Roy,JM Bairstow,PJ Cummins,4,0,"",""
ball,2,13.4,England,JJ Roy,JM Bairstow,PJ Cummins,0,0,"",""
ball,2,13.5,England,JJ Roy,JM Bairstow,PJ Cummins,0,0,"",""
ball,2,13.6,England,JJ Roy,JM Bairstow,PJ Cummins,0,0,"",""
ball,2,14.1,England,JM Bairstow,JJ Roy,MA Starc,4,0,"",""
ball,2,14.2,England,JM Bairstow,JJ Roy,MA Starc,1,0,"",""
ball,2,14.3,England,JJ Roy,JM Bairstow,MA Starc,4,0,"",""
ball,2,14.4,England,JJ Roy,JM Bairstow,MA Starc,0,0,"",""
ball,2,14.5,England,JJ Roy,JM Bairstow,MA Starc,0,1,"",""
ball,2,14.6,England,JJ Roy,JM Bairstow,MA Starc,4,0,"",""
ball,2,14.7,England,JJ Roy,JM Bairstow,MA Starc,1,0,"",""
ball,2,15.1,England,JJ Roy,JM Bairstow,SPD Smith,1,0,"",""
ball,2,15.2,England,JM Bairstow,JJ Roy,SPD Smith,0,1,"",""
ball,2,15.3,England,JM Bairstow,JJ Roy,SPD Smith,1,0,"",""
ball,2,15.4,England,JJ Roy,JM Bairstow,SPD Smith,6,0,"",""
ball,2,15.5,England,JJ Roy,JM Bairstow,SPD Smith,6,0,"",""
ball,2,15.6,England,JJ Roy,JM Bairstow,SPD Smith,6,0,"",""
ball,2,15.7,England,JJ Roy,JM Bairstow,SPD Smith,0,0,"",""
ball,2,16.1,England,JM Bairstow,JJ Roy,MP Stoinis,1,0,"",""
ball,2,16.2,England,JJ Roy,JM Bairstow,MP Stoinis,2,0,"",""
ball,2,16.3,England,JJ Roy,JM Bairstow,MP Stoinis,0,0,"",""
ball,2,16.4,England,JJ Roy,JM Bairstow,MP Stoinis,0,0,"",""
ball,2,16.5,England,JJ Roy,JM Bairstow,MP Stoinis,0,0,"",""
ball,2,16.6,England,JJ Roy,JM Bairstow,MP Stoinis,0,1,"",""
ball,2,16.7,England,JJ Roy,JM Bairstow,MP Stoinis,4,0,"",""
ball,2,17.1,England,JM Bairstow,JJ Roy,MA Starc,0,0,"",""
ball,2,17.2,England,JM Bairstow,JJ Roy,MA Starc,0,0,lbw,JM Bairstow
ball,2,17.3,England,JE Root,JJ Roy,MA Starc,4,0,"",""
ball,2,17.4,England,JE Root,JJ Roy,MA Starc,0,0,"",""
ball,2,17.5,England,JE Root,JJ Roy,MA Starc,4,0,"",""
ball,2,17.6,England,JE Root,JJ Roy,MA Starc,4,0,"",""
ball,2,18.1,England,JJ Roy,JE Root,MP Stoinis,4,0,"",""
ball,2,18.2,England,JJ Roy,JE Root,MP Stoinis,1,0,"",""
ball,2,18.3,England,JE Root,JJ Roy,MP Stoinis,0,0,"",""
ball,2,18.4,England,JE Root,JJ Roy,MP Stoinis,0,0,"",""
ball,2,18.5,England,JE Root,JJ Roy,MP Stoinis,0,0,"",""
ball,2,18.6,England,JE Root,JJ Roy,MP Stoinis,0,0,"",""
ball,2,19.1,England,JJ Roy,JE Root,PJ Cummins,1,0,"",""
ball,2,19.2,England,JE Root,JJ Roy,PJ Cummins,4,0,"",""
ball,2,19.3,England,JE Root,JJ Roy,PJ Cummins,1,0,"",""
ball,2,19.4,England,JJ Roy,JE Root,PJ Cummins,0,0,caught,JJ Roy
ball,2,19.5,England,EJG Morgan,JE Root,PJ Cummins,0,0,"",""
ball,2,19.6,England,EJG Morgan,JE Root,PJ Cummins,0,0,"",""
ball,2,20.1,England,JE Root,EJG Morgan,MA Starc,0,0,"",""
ball,2,20.2,England,JE Root,EJG Morgan,MA Starc,0,0,"",""
ball,2,20.3,England,JE Root,EJG Morgan,MA Starc,0,0,"",""
ball,2,20.4,England,JE Root,EJG Morgan,MA Starc,2,0,"",""
ball,2,20.5,England,JE Root,EJG Morgan,MA Starc,0,0,"",""
ball,2,20.6,England,JE Root,EJG Morgan,MA Starc,2,0,"",""
ball,2,21.1,England,EJG Morgan,JE Root,PJ Cummins,1,0,"",""
ball,2,21.2,England,JE Root,EJG Morgan,PJ Cummins,1,0,"",""
ball,2,21.3,England,EJG Morgan,JE Root,PJ Cummins,0,0,"",""
ball,2,21.4,England,EJG Morgan,JE Root,PJ Cummins,0,0,"",""
ball,2,21.5,England,EJG Morgan,JE Root,PJ Cummins,0,0,"",""
ball,2,21.6,England,EJG Morgan,JE Root,PJ Cummins,0,0,"",""
ball,2,22.1,England,JE Root,EJG Morgan,MA Starc,0,0,"",""
ball,2,22.2,England,JE Root,EJG Morgan,MA Starc,0,0,"",""
ball,2,22.3,England,JE Root,EJG Morgan,MA Starc,0,0,"",""
ball,2,22.4,England,JE Root,EJG Morgan,MA Starc,1,0,"",""
ball,2,22.5,England,EJG Morgan,JE Root,MA Starc,4,0,"",""
ball,2,22.6,England,EJG Morgan,JE Root,MA Starc,0,0,"",""
ball,2,23.1,England,JE Root,EJG Morgan,PJ Cummins,1,0,"",""
ball,2,23.2,England,EJG Morgan,JE Root,PJ Cummins,0,0,"",""
ball,2,23.3,England,EJG Morgan,JE Root,PJ Cummins,1,0,"",""
ball,2,23.4,England,JE Root,EJG Morgan,PJ Cummins,1,0,"",""
ball,2,23.5,England,EJG Morgan,JE Root,PJ Cummins,0,1,"",""
ball,2,23.6,England,EJG Morgan,JE Root,PJ Cummins,0,0,"",""
ball,2,23.7,England,EJG Morgan,JE Root,PJ Cummins,4,0,"",""
ball,2,24.1,England,JE Root,EJG Morgan,MA Starc,0,0,"",""
ball,2,24.2,England,JE Root,EJG Morgan,MA Starc,0,0,"",""
ball,2,24.3,England,JE Root,EJG Morgan,MA Starc,0,0,"",""
ball,2,24.4,England,JE Root,EJG Morgan,MA Starc,4,0,"",""
ball,2,24.5,England,JE Root,EJG Morgan,MA Starc,0,0,"",""
ball,2,24.6,England,JE Root,EJG Morgan,MA Starc,1,0,"",""
ball,2,25.1,England,JE Root,EJG Morgan,NM Lyon,1,0,"",""
ball,2,25.2,England,EJG Morgan,JE Root,NM Lyon,0,0,"",""
ball,2,25.3,England,EJG Morgan,JE Root,NM Lyon,0,0,"",""
ball,2,25.4,England,EJG Morgan,JE Root,NM Lyon,0,0,"",""
ball,2,25.5,England,EJG Morgan,JE Root,NM Lyon,4,0,"",""
ball,2,25.6,England,EJG Morgan,JE Root,NM Lyon,2,0,"",""
ball,2,26.1,England,JE Root,EJG Morgan,JP Behrendorff,1,0,"",""
ball,2,26.2,England,EJG Morgan,JE Root,JP Behrendorff,0,0,"",""
ball,2,26.3,England,EJG Morgan,JE Root,JP Behrendorff,2,0,"",""
ball,2,26.4,England,EJG Morgan,JE Root,JP Behrendorff,0,0,"",""
ball,2,26.5,England,EJG Morgan,JE Root,JP Behrendorff,4,0,"",""
ball,2,26.6,England,EJG Morgan,JE Root,JP Behrendorff,1,0,"",""
ball,2,27.1,England,EJG Morgan,JE Root,NM Lyon,1,0,"",""
ball,2,27.2,England,JE Root,EJG Morgan,NM Lyon,1,0,"",""
ball,2,27.3,England,EJG Morgan,JE Root,NM Lyon,4,0,"",""
ball,2,27.4,England,EJG Morgan,JE Root,NM Lyon,4,0,"",""
ball,2,27.5,England,EJG Morgan,JE Root,NM Lyon,0,0,"",""
ball,2,27.6,England,EJG Morgan,JE Root,NM Lyon,1,0,"",""
ball,2,28.1,England,EJG Morgan,JE Root,JP Behrendorff,0,0,"",""
ball,2,28.2,England,EJG Morgan,JE Root,JP Behrendorff,0,0,"",""
ball,2,28.3,England,EJG Morgan,JE Root,JP Behrendorff,0,0,"",""
ball,2,28.4,England,EJG Morgan,JE Root,JP Behrendorff,0,0,"",""
ball,2,28.5,England,EJG Morgan,JE Root,JP Behrendorff,0,0,"",""
ball,2,28.6,England,EJG Morgan,JE Root,JP Behrendorff,0,0,"",""
ball,2,29.1,England,JE Root,EJG Morgan,NM Lyon,1,0,"",""
ball,2,29.2,England,EJG Morgan,JE Root,NM Lyon,4,0,"",""
ball,2,29.3,England,EJG Morgan,JE Root,NM Lyon,2,0,"",""
ball,2,29.4,England,EJG Morgan,JE Root,NM Lyon,1,0,"",""
ball,2,29.5,England,JE Root,EJG Morgan,NM Lyon,4,0,"",""
ball,2,29.6,England,JE Root,EJG Morgan,NM Lyon,1,0,"",""
ball,2,30.1,England,JE Root,EJG Morgan,JP Behrendorff,0,0,"",""
ball,2,30.2,England,JE Root,EJG Morgan,JP Behrendorff,0,1,"",""
ball,2,30.3,England,JE Root,EJG Morgan,JP Behrendorff,0,0,"",""
ball,2,30.4,England,JE Root,EJG Morgan,JP Behrendorff,0,0,"",""
ball,2,30.5,England,JE Root,EJG Morgan,JP Behrendorff,4,0,"",""
ball,2,30.6,England,JE Root,EJG Morgan,JP Behrendorff,0,0,"",""
ball,2,30.7,England,JE Root,EJG Morgan,JP Behrendorff,1,0,"",""
ball,2,31.1,England,JE Root,EJG Morgan,MA Starc,0,0,"",""
ball,2,31.2,England,JE Root,EJG Morgan,MA Starc,4,0,"",""
ball,2,31.3,England,JE Root,EJG Morgan,MA Starc,1,0,"",""
ball,2,31.4,England,EJG Morgan,JE Root,MA Starc,1,0,"",""
ball,2,31.5,England,JE Root,EJG Morgan,MA Starc,0,0,"",""
ball,2,31.6,England,JE Root,EJG Morgan,MA Starc,0,0,"",""
ball,2,32.1,England,EJG Morgan,JE Root,JP Behrendorff,4,0,"",""
