version,1.3.0
info,team,New Zealand
info,team,Sri Lanka
info,gender,male
info,season,2018/19
info,date,2019/01/08
info,series,Sri Lanka tour of New Zealand 2018/19
info,match_number,3
info,venue,Saxton Oval
info,city,Nelson
info,toss_winner,Sri Lanka
info,toss_decision,field
info,player_of_match,LRPL Taylor
info,umpire,P Wilson
info,umpire,WR Knights
info,reserve_umpire,SB Haig
info,tv_umpire,RK Illingworth
info,match_referee,RB Richardson
info,winner,New Zealand
info,winner_runs,115
ball,1,0.1,New Zealand,MJ Guptill,C Munro,SL Malinga,0,0,"",""
ball,1,0.2,New Zealand,MJ Guptill,C Munro,SL Malinga,1,0,"",""
ball,1,0.3,New Zealand,C Munro,MJ Guptill,SL Malinga,0,0,"",""
ball,1,0.4,New Zealand,C Munro,MJ Guptill,SL Malinga,0,0,"",""
ball,1,0.5,New Zealand,C Munro,MJ Guptill,SL Malinga,0,0,"",""
ball,1,0.6,New Zealand,C Munro,MJ Guptill,SL Malinga,1,0,"",""
ball,1,1.1,New Zealand,C Munro,MJ Guptill,PVD Chameera,4,0,"",""
ball,1,1.2,New Zealand,C Munro,MJ Guptill,PVD Chameera,4,0,"",""
ball,1,1.3,New Zealand,C Munro,MJ Guptill,PVD Chameera,1,0,"",""
ball,1,1.4,New Zealand,MJ Guptill,C Munro,PVD Chameera,0,0,"",""
ball,1,1.5,New Zealand,MJ Guptill,C Munro,PVD Chameera,1,0,"",""
ball,1,1.6,New Zealand,C Munro,MJ Guptill,PVD Chameera,4,0,"",""
ball,1,2.1,New Zealand,MJ Guptill,C Munro,SL Malinga,0,0,caught,MJ Guptill
ball,1,2.2,New Zealand,KS Williamson,C Munro,SL Malinga,4,0,"",""
ball,1,2.3,New Zealand,KS Williamson,C Munro,SL Malinga,0,0,"",""
ball,1,2.4,New Zealand,KS Williamson,C Munro,SL Malinga,0,0,"",""
ball,1,2.5,New Zealand,KS Williamson,C Munro,SL Malinga,0,0,"",""
ball,1,2.6,New Zealand,KS Williamson,C Munro,SL Malinga,0,0,"",""
ball,1,3.1,New Zealand,C Munro,KS Williamson,PVD Chameera,0,0,"",""
ball,1,3.2,New Zealand,C Munro,KS Williamson,PVD Chameera,1,0,"",""
ball,1,3.3,New Zealand,KS Williamson,C Munro,PVD Chameera,0,0,"",""
ball,1,3.4,New Zealand,KS Williamson,C Munro,PVD Chameera,4,0,"",""
ball,1,3.5,New Zealand,KS Williamson,C Munro,PVD Chameera,0,0,"",""
ball,1,3.6,New Zealand,KS Williamson,C Munro,PVD Chameera,0,0,"",""
ball,1,4.1,New Zealand,C Munro,KS Williamson,SL Malinga,2,0,"",""
ball,1,4.2,New Zealand,C Munro,KS Williamson,SL Malinga,0,0,"",""
ball,1,4.3,New Zealand,C Munro,KS Williamson,SL Malinga,4,0,"",""
ball,1,4.4,New Zealand,C Munro,KS Williamson,SL Malinga,0,0,bowled,C Munro
ball,1,4.5,New Zealand,LRPL Taylor,KS Williamson,SL Malinga,0,0,"",""
ball,1,4.6,New Zealand,LRPL Taylor,KS Williamson,SL Malinga,5,0,"",""
ball,1,5.1,New Zealand,LRPL Taylor,KS Williamson,N Pradeep,0,0,"",""
ball,1,5.2,New Zealand,LRPL Taylor,KS Williamson,N Pradeep,0,0,"",""
ball,1,5.3,New Zealand,LRPL Taylor,KS Williamson,N Pradeep,0,0,"",""
ball,1,5.4,New Zealand,LRPL Taylor,KS Williamson,N Pradeep,4,0,"",""
ball,1,5.5,New Zealand,LRPL Taylor,KS Williamson,N Pradeep,0,0,"",""
ball,1,5.6,New Zealand,LRPL Taylor,KS Williamson,N Pradeep,0,0,"",""
ball,1,6.1,New Zealand,KS Williamson,LRPL Taylor,SL Malinga,0,0,"",""
ball,1,6.2,New Zealand,KS Williamson,LRPL Taylor,SL Malinga,0,0,"",""
ball,1,6.3,New Zealand,KS Williamson,LRPL Taylor,SL Malinga,3,0,"",""
ball,1,6.4,New Zealand,LRPL Taylor,KS Williamson,SL Malinga,0,0,"",""
ball,1,6.5,New Zealand,LRPL Taylor,KS Williamson,SL Malinga,0,2,"",""
ball,1,6.6,New Zealand,LRPL Taylor,KS Williamson,SL Malinga,1,0,"",""
ball,1,7.1,New Zealand,LRPL Taylor,KS Williamson,N Pradeep,0,1,"",""
ball,1,7.2,New Zealand,LRPL Taylor,KS Williamson,N Pradeep,4,0,"",""
ball,1,7.3,New Zealand,LRPL Taylor,KS Williamson,N Pradeep,4,0,"",""
ball,1,7.4,New Zealand,LRPL Taylor,KS Williamson,N Pradeep,0,0,"",""
ball,1,7.5,New Zealand,LRPL Taylor,KS Williamson,N Pradeep,0,0,"",""
ball,1,7.6,New Zealand,LRPL Taylor,KS Williamson,N Pradeep,0,0,"",""
ball,1,7.7,New Zealand,LRPL Taylor,KS Williamson,N Pradeep,0,0,"",""
ball,1,8.1,New Zealand,KS Williamson,LRPL Taylor,SL Malinga,0,0,"",""
ball,1,8.2,New Zealand,KS Williamson,LRPL Taylor,SL Malinga,0,0,"",""
ball,1,8.3,New Zealand,KS Williamson,LRPL Taylor,SL Malinga,0,0,"",""
ball,1,8.4,New Zealand,KS Williamson,LRPL Taylor,SL Malinga,0,0,"",""
ball,1,8.5,New Zealand,KS Williamson,LRPL Taylor,SL Malinga,0,0,"",""
ball,1,8.6,New Zealand,KS Williamson,LRPL Taylor,SL Malinga,0,0,"",""
ball,1,9.1,New Zealand,LRPL Taylor,KS Williamson,N Pradeep,0,0,"",""
ball,1,9.2,New Zealand,LRPL Taylor,KS Williamson,N Pradeep,0,0,"",""
ball,1,9.3,New Zealand,LRPL Taylor,KS Williamson,N Pradeep,0,0,"",""
ball,1,9.4,New Zealand,LRPL Taylor,KS Williamson,N Pradeep,0,0,"",""
ball,1,9.5,New Zealand,LRPL Taylor,KS Williamson,N Pradeep,0,0,"",""
ball,1,9.6,New Zealand,LRPL Taylor,KS Williamson,N Pradeep,0,0,"",""
ball,1,10.1,New Zealand,KS Williamson,LRPL Taylor,NLTC Perera,1,0,"",""
ball,1,10.2,New Zealand,LRPL Taylor,KS Williamson,NLTC Perera,0,0,"",""
ball,1,10.3,New Zealand,LRPL Taylor,KS Williamson,NLTC Perera,0,0,"",""
ball,1,10.4,New Zealand,LRPL Taylor,KS Williamson,NLTC Perera,1,0,"",""
ball,1,10.5,New Zealand,KS Williamson,LRPL Taylor,NLTC Perera,0,0,"",""
ball,1,10.6,New Zealand,KS Williamson,LRPL Taylor,NLTC Perera,0,0,"",""
ball,1,11.1,New Zealand,LRPL Taylor,KS Williamson,N Pradeep,0,0,"",""
ball,1,11.2,New Zealand,LRPL Taylor,KS Williamson,N Pradeep,1,0,"",""
ball,1,11.3,New Zealand,KS Williamson,LRPL Taylor,N Pradeep,0,0,"",""
ball,1,11.4,New Zealand,KS Williamson,LRPL Taylor,N Pradeep,0,0,"",""
ball,1,11.5,New Zealand,KS Williamson,LRPL Taylor,N Pradeep,1,0,"",""
ball,1,11.6,New Zealand,LRPL Taylor,KS Williamson,N Pradeep,1,0,"",""
ball,1,12.1,New Zealand,LRPL Taylor,KS Williamson,NLTC Perera,0,0,"",""
ball,1,12.2,New Zealand,LRPL Taylor,KS Williamson,NLTC Perera,1,0,"",""
ball,1,12.3,New Zealand,KS Williamson,LRPL Taylor,NLTC Perera,0,0,"",""
ball,1,12.4,New Zealand,KS Williamson,LRPL Taylor,NLTC Perera,4,0,"",""
ball,1,12.5,New Zealand,KS Williamson,LRPL Taylor,NLTC Perera,0,0,"",""
ball,1,12.6,New Zealand,KS Williamson,LRPL Taylor,NLTC Perera,1,0,"",""
ball,1,13.1,New Zealand,KS Williamson,LRPL Taylor,N Pradeep,2,0,"",""
ball,1,13.2,New Zealand,KS Williamson,LRPL Taylor,N Pradeep,4,0,"",""
ball,1,13.3,New Zealand,KS Williamson,LRPL Taylor,N Pradeep,1,0,"",""
ball,1,13.4,New Zealand,LRPL Taylor,KS Williamson,N Pradeep,0,1,"",""
ball,1,13.5,New Zealand,KS Williamson,LRPL Taylor,N Pradeep,0,0,"",""
ball,1,13.6,New Zealand,KS Williamson,LRPL Taylor,N Pradeep,0,0,"",""
ball,1,14.1,New Zealand,LRPL Taylor,KS Williamson,PADLR Sandakan,0,0,"",""
ball,1,14.2,New Zealand,LRPL Taylor,KS Williamson,PADLR Sandakan,1,0,"",""
ball,1,14.3,New Zealand,KS Williamson,LRPL Taylor,PADLR Sandakan,0,0,"",""
ball,1,14.4,New Zealand,KS Williamson,LRPL Taylor,PADLR Sandakan,1,0,"",""
ball,1,14.5,New Zealand,LRPL Taylor,KS Williamson,PADLR Sandakan,0,0,"",""
ball,1,14.6,New Zealand,LRPL Taylor,KS Williamson,PADLR Sandakan,0,0,"",""
ball,1,15.1,New Zealand,KS Williamson,LRPL Taylor,PVD Chameera,4,0,"",""
ball,1,15.2,New Zealand,KS Williamson,LRPL Taylor,PVD Chameera,0,0,"",""
ball,1,15.3,New Zealand,KS Williamson,LRPL Taylor,PVD Chameera,0,0,"",""
ball,1,15.4,New Zealand,KS Williamson,LRPL Taylor,PVD Chameera,0,0,"",""
ball,1,15.5,New Zealand,KS Williamson,LRPL Taylor,PVD Chameera,1,0,"",""
ball,1,15.6,New Zealand,LRPL Taylor,KS Williamson,PVD Chameera,0,0,"",""
ball,1,16.1,New Zealand,KS Williamson,LRPL Taylor,PADLR Sandakan,1,0,"",""
ball,1,16.2,New Zealand,LRPL Taylor,KS Williamson,PADLR Sandakan,0,0,"",""
ball,1,16.3,New Zealand,LRPL Taylor,KS Williamson,PADLR Sandakan,1,0,"",""
ball,1,16.4,New Zealand,KS Williamson,LRPL Taylor,PADLR Sandakan,0,0,"",""
ball,1,16.5,New Zealand,KS Williamson,LRPL Taylor,PADLR Sandakan,1,0,"",""
ball,1,16.6,New Zealand,LRPL Taylor,KS Williamson,PADLR Sandakan,0,0,"",""
ball,1,17.1,New Zealand,KS Williamson,LRPL Taylor,PVD Chameera,0,0,"",""
ball,1,17.2,New Zealand,KS Williamson,LRPL Taylor,PVD Chameera,1,0,"",""
ball,1,17.3,New Zealand,LRPL Taylor,KS Williamson,PVD Chameera,1,0,"",""
ball,1,17.4,New Zealand,KS Williamson,LRPL Taylor,PVD Chameera,1,0,"",""
ball,1,17.5,New Zealand,LRPL Taylor,KS Williamson,PVD Chameera,1,0,"",""
ball,1,17.6,New Zealand,KS Williamson,LRPL Taylor,PVD Chameera,0,0,"",""
ball,1,18.1,New Zealand,LRPL Taylor,KS Williamson,PADLR Sandakan,1,0,"",""
ball,1,18.2,New Zealand,KS Williamson,LRPL Taylor,PADLR Sandakan,1,0,"",""
ball,1,18.3,New Zealand,LRPL Taylor,KS Williamson,PADLR Sandakan,2,0,"",""
ball,1,18.4,New Zealand,LRPL Taylor,KS Williamson,PADLR Sandakan,2,0,"",""
ball,1,18.5,New Zealand,LRPL Taylor,KS Williamson,PADLR Sandakan,1,0,"",""
ball,1,18.6,New Zealand,KS Williamson,LRPL Taylor,PADLR Sandakan,6,0,"",""
ball,1,19.1,New Zealand,LRPL Taylor,KS Williamson,PVD Chameera,2,0,"",""
ball,1,19.2,New Zealand,LRPL Taylor,KS Williamson,PVD Chameera,1,0,"",""
ball,1,19.3,New Zealand,KS Williamson,LRPL Taylor,PVD Chameera,1,0,"",""
ball,1,19.4,New Zealand,LRPL Taylor,KS Williamson,PVD Chameera,1,0,"",""
ball,1,19.5,New Zealand,KS Williamson,LRPL Taylor,PVD Chameera,1,0,"",""
ball,1,19.6,New Zealand,LRPL Taylor,KS Williamson,PVD Chameera,0,0,"",""
ball,1,20.1,New Zealand,KS Williamson,LRPL Taylor,PADLR Sandakan,1,0,"",""
ball,1,20.2,New Zealand,LRPL Taylor,KS Williamson,PADLR Sandakan,0,0,"",""
ball,1,20.3,New Zealand,LRPL Taylor,KS Williamson,PADLR Sandakan,1,0,"",""
ball,1,20.4,New Zealand,KS Williamson,LRPL Taylor,PADLR Sandakan,4,0,"",""
ball,1,20.5,New Zealand,KS Williamson,LRPL Taylor,PADLR Sandakan,0,0,"",""
ball,1,20.6,New Zealand,KS Williamson,LRPL Taylor,PADLR Sandakan,0,0,"",""
ball,1,21.1,New Zealand,LRPL Taylor,KS Williamson,MD Shanaka,1,0,"",""
ball,1,21.2,New Zealand,KS Williamson,LRPL Taylor,MD Shanaka,1,0,"",""
ball,1,21.3,New Zealand,LRPL Taylor,KS Williamson,MD Shanaka,1,0,"",""
ball,1,21.4,New Zealand,KS Williamson,LRPL Taylor,MD Shanaka,1,0,"",""
ball,1,21.5,New Zealand,LRPL Taylor,KS Williamson,MD Shanaka,1,0,"",""
ball,1,21.6,New Zealand,KS Williamson,LRPL Taylor,MD Shanaka,0,0,"",""
ball,1,22.1,New Zealand,LRPL Taylor,KS Williamson,PADLR Sandakan,0,0,"",""
ball,1,22.2,New Zealand,LRPL Taylor,KS Williamson,PADLR Sandakan,0,0,"",""
ball,1,22.3,New Zealand,LRPL Taylor,KS Williamson,PADLR Sandakan,4,0,"",""
ball,1,22.4,New Zealand,LRPL Taylor,KS Williamson,PADLR Sandakan,1,0,"",""
ball,1,22.5,New Zealand,KS Williamson,LRPL Taylor,PADLR Sandakan,1,0,"",""
ball,1,22.6,New Zealand,LRPL Taylor,KS Williamson,PADLR Sandakan,1,0,"",""
ball,1,23.1,New Zealand,LRPL Taylor,KS Williamson,MD Shanaka,4,0,"",""
ball,1,23.2,New Zealand,LRPL Taylor,KS Williamson,MD Shanaka,2,0,"",""
ball,1,23.3,New Zealand,LRPL Taylor,KS Williamson,MD Shanaka,0,0,"",""
ball,1,23.4,New Zealand,LRPL Taylor,KS Williamson,MD Shanaka,1,0,"",""
ball,1,23.5,New Zealand,KS Williamson,LRPL Taylor,MD Shanaka,1,0,"",""
ball,1,23.6,New Zealand,LRPL Taylor,KS Williamson,MD Shanaka,0,0,"",""
ball,1,24.1,New Zealand,KS Williamson,LRPL Taylor,PADLR Sandakan,1,0,"",""
ball,1,24.2,New Zealand,LRPL Taylor,KS Williamson,PADLR Sandakan,0,0,"",""
ball,1,24.3,New Zealand,LRPL Taylor,KS Williamson,PADLR Sandakan,4,0,"",""
ball,1,24.4,New Zealand,LRPL Taylor,KS Williamson,PADLR Sandakan,1,0,"",""
ball,1,24.5,New Zealand,KS Williamson,LRPL Taylor,PADLR Sandakan,0,0,"",""
ball,1,24.6,New Zealand,KS Williamson,LRPL Taylor,PADLR Sandakan,0,0,"",""
ball,1,25.1,New Zealand,LRPL Taylor,KS Williamson,MD Shanaka,1,0,"",""
ball,1,25.2,New Zealand,KS Williamson,LRPL Taylor,MD Shanaka,1,0,"",""
ball,1,25.3,New Zealand,LRPL Taylor,KS Williamson,MD Shanaka,4,0,"",""
ball,1,25.4,New Zealand,LRPL Taylor,KS Williamson,MD Shanaka,0,0,"",""
ball,1,25.5,New Zealand,LRPL Taylor,KS Williamson,MD Shanaka,0,0,"",""
ball,1,25.6,New Zealand,LRPL Taylor,KS Williamson,MD Shanaka,1,0,"",""
ball,1,26.1,New Zealand,LRPL Taylor,KS Williamson,PADLR Sandakan,1,0,"",""
ball,1,26.2,New Zealand,KS Williamson,LRPL Taylor,PADLR Sandakan,0,0,caught,KS Williamson
ball,1,26.3,New Zealand,HM Nicholls,LRPL Taylor,PADLR Sandakan,1,0,"",""
ball,1,26.4,New Zealand,LRPL Taylor,HM Nicholls,PADLR Sandakan,0,0,"",""
ball,1,26.5,New Zealand,LRPL Taylor,HM Nicholls,PADLR Sandakan,1,0,"",""
ball,1,26.6,New Zealand,HM Nicholls,LRPL Taylor,PADLR Sandakan,1,0,"",""
ball,1,27.1,New Zealand,HM Nicholls,LRPL Taylor,MD Shanaka,0,0,"",""
ball,1,27.2,New Zealand,HM Nicholls,LRPL Taylor,MD Shanaka,1,0,"",""
ball,1,27.3,New Zealand,LRPL Taylor,HM Nicholls,MD Shanaka,1,0,"",""
ball,1,27.4,New Zealand,HM Nicholls,LRPL Taylor,MD Shanaka,0,0,"",""
ball,1,27.5,New Zealand,HM Nicholls,LRPL Taylor,MD Shanaka,0,0,"",""
ball,1,27.6,New Zealand,HM Nicholls,LRPL Taylor,MD Shanaka,3,0,"",""
ball,1,28.1,New Zealand,HM Nicholls,LRPL Taylor,PADLR Sandakan,1,0,"",""
ball,1,28.2,New Zealand,LRPL Taylor,HM Nicholls,PADLR Sandakan,0,0,"",""
ball,1,28.3,New Zealand,LRPL Taylor,HM Nicholls,PADLR Sandakan,1,0,"",""
ball,1,28.4,New Zealand,HM Nicholls,LRPL Taylor,PADLR Sandakan,0,0,"",""
ball,1,28.5,New Zealand,HM Nicholls,LRPL Taylor,PADLR Sandakan,1,0,"",""
ball,1,28.6,New Zealand,LRPL Taylor,HM Nicholls,PADLR Sandakan,0,0,"",""
ball,1,29.1,New Zealand,HM Nicholls,LRPL Taylor,MD Shanaka,0,0,"",""
ball,1,29.2,New Zealand,HM Nicholls,LRPL Taylor,MD Shanaka,0,0,"",""
ball,1,29.3,New Zealand,HM Nicholls,LRPL Taylor,MD Shanaka,1,0,"",""
ball,1,29.4,New Zealand,LRPL Taylor,HM Nicholls,MD Shanaka,0,0,"",""
ball,1,29.5,New Zealand,LRPL Taylor,HM Nicholls,MD Shanaka,0,0,"",""
ball,1,29.6,New Zealand,LRPL Taylor,HM Nicholls,MD Shanaka,2,0,"",""
ball,1,30.1,New Zealand,HM Nicholls,LRPL Taylor,PVD Chameera,4,0,"",""
ball,1,30.2,New Zealand,HM Nicholls,LRPL Taylor,PVD Chameera,2,0,"",""
ball,1,30.3,New Zealand,HM Nicholls,LRPL Taylor,PVD Chameera,0,0,"",""
ball,1,30.4,New Zealand,HM Nicholls,LRPL Taylor,PVD Chameera,0,0,"",""
ball,1,30.5,New Zealand,HM Nicholls,LRPL Taylor,PVD Chameera,1,0,"",""
ball,1,30.6,New Zealand,LRPL Taylor,HM Nicholls,PVD Chameera,1,0,"",""
ball,1,31.1,New Zealand,LRPL Taylor,HM Nicholls,MD Shanaka,1,0,"",""
ball,1,31.2,New Zealand,HM Nicholls,LRPL Taylor,MD Shanaka,0,0,"",""
ball,1,31.3,New Zealand,HM Nicholls,LRPL Taylor,MD Shanaka,4,0,"",""
ball,1,31.4,New Zealand,HM Nicholls,LRPL Taylor,MD Shanaka,1,0,"",""
ball,1,31.5,New Zealand,LRPL Taylor,HM Nicholls,MD Shanaka,1,0,"",""
ball,1,31.6,New Zealand,HM Nicholls,LRPL Taylor,MD Shanaka,1,0,"",""
ball,1,32.1,New Zealand,HM Nicholls,LRPL Taylor,PVD Chameera,0,0,"",""
ball,1,32.2,New Zealand,HM Nicholls,LRPL Taylor,PVD Chameera,2,0,"",""
ball,1,32.3,New Zealand,HM Nicholls,LRPL Taylor,PVD Chameera,1,0,"",""
ball,1,32.4,New Zealand,LRPL Taylor,HM Nicholls,PVD Chameera,0,0,"",""
ball,1,32.5,New Zealand,LRPL Taylor,HM Nicholls,PVD Chameera,0,0,"",""
ball,1,32.6,New Zealand,LRPL Taylor,HM Nicholls,PVD Chameera,0,1,"",""
ball,1,33.1,New Zealand,LRPL Taylor,HM Nicholls,DM de Silva,0,0,"",""
ball,1,33.2,New Zealand,LRPL Taylor,HM Nicholls,DM de Silva,1,0,"",""
ball,1,33.3,New Zealand,HM Nicholls,LRPL Taylor,DM de Silva,1,0,"",""
ball,1,33.4,New Zealand,LRPL Taylor,HM Nicholls,DM de Silva,2,0,"",""
ball,1,33.5,New Zealand,LRPL Taylor,HM Nicholls,DM de Silva,1,0,"",""
ball,1,33.6,New Zealand,HM Nicholls,LRPL Taylor,DM de Silva,4,0,"",""
ball,1,34.1,New Zealand,LRPL Taylor,HM Nicholls,PVD Chameera,4,0,"",""
ball,1,34.2,New Zealand,LRPL Taylor,HM Nicholls,PVD Chameera,4,0,"",""
ball,1,34.3,New Zealand,LRPL Taylor,HM Nicholls,PVD Chameera,0,0,"",""
ball,1,34.4,New Zealand,LRPL Taylor,HM Nicholls,PVD Chameera,1,0,"",""
ball,1,34.5,New Zealand,HM Nicholls,LRPL Taylor,PVD Chameera,0,0,"",""
ball,1,34.6,New Zealand,HM Nicholls,LRPL Taylor,PVD Chameera,1,0,"",""
ball,1,35.1,New Zealand,HM Nicholls,LRPL Taylor,DM de Silva,0,0,"",""
ball,1,35.2,New Zealand,HM Nicholls,LRPL Taylor,DM de Silva,1,0,"",""
ball,1,35.3,New Zealand,LRPL Taylor,HM Nicholls,DM de Silva,0,0,"",""
ball,1,35.4,New Zealand,LRPL Taylor,HM Nicholls,DM de Silva,1,0,"",""
ball,1,35.5,New Zealand,HM Nicholls,LRPL Taylor,DM de Silva,1,0,"",""
ball,1,35.6,New Zealand,LRPL Taylor,HM Nicholls,DM de Silva,1,0,"",""
ball,1,36.1,New Zealand,LRPL Taylor,HM Nicholls,N Pradeep,2,0,"",""
ball,1,36.2,New Zealand,LRPL Taylor,HM Nicholls,N Pradeep,0,1,"",""
ball,1,36.3,New Zealand,LRPL Taylor,HM Nicholls,N Pradeep,1,0,"",""
ball,1,36.4,New Zealand,HM Nicholls,LRPL Taylor,N Pradeep,4,0,"",""
ball,1,36.5,New Zealand,HM Nicholls,LRPL Taylor,N Pradeep,1,0,"",""
ball,1,36.6,New Zealand,LRPL Taylor,HM Nicholls,N Pradeep,1,0,"",""
ball,1,36.7,New Zealand,HM Nicholls,LRPL Taylor,N Pradeep,0,0,"",""
ball,1,37.1,New Zealand,LRPL Taylor,HM Nicholls,DM de Silva,1,0,"",""
ball,1,37.2,New Zealand,HM Nicholls,LRPL Taylor,DM de Silva,1,0,"",""
ball,1,37.3,New Zealand,LRPL Taylor,HM Nicholls,DM de Silva,1,0,"",""
ball,1,37.4,New Zealand,HM Nicholls,LRPL Taylor,DM de Silva,1,0,"",""
ball,1,37.5,New Zealand,LRPL Taylor,HM Nicholls,DM de Silva,1,0,"",""
ball,1,37.6,New Zealand,HM Nicholls,LRPL Taylor,DM de Silva,4,0,"",""
ball,1,38.1,New Zealand,LRPL Taylor,HM Nicholls,N Pradeep,1,0,"",""
ball,1,38.2,New Zealand,HM Nicholls,LRPL Taylor,N Pradeep,0,1,"",""
ball,1,38.3,New Zealand,HM Nicholls,LRPL Taylor,N Pradeep,1,0,"",""
ball,1,38.4,New Zealand,LRPL Taylor,HM Nicholls,N Pradeep,1,0,"",""
ball,1,38.5,New Zealand,HM Nicholls,LRPL Taylor,N Pradeep,1,0,"",""
ball,1,38.6,New Zealand,LRPL Taylor,HM Nicholls,N Pradeep,0,1,"",""
ball,1,38.7,New Zealand,LRPL Taylor,HM Nicholls,N Pradeep,0,0,"",""
ball,1,38.8,New Zealand,LRPL Taylor,HM Nicholls,N Pradeep,1,0,"",""
ball,1,39.1,New Zealand,LRPL Taylor,HM Nicholls,DM de Silva,1,0,"",""
ball,1,39.2,New Zealand,HM Nicholls,LRPL Taylor,DM de Silva,1,0,"",""
ball,1,39.3,New Zealand,LRPL Taylor,HM Nicholls,DM de Silva,1,0,"",""
ball,1,39.4,New Zealand,HM Nicholls,LRPL Taylor,DM de Silva,1,0,"",""
ball,1,39.5,New Zealand,LRPL Taylor,HM Nicholls,DM de Silva,0,0,"",""
ball,1,39.6,New Zealand,LRPL Taylor,HM Nicholls,DM de Silva,0,0,"",""
ball,1,40.1,New Zealand,HM Nicholls,LRPL Taylor,SL Malinga,1,0,"",""
ball,1,40.2,New Zealand,LRPL Taylor,HM Nicholls,SL Malinga,6,0,"",""
ball,1,40.3,New Zealand,LRPL Taylor,HM Nicholls,SL Malinga,1,0,"",""
ball,1,40.4,New Zealand,HM Nicholls,LRPL Taylor,SL Malinga,2,0,"",""
ball,1,40.5,New Zealand,HM Nicholls,LRPL Taylor,SL Malinga,3,0,"",""
ball,1,40.6,New Zealand,LRPL Taylor,HM Nicholls,SL Malinga,2,0,"",""
ball,1,41.1,New Zealand,HM Nicholls,LRPL Taylor,DM de Silva,1,0,"",""
ball,1,41.2,New Zealand,LRPL Taylor,HM Nicholls,DM de Silva,1,0,"",""
ball,1,41.3,New Zealand,HM Nicholls,LRPL Taylor,DM de Silva,1,0,"",""
ball,1,41.4,New Zealand,LRPL Taylor,HM Nicholls,DM de Silva,1,0,"",""
ball,1,41.5,New Zealand,HM Nicholls,LRPL Taylor,DM de Silva,4,0,"",""
ball,1,41.6,New Zealand,HM Nicholls,LRPL Taylor,DM de Silva,1,0,"",""
ball,1,42.1,New Zealand,HM Nicholls,LRPL Taylor,SL Malinga,2,0,"",""
ball,1,42.2,New Zealand,HM Nicholls,LRPL Taylor,SL Malinga,1,0,"",""
ball,1,42.3,New Zealand,LRPL Taylor,HM Nicholls,SL Malinga,6,0,"",""
ball,1,42.4,New Zealand,LRPL Taylor,HM Nicholls,SL Malinga,1,0,"",""
ball,1,42.5,New Zealand,HM Nicholls,LRPL Taylor,SL Malinga,1,0,"",""
ball,1,42.6,New Zealand,LRPL Taylor,HM Nicholls,SL Malinga,2,0,"",""
ball,1,43.1,New Zealand,HM Nicholls,LRPL Taylor,PADLR Sandakan,1,0,"",""
ball,1,43.2,New Zealand,LRPL Taylor,HM Nicholls,PADLR Sandakan,1,0,"",""
ball,1,43.3,New Zealand,HM Nicholls,LRPL Taylor,PADLR Sandakan,1,0,"",""
ball,1,43.4,New Zealand,LRPL Taylor,HM Nicholls,PADLR Sandakan,1,0,"",""
ball,1,43.5,New Zealand,HM Nicholls,LRPL Taylor,PADLR Sandakan,0,0,"",""
ball,1,43.6,New Zealand,HM Nicholls,LRPL Taylor,PADLR Sandakan,1,0,"",""
ball,1,44.1,New Zealand,HM Nicholls,LRPL Taylor,SL Malinga,1,0,"",""
ball,1,44.2,New Zealand,LRPL Taylor,HM Nicholls,SL Malinga,6,0,"",""
ball,1,44.3,New Zealand,LRPL Taylor,HM Nicholls,SL Malinga,1,0,"",""
ball,1,44.4,New Zealand,HM Nicholls,LRPL Taylor,SL Malinga,4,0,"",""
ball,1,44.5,New Zealand,HM Nicholls,LRPL Taylor,SL Malinga,1,0,"",""
ball,1,44.6,New Zealand,LRPL Taylor,HM Nicholls,SL Malinga,6,0,"",""
ball,1,45.1,New Zealand,HM Nicholls,LRPL Taylor,PADLR Sandakan,1,0,"",""
ball,1,45.2,New Zealand,LRPL Taylor,HM Nicholls,PADLR Sandakan,1,0,"",""
ball,1,45.3,New Zealand,HM Nicholls,LRPL Taylor,PADLR Sandakan,1,0,"",""
ball,1,45.4,New Zealand,LRPL Taylor,HM Nicholls,PADLR Sandakan,0,0,"",""
ball,1,45.5,New Zealand,LRPL Taylor,HM Nicholls,PADLR Sandakan,1,0,"",""
ball,1,45.6,New Zealand,HM Nicholls,LRPL Taylor,PADLR Sandakan,1,0,"",""
ball,1,46.1,New Zealand,HM Nicholls,LRPL Taylor,SL Malinga,1,0,"",""
ball,1,46.2,New Zealand,LRPL Taylor,HM Nicholls,SL Malinga,0,0,caught,LRPL Taylor
ball,1,46.3,New Zealand,HM Nicholls,JDS Neesham,SL Malinga,0,0,"",""
ball,1,46.4,New Zealand,HM Nicholls,JDS Neesham,SL Malinga,1,0,"",""
ball,1,46.5,New Zealand,JDS Neesham,HM Nicholls,SL Malinga,0,1,"",""
ball,1,46.6,New Zealand,HM Nicholls,JDS Neesham,SL Malinga,4,0,"",""
ball,1,47.1,New Zealand,JDS Neesham,HM Nicholls,N Pradeep,0,1,"",""
ball,1,47.2,New Zealand,JDS Neesham,HM Nicholls,N Pradeep,0,0,"",""
ball,1,47.3,New Zealand,JDS Neesham,HM Nicholls,N Pradeep,1,0,"",""
ball,1,47.4,New Zealand,HM Nicholls,JDS Neesham,N Pradeep,6,0,"",""
ball,1,47.5,New Zealand,HM Nicholls,JDS Neesham,N Pradeep,0,0,"",""
ball,1,47.6,New Zealand,HM Nicholls,JDS Neesham,N Pradeep,4,0,"",""
ball,1,47.7,New Zealand,HM Nicholls,JDS Neesham,N Pradeep,2,0,"",""
ball,1,48.1,New Zealand,JDS Neesham,HM Nicholls,SL Malinga,1,0,"",""
ball,1,48.2,New Zealand,HM Nicholls,JDS Neesham,SL Malinga,6,0,"",""
ball,1,48.3,New Zealand,HM Nicholls,JDS Neesham,SL Malinga,0,0,"",""
ball,1,48.4,New Zealand,HM Nicholls,JDS Neesham,SL Malinga,1,0,"",""
ball,1,48.5,New Zealand,JDS Neesham,HM Nicholls,SL Malinga,4,0,"",""
ball,1,48.6,New Zealand,JDS Neesham,HM Nicholls,SL Malinga,0,1,"",""
ball,1,48.7,New Zealand,JDS Neesham,HM Nicholls,SL Malinga,6,0,"",""
ball,1,49.1,New Zealand,HM Nicholls,JDS Neesham,N Pradeep,4,0,"",""
ball,1,49.2,New Zealand,HM Nicholls,JDS Neesham,N Pradeep,4,0,"",""
ball,1,49.3,New Zealand,HM Nicholls,JDS Neesham,N Pradeep,2,0,"",""
ball,1,49.4,New Zealand,HM Nicholls,JDS Neesham,N Pradeep,4,1,"",""
ball,1,49.5,New Zealand,HM Nicholls,JDS Neesham,N Pradeep,6,0,"",""
ball,1,49.6,New Zealand,HM Nicholls,JDS Neesham,N Pradeep,2,0,"",""
ball,1,49.7,New Zealand,HM Nicholls,JDS Neesham,N Pradeep,0,1,"",""
ball,2,0.1,Sri Lanka,N Dickwella,DM de Silva,TG Southee,0,0,"",""
ball,2,0.2,Sri Lanka,N Dickwella,DM de Silva,TG Southee,0,0,"",""
ball,2,0.3,Sri Lanka,N Dickwella,DM de Silva,TG Southee,0,0,"",""
ball,2,0.4,Sri Lanka,N Dickwella,DM de Silva,TG Southee,1,0,"",""
ball,2,0.5,Sri Lanka,DM de Silva,N Dickwella,TG Southee,0,0,"",""
ball,2,0.6,Sri Lanka,DM de Silva,N Dickwella,TG Southee,1,0,"",""
ball,2,1.1,Sri Lanka,DM de Silva,N Dickwella,MJ Henry,0,0,"",""
ball,2,1.2,Sri Lanka,DM de Silva,N Dickwella,MJ Henry,3,0,"",""
ball,2,1.3,Sri Lanka,N Dickwella,DM de Silva,MJ Henry,2,0,"",""
ball,2,1.4,Sri Lanka,N Dickwella,DM de Silva,MJ Henry,1,0,"",""
ball,2,1.5,Sri Lanka,DM de Silva,N Dickwella,MJ Henry,4,0,"",""
ball,2,1.6,Sri Lanka,DM de Silva,N Dickwella,MJ Henry,0,0,"",""
ball,2,2.1,Sri Lanka,N Dickwella,DM de Silva,TG Southee,2,0,"",""
ball,2,2.2,Sri Lanka,N Dickwella,DM de Silva,TG Southee,4,0,"",""
ball,2,2.3,Sri Lanka,N Dickwella,DM de Silva,TG Southee,1,0,"",""
ball,2,2.4,Sri Lanka,DM de Silva,N Dickwella,TG Southee,1,0,"",""
ball,2,2.5,Sri Lanka,N Dickwella,DM de Silva,TG Southee,1,0,"",""
ball,2,2.6,Sri Lanka,DM de Silva,N Dickwella,TG Southee,0,1,"",""
ball,2,3.1,Sri Lanka,DM de Silva,N Dickwella,MJ Henry,0,0,"",""
ball,2,3.2,Sri Lanka,DM de Silva,N Dickwella,MJ Henry,2,0,"",""
ball,2,3.3,Sri Lanka,DM de Silva,N Dickwella,MJ Henry,0,0,"",""
ball,2,3.4,Sri Lanka,DM de Silva,N Dickwella,MJ Henry,4,0,"",""
ball,2,3.5,Sri Lanka,DM de Silva,N Dickwella,MJ Henry,0,0,"",""
ball,2,3.6,Sri Lanka,DM de Silva,N Dickwella,MJ Henry,4,0,"",""
ball,2,4.1,Sri Lanka,N Dickwella,DM de Silva,TG Southee,0,0,"",""
ball,2,4.2,Sri Lanka,N Dickwella,DM de Silva,TG Southee,0,1,"",""
ball,2,4.3,Sri Lanka,N Dickwella,DM de Silva,TG Southee,0,0,"",""
ball,2,4.4,Sri Lanka,N Dickwella,DM de Silva,TG Southee,0,0,"",""
ball,2,4.5,Sri Lanka,N Dickwella,DM de Silva,TG Southee,1,0,"",""
ball,2,4.6,Sri Lanka,DM de Silva,N Dickwella,TG Southee,0,0,"",""
ball,2,4.7,Sri Lanka,DM de Silva,N Dickwella,TG Southee,0,1,"",""
ball,2,5.1,Sri Lanka,DM de Silva,N Dickwella,LH Ferguson,0,0,"",""
ball,2,5.2,Sri Lanka,DM de Silva,N Dickwella,LH Ferguson,0,0,"",""
ball,2,5.3,Sri Lanka,DM de Silva,N Dickwella,LH Ferguson,1,0,"",""
ball,2,5.4,Sri Lanka,N Dickwella,DM de Silva,LH Ferguson,4,0,"",""
ball,2,5.5,Sri Lanka,N Dickwella,DM de Silva,LH Ferguson,6,0,"",""
ball,2,5.6,Sri Lanka,N Dickwella,DM de Silva,LH Ferguson,1,0,"",""
ball,2,6.1,Sri Lanka,N Dickwella,DM de Silva,TG Southee,1,0,"",""
ball,2,6.2,Sri Lanka,DM de Silva,N Dickwella,TG Southee,0,0,"",""
ball,2,6.3,Sri Lanka,DM de Silva,N Dickwella,TG Southee,4,0,"",""
ball,2,6.4,Sri Lanka,DM de Silva,N Dickwella,TG Southee,4,0,"",""
ball,2,6.5,Sri Lanka,DM de Silva,N Dickwella,TG Southee,1,0,"",""
ball,2,6.6,Sri Lanka,N Dickwella,DM de Silva,TG Southee,1,0,"",""
ball,2,7.1,Sri Lanka,N Dickwella,DM de Silva,LH Ferguson,1,0,"",""
ball,2,7.2,Sri Lanka,DM de Silva,N Dickwella,LH Ferguson,0,0,"",""
ball,2,7.3,Sri Lanka,DM de Silva,N Dickwella,LH Ferguson,0,0,"",""
ball,2,7.4,Sri Lanka,DM de Silva,N Dickwella,LH Ferguson,6,0,"",""
ball,2,7.5,Sri Lanka,DM de Silva,N Dickwella,LH Ferguson,0,0,"",""
ball,2,7.6,Sri Lanka,DM de Silva,N Dickwella,LH Ferguson,1,0,"",""
ball,2,8.1,Sri Lanka,DM de Silva,N Dickwella,TG Southee,0,0,lbw,DM de Silva
ball,2,8.2,Sri Lanka,MDKJ Perera,N Dickwella,TG Southee,0,0,"",""
ball,2,8.3,Sri Lanka,MDKJ Perera,N Dickwella,TG Southee,0,0,"",""
ball,2,8.4,Sri Lanka,MDKJ Perera,N Dickwella,TG Southee,0,0,"",""
ball,2,8.5,Sri Lanka,MDKJ Perera,N Dickwella,TG Southee,4,0,"",""
ball,2,8.6,Sri Lanka,MDKJ Perera,N Dickwella,TG Southee,0,0,"",""
ball,2,9.1,Sri Lanka,N Dickwella,MDKJ Perera,MJ Henry,1,0,"",""
ball,2,9.2,Sri Lanka,MDKJ Perera,N Dickwella,MJ Henry,0,0,"",""
ball,2,9.3,Sri Lanka,MDKJ Perera,N Dickwella,MJ Henry,0,0,"",""
ball,2,9.4,Sri Lanka,MDKJ Perera,N Dickwella,MJ Henry,1,0,"",""
ball,2,9.5,Sri Lanka,N Dickwella,MDKJ Perera,MJ Henry,1,0,"",""
ball,2,9.6,Sri Lanka,MDKJ Perera,N Dickwella,MJ Henry,0,0,"",""
ball,2,10.1,Sri Lanka,N Dickwella,MDKJ Perera,JDS Neesham,0,0,"",""
ball,2,10.2,Sri Lanka,N Dickwella,MDKJ Perera,JDS Neesham,0,0,"",""
ball,2,10.3,Sri Lanka,N Dickwella,MDKJ Perera,JDS Neesham,1,0,"",""
ball,2,10.4,Sri Lanka,MDKJ Perera,N Dickwella,JDS Neesham,4,0,"",""
ball,2,10.5,Sri Lanka,MDKJ Perera,N Dickwella,JDS Neesham,0,0,"",""
ball,2,10.6,Sri Lanka,MDKJ Perera,N Dickwella,JDS Neesham,1,0,"",""
ball,2,11.1,Sri Lanka,MDKJ Perera,N Dickwella,KS Williamson,0,0,"",""
ball,2,11.2,Sri Lanka,MDKJ Perera,N Dickwella,KS Williamson,0,0,"",""
ball,2,11.3,Sri Lanka,MDKJ Perera,N Dickwella,KS Williamson,1,0,"",""
ball,2,11.4,Sri Lanka,N Dickwella,MDKJ Perera,KS Williamson,1,0,"",""
ball,2,11.5,Sri Lanka,MDKJ Perera,N Dickwella,KS Williamson,1,0,"",""
ball,2,11.6,Sri Lanka,N Dickwella,MDKJ Perera,KS Williamson,4,0,"",""
ball,2,12.1,Sri Lanka,MDKJ Perera,N Dickwella,JDS Neesham,1,0,"",""
ball,2,12.2,Sri Lanka,N Dickwella,MDKJ Perera,JDS Neesham,1,0,"",""
ball,2,12.3,Sri Lanka,MDKJ Perera,N Dickwella,JDS Neesham,4,0,"",""
ball,2,12.4,Sri Lanka,MDKJ Perera,N Dickwella,JDS Neesham,1,0,"",""
ball,2,12.5,Sri Lanka,N Dickwella,MDKJ Perera,JDS Neesham,1,0,"",""
ball,2,12.6,Sri Lanka,MDKJ Perera,N Dickwella,JDS Neesham,0,0,"",""
ball,2,13.1,Sri Lanka,N Dickwella,MDKJ Perera,IS Sodhi,0,0,"",""
ball,2,13.2,Sri Lanka,N Dickwella,MDKJ Perera,IS Sodhi,1,0,"",""
ball,2,13.3,Sri Lanka,MDKJ Perera,N Dickwella,IS Sodhi,2,0,"",""
ball,2,13.4,Sri Lanka,MDKJ Perera,N Dickwella,IS Sodhi,0,0,"",""
ball,2,13.5,Sri Lanka,MDKJ Perera,N Dickwella,IS Sodhi,1,0,"",""
ball,2,13.6,Sri Lanka,N Dickwella,MDKJ Perera,IS Sodhi,1,0,"",""
ball,2,14.1,Sri Lanka,N Dickwella,MDKJ Perera,JDS Neesham,0,0,"",""
ball,2,14.2,Sri Lanka,N Dickwella,MDKJ Perera,JDS Neesham,6,0,"",""
ball,2,14.3,Sri Lanka,N Dickwella,MDKJ Perera,JDS Neesham,1,0,"",""
ball,2,14.4,Sri Lanka,MDKJ Perera,N Dickwella,JDS Neesham,1,0,"",""
ball,2,14.5,Sri Lanka,N Dickwella,MDKJ Perera,JDS Neesham,0,0,"",""
ball,2,14.6,Sri Lanka,N Dickwella,MDKJ Perera,JDS Neesham,0,0,caught,N Dickwella
ball,2,15.1,Sri Lanka,MDKJ Perera,BKG Mendis,IS Sodhi,0,0,run out,BKG Mendis
ball,2,15.2,Sri Lanka,MD Shanaka,MDKJ Perera,IS Sodhi,0,0,"",""
ball,2,15.3,Sri Lanka,MD Shanaka,MDKJ Perera,IS Sodhi,0,0,"",""
ball,2,15.4,Sri Lanka,MD Shanaka,MDKJ Perera,IS Sodhi,0,1,"",""
ball,2,15.5,Sri Lanka,MDKJ Perera,MD Shanaka,IS Sodhi,1,0,"",""
ball,2,15.6,Sri Lanka,MD Shanaka,MDKJ Perera,IS Sodhi,1,0,"",""
ball,2,16.1,Sri Lanka,MD Shanaka,MDKJ Perera,JDS Neesham,0,0,"",""
ball,2,16.2,Sri Lanka,MD Shanaka,MDKJ Perera,JDS Neesham,1,0,"",""
ball,2,16.3,Sri Lanka,MDKJ Perera,MD Shanaka,JDS Neesham,0,0,"",""
ball,2,16.4,Sri Lanka,MDKJ Perera,MD Shanaka,JDS Neesham,2,0,"",""
ball,2,16.5,Sri Lanka,MDKJ Perera,MD Shanaka,JDS Neesham,0,0,"",""
ball,2,16.6,Sri Lanka,MDKJ Perera,MD Shanaka,JDS Neesham,4,0,"",""
ball,2,17.1,Sri Lanka,MD Shanaka,MDKJ Perera,IS Sodhi,0,0,lbw,MD Shanaka
ball,2,17.2,Sri Lanka,NLTC Perera,MDKJ Perera,IS Sodhi,0,0,"",""
ball,2,17.3,Sri Lanka,NLTC Perera,MDKJ Perera,IS Sodhi,0,0,"",""
ball,2,17.4,Sri Lanka,NLTC Perera,MDKJ Perera,IS Sodhi,0,0,"",""
ball,2,17.5,Sri Lanka,NLTC Perera,MDKJ Perera,IS Sodhi,0,0,"",""
ball,2,17.6,Sri Lanka,NLTC Perera,MDKJ Perera,IS Sodhi,1,0,"",""
ball,2,18.1,Sri Lanka,NLTC Perera,MDKJ Perera,LH Ferguson,0,0,"",""
ball,2,18.2,Sri Lanka,NLTC Perera,MDKJ Perera,LH Ferguson,4,0,"",""
ball,2,18.3,Sri Lanka,NLTC Perera,MDKJ Perera,LH Ferguson,1,0,"",""
ball,2,18.4,Sri Lanka,MDKJ Perera,NLTC Perera,LH Ferguson,0,0,"",""
ball,2,18.5,Sri Lanka,MDKJ Perera,NLTC Perera,LH Ferguson,0,0,"",""
ball,2,18.6,Sri Lanka,MDKJ Perera,NLTC Perera,LH Ferguson,0,0,"",""
ball,2,19.1,Sri Lanka,NLTC Perera,MDKJ Perera,IS Sodhi,0,0,"",""
ball,2,19.2,Sri Lanka,NLTC Perera,MDKJ Perera,IS Sodhi,2,0,"",""
ball,2,19.3,Sri Lanka,NLTC Perera,MDKJ Perera,IS Sodhi,1,0,"",""
ball,2,19.4,Sri Lanka,MDKJ Perera,NLTC Perera,IS Sodhi,0,0,"",""
ball,2,19.5,Sri Lanka,MDKJ Perera,NLTC Perera,IS Sodhi,1,0,"",""
ball,2,19.6,Sri Lanka,NLTC Perera,MDKJ Perera,IS Sodhi,0,0,"",""
ball,2,20.1,Sri Lanka,MDKJ Perera,NLTC Perera,LH Ferguson,0,0,"",""
ball,2,20.2,Sri Lanka,MDKJ Perera,NLTC Perera,LH Ferguson,0,0,"",""
ball,2,20.3,Sri Lanka,MDKJ Perera,NLTC Perera,LH Ferguson,4,0,"",""
ball,2,20.4,Sri Lanka,MDKJ Perera,NLTC Perera,LH Ferguson,0,0,"",""
ball,2,20.5,Sri Lanka,MDKJ Perera,NLTC Perera,LH Ferguson,1,0,"",""
ball,2,20.6,Sri Lanka,NLTC Perera,MDKJ Perera,LH Ferguson,0,0,"",""
ball,2,21.1,Sri Lanka,MDKJ Perera,NLTC Perera,IS Sodhi,0,0,"",""
ball,2,21.2,Sri Lanka,MDKJ Perera,NLTC Perera,IS Sodhi,1,0,"",""
ball,2,21.3,Sri Lanka,NLTC Perera,MDKJ Perera,IS Sodhi,2,0,"",""
ball,2,21.4,Sri Lanka,NLTC Perera,MDKJ Perera,IS Sodhi,1,0,"",""
ball,2,21.5,Sri Lanka,MDKJ Perera,NLTC Perera,IS Sodhi,1,0,"",""
ball,2,21.6,Sri Lanka,NLTC Perera,MDKJ Perera,IS Sodhi,0,0,"",""
ball,2,22.1,Sri Lanka,MDKJ Perera,NLTC Perera,LH Ferguson,6,0,"",""
ball,2,22.2,Sri Lanka,MDKJ Perera,NLTC Perera,LH Ferguson,0,0,"",""
ball,2,22.3,Sri Lanka,MDKJ Perera,NLTC Perera,LH Ferguson,0,0,"",""
ball,2,22.4,Sri Lanka,MDKJ Perera,NLTC Perera,LH Ferguson,0,0,"",""
ball,2,22.5,Sri Lanka,MDKJ Perera,NLTC Perera,LH Ferguson,0,0,"",""
ball,2,22.6,Sri Lanka,MDKJ Perera,NLTC Perera,LH Ferguson,0,0,caught,MDKJ Perera
ball,2,23.1,Sri Lanka,NLTC Perera,MD Gunathilaka,KS Williamson,1,0,"",""
ball,2,23.2,Sri Lanka,MD Gunathilaka,NLTC Perera,KS Williamson,1,0,"",""
ball,2,23.3,Sri Lanka,NLTC Perera,MD Gunathilaka,KS Williamson,0,0,"",""
ball,2,23.4,Sri Lanka,NLTC Perera,MD Gunathilaka,KS Williamson,1,0,"",""
ball,2,23.5,Sri Lanka,MD Gunathilaka,NLTC Perera,KS Williamson,1,0,"",""
ball,2,23.6,Sri Lanka,NLTC Perera,MD Gunathilaka,KS Williamson,0,0,"",""
ball,2,24.1,Sri Lanka,MD Gunathilaka,NLTC Perera,LH Ferguson,0,0,"",""
ball,2,24.2,Sri Lanka,MD Gunathilaka,NLTC Perera,LH Ferguson,0,0,"",""
ball,2,24.3,Sri Lanka,MD Gunathilaka,NLTC Perera,LH Ferguson,0,0,"",""
ball,2,24.4,Sri Lanka,MD Gunathilaka,NLTC Perera,LH Ferguson,0,0,"",""
ball,2,24.5,Sri Lanka,MD Gunathilaka,NLTC Perera,LH Ferguson,1,0,"",""
ball,2,24.6,Sri Lanka,NLTC Perera,MD Gunathilaka,LH Ferguson,0,0,"",""
ball,2,25.1,Sri Lanka,MD Gunathilaka,NLTC Perera,KS Williamson,1,0,"",""
ball,2,25.2,Sri Lanka,NLTC Perera,MD Gunathilaka,KS Williamson,1,0,"",""
ball,2,25.3,Sri Lanka,MD Gunathilaka,NLTC Perera,KS Williamson,1,0,"",""
ball,2,25.4,Sri Lanka,NLTC Perera,MD Gunathilaka,KS Williamson,1,0,"",""
ball,2,25.5,Sri Lanka,MD Gunathilaka,NLTC Perera,KS Williamson,0,0,"",""
ball,2,25.6,Sri Lanka,MD Gunathilaka,NLTC Perera,KS Williamson,0,0,"",""
ball,2,26.1,Sri Lanka,NLTC Perera,MD Gunathilaka,MJ Henry,4,0,"",""
ball,2,26.2,Sri Lanka,NLTC Perera,MD Gunathilaka,MJ Henry,1,0,"",""
ball,2,26.3,Sri Lanka,MD Gunathilaka,NLTC Perera,MJ Henry,0,0,"",""
ball,2,26.4,Sri Lanka,MD Gunathilaka,NLTC Perera,MJ Henry,1,0,"",""
ball,2,26.5,Sri Lanka,NLTC Perera,MD Gunathilaka,MJ Henry,0,0,"",""
ball,2,26.6,Sri Lanka,NLTC Perera,MD Gunathilaka,MJ Henry,1,0,"",""
ball,2,27.1,Sri Lanka,NLTC Perera,MD Gunathilaka,KS Williamson,1,0,"",""
ball,2,27.2,Sri Lanka,MD Gunathilaka,NLTC Perera,KS Williamson,2,0,"",""
ball,2,27.3,Sri Lanka,MD Gunathilaka,NLTC Perera,KS Williamson,0,0,"",""
ball,2,27.4,Sri Lanka,MD Gunathilaka,NLTC Perera,KS Williamson,0,0,"",""
ball,2,27.5,Sri Lanka,MD Gunathilaka,NLTC Perera,KS Williamson,0,0,"",""
ball,2,27.6,Sri Lanka,MD Gunathilaka,NLTC Perera,KS Williamson,1,0,"",""
ball,2,28.1,Sri Lanka,MD Gunathilaka,NLTC Perera,MJ Henry,2,0,"",""
ball,2,28.2,Sri Lanka,MD Gunathilaka,NLTC Perera,MJ Henry,1,0,"",""
ball,2,28.3,Sri Lanka,NLTC Perera,MD Gunathilaka,MJ Henry,6,0,"",""
ball,2,28.4,Sri Lanka,NLTC Perera,MD Gunathilaka,MJ Henry,0,0,"",""
ball,2,28.5,Sri Lanka,NLTC Perera,MD Gunathilaka,MJ Henry,2,0,"",""
ball,2,28.6,Sri Lanka,NLTC Perera,MD Gunathilaka,MJ Henry,1,0,"",""
ball,2,29.1,Sri Lanka,NLTC Perera,MD Gunathilaka,KS Williamson,1,0,"",""
ball,2,29.2,Sri Lanka,MD Gunathilaka,NLTC Perera,KS Williamson,1,0,"",""
ball,2,29.3,Sri Lanka,NLTC Perera,MD Gunathilaka,KS Williamson,1,0,"",""
ball,2,29.4,Sri Lanka,MD Gunathilaka,NLTC Perera,KS Williamson,0,0,"",""
ball,2,29.5,Sri Lanka,MD Gunathilaka,NLTC Perera,KS Williamson,1,0,"",""
ball,2,29.6,Sri Lanka,NLTC Perera,MD Gunathilaka,KS Williamson,1,0,"",""
ball,2,30.1,Sri Lanka,NLTC Perera,MD Gunathilaka,MJ Henry,1,0,"",""
ball,2,30.2,Sri Lanka,MD Gunathilaka,NLTC Perera,MJ Henry,0,0,"",""
ball,2,30.3,Sri Lanka,MD Gunathilaka,NLTC Perera,MJ Henry,0,0,"",""
ball,2,30.4,Sri Lanka,MD Gunathilaka,NLTC Perera,MJ Henry,1,0,"",""
ball,2,30.5,Sri Lanka,NLTC Perera,MD Gunathilaka,MJ Henry,4,0,"",""
ball,2,30.6,Sri Lanka,NLTC Perera,MD Gunathilaka,MJ Henry,4,0,"",""
ball,2,31.1,Sri Lanka,MD Gunathilaka,NLTC Perera,IS Sodhi,0,0,"",""
ball,2,31.2,Sri Lanka,MD Gunathilaka,NLTC Perera,IS Sodhi,0,0,"",""
ball,2,31.3,Sri Lanka,MD Gunathilaka,NLTC Perera,IS Sodhi,1,0,"",""
ball,2,31.4,Sri Lanka,NLTC Perera,MD Gunathilaka,IS Sodhi,0,0,"",""
ball,2,31.5,Sri Lanka,NLTC Perera,MD Gunathilaka,IS Sodhi,1,0,"",""
ball,2,31.6,Sri Lanka,MD Gunathilaka,NLTC Perera,IS Sodhi,0,0,"",""
ball,2,32.1,Sri Lanka,NLTC Perera,MD Gunathilaka,TG Southee,0,1,"",""
ball,2,32.2,Sri Lanka,NLTC Perera,MD Gunathilaka,TG Southee,1,0,"",""
ball,2,32.3,Sri Lanka,MD Gunathilaka,NLTC Perera,TG Southee,0,0,"",""
ball,2,32.4,Sri Lanka,MD Gunathilaka,NLTC Perera,TG Southee,0,0,"",""
ball,2,32.5,Sri Lanka,MD Gunathilaka,NLTC Perera,TG Southee,0,1,"",""
ball,2,32.6,Sri Lanka,MD Gunathilaka,NLTC Perera,TG Southee,0,0,"",""
ball,2,32.7,Sri Lanka,MD Gunathilaka,NLTC Perera,TG Southee,0,0,"",""
ball,2,32.8,Sri Lanka,MD Gunathilaka,NLTC Perera,TG Southee,0,0,"",""
ball,2,33.1,Sri Lanka,NLTC Perera,MD Gunathilaka,IS Sodhi,6,0,"",""
ball,2,33.2,Sri Lanka,NLTC Perera,MD Gunathilaka,IS Sodhi,0,0,"",""
ball,2,33.3,Sri Lanka,NLTC Perera,MD Gunathilaka,IS Sodhi,0,0,"",""
ball,2,33.4,Sri Lanka,NLTC Perera,MD Gunathilaka,IS Sodhi,6,0,"",""
ball,2,33.5,Sri Lanka,NLTC Perera,MD Gunathilaka,IS Sodhi,1,0,"",""
ball,2,33.6,Sri Lanka,MD Gunathilaka,NLTC Perera,IS Sodhi,1,0,"",""
ball,2,34.1,Sri Lanka,MD Gunathilaka,NLTC Perera,JDS Neesham,1,0,"",""
ball,2,34.2,Sri Lanka,NLTC Perera,MD Gunathilaka,JDS Neesham,1,0,"",""
ball,2,34.3,Sri Lanka,MD Gunathilaka,NLTC Perera,JDS Neesham,0,0,"",""
ball,2,34.4,Sri Lanka,MD Gunathilaka,NLTC Perera,JDS Neesham,1,0,"",""
ball,2,34.5,Sri Lanka,NLTC Perera,MD Gunathilaka,JDS Neesham,1,0,"",""
ball,2,34.6,Sri Lanka,MD Gunathilaka,NLTC Perera,JDS Neesham,1,0,"",""
ball,2,35.1,Sri Lanka,MD Gunathilaka,NLTC Perera,IS Sodhi,1,0,"",""
ball,2,35.2,Sri Lanka,NLTC Perera,MD Gunathilaka,IS Sodhi,1,0,"",""
ball,2,35.3,Sri Lanka,MD Gunathilaka,NLTC Perera,IS Sodhi,1,0,"",""
ball,2,35.4,Sri Lanka,NLTC Perera,MD Gunathilaka,IS Sodhi,0,0,"",""
ball,2,35.5,Sri Lanka,NLTC Perera,MD Gunathilaka,IS Sodhi,2,0,"",""
ball,2,35.6,Sri Lanka,NLTC Perera,MD Gunathilaka,IS Sodhi,2,0,"",""
ball,2,36.1,Sri Lanka,MD Gunathilaka,NLTC Perera,TG Southee,1,0,"",""
ball,2,36.2,Sri Lanka,NLTC Perera,MD Gunathilaka,TG Southee,4,0,"",""
ball,2,36.3,Sri Lanka,NLTC Perera,MD Gunathilaka,TG Southee,4,0,"",""
ball,2,36.4,Sri Lanka,NLTC Perera,MD Gunathilaka,TG Southee,0,1,"",""
ball,2,36.5,Sri Lanka,NLTC Perera,MD Gunathilaka,TG Southee,0,0,"",""
ball,2,36.6,Sri Lanka,NLTC Perera,MD Gunathilaka,TG Southee,1,0,"",""
ball,2,36.7,Sri Lanka,MD Gunathilaka,NLTC Perera,TG Southee,4,0,"",""
ball,2,37.1,Sri Lanka,NLTC Perera,MD Gunathilaka,MJ Henry,1,0,"",""
ball,2,37.2,Sri Lanka,MD Gunathilaka,NLTC Perera,MJ Henry,1,0,"",""
ball,2,37.3,Sri Lanka,NLTC Perera,MD Gunathilaka,MJ Henry,0,0,"",""
ball,2,37.4,Sri Lanka,NLTC Perera,MD Gunathilaka,MJ Henry,0,1,"",""
ball,2,37.5,Sri Lanka,NLTC Perera,MD Gunathilaka,MJ Henry,4,0,"",""
ball,2,37.6,Sri Lanka,NLTC Perera,MD Gunathilaka,MJ Henry,0,0,"",""
ball,2,37.7,Sri Lanka,NLTC Perera,MD Gunathilaka,MJ Henry,0,0,"",""
ball,2,38.1,Sri Lanka,MD Gunathilaka,NLTC Perera,LH Ferguson,1,0,"",""
ball,2,38.2,Sri Lanka,NLTC Perera,MD Gunathilaka,LH Ferguson,0,0,"",""
ball,2,38.3,Sri Lanka,NLTC Perera,MD Gunathilaka,LH Ferguson,0,0,caught,NLTC Perera
ball,2,38.4,Sri Lanka,MD Gunathilaka,PVD Chameera,LH Ferguson,0,0,"",""
ball,2,38.5,Sri Lanka,MD Gunathilaka,PVD Chameera,LH Ferguson,1,0,"",""
ball,2,38.6,Sri Lanka,PVD Chameera,MD Gunathilaka,LH Ferguson,0,0,"",""
ball,2,39.1,Sri Lanka,MD Gunathilaka,PVD Chameera,MJ Henry,1,0,"",""
ball,2,39.2,Sri Lanka,PVD Chameera,MD Gunathilaka,MJ Henry,0,0,"",""
ball,2,39.3,Sri Lanka,PVD Chameera,MD Gunathilaka,MJ Henry,0,0,"",""
ball,2,39.4,Sri Lanka,PVD Chameera,MD Gunathilaka,MJ Henry,0,1,"",""
ball,2,39.5,Sri Lanka,PVD Chameera,MD Gunathilaka,MJ Henry,0,0,"",""
ball,2,39.6,Sri Lanka,PVD Chameera,MD Gunathilaka,MJ Henry,0,0,"",""
ball,2,39.7,Sri Lanka,PVD Chameera,MD Gunathilaka,MJ Henry,1,0,"",""
ball,2,40.1,Sri Lanka,PVD Chameera,MD Gunathilaka,LH Ferguson,0,0,"",""
ball,2,40.2,Sri Lanka,PVD Chameera,MD Gunathilaka,LH Ferguson,0,1,"",""
ball,2,40.3,Sri Lanka,PVD Chameera,MD Gunathilaka,LH Ferguson,0,0,caught,PVD Chameera
ball,2,40.4,Sri Lanka,MD Gunathilaka,SL Malinga,LH Ferguson,0,0,"",""
ball,2,40.5,Sri Lanka,MD Gunathilaka,SL Malinga,LH Ferguson,0,0,"",""
ball,2,40.6,Sri Lanka,MD Gunathilaka,SL Malinga,LH Ferguson,0,0,bowled,MD Gunathilaka
ball,2,40.7,Sri Lanka,PADLR Sandakan,SL Malinga,LH Ferguson,0,0,"",""
ball,2,41.1,Sri Lanka,SL Malinga,PADLR Sandakan,IS Sodhi,0,0,stumped,SL Malinga
ball,2,41.2,Sri Lanka,N Pradeep,PADLR Sandakan,IS Sodhi,0,0,"",""
ball,2,41.3,Sri Lanka,N Pradeep,PADLR Sandakan,IS Sodhi,0,0,"",""
ball,2,41.4,Sri Lanka,N Pradeep,PADLR Sandakan,IS Sodhi,0,0,bowled,N Pradeep
