version,1.3.0
info,team,New Zealand
info,team,Sri Lanka
info,gender,male
info,season,2018/19
info,date,2019/01/05
info,series,Sri Lanka tour of New Zealand 2018/19
info,match_number,2
info,venue,Bay Oval
info,city,Mount Maunganui
info,toss_winner,New Zealand
info,toss_decision,bat
info,player_of_match,NLTC Perera
info,umpire,SB Haig
info,umpire,RK Illingworth
info,reserve_umpire,CM Brown
info,tv_umpire,P Wilson
info,match_referee,RB Richardson
info,winner,New Zealand
info,winner_runs,21
ball,1,0.1,New Zealand,MJ Guptill,C Munro,SL Malinga,1,0,"",""
ball,1,0.2,New Zealand,C Munro,MJ Guptill,SL Malinga,0,0,"",""
ball,1,0.3,New Zealand,C Munro,MJ Guptill,SL Malinga,0,0,"",""
ball,1,0.4,New Zealand,C Munro,MJ Guptill,SL Malinga,1,0,"",""
ball,1,0.5,New Zealand,MJ Guptill,C Munro,SL Malinga,1,0,"",""
ball,1,0.6,New Zealand,C Munro,MJ Guptill,SL Malinga,1,0,"",""
ball,1,1.1,New Zealand,C Munro,MJ Guptill,N Pradeep,4,0,"",""
ball,1,1.2,New Zealand,C Munro,MJ Guptill,N Pradeep,2,0,"",""
ball,1,1.3,New Zealand,C Munro,MJ Guptill,N Pradeep,4,0,"",""
ball,1,1.4,New Zealand,C Munro,MJ Guptill,N Pradeep,4,0,"",""
ball,1,1.5,New Zealand,C Munro,MJ Guptill,N Pradeep,1,0,"",""
ball,1,1.6,New Zealand,MJ Guptill,C Munro,N Pradeep,1,0,"",""
ball,1,2.1,New Zealand,MJ Guptill,C Munro,SL Malinga,0,0,"",""
ball,1,2.2,New Zealand,MJ Guptill,C Munro,SL Malinga,0,0,"",""
ball,1,2.3,New Zealand,MJ Guptill,C Munro,SL Malinga,1,0,"",""
ball,1,2.4,New Zealand,C Munro,MJ Guptill,SL Malinga,1,0,"",""
ball,1,2.5,New Zealand,MJ Guptill,C Munro,SL Malinga,1,0,"",""
ball,1,2.6,New Zealand,C Munro,MJ Guptill,SL Malinga,0,0,"",""
ball,1,3.1,New Zealand,MJ Guptill,C Munro,N Pradeep,1,0,"",""
ball,1,3.2,New Zealand,C Munro,MJ Guptill,N Pradeep,1,0,"",""
ball,1,3.3,New Zealand,MJ Guptill,C Munro,N Pradeep,1,0,"",""
ball,1,3.4,New Zealand,C Munro,MJ Guptill,N Pradeep,1,0,"",""
ball,1,3.5,New Zealand,MJ Guptill,C Munro,N Pradeep,0,0,"",""
ball,1,3.6,New Zealand,MJ Guptill,C Munro,N Pradeep,2,0,"",""
ball,1,4.1,New Zealand,C Munro,MJ Guptill,SL Malinga,0,0,"",""
ball,1,4.2,New Zealand,C Munro,MJ Guptill,SL Malinga,1,0,"",""
ball,1,4.3,New Zealand,MJ Guptill,C Munro,SL Malinga,0,0,"",""
ball,1,4.4,New Zealand,MJ Guptill,C Munro,SL Malinga,0,0,"",""
ball,1,4.5,New Zealand,MJ Guptill,C Munro,SL Malinga,4,0,"",""
ball,1,4.6,New Zealand,MJ Guptill,C Munro,SL Malinga,0,0,caught,MJ Guptill
ball,1,5.1,New Zealand,C Munro,KS Williamson,N Pradeep,1,0,"",""
ball,1,5.2,New Zealand,KS Williamson,C Munro,N Pradeep,0,0,"",""
ball,1,5.3,New Zealand,KS Williamson,C Munro,N Pradeep,1,0,"",""
ball,1,5.4,New Zealand,C Munro,KS Williamson,N Pradeep,1,0,"",""
ball,1,5.5,New Zealand,KS Williamson,C Munro,N Pradeep,0,0,"",""
ball,1,5.6,New Zealand,KS Williamson,C Munro,N Pradeep,0,0,"",""
ball,1,6.1,New Zealand,C Munro,KS Williamson,SL Malinga,0,0,"",""
ball,1,6.2,New Zealand,C Munro,KS Williamson,SL Malinga,0,0,"",""
ball,1,6.3,New Zealand,C Munro,KS Williamson,SL Malinga,0,0,"",""
ball,1,6.4,New Zealand,C Munro,KS Williamson,SL Malinga,1,0,"",""
ball,1,6.5,New Zealand,KS Williamson,C Munro,SL Malinga,0,0,"",""
ball,1,6.6,New Zealand,KS Williamson,C Munro,SL Malinga,0,0,"",""
ball,1,7.1,New Zealand,C Munro,KS Williamson,N Pradeep,1,0,"",""
ball,1,7.2,New Zealand,KS Williamson,C Munro,N Pradeep,0,0,"",""
ball,1,7.3,New Zealand,KS Williamson,C Munro,N Pradeep,0,0,"",""
ball,1,7.4,New Zealand,KS Williamson,C Munro,N Pradeep,0,0,caught,KS Williamson
ball,1,7.5,New Zealand,C Munro,LRPL Taylor,N Pradeep,0,0,"",""
ball,1,7.6,New Zealand,C Munro,LRPL Taylor,N Pradeep,1,0,"",""
ball,1,8.1,New Zealand,C Munro,LRPL Taylor,SL Malinga,0,0,"",""
ball,1,8.2,New Zealand,C Munro,LRPL Taylor,SL Malinga,4,0,"",""
ball,1,8.3,New Zealand,C Munro,LRPL Taylor,SL Malinga,0,0,"",""
ball,1,8.4,New Zealand,C Munro,LRPL Taylor,SL Malinga,4,0,"",""
ball,1,8.5,New Zealand,C Munro,LRPL Taylor,SL Malinga,0,0,"",""
ball,1,8.6,New Zealand,C Munro,LRPL Taylor,SL Malinga,0,0,"",""
ball,1,9.1,New Zealand,LRPL Taylor,C Munro,N Pradeep,0,0,"",""
ball,1,9.2,New Zealand,LRPL Taylor,C Munro,N Pradeep,0,0,"",""
ball,1,9.3,New Zealand,LRPL Taylor,C Munro,N Pradeep,0,0,"",""
ball,1,9.4,New Zealand,LRPL Taylor,C Munro,N Pradeep,0,0,"",""
ball,1,9.5,New Zealand,LRPL Taylor,C Munro,N Pradeep,1,0,"",""
ball,1,9.6,New Zealand,C Munro,LRPL Taylor,N Pradeep,1,0,"",""
ball,1,10.1,New Zealand,C Munro,LRPL Taylor,MD Gunathilaka,4,0,"",""
ball,1,10.2,New Zealand,C Munro,LRPL Taylor,MD Gunathilaka,1,0,"",""
ball,1,10.3,New Zealand,LRPL Taylor,C Munro,MD Gunathilaka,3,0,"",""
ball,1,10.4,New Zealand,C Munro,LRPL Taylor,MD Gunathilaka,1,0,"",""
ball,1,10.5,New Zealand,LRPL Taylor,C Munro,MD Gunathilaka,0,0,"",""
ball,1,10.6,New Zealand,LRPL Taylor,C Munro,MD Gunathilaka,1,0,"",""
ball,1,11.1,New Zealand,LRPL Taylor,C Munro,NLTC Perera,0,0,"",""
ball,1,11.2,New Zealand,LRPL Taylor,C Munro,NLTC Perera,1,0,"",""
ball,1,11.3,New Zealand,C Munro,LRPL Taylor,NLTC Perera,0,0,"",""
ball,1,11.4,New Zealand,C Munro,LRPL Taylor,NLTC Perera,1,0,"",""
ball,1,11.5,New Zealand,LRPL Taylor,C Munro,NLTC Perera,1,0,"",""
ball,1,11.6,New Zealand,C Munro,LRPL Taylor,NLTC Perera,0,0,"",""
ball,1,12.1,New Zealand,LRPL Taylor,C Munro,PADLR Sandakan,0,0,"",""
ball,1,12.2,New Zealand,LRPL Taylor,C Munro,PADLR Sandakan,1,0,"",""
ball,1,12.3,New Zealand,C Munro,LRPL Taylor,PADLR Sandakan,0,0,"",""
ball,1,12.4,New Zealand,C Munro,LRPL Taylor,PADLR Sandakan,4,0,"",""
ball,1,12.5,New Zealand,C Munro,LRPL Taylor,PADLR Sandakan,0,0,"",""
ball,1,12.6,New Zealand,C Munro,LRPL Taylor,PADLR Sandakan,0,0,"",""
ball,1,13.1,New Zealand,LRPL Taylor,C Munro,NLTC Perera,1,0,"",""
ball,1,13.2,New Zealand,C Munro,LRPL Taylor,NLTC Perera,0,0,"",""
ball,1,13.3,New Zealand,C Munro,LRPL Taylor,NLTC Perera,1,0,"",""
ball,1,13.4,New Zealand,LRPL Taylor,C Munro,NLTC Perera,0,0,"",""
ball,1,13.5,New Zealand,LRPL Taylor,C Munro,NLTC Perera,1,0,"",""
ball,1,13.6,New Zealand,C Munro,LRPL Taylor,NLTC Perera,4,0,"",""
ball,1,14.1,New Zealand,LRPL Taylor,C Munro,PADLR Sandakan,0,0,"",""
ball,1,14.2,New Zealand,LRPL Taylor,C Munro,PADLR Sandakan,0,1,"",""
ball,1,14.3,New Zealand,LRPL Taylor,C Munro,PADLR Sandakan,1,0,"",""
ball,1,14.4,New Zealand,C Munro,LRPL Taylor,PADLR Sandakan,0,0,"",""
ball,1,14.5,New Zealand,C Munro,LRPL Taylor,PADLR Sandakan,0,0,"",""
ball,1,14.6,New Zealand,C Munro,LRPL Taylor,PADLR Sandakan,4,0,"",""
ball,1,14.7,New Zealand,C Munro,LRPL Taylor,PADLR Sandakan,0,0,"",""
ball,1,15.1,New Zealand,LRPL Taylor,C Munro,NLTC Perera,0,0,"",""
ball,1,15.2,New Zealand,LRPL Taylor,C Munro,NLTC Perera,0,0,"",""
ball,1,15.3,New Zealand,LRPL Taylor,C Munro,NLTC Perera,1,0,"",""
ball,1,15.4,New Zealand,C Munro,LRPL Taylor,NLTC Perera,0,0,"",""
ball,1,15.5,New Zealand,C Munro,LRPL Taylor,NLTC Perera,0,0,"",""
ball,1,15.6,New Zealand,C Munro,LRPL Taylor,NLTC Perera,0,0,"",""
ball,1,16.1,New Zealand,LRPL Taylor,C Munro,PADLR Sandakan,1,0,"",""
ball,1,16.2,New Zealand,C Munro,LRPL Taylor,PADLR Sandakan,0,0,"",""
ball,1,16.3,New Zealand,C Munro,LRPL Taylor,PADLR Sandakan,1,0,"",""
ball,1,16.4,New Zealand,LRPL Taylor,C Munro,PADLR Sandakan,0,0,"",""
ball,1,16.5,New Zealand,LRPL Taylor,C Munro,PADLR Sandakan,2,0,"",""
ball,1,16.6,New Zealand,LRPL Taylor,C Munro,PADLR Sandakan,1,0,"",""
ball,1,17.1,New Zealand,LRPL Taylor,C Munro,NLTC Perera,0,0,"",""
ball,1,17.2,New Zealand,LRPL Taylor,C Munro,NLTC Perera,2,0,"",""
ball,1,17.3,New Zealand,LRPL Taylor,C Munro,NLTC Perera,1,0,"",""
ball,1,17.4,New Zealand,C Munro,LRPL Taylor,NLTC Perera,0,0,"",""
ball,1,17.5,New Zealand,C Munro,LRPL Taylor,NLTC Perera,4,0,"",""
ball,1,17.6,New Zealand,C Munro,LRPL Taylor,NLTC Perera,0,0,"",""
ball,1,18.1,New Zealand,LRPL Taylor,C Munro,PADLR Sandakan,0,0,"",""
ball,1,18.2,New Zealand,LRPL Taylor,C Munro,PADLR Sandakan,0,0,"",""
ball,1,18.3,New Zealand,LRPL Taylor,C Munro,PADLR Sandakan,4,0,"",""
ball,1,18.4,New Zealand,LRPL Taylor,C Munro,PADLR Sandakan,0,0,"",""
ball,1,18.5,New Zealand,LRPL Taylor,C Munro,PADLR Sandakan,0,0,"",""
ball,1,18.6,New Zealand,LRPL Taylor,C Munro,PADLR Sandakan,1,0,"",""
ball,1,19.1,New Zealand,LRPL Taylor,C Munro,S Prasanna,1,0,"",""
ball,1,19.2,New Zealand,C Munro,LRPL Taylor,S Prasanna,0,0,"",""
ball,1,19.3,New Zealand,C Munro,LRPL Taylor,S Prasanna,4,0,"",""
ball,1,19.4,New Zealand,C Munro,LRPL Taylor,S Prasanna,6,0,"",""
ball,1,19.5,New Zealand,C Munro,LRPL Taylor,S Prasanna,0,0,"",""
ball,1,19.6,New Zealand,C Munro,LRPL Taylor,S Prasanna,1,0,"",""
ball,1,20.1,New Zealand,C Munro,LRPL Taylor,PADLR Sandakan,0,0,"",""
ball,1,20.2,New Zealand,C Munro,LRPL Taylor,PADLR Sandakan,0,0,"",""
ball,1,20.3,New Zealand,C Munro,LRPL Taylor,PADLR Sandakan,0,4,"",""
ball,1,20.4,New Zealand,C Munro,LRPL Taylor,PADLR Sandakan,1,0,"",""
ball,1,20.5,New Zealand,LRPL Taylor,C Munro,PADLR Sandakan,4,0,"",""
ball,1,20.6,New Zealand,LRPL Taylor,C Munro,PADLR Sandakan,0,0,"",""
ball,1,21.1,New Zealand,C Munro,LRPL Taylor,S Prasanna,0,0,"",""
ball,1,21.2,New Zealand,C Munro,LRPL Taylor,S Prasanna,1,0,"",""
ball,1,21.3,New Zealand,LRPL Taylor,C Munro,S Prasanna,2,0,"",""
ball,1,21.4,New Zealand,LRPL Taylor,C Munro,S Prasanna,1,0,"",""
ball,1,21.5,New Zealand,C Munro,LRPL Taylor,S Prasanna,6,0,"",""
ball,1,21.6,New Zealand,C Munro,LRPL Taylor,S Prasanna,0,0,"",""
ball,1,22.1,New Zealand,LRPL Taylor,C Munro,DAS Gunaratne,1,0,"",""
ball,1,22.2,New Zealand,C Munro,LRPL Taylor,DAS Gunaratne,1,0,"",""
ball,1,22.3,New Zealand,LRPL Taylor,C Munro,DAS Gunaratne,0,0,"",""
ball,1,22.4,New Zealand,LRPL Taylor,C Munro,DAS Gunaratne,1,0,"",""
ball,1,22.5,New Zealand,C Munro,LRPL Taylor,DAS Gunaratne,0,0,"",""
ball,1,22.6,New Zealand,C Munro,LRPL Taylor,DAS Gunaratne,0,0,"",""
ball,1,23.1,New Zealand,LRPL Taylor,C Munro,PADLR Sandakan,2,0,"",""
ball,1,23.2,New Zealand,LRPL Taylor,C Munro,PADLR Sandakan,0,0,"",""
ball,1,23.3,New Zealand,LRPL Taylor,C Munro,PADLR Sandakan,0,0,"",""
ball,1,23.4,New Zealand,LRPL Taylor,C Munro,PADLR Sandakan,4,0,"",""
ball,1,23.5,New Zealand,LRPL Taylor,C Munro,PADLR Sandakan,0,0,"",""
ball,1,23.6,New Zealand,LRPL Taylor,C Munro,PADLR Sandakan,0,0,"",""
ball,1,24.1,New Zealand,C Munro,LRPL Taylor,DAS Gunaratne,0,0,"",""
ball,1,24.2,New Zealand,C Munro,LRPL Taylor,DAS Gunaratne,1,0,"",""
ball,1,24.3,New Zealand,LRPL Taylor,C Munro,DAS Gunaratne,1,0,"",""
ball,1,24.4,New Zealand,C Munro,LRPL Taylor,DAS Gunaratne,1,0,"",""
ball,1,24.5,New Zealand,LRPL Taylor,C Munro,DAS Gunaratne,0,0,"",""
ball,1,24.6,New Zealand,LRPL Taylor,C Munro,DAS Gunaratne,4,0,"",""
ball,1,25.1,New Zealand,C Munro,LRPL Taylor,PADLR Sandakan,4,0,"",""
ball,1,25.2,New Zealand,C Munro,LRPL Taylor,PADLR Sandakan,1,0,"",""
ball,1,25.3,New Zealand,LRPL Taylor,C Munro,PADLR Sandakan,0,0,"",""
ball,1,25.4,New Zealand,LRPL Taylor,C Munro,PADLR Sandakan,0,0,run out,C Munro
ball,1,25.5,New Zealand,LRPL Taylor,HM Nicholls,PADLR Sandakan,1,0,"",""
ball,1,25.6,New Zealand,HM Nicholls,LRPL Taylor,PADLR Sandakan,0,0,"",""
ball,1,26.1,New Zealand,LRPL Taylor,HM Nicholls,DAS Gunaratne,0,0,"",""
ball,1,26.2,New Zealand,LRPL Taylor,HM Nicholls,DAS Gunaratne,1,0,"",""
ball,1,26.3,New Zealand,HM Nicholls,LRPL Taylor,DAS Gunaratne,0,0,"",""
ball,1,26.4,New Zealand,HM Nicholls,LRPL Taylor,DAS Gunaratne,0,0,"",""
ball,1,26.5,New Zealand,HM Nicholls,LRPL Taylor,DAS Gunaratne,1,0,"",""
ball,1,26.6,New Zealand,LRPL Taylor,HM Nicholls,DAS Gunaratne,0,0,"",""
ball,1,27.1,New Zealand,HM Nicholls,LRPL Taylor,PADLR Sandakan,1,0,"",""
ball,1,27.2,New Zealand,LRPL Taylor,HM Nicholls,PADLR Sandakan,2,0,"",""
ball,1,27.3,New Zealand,LRPL Taylor,HM Nicholls,PADLR Sandakan,0,0,"",""
ball,1,27.4,New Zealand,LRPL Taylor,HM Nicholls,PADLR Sandakan,0,0,"",""
ball,1,27.5,New Zealand,LRPL Taylor,HM Nicholls,PADLR Sandakan,1,0,"",""
ball,1,27.6,New Zealand,HM Nicholls,LRPL Taylor,PADLR Sandakan,1,0,"",""
ball,1,28.1,New Zealand,HM Nicholls,LRPL Taylor,DAS Gunaratne,1,0,"",""
ball,1,28.2,New Zealand,LRPL Taylor,HM Nicholls,DAS Gunaratne,1,0,"",""
ball,1,28.3,New Zealand,HM Nicholls,LRPL Taylor,DAS Gunaratne,1,0,"",""
ball,1,28.4,New Zealand,LRPL Taylor,HM Nicholls,DAS Gunaratne,1,0,"",""
ball,1,28.5,New Zealand,HM Nicholls,LRPL Taylor,DAS Gunaratne,0,0,"",""
ball,1,28.6,New Zealand,HM Nicholls,LRPL Taylor,DAS Gunaratne,1,0,"",""
ball,1,29.1,New Zealand,HM Nicholls,LRPL Taylor,S Prasanna,1,0,"",""
ball,1,29.2,New Zealand,LRPL Taylor,HM Nicholls,S Prasanna,0,0,"",""
ball,1,29.3,New Zealand,LRPL Taylor,HM Nicholls,S Prasanna,0,0,"",""
ball,1,29.4,New Zealand,LRPL Taylor,HM Nicholls,S Prasanna,1,0,"",""
ball,1,29.5,New Zealand,HM Nicholls,LRPL Taylor,S Prasanna,0,0,"",""
ball,1,29.6,New Zealand,HM Nicholls,LRPL Taylor,S Prasanna,0,0,"",""
ball,1,30.1,New Zealand,LRPL Taylor,HM Nicholls,DAS Gunaratne,1,0,"",""
ball,1,30.2,New Zealand,HM Nicholls,LRPL Taylor,DAS Gunaratne,0,0,"",""
ball,1,30.3,New Zealand,HM Nicholls,LRPL Taylor,DAS Gunaratne,1,0,"",""
ball,1,30.4,New Zealand,LRPL Taylor,HM Nicholls,DAS Gunaratne,0,0,"",""
ball,1,30.5,New Zealand,LRPL Taylor,HM Nicholls,DAS Gunaratne,2,0,"",""
ball,1,30.6,New Zealand,LRPL Taylor,HM Nicholls,DAS Gunaratne,1,0,"",""
ball,1,31.1,New Zealand,LRPL Taylor,HM Nicholls,S Prasanna,1,0,"",""
ball,1,31.2,New Zealand,HM Nicholls,LRPL Taylor,S Prasanna,1,0,"",""
ball,1,31.3,New Zealand,LRPL Taylor,HM Nicholls,S Prasanna,1,0,"",""
ball,1,31.4,New Zealand,HM Nicholls,LRPL Taylor,S Prasanna,2,0,"",""
ball,1,31.5,New Zealand,HM Nicholls,LRPL Taylor,S Prasanna,0,0,"",""
ball,1,31.6,New Zealand,HM Nicholls,LRPL Taylor,S Prasanna,0,0,"",""
ball,1,32.1,New Zealand,LRPL Taylor,HM Nicholls,DAS Gunaratne,1,0,"",""
ball,1,32.2,New Zealand,HM Nicholls,LRPL Taylor,DAS Gunaratne,1,0,"",""
ball,1,32.3,New Zealand,LRPL Taylor,HM Nicholls,DAS Gunaratne,0,0,"",""
ball,1,32.4,New Zealand,LRPL Taylor,HM Nicholls,DAS Gunaratne,1,0,"",""
ball,1,32.5,New Zealand,HM Nicholls,LRPL Taylor,DAS Gunaratne,1,0,"",""
ball,1,32.6,New Zealand,LRPL Taylor,HM Nicholls,DAS Gunaratne,2,0,"",""
ball,1,33.1,New Zealand,HM Nicholls,LRPL Taylor,S Prasanna,1,0,"",""
ball,1,33.2,New Zealand,LRPL Taylor,HM Nicholls,S Prasanna,0,0,"",""
ball,1,33.3,New Zealand,LRPL Taylor,HM Nicholls,S Prasanna,1,0,"",""
ball,1,33.4,New Zealand,HM Nicholls,LRPL Taylor,S Prasanna,1,0,"",""
ball,1,33.5,New Zealand,LRPL Taylor,HM Nicholls,S Prasanna,1,0,"",""
ball,1,33.6,New Zealand,HM Nicholls,LRPL Taylor,S Prasanna,1,0,"",""
ball,1,34.1,New Zealand,HM Nicholls,LRPL Taylor,DAS Gunaratne,0,0,"",""
ball,1,34.2,New Zealand,HM Nicholls,LRPL Taylor,DAS Gunaratne,1,0,"",""
ball,1,34.3,New Zealand,LRPL Taylor,HM Nicholls,DAS Gunaratne,0,0,"",""
ball,1,34.4,New Zealand,LRPL Taylor,HM Nicholls,DAS Gunaratne,1,0,"",""
ball,1,34.5,New Zealand,HM Nicholls,LRPL Taylor,DAS Gunaratne,0,0,"",""
ball,1,34.6,New Zealand,HM Nicholls,LRPL Taylor,DAS Gunaratne,1,0,"",""
ball,1,35.1,New Zealand,HM Nicholls,LRPL Taylor,SL Malinga,0,0,"",""
ball,1,35.2,New Zealand,HM Nicholls,LRPL Taylor,SL Malinga,1,0,"",""
ball,1,35.3,New Zealand,LRPL Taylor,HM Nicholls,SL Malinga,1,0,"",""
ball,1,35.4,New Zealand,HM Nicholls,LRPL Taylor,SL Malinga,4,0,"",""
ball,1,35.5,New Zealand,HM Nicholls,LRPL Taylor,SL Malinga,1,0,"",""
ball,1,35.6,New Zealand,LRPL Taylor,HM Nicholls,SL Malinga,1,0,"",""
ball,1,36.1,New Zealand,LRPL Taylor,HM Nicholls,DAS Gunaratne,1,0,"",""
ball,1,36.2,New Zealand,HM Nicholls,LRPL Taylor,DAS Gunaratne,4,0,"",""
ball,1,36.3,New Zealand,HM Nicholls,LRPL Taylor,DAS Gunaratne,0,0,"",""
ball,1,36.4,New Zealand,HM Nicholls,LRPL Taylor,DAS Gunaratne,0,0,"",""
ball,1,36.5,New Zealand,HM Nicholls,LRPL Taylor,DAS Gunaratne,4,0,"",""
ball,1,36.6,New Zealand,HM Nicholls,LRPL Taylor,DAS Gunaratne,0,0,"",""
ball,1,37.1,New Zealand,LRPL Taylor,HM Nicholls,SL Malinga,0,0,"",""
ball,1,37.2,New Zealand,LRPL Taylor,HM Nicholls,SL Malinga,1,0,"",""
ball,1,37.3,New Zealand,HM Nicholls,LRPL Taylor,SL Malinga,0,0,caught,HM Nicholls
ball,1,37.4,New Zealand,JDS Neesham,LRPL Taylor,SL Malinga,1,0,"",""
ball,1,37.5,New Zealand,LRPL Taylor,JDS Neesham,SL Malinga,0,0,"",""
ball,1,37.6,New Zealand,LRPL Taylor,JDS Neesham,SL Malinga,0,0,"",""
ball,1,38.1,New Zealand,JDS Neesham,LRPL Taylor,PADLR Sandakan,1,0,"",""
ball,1,38.2,New Zealand,LRPL Taylor,JDS Neesham,PADLR Sandakan,1,0,"",""
ball,1,38.3,New Zealand,JDS Neesham,LRPL Taylor,PADLR Sandakan,4,0,"",""
ball,1,38.4,New Zealand,JDS Neesham,LRPL Taylor,PADLR Sandakan,1,0,"",""
ball,1,38.5,New Zealand,LRPL Taylor,JDS Neesham,PADLR Sandakan,1,0,"",""
ball,1,38.6,New Zealand,JDS Neesham,LRPL Taylor,PADLR Sandakan,1,0,"",""
ball,1,39.1,New Zealand,JDS Neesham,LRPL Taylor,SL Malinga,1,0,"",""
ball,1,39.2,New Zealand,LRPL Taylor,JDS Neesham,SL Malinga,1,0,"",""
ball,1,39.3,New Zealand,JDS Neesham,LRPL Taylor,SL Malinga,0,0,"",""
ball,1,39.4,New Zealand,JDS Neesham,LRPL Taylor,SL Malinga,0,0,"",""
ball,1,39.5,New Zealand,JDS Neesham,LRPL Taylor,SL Malinga,1,0,"",""
ball,1,39.6,New Zealand,LRPL Taylor,JDS Neesham,SL Malinga,0,1,"",""
ball,1,40.1,New Zealand,LRPL Taylor,JDS Neesham,N Pradeep,1,0,"",""
ball,1,40.2,New Zealand,JDS Neesham,LRPL Taylor,N Pradeep,1,0,"",""
ball,1,40.3,New Zealand,LRPL Taylor,JDS Neesham,N Pradeep,0,1,"",""
ball,1,40.4,New Zealand,JDS Neesham,LRPL Taylor,N Pradeep,4,0,"",""
ball,1,40.5,New Zealand,JDS Neesham,LRPL Taylor,N Pradeep,4,0,"",""
ball,1,40.6,New Zealand,JDS Neesham,LRPL Taylor,N Pradeep,2,0,"",""
ball,1,41.1,New Zealand,LRPL Taylor,JDS Neesham,NLTC Perera,6,0,"",""
ball,1,41.2,New Zealand,LRPL Taylor,JDS Neesham,NLTC Perera,1,0,"",""
ball,1,41.3,New Zealand,JDS Neesham,LRPL Taylor,NLTC Perera,0,1,"",""
ball,1,41.4,New Zealand,JDS Neesham,LRPL Taylor,NLTC Perera,6,0,"",""
ball,1,41.5,New Zealand,JDS Neesham,LRPL Taylor,NLTC Perera,1,0,"",""
ball,1,41.6,New Zealand,LRPL Taylor,JDS Neesham,NLTC Perera,1,0,"",""
ball,1,41.7,New Zealand,JDS Neesham,LRPL Taylor,NLTC Perera,1,0,"",""
ball,1,42.1,New Zealand,JDS Neesham,LRPL Taylor,PADLR Sandakan,1,0,"",""
ball,1,42.2,New Zealand,LRPL Taylor,JDS Neesham,PADLR Sandakan,1,0,"",""
ball,1,42.3,New Zealand,JDS Neesham,LRPL Taylor,PADLR Sandakan,1,0,"",""
ball,1,42.4,New Zealand,LRPL Taylor,JDS Neesham,PADLR Sandakan,1,0,"",""
ball,1,42.5,New Zealand,JDS Neesham,LRPL Taylor,PADLR Sandakan,0,0,"",""
ball,1,42.6,New Zealand,JDS Neesham,LRPL Taylor,PADLR Sandakan,0,0,"",""
ball,1,43.1,New Zealand,LRPL Taylor,JDS Neesham,SL Malinga,0,0,"",""
ball,1,43.2,New Zealand,LRPL Taylor,JDS Neesham,SL Malinga,2,0,"",""
ball,1,43.3,New Zealand,LRPL Taylor,JDS Neesham,SL Malinga,2,0,"",""
ball,1,43.4,New Zealand,LRPL Taylor,JDS Neesham,SL Malinga,0,0,"",""
ball,1,43.5,New Zealand,LRPL Taylor,JDS Neesham,SL Malinga,1,0,"",""
ball,1,43.6,New Zealand,JDS Neesham,LRPL Taylor,SL Malinga,0,0,"",""
ball,1,44.1,New Zealand,LRPL Taylor,JDS Neesham,N Pradeep,1,0,run out,LRPL Taylor
ball,1,44.2,New Zealand,TL Seifert,JDS Neesham,N Pradeep,1,0,"",""
ball,1,44.3,New Zealand,JDS Neesham,TL Seifert,N Pradeep,1,0,"",""
ball,1,44.4,New Zealand,TL Seifert,JDS Neesham,N Pradeep,0,0,"",""
ball,1,44.5,New Zealand,TL Seifert,JDS Neesham,N Pradeep,0,0,"",""
ball,1,44.6,New Zealand,TL Seifert,JDS Neesham,N Pradeep,1,0,"",""
ball,1,45.1,New Zealand,TL Seifert,JDS Neesham,SL Malinga,1,0,"",""
ball,1,45.2,New Zealand,JDS Neesham,TL Seifert,SL Malinga,2,0,"",""
ball,1,45.3,New Zealand,JDS Neesham,TL Seifert,SL Malinga,2,0,"",""
ball,1,45.4,New Zealand,JDS Neesham,TL Seifert,SL Malinga,0,0,"",""
ball,1,45.5,New Zealand,JDS Neesham,TL Seifert,SL Malinga,1,0,"",""
ball,1,45.6,New Zealand,TL Seifert,JDS Neesham,SL Malinga,0,0,"",""
ball,1,46.1,New Zealand,JDS Neesham,TL Seifert,N Pradeep,4,0,"",""
ball,1,46.2,New Zealand,JDS Neesham,TL Seifert,N Pradeep,1,0,"",""
ball,1,46.3,New Zealand,TL Seifert,JDS Neesham,N Pradeep,1,0,"",""
ball,1,46.4,New Zealand,JDS Neesham,TL Seifert,N Pradeep,1,0,"",""
ball,1,46.5,New Zealand,TL Seifert,JDS Neesham,N Pradeep,1,0,"",""
ball,1,46.6,New Zealand,JDS Neesham,TL Seifert,N Pradeep,1,0,"",""
ball,1,47.1,New Zealand,JDS Neesham,TL Seifert,NLTC Perera,4,0,"",""
ball,1,47.2,New Zealand,JDS Neesham,TL Seifert,NLTC Perera,1,0,"",""
ball,1,47.3,New Zealand,TL Seifert,JDS Neesham,NLTC Perera,1,0,"",""
ball,1,47.4,New Zealand,JDS Neesham,TL Seifert,NLTC Perera,6,0,"",""
ball,1,47.5,New Zealand,JDS Neesham,TL Seifert,NLTC Perera,0,1,"",""
ball,1,47.6,New Zealand,JDS Neesham,TL Seifert,NLTC Perera,6,0,"",""
ball,1,47.7,New Zealand,JDS Neesham,TL Seifert,NLTC Perera,1,0,"",""
ball,1,48.1,New Zealand,JDS Neesham,TL Seifert,N Pradeep,2,0,"",""
ball,1,48.2,New Zealand,JDS Neesham,TL Seifert,N Pradeep,0,0,run out,JDS Neesham
ball,1,48.3,New Zealand,TL Seifert,TG Southee,N Pradeep,0,0,"",""
ball,1,48.4,New Zealand,TL Seifert,TG Southee,N Pradeep,2,0,"",""
ball,1,48.5,New Zealand,TL Seifert,TG Southee,N Pradeep,1,0,"",""
ball,1,48.6,New Zealand,TG Southee,TL Seifert,N Pradeep,0,0,"",""
ball,1,49.1,New Zealand,TL Seifert,TG Southee,NLTC Perera,4,0,"",""
ball,1,49.2,New Zealand,TL Seifert,TG Southee,NLTC Perera,6,0,"",""
ball,1,49.3,New Zealand,TL Seifert,TG Southee,NLTC Perera,1,0,"",""
ball,1,49.4,New Zealand,TG Southee,TL Seifert,NLTC Perera,1,0,"",""
ball,1,49.5,New Zealand,TL Seifert,TG Southee,NLTC Perera,2,0,"",""
ball,1,49.6,New Zealand,TL Seifert,TG Southee,NLTC Perera,0,0,run out,TL Seifert
ball,2,0.1,Sri Lanka,N Dickwella,MD Gunathilaka,TA Boult,0,0,"",""
ball,2,0.2,Sri Lanka,N Dickwella,MD Gunathilaka,TA Boult,1,0,"",""
ball,2,0.3,Sri Lanka,MD Gunathilaka,N Dickwella,TA Boult,1,0,"",""
ball,2,0.4,Sri Lanka,N Dickwella,MD Gunathilaka,TA Boult,1,0,"",""
ball,2,0.5,Sri Lanka,MD Gunathilaka,N Dickwella,TA Boult,1,0,"",""
ball,2,0.6,Sri Lanka,N Dickwella,MD Gunathilaka,TA Boult,0,0,"",""
ball,2,1.1,Sri Lanka,MD Gunathilaka,N Dickwella,TG Southee,4,0,"",""
ball,2,1.2,Sri Lanka,MD Gunathilaka,N Dickwella,TG Southee,0,1,"",""
ball,2,1.3,Sri Lanka,MD Gunathilaka,N Dickwella,TG Southee,0,0,"",""
ball,2,1.4,Sri Lanka,MD Gunathilaka,N Dickwella,TG Southee,0,0,"",""
ball,2,1.5,Sri Lanka,MD Gunathilaka,N Dickwella,TG Southee,2,0,"",""
ball,2,1.6,Sri Lanka,MD Gunathilaka,N Dickwella,TG Southee,1,0,"",""
ball,2,1.7,Sri Lanka,N Dickwella,MD Gunathilaka,TG Southee,4,0,"",""
ball,2,2.1,Sri Lanka,MD Gunathilaka,N Dickwella,TA Boult,0,0,"",""
ball,2,2.2,Sri Lanka,MD Gunathilaka,N Dickwella,TA Boult,0,0,"",""
ball,2,2.3,Sri Lanka,MD Gunathilaka,N Dickwella,TA Boult,4,0,"",""
ball,2,2.4,Sri Lanka,MD Gunathilaka,N Dickwella,TA Boult,0,1,"",""
ball,2,2.5,Sri Lanka,MD Gunathilaka,N Dickwella,TA Boult,0,0,"",""
ball,2,2.6,Sri Lanka,MD Gunathilaka,N Dickwella,TA Boult,1,0,"",""
ball,2,2.7,Sri Lanka,N Dickwella,MD Gunathilaka,TA Boult,0,0,"",""
ball,2,3.1,Sri Lanka,MD Gunathilaka,N Dickwella,TG Southee,0,1,"",""
ball,2,3.2,Sri Lanka,MD Gunathilaka,N Dickwella,TG Southee,1,0,"",""
ball,2,3.3,Sri Lanka,N Dickwella,MD Gunathilaka,TG Southee,0,0,"",""
ball,2,3.4,Sri Lanka,N Dickwella,MD Gunathilaka,TG Southee,1,0,"",""
ball,2,3.5,Sri Lanka,MD Gunathilaka,N Dickwella,TG Southee,1,0,"",""
ball,2,3.6,Sri Lanka,N Dickwella,MD Gunathilaka,TG Southee,2,0,"",""
ball,2,3.7,Sri Lanka,N Dickwella,MD Gunathilaka,TG Southee,0,0,bowled,N Dickwella
ball,2,4.1,Sri Lanka,MD Gunathilaka,MDKJ Perera,TA Boult,0,0,"",""
ball,2,4.2,Sri Lanka,MD Gunathilaka,MDKJ Perera,TA Boult,0,0,"",""
ball,2,4.3,Sri Lanka,MD Gunathilaka,MDKJ Perera,TA Boult,0,0,"",""
ball,2,4.4,Sri Lanka,MD Gunathilaka,MDKJ Perera,TA Boult,0,0,"",""
ball,2,4.5,Sri Lanka,MD Gunathilaka,MDKJ Perera,TA Boult,0,0,"",""
ball,2,4.6,Sri Lanka,MD Gunathilaka,MDKJ Perera,TA Boult,0,0,"",""
ball,2,5.1,Sri Lanka,MDKJ Perera,MD Gunathilaka,TG Southee,0,0,"",""
ball,2,5.2,Sri Lanka,MDKJ Perera,MD Gunathilaka,TG Southee,0,0,"",""
ball,2,5.3,Sri Lanka,MDKJ Perera,MD Gunathilaka,TG Southee,0,0,"",""
ball,2,5.4,Sri Lanka,MDKJ Perera,MD Gunathilaka,TG Southee,0,0,"",""
ball,2,5.5,Sri Lanka,MDKJ Perera,MD Gunathilaka,TG Southee,0,1,"",""
ball,2,5.6,Sri Lanka,MD Gunathilaka,MDKJ Perera,TG Southee,1,0,"",""
ball,2,6.1,Sri Lanka,MD Gunathilaka,MDKJ Perera,TA Boult,0,0,"",""
ball,2,6.2,Sri Lanka,MD Gunathilaka,MDKJ Perera,TA Boult,1,0,"",""
ball,2,6.3,Sri Lanka,MDKJ Perera,MD Gunathilaka,TA Boult,1,0,"",""
ball,2,6.4,Sri Lanka,MD Gunathilaka,MDKJ Perera,TA Boult,4,0,"",""
ball,2,6.5,Sri Lanka,MD Gunathilaka,MDKJ Perera,TA Boult,0,0,"",""
ball,2,6.6,Sri Lanka,MD Gunathilaka,MDKJ Perera,TA Boult,1,0,"",""
ball,2,7.1,Sri Lanka,MD Gunathilaka,MDKJ Perera,MJ Henry,0,0,"",""
ball,2,7.2,Sri Lanka,MD Gunathilaka,MDKJ Perera,MJ Henry,0,0,"",""
ball,2,7.3,Sri Lanka,MD Gunathilaka,MDKJ Perera,MJ Henry,0,0,"",""
ball,2,7.4,Sri Lanka,MD Gunathilaka,MDKJ Perera,MJ Henry,4,0,"",""
ball,2,7.5,Sri Lanka,MD Gunathilaka,MDKJ Perera,MJ Henry,1,0,"",""
ball,2,7.6,Sri Lanka,MDKJ Perera,MD Gunathilaka,MJ Henry,0,2,"",""
ball,2,8.1,Sri Lanka,MD Gunathilaka,MDKJ Perera,TA Boult,0,0,"",""
ball,2,8.2,Sri Lanka,MD Gunathilaka,MDKJ Perera,TA Boult,0,1,"",""
ball,2,8.3,Sri Lanka,MDKJ Perera,MD Gunathilaka,TA Boult,1,0,"",""
ball,2,8.4,Sri Lanka,MD Gunathilaka,MDKJ Perera,TA Boult,0,0,"",""
ball,2,8.5,Sri Lanka,MD Gunathilaka,MDKJ Perera,TA Boult,0,0,"",""
ball,2,8.6,Sri Lanka,MD Gunathilaka,MDKJ Perera,TA Boult,4,0,"",""
ball,2,9.1,Sri Lanka,MDKJ Perera,MD Gunathilaka,MJ Henry,0,0,"",""
ball,2,9.2,Sri Lanka,MDKJ Perera,MD Gunathilaka,MJ Henry,0,0,"",""
ball,2,9.3,Sri Lanka,MDKJ Perera,MD Gunathilaka,MJ Henry,0,0,"",""
ball,2,9.4,Sri Lanka,MDKJ Perera,MD Gunathilaka,MJ Henry,0,0,"",""
ball,2,9.5,Sri Lanka,MDKJ Perera,MD Gunathilaka,MJ Henry,0,0,"",""
ball,2,9.6,Sri Lanka,MDKJ Perera,MD Gunathilaka,MJ Henry,0,0,"",""
ball,2,10.1,Sri Lanka,MD Gunathilaka,MDKJ Perera,KS Williamson,0,0,"",""
ball,2,10.2,Sri Lanka,MD Gunathilaka,MDKJ Perera,KS Williamson,0,0,"",""
ball,2,10.3,Sri Lanka,MD Gunathilaka,MDKJ Perera,KS Williamson,0,0,"",""
ball,2,10.4,Sri Lanka,MD Gunathilaka,MDKJ Perera,KS Williamson,1,0,"",""
ball,2,10.5,Sri Lanka,MDKJ Perera,MD Gunathilaka,KS Williamson,0,0,"",""
ball,2,10.6,Sri Lanka,MDKJ Perera,MD Gunathilaka,KS Williamson,0,0,"",""
ball,2,11.1,Sri Lanka,MD Gunathilaka,MDKJ Perera,MJ Henry,1,0,"",""
ball,2,11.2,Sri Lanka,MDKJ Perera,MD Gunathilaka,MJ Henry,1,0,"",""
ball,2,11.3,Sri Lanka,MD Gunathilaka,MDKJ Perera,MJ Henry,1,0,"",""
ball,2,11.4,Sri Lanka,MDKJ Perera,MD Gunathilaka,MJ Henry,0,0,"",""
ball,2,11.5,Sri Lanka,MDKJ Perera,MD Gunathilaka,MJ Henry,0,1,"",""
ball,2,11.6,Sri Lanka,MDKJ Perera,MD Gunathilaka,MJ Henry,0,0,"",""
ball,2,11.7,Sri Lanka,MDKJ Perera,MD Gunathilaka,MJ Henry,0,0,"",""
ball,2,12.1,Sri Lanka,MD Gunathilaka,MDKJ Perera,KS Williamson,1,0,"",""
ball,2,12.2,Sri Lanka,MDKJ Perera,MD Gunathilaka,KS Williamson,0,0,"",""
ball,2,12.3,Sri Lanka,MDKJ Perera,MD Gunathilaka,KS Williamson,1,0,"",""
ball,2,12.4,Sri Lanka,MD Gunathilaka,MDKJ Perera,KS Williamson,0,0,"",""
ball,2,12.5,Sri Lanka,MD Gunathilaka,MDKJ Perera,KS Williamson,4,0,"",""
ball,2,12.6,Sri Lanka,MD Gunathilaka,MDKJ Perera,KS Williamson,1,0,"",""
ball,2,13.1,Sri Lanka,MD Gunathilaka,MDKJ Perera,MJ Henry,1,0,"",""
ball,2,13.2,Sri Lanka,MDKJ Perera,MD Gunathilaka,MJ Henry,0,0,caught,MDKJ Perera
ball,2,13.3,Sri Lanka,MD Gunathilaka,BKG Mendis,MJ Henry,1,0,"",""
ball,2,13.4,Sri Lanka,BKG Mendis,MD Gunathilaka,MJ Henry,0,0,"",""
ball,2,13.5,Sri Lanka,BKG Mendis,MD Gunathilaka,MJ Henry,0,0,"",""
ball,2,13.6,Sri Lanka,BKG Mendis,MD Gunathilaka,MJ Henry,0,0,"",""
ball,2,14.1,Sri Lanka,MD Gunathilaka,BKG Mendis,IS Sodhi,1,0,"",""
ball,2,14.2,Sri Lanka,BKG Mendis,MD Gunathilaka,IS Sodhi,1,0,"",""
ball,2,14.3,Sri Lanka,MD Gunathilaka,BKG Mendis,IS Sodhi,4,0,"",""
ball,2,14.4,Sri Lanka,MD Gunathilaka,BKG Mendis,IS Sodhi,0,0,"",""
ball,2,14.5,Sri Lanka,MD Gunathilaka,BKG Mendis,IS Sodhi,1,0,"",""
ball,2,14.6,Sri Lanka,BKG Mendis,MD Gunathilaka,IS Sodhi,0,0,"",""
ball,2,15.1,Sri Lanka,MD Gunathilaka,BKG Mendis,MJ Henry,1,0,"",""
ball,2,15.2,Sri Lanka,BKG Mendis,MD Gunathilaka,MJ Henry,0,0,"",""
ball,2,15.3,Sri Lanka,BKG Mendis,MD Gunathilaka,MJ Henry,1,0,"",""
ball,2,15.4,Sri Lanka,MD Gunathilaka,BKG Mendis,MJ Henry,1,0,"",""
ball,2,15.5,Sri Lanka,BKG Mendis,MD Gunathilaka,MJ Henry,0,0,"",""
ball,2,15.6,Sri Lanka,BKG Mendis,MD Gunathilaka,MJ Henry,4,0,"",""
ball,2,16.1,Sri Lanka,MD Gunathilaka,BKG Mendis,IS Sodhi,0,0,"",""
ball,2,16.2,Sri Lanka,MD Gunathilaka,BKG Mendis,IS Sodhi,0,0,"",""
ball,2,16.3,Sri Lanka,MD Gunathilaka,BKG Mendis,IS Sodhi,0,0,"",""
ball,2,16.4,Sri Lanka,MD Gunathilaka,BKG Mendis,IS Sodhi,1,0,"",""
ball,2,16.5,Sri Lanka,BKG Mendis,MD Gunathilaka,IS Sodhi,0,0,"",""
ball,2,16.6,Sri Lanka,BKG Mendis,MD Gunathilaka,IS Sodhi,1,0,"",""
ball,2,17.1,Sri Lanka,BKG Mendis,MD Gunathilaka,MJ Henry,4,0,"",""
ball,2,17.2,Sri Lanka,BKG Mendis,MD Gunathilaka,MJ Henry,0,0,"",""
ball,2,17.3,Sri Lanka,BKG Mendis,MD Gunathilaka,MJ Henry,1,0,"",""
ball,2,17.4,Sri Lanka,MD Gunathilaka,BKG Mendis,MJ Henry,2,0,"",""
ball,2,17.5,Sri Lanka,MD Gunathilaka,BKG Mendis,MJ Henry,1,0,"",""
ball,2,17.6,Sri Lanka,BKG Mendis,MD Gunathilaka,MJ Henry,1,0,"",""
ball,2,18.1,Sri Lanka,BKG Mendis,MD Gunathilaka,IS Sodhi,1,0,"",""
ball,2,18.2,Sri Lanka,MD Gunathilaka,BKG Mendis,IS Sodhi,4,0,"",""
ball,2,18.3,Sri Lanka,MD Gunathilaka,BKG Mendis,IS Sodhi,1,0,"",""
ball,2,18.4,Sri Lanka,BKG Mendis,MD Gunathilaka,IS Sodhi,0,0,"",""
ball,2,18.5,Sri Lanka,BKG Mendis,MD Gunathilaka,IS Sodhi,1,0,"",""
ball,2,18.6,Sri Lanka,MD Gunathilaka,BKG Mendis,IS Sodhi,0,0,"",""
ball,2,19.1,Sri Lanka,BKG Mendis,MD Gunathilaka,JDS Neesham,1,0,"",""
ball,2,19.2,Sri Lanka,MD Gunathilaka,BKG Mendis,JDS Neesham,2,0,"",""
ball,2,19.3,Sri Lanka,MD Gunathilaka,BKG Mendis,JDS Neesham,0,1,"",""
ball,2,19.4,Sri Lanka,MD Gunathilaka,BKG Mendis,JDS Neesham,4,0,"",""
ball,2,19.5,Sri Lanka,MD Gunathilaka,BKG Mendis,JDS Neesham,0,0,"",""
ball,2,19.6,Sri Lanka,MD Gunathilaka,BKG Mendis,JDS Neesham,2,0,"",""
ball,2,19.7,Sri Lanka,MD Gunathilaka,BKG Mendis,JDS Neesham,0,0,"",""
ball,2,20.1,Sri Lanka,BKG Mendis,MD Gunathilaka,IS Sodhi,0,0,"",""
ball,2,20.2,Sri Lanka,BKG Mendis,MD Gunathilaka,IS Sodhi,0,0,"",""
ball,2,20.3,Sri Lanka,BKG Mendis,MD Gunathilaka,IS Sodhi,0,0,"",""
ball,2,20.4,Sri Lanka,BKG Mendis,MD Gunathilaka,IS Sodhi,0,0,"",""
ball,2,20.5,Sri Lanka,BKG Mendis,MD Gunathilaka,IS Sodhi,0,0,"",""
ball,2,20.6,Sri Lanka,BKG Mendis,MD Gunathilaka,IS Sodhi,1,0,"",""
ball,2,21.1,Sri Lanka,BKG Mendis,MD Gunathilaka,JDS Neesham,1,0,"",""
ball,2,21.2,Sri Lanka,MD Gunathilaka,BKG Mendis,JDS Neesham,1,0,"",""
ball,2,21.3,Sri Lanka,BKG Mendis,MD Gunathilaka,JDS Neesham,0,0,"",""
ball,2,21.4,Sri Lanka,BKG Mendis,MD Gunathilaka,JDS Neesham,1,0,"",""
ball,2,21.5,Sri Lanka,MD Gunathilaka,BKG Mendis,JDS Neesham,1,0,"",""
ball,2,21.6,Sri Lanka,BKG Mendis,MD Gunathilaka,JDS Neesham,1,0,"",""
ball,2,22.1,Sri Lanka,BKG Mendis,MD Gunathilaka,IS Sodhi,0,0,caught,BKG Mendis
ball,2,22.2,Sri Lanka,LD Chandimal,MD Gunathilaka,IS Sodhi,0,0,"",""
ball,2,22.3,Sri Lanka,LD Chandimal,MD Gunathilaka,IS Sodhi,0,0,"",""
ball,2,22.4,Sri Lanka,LD Chandimal,MD Gunathilaka,IS Sodhi,0,2,"",""
ball,2,22.5,Sri Lanka,LD Chandimal,MD Gunathilaka,IS Sodhi,0,0,"",""
ball,2,22.6,Sri Lanka,LD Chandimal,MD Gunathilaka,IS Sodhi,0,0,"",""
ball,2,23.1,Sri Lanka,MD Gunathilaka,LD Chandimal,JDS Neesham,1,0,"",""
ball,2,23.2,Sri Lanka,LD Chandimal,MD Gunathilaka,JDS Neesham,1,0,"",""
ball,2,23.3,Sri Lanka,MD Gunathilaka,LD Chandimal,JDS Neesham,0,0,"",""
ball,2,23.4,Sri Lanka,MD Gunathilaka,LD Chandimal,JDS Neesham,0,0,caught,MD Gunathilaka
ball,2,23.5,Sri Lanka,LD Chandimal,DAS Gunaratne,JDS Neesham,1,0,"",""
ball,2,23.6,Sri Lanka,DAS Gunaratne,LD Chandimal,JDS Neesham,0,1,"",""
ball,2,23.7,Sri Lanka,DAS Gunaratne,LD Chandimal,JDS Neesham,0,0,"",""
ball,2,24.1,Sri Lanka,LD Chandimal,DAS Gunaratne,IS Sodhi,0,0,"",""
ball,2,24.2,Sri Lanka,LD Chandimal,DAS Gunaratne,IS Sodhi,1,0,"",""
ball,2,24.3,Sri Lanka,DAS Gunaratne,LD Chandimal,IS Sodhi,0,1,"",""
ball,2,24.4,Sri Lanka,DAS Gunaratne,LD Chandimal,IS Sodhi,1,0,"",""
ball,2,24.5,Sri Lanka,LD Chandimal,DAS Gunaratne,IS Sodhi,0,0,"",""
ball,2,24.6,Sri Lanka,LD Chandimal,DAS Gunaratne,IS Sodhi,0,0,"",""
ball,2,24.7,Sri Lanka,LD Chandimal,DAS Gunaratne,IS Sodhi,0,0,bowled,LD Chandimal
ball,2,25.1,Sri Lanka,DAS Gunaratne,NLTC Perera,JDS Neesham,0,0,"",""
ball,2,25.2,Sri Lanka,DAS Gunaratne,NLTC Perera,JDS Neesham,4,0,"",""
ball,2,25.3,Sri Lanka,DAS Gunaratne,NLTC Perera,JDS Neesham,1,0,"",""
ball,2,25.4,Sri Lanka,NLTC Perera,DAS Gunaratne,JDS Neesham,0,0,"",""
ball,2,25.5,Sri Lanka,NLTC Perera,DAS Gunaratne,JDS Neesham,0,0,"",""
ball,2,25.6,Sri Lanka,NLTC Perera,DAS Gunaratne,JDS Neesham,1,0,"",""
ball,2,26.1,Sri Lanka,NLTC Perera,DAS Gunaratne,IS Sodhi,0,0,"",""
ball,2,26.2,Sri Lanka,NLTC Perera,DAS Gunaratne,IS Sodhi,0,1,"",""
ball,2,26.3,Sri Lanka,NLTC Perera,DAS Gunaratne,IS Sodhi,0,0,run out,DAS Gunaratne
ball,2,26.4,Sri Lanka,S Prasanna,NLTC Perera,IS Sodhi,0,0,"",""
ball,2,26.5,Sri Lanka,S Prasanna,NLTC Perera,IS Sodhi,0,0,"",""
ball,2,26.6,Sri Lanka,S Prasanna,NLTC Perera,IS Sodhi,0,0,"",""
ball,2,26.7,Sri Lanka,S Prasanna,NLTC Perera,IS Sodhi,0,0,bowled,S Prasanna
ball,2,27.1,Sri Lanka,NLTC Perera,SL Malinga,JDS Neesham,2,0,"",""
ball,2,27.2,Sri Lanka,NLTC Perera,SL Malinga,JDS Neesham,0,0,"",""
ball,2,27.3,Sri Lanka,NLTC Perera,SL Malinga,JDS Neesham,4,0,"",""
ball,2,27.4,Sri Lanka,NLTC Perera,SL Malinga,JDS Neesham,1,0,"",""
ball,2,27.5,Sri Lanka,SL Malinga,NLTC Perera,JDS Neesham,0,0,"",""
ball,2,27.6,Sri Lanka,SL Malinga,NLTC Perera,JDS Neesham,0,0,"",""
ball,2,28.1,Sri Lanka,NLTC Perera,SL Malinga,IS Sodhi,0,0,"",""
ball,2,28.2,Sri Lanka,NLTC Perera,SL Malinga,IS Sodhi,0,0,"",""
ball,2,28.3,Sri Lanka,NLTC Perera,SL Malinga,IS Sodhi,4,0,"",""
ball,2,28.4,Sri Lanka,NLTC Perera,SL Malinga,IS Sodhi,0,0,"",""
ball,2,28.5,Sri Lanka,NLTC Perera,SL Malinga,IS Sodhi,0,0,"",""
ball,2,28.6,Sri Lanka,NLTC Perera,SL Malinga,IS Sodhi,1,0,"",""
ball,2,29.1,Sri Lanka,NLTC Perera,SL Malinga,TG Southee,4,0,"",""
ball,2,29.2,Sri Lanka,NLTC Perera,SL Malinga,TG Southee,4,0,"",""
ball,2,29.3,Sri Lanka,NLTC Perera,SL Malinga,TG Southee,1,0,"",""
ball,2,29.4,Sri Lanka,SL Malinga,NLTC Perera,TG Southee,0,0,"",""
ball,2,29.5,Sri Lanka,SL Malinga,NLTC Perera,TG Southee,0,0,"",""
ball,2,29.6,Sri Lanka,SL Malinga,NLTC Perera,TG Southee,0,0,"",""
ball,2,30.1,Sri Lanka,NLTC Perera,SL Malinga,IS Sodhi,1,0,"",""
ball,2,30.2,Sri Lanka,SL Malinga,NLTC Perera,IS Sodhi,0,0,"",""
ball,2,30.3,Sri Lanka,SL Malinga,NLTC Perera,IS Sodhi,4,0,"",""
ball,2,30.4,Sri Lanka,SL Malinga,NLTC Perera,IS Sodhi,0,0,"",""
ball,2,30.5,Sri Lanka,SL Malinga,NLTC Perera,IS Sodhi,2,0,"",""
ball,2,30.6,Sri Lanka,SL Malinga,NLTC Perera,IS Sodhi,2,0,"",""
ball,2,31.1,Sri Lanka,NLTC Perera,SL Malinga,TG Southee,0,0,"",""
ball,2,31.2,Sri Lanka,NLTC Perera,SL Malinga,TG Southee,6,0,"",""
ball,2,31.3,Sri Lanka,NLTC Perera,SL Malinga,TG Southee,0,0,"",""
ball,2,31.4,Sri Lanka,NLTC Perera,SL Malinga,TG Southee,4,0,"",""
ball,2,31.5,Sri Lanka,NLTC Perera,SL Malinga,TG Southee,1,0,"",""
ball,2,31.6,Sri Lanka,SL Malinga,NLTC Perera,TG Southee,0,0,"",""
ball,2,32.1,Sri Lanka,NLTC Perera,SL Malinga,IS Sodhi,6,0,"",""
ball,2,32.2,Sri Lanka,NLTC Perera,SL Malinga,IS Sodhi,6,0,"",""
ball,2,32.3,Sri Lanka,NLTC Perera,SL Malinga,IS Sodhi,2,0,"",""
ball,2,32.4,Sri Lanka,NLTC Perera,SL Malinga,IS Sodhi,4,0,"",""
ball,2,32.5,Sri Lanka,NLTC Perera,SL Malinga,IS Sodhi,0,0,"",""
ball,2,32.6,Sri Lanka,NLTC Perera,SL Malinga,IS Sodhi,2,0,"",""
ball,2,33.1,Sri Lanka,SL Malinga,NLTC Perera,TA Boult,0,0,"",""
ball,2,33.2,Sri Lanka,SL Malinga,NLTC Perera,TA Boult,0,0,"",""
ball,2,33.3,Sri Lanka,SL Malinga,NLTC Perera,TA Boult,1,0,"",""
ball,2,33.4,Sri Lanka,NLTC Perera,SL Malinga,TA Boult,1,0,"",""
ball,2,33.5,Sri Lanka,SL Malinga,NLTC Perera,TA Boult,1,0,"",""
ball,2,33.6,Sri Lanka,NLTC Perera,SL Malinga,TA Boult,0,0,"",""
ball,2,34.1,Sri Lanka,SL Malinga,NLTC Perera,MJ Henry,0,0,"",""
ball,2,34.2,Sri Lanka,SL Malinga,NLTC Perera,MJ Henry,0,0,"",""
ball,2,34.3,Sri Lanka,SL Malinga,NLTC Perera,MJ Henry,2,0,"",""
ball,2,34.4,Sri Lanka,SL Malinga,NLTC Perera,MJ Henry,0,0,"",""
ball,2,34.5,Sri Lanka,SL Malinga,NLTC Perera,MJ Henry,1,0,"",""
ball,2,34.6,Sri Lanka,NLTC Perera,SL Malinga,MJ Henry,4,0,"",""
ball,2,35.1,Sri Lanka,SL Malinga,NLTC Perera,TA Boult,4,0,"",""
ball,2,35.2,Sri Lanka,SL Malinga,NLTC Perera,TA Boult,0,0,bowled,SL Malinga
ball,2,35.3,Sri Lanka,PADLR Sandakan,NLTC Perera,TA Boult,0,0,"",""
ball,2,35.4,Sri Lanka,PADLR Sandakan,NLTC Perera,TA Boult,0,0,"",""
ball,2,35.5,Sri Lanka,PADLR Sandakan,NLTC Perera,TA Boult,0,0,"",""
ball,2,35.6,Sri Lanka,PADLR Sandakan,NLTC Perera,TA Boult,0,0,"",""
ball,2,36.1,Sri Lanka,NLTC Perera,PADLR Sandakan,MJ Henry,0,0,"",""
ball,2,36.2,Sri Lanka,NLTC Perera,PADLR Sandakan,MJ Henry,2,0,"",""
ball,2,36.3,Sri Lanka,NLTC Perera,PADLR Sandakan,MJ Henry,1,0,"",""
ball,2,36.4,Sri Lanka,PADLR Sandakan,NLTC Perera,MJ Henry,0,0,"",""
ball,2,36.5,Sri Lanka,PADLR Sandakan,NLTC Perera,MJ Henry,0,0,"",""
ball,2,36.6,Sri Lanka,PADLR Sandakan,NLTC Perera,MJ Henry,2,0,"",""
ball,2,37.1,Sri Lanka,NLTC Perera,PADLR Sandakan,TA Boult,1,0,"",""
ball,2,37.2,Sri Lanka,PADLR Sandakan,NLTC Perera,TA Boult,0,0,"",""
ball,2,37.3,Sri Lanka,PADLR Sandakan,NLTC Perera,TA Boult,1,0,"",""
ball,2,37.4,Sri Lanka,NLTC Perera,PADLR Sandakan,TA Boult,6,0,"",""
ball,2,37.5,Sri Lanka,NLTC Perera,PADLR Sandakan,TA Boult,1,0,"",""
ball,2,37.6,Sri Lanka,PADLR Sandakan,NLTC Perera,TA Boult,0,0,"",""
ball,2,38.1,Sri Lanka,NLTC Perera,PADLR Sandakan,MJ Henry,0,0,"",""
ball,2,38.2,Sri Lanka,NLTC Perera,PADLR Sandakan,MJ Henry,0,0,"",""
ball,2,38.3,Sri Lanka,NLTC Perera,PADLR Sandakan,MJ Henry,2,0,"",""
ball,2,38.4,Sri Lanka,NLTC Perera,PADLR Sandakan,MJ Henry,4,0,"",""
ball,2,38.5,Sri Lanka,NLTC Perera,PADLR Sandakan,MJ Henry,2,0,"",""
ball,2,38.6,Sri Lanka,NLTC Perera,PADLR Sandakan,MJ Henry,1,0,"",""
ball,2,39.1,Sri Lanka,NLTC Perera,PADLR Sandakan,TA Boult,0,0,"",""
ball,2,39.2,Sri Lanka,NLTC Perera,PADLR Sandakan,TA Boult,6,0,"",""
ball,2,39.3,Sri Lanka,NLTC Perera,PADLR Sandakan,TA Boult,0,0,"",""
ball,2,39.4,Sri Lanka,NLTC Perera,PADLR Sandakan,TA Boult,6,0,"",""
ball,2,39.5,Sri Lanka,NLTC Perera,PADLR Sandakan,TA Boult,0,0,"",""
ball,2,39.6,Sri Lanka,NLTC Perera,PADLR Sandakan,TA Boult,0,0,"",""
ball,2,40.1,Sri Lanka,PADLR Sandakan,NLTC Perera,TG Southee,1,0,"",""
ball,2,40.2,Sri Lanka,NLTC Perera,PADLR Sandakan,TG Southee,0,0,"",""
ball,2,40.3,Sri Lanka,NLTC Perera,PADLR Sandakan,TG Southee,0,0,"",""
ball,2,40.4,Sri Lanka,NLTC Perera,PADLR Sandakan,TG Southee,1,0,"",""
ball,2,40.5,Sri Lanka,PADLR Sandakan,NLTC Perera,TG Southee,0,0,"",""
ball,2,40.6,Sri Lanka,PADLR Sandakan,NLTC Perera,TG Southee,0,0,"",""
ball,2,41.1,Sri Lanka,NLTC Perera,PADLR Sandakan,TA Boult,6,0,"",""
ball,2,41.2,Sri Lanka,NLTC Perera,PADLR Sandakan,TA Boult,0,1,"",""
ball,2,41.3,Sri Lanka,NLTC Perera,PADLR Sandakan,TA Boult,1,0,"",""
ball,2,41.4,Sri Lanka,PADLR Sandakan,NLTC Perera,TA Boult,0,1,"",""
ball,2,41.5,Sri Lanka,PADLR Sandakan,NLTC Perera,TA Boult,1,0,"",""
ball,2,41.6,Sri Lanka,NLTC Perera,PADLR Sandakan,TA Boult,1,0,"",""
ball,2,41.7,Sri Lanka,PADLR Sandakan,NLTC Perera,TA Boult,0,0,"",""
ball,2,41.8,Sri Lanka,PADLR Sandakan,NLTC Perera,TA Boult,0,0,"",""
ball,2,42.1,Sri Lanka,NLTC Perera,PADLR Sandakan,JDS Neesham,1,0,"",""
ball,2,42.2,Sri Lanka,PADLR Sandakan,NLTC Perera,JDS Neesham,1,0,"",""
ball,2,42.3,Sri Lanka,NLTC Perera,PADLR Sandakan,JDS Neesham,1,0,"",""
ball,2,42.4,Sri Lanka,PADLR Sandakan,NLTC Perera,JDS Neesham,0,0,"",""
ball,2,42.5,Sri Lanka,PADLR Sandakan,NLTC Perera,JDS Neesham,0,0,"",""
ball,2,42.6,Sri Lanka,PADLR Sandakan,NLTC Perera,JDS Neesham,0,0,caught,PADLR Sandakan
ball,2,43.1,Sri Lanka,NLTC Perera,N Pradeep,TG Southee,0,0,"",""
ball,2,43.2,Sri Lanka,NLTC Perera,N Pradeep,TG Southee,0,1,"",""
ball,2,43.3,Sri Lanka,NLTC Perera,N Pradeep,TG Southee,0,1,"",""
ball,2,43.4,Sri Lanka,NLTC Perera,N Pradeep,TG Southee,0,0,"",""
ball,2,43.5,Sri Lanka,NLTC Perera,N Pradeep,TG Southee,1,0,"",""
ball,2,43.6,Sri Lanka,N Pradeep,NLTC Perera,TG Southee,0,0,"",""
ball,2,43.7,Sri Lanka,N Pradeep,NLTC Perera,TG Southee,0,0,"",""
ball,2,43.8,Sri Lanka,N Pradeep,NLTC Perera,TG Southee,0,0,"",""
ball,2,44.1,Sri Lanka,NLTC Perera,N Pradeep,JDS Neesham,0,0,"",""
ball,2,44.2,Sri Lanka,NLTC Perera,N Pradeep,JDS Neesham,6,0,"",""
ball,2,44.3,Sri Lanka,NLTC Perera,N Pradeep,JDS Neesham,6,0,"",""
ball,2,44.4,Sri Lanka,NLTC Perera,N Pradeep,JDS Neesham,0,0,"",""
ball,2,44.5,Sri Lanka,NLTC Perera,N Pradeep,JDS Neesham,1,0,"",""
ball,2,44.6,Sri Lanka,N Pradeep,NLTC Perera,JDS Neesham,0,0,"",""
ball,2,45.1,Sri Lanka,NLTC Perera,N Pradeep,TG Southee,6,0,"",""
ball,2,45.2,Sri Lanka,NLTC Perera,N Pradeep,TG Southee,6,0,"",""
ball,2,45.3,Sri Lanka,NLTC Perera,N Pradeep,TG Southee,0,0,"",""
ball,2,45.4,Sri Lanka,NLTC Perera,N Pradeep,TG Southee,6,0,"",""
ball,2,45.5,Sri Lanka,NLTC Perera,N Pradeep,TG Southee,6,0,"",""
ball,2,45.6,Sri Lanka,NLTC Perera,N Pradeep,TG Southee,0,0,"",""
ball,2,46.1,Sri Lanka,N Pradeep,NLTC Perera,MJ Henry,3,0,"",""
ball,2,46.2,Sri Lanka,NLTC Perera,N Pradeep,MJ Henry,0,1,"",""
ball,2,46.3,Sri Lanka,NLTC Perera,N Pradeep,MJ Henry,0,0,caught,NLTC Perera
