version,1.3.0
info,team,West Indies
info,team,England
info,gender,male
info,season,2018/19
info,date,2019/02/22
info,series,England tour of West Indies 2018/19
info,match_number,2
info,venue,"Kensington Oval, Barbados"
info,city,Bridgetown
info,toss_winner,England
info,toss_decision,field
info,player_of_match,SO Hetmyer
info,umpire,BNJ Oxenford
info,umpire,GO Brathwaite
info,reserve_umpire,LS Reifer
info,tv_umpire,P Wilson
info,match_referee,AJ Pycroft
info,winner,West Indies
info,winner_runs,26
ball,1,0.1,West Indies,CH Gayle,JD Campbell,MA Wood,0,0,"",""
ball,1,0.2,West Indies,CH Gayle,JD Campbell,MA Wood,0,0,"",""
ball,1,0.3,West Indies,CH Gayle,JD Campbell,MA Wood,0,0,"",""
ball,1,0.4,West Indies,CH Gayle,JD Campbell,MA Wood,1,0,"",""
ball,1,0.5,West Indies,JD Campbell,CH Gayle,MA Wood,0,0,"",""
ball,1,0.6,West Indies,JD Campbell,CH Gayle,MA Wood,0,0,"",""
ball,1,1.1,West Indies,CH Gayle,JD Campbell,TK Curran,0,0,"",""
ball,1,1.2,West Indies,CH Gayle,JD Campbell,TK Curran,0,0,"",""
ball,1,1.3,West Indies,CH Gayle,JD Campbell,TK Curran,0,0,"",""
ball,1,1.4,West Indies,CH Gayle,JD Campbell,TK Curran,1,0,"",""
ball,1,1.5,West Indies,JD Campbell,CH Gayle,TK Curran,0,0,"",""
ball,1,1.6,West Indies,JD Campbell,CH Gayle,TK Curran,0,0,"",""
ball,1,2.1,West Indies,CH Gayle,JD Campbell,MA Wood,1,0,"",""
ball,1,2.2,West Indies,JD Campbell,CH Gayle,MA Wood,0,0,"",""
ball,1,2.3,West Indies,JD Campbell,CH Gayle,MA Wood,0,0,"",""
ball,1,2.4,West Indies,JD Campbell,CH Gayle,MA Wood,0,0,"",""
ball,1,2.5,West Indies,JD Campbell,CH Gayle,MA Wood,0,4,"",""
ball,1,2.6,West Indies,JD Campbell,CH Gayle,MA Wood,1,0,"",""
ball,1,3.1,West Indies,JD Campbell,CH Gayle,TK Curran,4,0,"",""
ball,1,3.2,West Indies,JD Campbell,CH Gayle,TK Curran,1,0,"",""
ball,1,3.3,West Indies,CH Gayle,JD Campbell,TK Curran,0,1,"",""
ball,1,3.4,West Indies,CH Gayle,JD Campbell,TK Curran,0,0,"",""
ball,1,3.5,West Indies,CH Gayle,JD Campbell,TK Curran,0,0,"",""
ball,1,3.6,West Indies,CH Gayle,JD Campbell,TK Curran,0,0,"",""
ball,1,3.7,West Indies,CH Gayle,JD Campbell,TK Curran,0,0,"",""
ball,1,4.1,West Indies,JD Campbell,CH Gayle,MA Wood,0,0,"",""
ball,1,4.2,West Indies,JD Campbell,CH Gayle,MA Wood,0,0,"",""
ball,1,4.3,West Indies,JD Campbell,CH Gayle,MA Wood,1,0,"",""
ball,1,4.4,West Indies,CH Gayle,JD Campbell,MA Wood,0,0,"",""
ball,1,4.5,West Indies,CH Gayle,JD Campbell,MA Wood,0,0,"",""
ball,1,4.6,West Indies,CH Gayle,JD Campbell,MA Wood,0,1,"",""
ball,1,4.7,West Indies,CH Gayle,JD Campbell,MA Wood,1,0,"",""
ball,1,5.1,West Indies,CH Gayle,JD Campbell,TK Curran,0,0,"",""
ball,1,5.2,West Indies,CH Gayle,JD Campbell,TK Curran,1,0,"",""
ball,1,5.3,West Indies,JD Campbell,CH Gayle,TK Curran,0,0,"",""
ball,1,5.4,West Indies,JD Campbell,CH Gayle,TK Curran,0,0,"",""
ball,1,5.5,West Indies,JD Campbell,CH Gayle,TK Curran,4,0,"",""
ball,1,5.6,West Indies,JD Campbell,CH Gayle,TK Curran,4,0,"",""
ball,1,6.1,West Indies,CH Gayle,JD Campbell,MA Wood,0,0,"",""
ball,1,6.2,West Indies,CH Gayle,JD Campbell,MA Wood,0,0,"",""
ball,1,6.3,West Indies,CH Gayle,JD Campbell,MA Wood,0,0,"",""
ball,1,6.4,West Indies,CH Gayle,JD Campbell,MA Wood,1,0,"",""
ball,1,6.5,West Indies,JD Campbell,CH Gayle,MA Wood,0,0,"",""
ball,1,6.6,West Indies,JD Campbell,CH Gayle,MA Wood,0,0,"",""
ball,1,7.1,West Indies,CH Gayle,JD Campbell,MM Ali,0,0,"",""
ball,1,7.2,West Indies,CH Gayle,JD Campbell,MM Ali,0,0,"",""
ball,1,7.3,West Indies,CH Gayle,JD Campbell,MM Ali,0,0,"",""
ball,1,7.4,West Indies,CH Gayle,JD Campbell,MM Ali,6,0,"",""
ball,1,7.5,West Indies,CH Gayle,JD Campbell,MM Ali,0,0,"",""
ball,1,7.6,West Indies,CH Gayle,JD Campbell,MM Ali,0,0,"",""
ball,1,8.1,West Indies,JD Campbell,CH Gayle,MA Wood,1,0,"",""
ball,1,8.2,West Indies,CH Gayle,JD Campbell,MA Wood,0,0,"",""
ball,1,8.3,West Indies,CH Gayle,JD Campbell,MA Wood,0,0,"",""
ball,1,8.4,West Indies,CH Gayle,JD Campbell,MA Wood,4,0,"",""
ball,1,8.5,West Indies,CH Gayle,JD Campbell,MA Wood,0,0,"",""
ball,1,8.6,West Indies,CH Gayle,JD Campbell,MA Wood,1,0,"",""
ball,1,9.1,West Indies,CH Gayle,JD Campbell,MM Ali,6,0,"",""
ball,1,9.2,West Indies,CH Gayle,JD Campbell,MM Ali,1,0,"",""
ball,1,9.3,West Indies,JD Campbell,CH Gayle,MM Ali,1,0,"",""
ball,1,9.4,West Indies,CH Gayle,JD Campbell,MM Ali,2,0,"",""
ball,1,9.5,West Indies,CH Gayle,JD Campbell,MM Ali,0,0,"",""
ball,1,9.6,West Indies,CH Gayle,JD Campbell,MM Ali,0,0,"",""
ball,1,10.1,West Indies,JD Campbell,CH Gayle,LE Plunkett,4,0,"",""
ball,1,10.2,West Indies,JD Campbell,CH Gayle,LE Plunkett,0,0,"",""
ball,1,10.3,West Indies,JD Campbell,CH Gayle,LE Plunkett,0,0,"",""
ball,1,10.4,West Indies,JD Campbell,CH Gayle,LE Plunkett,1,0,"",""
ball,1,10.5,West Indies,CH Gayle,JD Campbell,LE Plunkett,0,0,"",""
ball,1,10.6,West Indies,CH Gayle,JD Campbell,LE Plunkett,0,0,"",""
ball,1,11.1,West Indies,JD Campbell,CH Gayle,MM Ali,0,0,"",""
ball,1,11.2,West Indies,JD Campbell,CH Gayle,MM Ali,0,0,"",""
ball,1,11.3,West Indies,JD Campbell,CH Gayle,MM Ali,0,0,"",""
ball,1,11.4,West Indies,JD Campbell,CH Gayle,MM Ali,1,0,"",""
ball,1,11.5,West Indies,CH Gayle,JD Campbell,MM Ali,0,0,"",""
ball,1,11.6,West Indies,CH Gayle,JD Campbell,MM Ali,6,0,"",""
ball,1,12.1,West Indies,JD Campbell,CH Gayle,LE Plunkett,0,0,caught,JD Campbell
ball,1,12.2,West Indies,SD Hope,CH Gayle,LE Plunkett,1,0,"",""
ball,1,12.3,West Indies,CH Gayle,SD Hope,LE Plunkett,1,0,"",""
ball,1,12.4,West Indies,SD Hope,CH Gayle,LE Plunkett,0,0,"",""
ball,1,12.5,West Indies,SD Hope,CH Gayle,LE Plunkett,1,0,"",""
ball,1,12.6,West Indies,CH Gayle,SD Hope,LE Plunkett,1,0,"",""
ball,1,13.1,West Indies,CH Gayle,SD Hope,TK Curran,1,0,"",""
ball,1,13.2,West Indies,SD Hope,CH Gayle,TK Curran,1,0,"",""
ball,1,13.3,West Indies,CH Gayle,SD Hope,TK Curran,1,0,"",""
ball,1,13.4,West Indies,SD Hope,CH Gayle,TK Curran,1,0,"",""
ball,1,13.5,West Indies,CH Gayle,SD Hope,TK Curran,0,0,"",""
ball,1,13.6,West Indies,CH Gayle,SD Hope,TK Curran,6,0,"",""
ball,1,14.1,West Indies,SD Hope,CH Gayle,LE Plunkett,6,0,"",""
ball,1,14.2,West Indies,SD Hope,CH Gayle,LE Plunkett,0,0,"",""
ball,1,14.3,West Indies,SD Hope,CH Gayle,LE Plunkett,0,0,"",""
ball,1,14.4,West Indies,SD Hope,CH Gayle,LE Plunkett,0,0,"",""
ball,1,14.5,West Indies,SD Hope,CH Gayle,LE Plunkett,0,0,"",""
ball,1,14.6,West Indies,SD Hope,CH Gayle,LE Plunkett,0,0,"",""
ball,1,15.1,West Indies,CH Gayle,SD Hope,TK Curran,1,0,"",""
ball,1,15.2,West Indies,SD Hope,CH Gayle,TK Curran,0,0,"",""
ball,1,15.3,West Indies,SD Hope,CH Gayle,TK Curran,0,0,"",""
ball,1,15.4,West Indies,SD Hope,CH Gayle,TK Curran,1,0,"",""
ball,1,15.5,West Indies,CH Gayle,SD Hope,TK Curran,0,0,"",""
ball,1,15.6,West Indies,CH Gayle,SD Hope,TK Curran,1,0,"",""
ball,1,16.1,West Indies,CH Gayle,SD Hope,LE Plunkett,0,0,"",""
ball,1,16.2,West Indies,CH Gayle,SD Hope,LE Plunkett,1,0,"",""
ball,1,16.3,West Indies,SD Hope,CH Gayle,LE Plunkett,0,0,"",""
ball,1,16.4,West Indies,SD Hope,CH Gayle,LE Plunkett,0,0,"",""
ball,1,16.5,West Indies,SD Hope,CH Gayle,LE Plunkett,0,0,"",""
ball,1,16.6,West Indies,SD Hope,CH Gayle,LE Plunkett,1,0,"",""
ball,1,17.1,West Indies,SD Hope,CH Gayle,BA Stokes,0,0,"",""
ball,1,17.2,West Indies,SD Hope,CH Gayle,BA Stokes,1,0,"",""
ball,1,17.3,West Indies,CH Gayle,SD Hope,BA Stokes,0,0,"",""
ball,1,17.4,West Indies,CH Gayle,SD Hope,BA Stokes,1,0,"",""
ball,1,17.5,West Indies,SD Hope,CH Gayle,BA Stokes,0,0,"",""
ball,1,17.6,West Indies,SD Hope,CH Gayle,BA Stokes,0,0,"",""
ball,1,18.1,West Indies,CH Gayle,SD Hope,AU Rashid,0,0,"",""
ball,1,18.2,West Indies,CH Gayle,SD Hope,AU Rashid,0,0,"",""
ball,1,18.3,West Indies,CH Gayle,SD Hope,AU Rashid,1,0,"",""
ball,1,18.4,West Indies,SD Hope,CH Gayle,AU Rashid,1,0,"",""
ball,1,18.5,West Indies,CH Gayle,SD Hope,AU Rashid,1,0,"",""
ball,1,18.6,West Indies,SD Hope,CH Gayle,AU Rashid,1,0,"",""
ball,1,19.1,West Indies,SD Hope,CH Gayle,BA Stokes,0,0,"",""
ball,1,19.2,West Indies,SD Hope,CH Gayle,BA Stokes,1,0,"",""
ball,1,19.3,West Indies,CH Gayle,SD Hope,BA Stokes,1,0,"",""
ball,1,19.4,West Indies,SD Hope,CH Gayle,BA Stokes,0,1,"",""
ball,1,19.5,West Indies,SD Hope,CH Gayle,BA Stokes,1,0,"",""
ball,1,19.6,West Indies,CH Gayle,SD Hope,BA Stokes,1,0,"",""
ball,1,19.7,West Indies,SD Hope,CH Gayle,BA Stokes,0,1,"",""
ball,1,19.8,West Indies,SD Hope,CH Gayle,BA Stokes,0,0,"",""
ball,1,20.1,West Indies,CH Gayle,SD Hope,AU Rashid,0,0,"",""
ball,1,20.2,West Indies,CH Gayle,SD Hope,AU Rashid,0,0,bowled,CH Gayle
ball,1,20.3,West Indies,DM Bravo,SD Hope,AU Rashid,1,0,"",""
ball,1,20.4,West Indies,SD Hope,DM Bravo,AU Rashid,1,0,"",""
ball,1,20.5,West Indies,DM Bravo,SD Hope,AU Rashid,0,0,"",""
ball,1,20.6,West Indies,DM Bravo,SD Hope,AU Rashid,0,0,"",""
ball,1,21.1,West Indies,SD Hope,DM Bravo,BA Stokes,0,0,"",""
ball,1,21.2,West Indies,SD Hope,DM Bravo,BA Stokes,1,0,"",""
ball,1,21.3,West Indies,DM Bravo,SD Hope,BA Stokes,0,0,"",""
ball,1,21.4,West Indies,DM Bravo,SD Hope,BA Stokes,0,0,"",""
ball,1,21.5,West Indies,DM Bravo,SD Hope,BA Stokes,2,0,"",""
ball,1,21.6,West Indies,DM Bravo,SD Hope,BA Stokes,0,0,"",""
ball,1,22.1,West Indies,SD Hope,DM Bravo,AU Rashid,4,0,"",""
ball,1,22.2,West Indies,SD Hope,DM Bravo,AU Rashid,1,0,"",""
ball,1,22.3,West Indies,DM Bravo,SD Hope,AU Rashid,1,0,"",""
ball,1,22.4,West Indies,SD Hope,DM Bravo,AU Rashid,0,0,"",""
ball,1,22.5,West Indies,SD Hope,DM Bravo,AU Rashid,0,0,"",""
ball,1,22.6,West Indies,SD Hope,DM Bravo,AU Rashid,0,0,"",""
ball,1,23.1,West Indies,DM Bravo,SD Hope,BA Stokes,0,0,"",""
ball,1,23.2,West Indies,DM Bravo,SD Hope,BA Stokes,1,0,"",""
ball,1,23.3,West Indies,SD Hope,DM Bravo,BA Stokes,0,1,"",""
ball,1,23.4,West Indies,SD Hope,DM Bravo,BA Stokes,1,0,"",""
ball,1,23.5,West Indies,DM Bravo,SD Hope,BA Stokes,1,0,"",""
ball,1,23.6,West Indies,SD Hope,DM Bravo,BA Stokes,0,0,"",""
ball,1,23.7,West Indies,SD Hope,DM Bravo,BA Stokes,1,0,"",""
ball,1,24.1,West Indies,SD Hope,DM Bravo,AU Rashid,6,0,"",""
ball,1,24.2,West Indies,SD Hope,DM Bravo,AU Rashid,0,0,"",""
ball,1,24.3,West Indies,SD Hope,DM Bravo,AU Rashid,0,0,"",""
ball,1,24.4,West Indies,SD Hope,DM Bravo,AU Rashid,0,0,"",""
ball,1,24.5,West Indies,SD Hope,DM Bravo,AU Rashid,1,0,"",""
ball,1,24.6,West Indies,DM Bravo,SD Hope,AU Rashid,0,0,"",""
ball,1,25.1,West Indies,SD Hope,DM Bravo,BA Stokes,0,0,caught,SD Hope
ball,1,25.2,West Indies,SO Hetmyer,DM Bravo,BA Stokes,0,0,"",""
ball,1,25.3,West Indies,SO Hetmyer,DM Bravo,BA Stokes,0,0,"",""
ball,1,25.4,West Indies,SO Hetmyer,DM Bravo,BA Stokes,0,0,"",""
ball,1,25.5,West Indies,SO Hetmyer,DM Bravo,BA Stokes,0,0,"",""
ball,1,25.6,West Indies,SO Hetmyer,DM Bravo,BA Stokes,0,0,"",""
ball,1,26.1,West Indies,DM Bravo,SO Hetmyer,AU Rashid,1,0,"",""
ball,1,26.2,West Indies,SO Hetmyer,DM Bravo,AU Rashid,0,0,"",""
ball,1,26.3,West Indies,SO Hetmyer,DM Bravo,AU Rashid,2,0,"",""
ball,1,26.4,West Indies,SO Hetmyer,DM Bravo,AU Rashid,1,0,"",""
ball,1,26.5,West Indies,DM Bravo,SO Hetmyer,AU Rashid,1,0,"",""
ball,1,26.6,West Indies,SO Hetmyer,DM Bravo,AU Rashid,1,0,"",""
ball,1,27.1,West Indies,SO Hetmyer,DM Bravo,MM Ali,1,0,"",""
ball,1,27.2,West Indies,DM Bravo,SO Hetmyer,MM Ali,0,0,"",""
ball,1,27.3,West Indies,DM Bravo,SO Hetmyer,MM Ali,1,0,"",""
ball,1,27.4,West Indies,SO Hetmyer,DM Bravo,MM Ali,1,0,"",""
ball,1,27.5,West Indies,DM Bravo,SO Hetmyer,MM Ali,0,0,"",""
ball,1,27.6,West Indies,DM Bravo,SO Hetmyer,MM Ali,2,0,"",""
ball,1,28.1,West Indies,SO Hetmyer,DM Bravo,AU Rashid,0,0,"",""
ball,1,28.2,West Indies,SO Hetmyer,DM Bravo,AU Rashid,0,0,"",""
ball,1,28.3,West Indies,SO Hetmyer,DM Bravo,AU Rashid,1,0,"",""
ball,1,28.4,West Indies,DM Bravo,SO Hetmyer,AU Rashid,0,0,"",""
ball,1,28.5,West Indies,DM Bravo,SO Hetmyer,AU Rashid,0,1,"",""
ball,1,28.6,West Indies,DM Bravo,SO Hetmyer,AU Rashid,1,0,"",""
ball,1,28.7,West Indies,SO Hetmyer,DM Bravo,AU Rashid,0,0,"",""
ball,1,29.1,West Indies,DM Bravo,SO Hetmyer,MM Ali,0,1,"",""
ball,1,29.2,West Indies,DM Bravo,SO Hetmyer,MM Ali,0,0,"",""
ball,1,29.3,West Indies,DM Bravo,SO Hetmyer,MM Ali,1,0,"",""
ball,1,29.4,West Indies,SO Hetmyer,DM Bravo,MM Ali,1,0,"",""
ball,1,29.5,West Indies,DM Bravo,SO Hetmyer,MM Ali,1,0,"",""
ball,1,29.6,West Indies,SO Hetmyer,DM Bravo,MM Ali,4,0,"",""
ball,1,29.7,West Indies,SO Hetmyer,DM Bravo,MM Ali,1,0,"",""
ball,1,30.1,West Indies,SO Hetmyer,DM Bravo,LE Plunkett,0,0,"",""
ball,1,30.2,West Indies,SO Hetmyer,DM Bravo,LE Plunkett,0,0,"",""
ball,1,30.3,West Indies,SO Hetmyer,DM Bravo,LE Plunkett,2,0,"",""
ball,1,30.4,West Indies,SO Hetmyer,DM Bravo,LE Plunkett,4,0,"",""
ball,1,30.5,West Indies,SO Hetmyer,DM Bravo,LE Plunkett,0,1,"",""
ball,1,30.6,West Indies,SO Hetmyer,DM Bravo,LE Plunkett,4,0,"",""
ball,1,30.7,West Indies,SO Hetmyer,DM Bravo,LE Plunkett,1,0,"",""
ball,1,31.1,West Indies,SO Hetmyer,DM Bravo,MM Ali,0,0,"",""
ball,1,31.2,West Indies,SO Hetmyer,DM Bravo,MM Ali,1,0,"",""
ball,1,31.3,West Indies,DM Bravo,SO Hetmyer,MM Ali,0,0,"",""
ball,1,31.4,West Indies,DM Bravo,SO Hetmyer,MM Ali,1,0,"",""
ball,1,31.5,West Indies,SO Hetmyer,DM Bravo,MM Ali,0,0,"",""
ball,1,31.6,West Indies,SO Hetmyer,DM Bravo,MM Ali,3,0,"",""
ball,1,32.1,West Indies,SO Hetmyer,DM Bravo,LE Plunkett,0,1,"",""
ball,1,32.2,West Indies,SO Hetmyer,DM Bravo,LE Plunkett,1,0,"",""
ball,1,32.3,West Indies,DM Bravo,SO Hetmyer,LE Plunkett,1,0,"",""
ball,1,32.4,West Indies,SO Hetmyer,DM Bravo,LE Plunkett,0,0,"",""
ball,1,32.5,West Indies,SO Hetmyer,DM Bravo,LE Plunkett,0,0,"",""
ball,1,32.6,West Indies,SO Hetmyer,DM Bravo,LE Plunkett,0,0,"",""
ball,1,32.7,West Indies,SO Hetmyer,DM Bravo,LE Plunkett,1,0,"",""
ball,1,33.1,West Indies,SO Hetmyer,DM Bravo,MM Ali,6,0,"",""
ball,1,33.2,West Indies,SO Hetmyer,DM Bravo,MM Ali,1,0,"",""
ball,1,33.3,West Indies,DM Bravo,SO Hetmyer,MM Ali,0,0,"",""
ball,1,33.4,West Indies,DM Bravo,SO Hetmyer,MM Ali,1,0,"",""
ball,1,33.5,West Indies,SO Hetmyer,DM Bravo,MM Ali,0,0,"",""
ball,1,33.6,West Indies,SO Hetmyer,DM Bravo,MM Ali,1,0,"",""
ball,1,34.1,West Indies,SO Hetmyer,DM Bravo,LE Plunkett,1,0,"",""
ball,1,34.2,West Indies,DM Bravo,SO Hetmyer,LE Plunkett,1,0,"",""
ball,1,34.3,West Indies,SO Hetmyer,DM Bravo,LE Plunkett,0,1,"",""
ball,1,34.4,West Indies,SO Hetmyer,DM Bravo,LE Plunkett,0,0,"",""
ball,1,34.5,West Indies,SO Hetmyer,DM Bravo,LE Plunkett,1,0,"",""
ball,1,34.6,West Indies,DM Bravo,SO Hetmyer,LE Plunkett,0,0,"",""
ball,1,34.7,West Indies,DM Bravo,SO Hetmyer,LE Plunkett,0,1,"",""
ball,1,34.8,West Indies,DM Bravo,SO Hetmyer,LE Plunkett,1,0,"",""
ball,1,35.1,West Indies,DM Bravo,SO Hetmyer,TK Curran,1,0,"",""
ball,1,35.2,West Indies,SO Hetmyer,DM Bravo,TK Curran,0,0,"",""
ball,1,35.3,West Indies,SO Hetmyer,DM Bravo,TK Curran,0,1,"",""
ball,1,35.4,West Indies,DM Bravo,SO Hetmyer,TK Curran,1,0,"",""
ball,1,35.5,West Indies,SO Hetmyer,DM Bravo,TK Curran,1,0,"",""
ball,1,35.6,West Indies,DM Bravo,SO Hetmyer,TK Curran,1,0,"",""
ball,1,36.1,West Indies,DM Bravo,SO Hetmyer,MA Wood,1,0,"",""
ball,1,36.2,West Indies,SO Hetmyer,DM Bravo,MA Wood,6,0,"",""
ball,1,36.3,West Indies,SO Hetmyer,DM Bravo,MA Wood,0,0,"",""
ball,1,36.4,West Indies,SO Hetmyer,DM Bravo,MA Wood,1,0,"",""
ball,1,36.5,West Indies,DM Bravo,SO Hetmyer,MA Wood,2,0,"",""
ball,1,36.6,West Indies,DM Bravo,SO Hetmyer,MA Wood,0,0,"",""
ball,1,37.1,West Indies,SO Hetmyer,DM Bravo,TK Curran,2,0,"",""
ball,1,37.2,West Indies,SO Hetmyer,DM Bravo,TK Curran,0,0,run out,DM Bravo
ball,1,37.3,West Indies,JO Holder,SO Hetmyer,TK Curran,0,0,"",""
ball,1,37.4,West Indies,JO Holder,SO Hetmyer,TK Curran,2,0,"",""
ball,1,37.5,West Indies,JO Holder,SO Hetmyer,TK Curran,0,0,"",""
ball,1,37.6,West Indies,JO Holder,SO Hetmyer,TK Curran,1,0,"",""
ball,1,38.1,West Indies,JO Holder,SO Hetmyer,MA Wood,0,1,"",""
ball,1,38.2,West Indies,SO Hetmyer,JO Holder,MA Wood,4,0,"",""
ball,1,38.3,West Indies,SO Hetmyer,JO Holder,MA Wood,0,1,"",""
ball,1,38.4,West Indies,SO Hetmyer,JO Holder,MA Wood,1,0,"",""
ball,1,38.5,West Indies,JO Holder,SO Hetmyer,MA Wood,0,0,run out,JO Holder
ball,1,38.6,West Indies,CR Brathwaite,SO Hetmyer,MA Wood,0,0,"",""
ball,1,38.7,West Indies,CR Brathwaite,SO Hetmyer,MA Wood,0,0,"",""
ball,1,39.1,West Indies,SO Hetmyer,CR Brathwaite,TK Curran,1,0,"",""
ball,1,39.2,West Indies,CR Brathwaite,SO Hetmyer,TK Curran,0,0,"",""
ball,1,39.3,West Indies,CR Brathwaite,SO Hetmyer,TK Curran,0,0,"",""
ball,1,39.4,West Indies,CR Brathwaite,SO Hetmyer,TK Curran,0,0,"",""
ball,1,39.5,West Indies,CR Brathwaite,SO Hetmyer,TK Curran,0,0,"",""
ball,1,39.6,West Indies,CR Brathwaite,SO Hetmyer,TK Curran,0,0,"",""
ball,1,40.1,West Indies,SO Hetmyer,CR Brathwaite,MA Wood,0,0,"",""
ball,1,40.2,West Indies,SO Hetmyer,CR Brathwaite,MA Wood,1,0,"",""
ball,1,40.3,West Indies,CR Brathwaite,SO Hetmyer,MA Wood,0,0,"",""
ball,1,40.4,West Indies,CR Brathwaite,SO Hetmyer,MA Wood,0,0,"",""
ball,1,40.5,West Indies,CR Brathwaite,SO Hetmyer,MA Wood,0,0,"",""
ball,1,40.6,West Indies,CR Brathwaite,SO Hetmyer,MA Wood,0,1,"",""
ball,1,41.1,West Indies,CR Brathwaite,SO Hetmyer,BA Stokes,0,0,"",""
ball,1,41.2,West Indies,CR Brathwaite,SO Hetmyer,BA Stokes,1,0,"",""
ball,1,41.3,West Indies,SO Hetmyer,CR Brathwaite,BA Stokes,1,0,"",""
ball,1,41.4,West Indies,CR Brathwaite,SO Hetmyer,BA Stokes,1,0,"",""
ball,1,41.5,West Indies,SO Hetmyer,CR Brathwaite,BA Stokes,1,0,"",""
ball,1,41.6,West Indies,CR Brathwaite,SO Hetmyer,BA Stokes,0,0,"",""
ball,1,42.1,West Indies,SO Hetmyer,CR Brathwaite,MA Wood,0,0,"",""
ball,1,42.2,West Indies,SO Hetmyer,CR Brathwaite,MA Wood,1,0,"",""
ball,1,42.3,West Indies,CR Brathwaite,SO Hetmyer,MA Wood,0,0,"",""
ball,1,42.4,West Indies,CR Brathwaite,SO Hetmyer,MA Wood,1,0,"",""
ball,1,42.5,West Indies,SO Hetmyer,CR Brathwaite,MA Wood,0,0,"",""
ball,1,42.6,West Indies,SO Hetmyer,CR Brathwaite,MA Wood,1,0,"",""
ball,1,43.1,West Indies,SO Hetmyer,CR Brathwaite,BA Stokes,1,0,"",""
ball,1,43.2,West Indies,CR Brathwaite,SO Hetmyer,BA Stokes,2,0,"",""
ball,1,43.3,West Indies,CR Brathwaite,SO Hetmyer,BA Stokes,6,0,"",""
ball,1,43.4,West Indies,CR Brathwaite,SO Hetmyer,BA Stokes,1,0,"",""
ball,1,43.5,West Indies,SO Hetmyer,CR Brathwaite,BA Stokes,2,0,"",""
ball,1,43.6,West Indies,SO Hetmyer,CR Brathwaite,BA Stokes,6,0,"",""
ball,1,44.1,West Indies,CR Brathwaite,SO Hetmyer,MA Wood,1,0,"",""
ball,1,44.2,West Indies,SO Hetmyer,CR Brathwaite,MA Wood,1,0,"",""
ball,1,44.3,West Indies,CR Brathwaite,SO Hetmyer,MA Wood,0,0,bowled,CR Brathwaite
ball,1,44.4,West Indies,AR Nurse,SO Hetmyer,MA Wood,1,0,"",""
ball,1,44.5,West Indies,SO Hetmyer,AR Nurse,MA Wood,1,0,"",""
ball,1,44.6,West Indies,AR Nurse,SO Hetmyer,MA Wood,1,0,"",""
ball,1,45.1,West Indies,AR Nurse,SO Hetmyer,BA Stokes,1,0,"",""
ball,1,45.2,West Indies,SO Hetmyer,AR Nurse,BA Stokes,1,0,"",""
ball,1,45.3,West Indies,AR Nurse,SO Hetmyer,BA Stokes,0,1,"",""
ball,1,45.4,West Indies,AR Nurse,SO Hetmyer,BA Stokes,0,1,"",""
ball,1,45.5,West Indies,SO Hetmyer,AR Nurse,BA Stokes,1,0,"",""
ball,1,45.6,West Indies,AR Nurse,SO Hetmyer,BA Stokes,1,0,"",""
ball,1,45.7,West Indies,SO Hetmyer,AR Nurse,BA Stokes,1,0,"",""
ball,1,46.1,West Indies,SO Hetmyer,AR Nurse,TK Curran,4,0,"",""
ball,1,46.2,West Indies,SO Hetmyer,AR Nurse,TK Curran,0,0,"",""
ball,1,46.3,West Indies,SO Hetmyer,AR Nurse,TK Curran,4,0,"",""
ball,1,46.4,West Indies,SO Hetmyer,AR Nurse,TK Curran,1,0,"",""
ball,1,46.5,West Indies,AR Nurse,SO Hetmyer,TK Curran,1,0,"",""
ball,1,46.6,West Indies,SO Hetmyer,AR Nurse,TK Curran,1,1,"",""
ball,1,46.7,West Indies,AR Nurse,SO Hetmyer,TK Curran,1,0,"",""
ball,1,47.1,West Indies,AR Nurse,SO Hetmyer,BA Stokes,1,0,"",""
ball,1,47.2,West Indies,SO Hetmyer,AR Nurse,BA Stokes,1,0,"",""
ball,1,47.3,West Indies,AR Nurse,SO Hetmyer,BA Stokes,1,1,"",""
ball,1,47.4,West Indies,SO Hetmyer,AR Nurse,BA Stokes,1,0,"",""
ball,1,47.5,West Indies,AR Nurse,SO Hetmyer,BA Stokes,0,1,"",""
ball,1,47.6,West Indies,SO Hetmyer,AR Nurse,BA Stokes,1,1,"",""
ball,1,47.7,West Indies,AR Nurse,SO Hetmyer,BA Stokes,1,0,"",""
ball,1,47.8,West Indies,SO Hetmyer,AR Nurse,BA Stokes,1,0,"",""
ball,1,48.1,West Indies,SO Hetmyer,AR Nurse,TK Curran,0,0,"",""
ball,1,48.2,West Indies,SO Hetmyer,AR Nurse,TK Curran,6,0,"",""
ball,1,48.3,West Indies,SO Hetmyer,AR Nurse,TK Curran,1,0,"",""
ball,1,48.4,West Indies,AR Nurse,SO Hetmyer,TK Curran,1,0,"",""
ball,1,48.5,West Indies,SO Hetmyer,AR Nurse,TK Curran,1,0,"",""
ball,1,48.6,West Indies,AR Nurse,SO Hetmyer,TK Curran,1,0,"",""
ball,1,49.1,West Indies,AR Nurse,SO Hetmyer,BA Stokes,1,0,"",""
ball,1,49.2,West Indies,SO Hetmyer,AR Nurse,BA Stokes,1,0,"",""
ball,1,49.3,West Indies,AR Nurse,SO Hetmyer,BA Stokes,0,0,"",""
ball,1,49.4,West Indies,AR Nurse,SO Hetmyer,BA Stokes,1,0,"",""
ball,1,49.5,West Indies,SO Hetmyer,AR Nurse,BA Stokes,4,0,"",""
ball,1,49.6,West Indies,SO Hetmyer,AR Nurse,BA Stokes,2,0,"",""
ball,2,0.1,England,JJ Roy,JM Bairstow,SS Cottrell,1,0,"",""
ball,2,0.2,England,JM Bairstow,JJ Roy,SS Cottrell,0,0,lbw,JM Bairstow
ball,2,0.3,England,JE Root,JJ Roy,SS Cottrell,0,0,"",""
ball,2,0.4,England,JE Root,JJ Roy,SS Cottrell,0,0,"",""
ball,2,0.5,England,JE Root,JJ Roy,SS Cottrell,4,0,"",""
ball,2,0.6,England,JE Root,JJ Roy,SS Cottrell,0,0,"",""
ball,2,1.1,England,JJ Roy,JE Root,JO Holder,0,0,"",""
ball,2,1.2,England,JJ Roy,JE Root,JO Holder,1,0,"",""
ball,2,1.3,England,JE Root,JJ Roy,JO Holder,4,0,"",""
ball,2,1.4,England,JE Root,JJ Roy,JO Holder,0,0,"",""
ball,2,1.5,England,JE Root,JJ Roy,JO Holder,0,0,"",""
ball,2,1.6,England,JE Root,JJ Roy,JO Holder,0,0,"",""
ball,2,2.1,England,JJ Roy,JE Root,SS Cottrell,0,0,bowled,JJ Roy
ball,2,2.2,England,EJG Morgan,JE Root,SS Cottrell,1,0,"",""
ball,2,2.3,England,JE Root,EJG Morgan,SS Cottrell,1,0,"",""
ball,2,2.4,England,EJG Morgan,JE Root,SS Cottrell,0,0,"",""
ball,2,2.5,England,EJG Morgan,JE Root,SS Cottrell,0,1,"",""
ball,2,2.6,England,EJG Morgan,JE Root,SS Cottrell,0,0,"",""
ball,2,2.7,England,EJG Morgan,JE Root,SS Cottrell,1,0,"",""
ball,2,3.1,England,EJG Morgan,JE Root,JO Holder,0,0,"",""
ball,2,3.2,England,EJG Morgan,JE Root,JO Holder,0,0,"",""
ball,2,3.3,England,EJG Morgan,JE Root,JO Holder,0,0,"",""
ball,2,3.4,England,EJG Morgan,JE Root,JO Holder,0,0,"",""
ball,2,3.5,England,EJG Morgan,JE Root,JO Holder,0,1,"",""
ball,2,3.6,England,EJG Morgan,JE Root,JO Holder,0,0,"",""
ball,2,3.7,England,EJG Morgan,JE Root,JO Holder,4,0,"",""
ball,2,4.1,England,JE Root,EJG Morgan,SS Cottrell,0,0,"",""
ball,2,4.2,England,JE Root,EJG Morgan,SS Cottrell,0,0,"",""
ball,2,4.3,England,JE Root,EJG Morgan,SS Cottrell,4,0,"",""
ball,2,4.4,England,JE Root,EJG Morgan,SS Cottrell,1,0,"",""
ball,2,4.5,England,EJG Morgan,JE Root,SS Cottrell,1,0,"",""
ball,2,4.6,England,JE Root,EJG Morgan,SS Cottrell,0,0,"",""
ball,2,5.1,England,EJG Morgan,JE Root,JO Holder,0,0,"",""
ball,2,5.2,England,EJG Morgan,JE Root,JO Holder,0,0,"",""
ball,2,5.3,England,EJG Morgan,JE Root,JO Holder,0,0,"",""
ball,2,5.4,England,EJG Morgan,JE Root,JO Holder,0,1,"",""
ball,2,5.5,England,EJG Morgan,JE Root,JO Holder,0,0,"",""
ball,2,5.6,England,EJG Morgan,JE Root,JO Holder,1,0,"",""
ball,2,5.7,England,JE Root,EJG Morgan,JO Holder,0,0,"",""
ball,2,6.1,England,EJG Morgan,JE Root,SS Cottrell,0,0,"",""
ball,2,6.2,England,EJG Morgan,JE Root,SS Cottrell,4,0,"",""
ball,2,6.3,England,EJG Morgan,JE Root,SS Cottrell,1,0,"",""
ball,2,6.4,England,JE Root,EJG Morgan,SS Cottrell,0,0,"",""
ball,2,6.5,England,JE Root,EJG Morgan,SS Cottrell,1,0,"",""
ball,2,6.6,England,EJG Morgan,JE Root,SS Cottrell,1,0,"",""
ball,2,7.1,England,EJG Morgan,JE Root,JO Holder,0,0,"",""
ball,2,7.2,England,EJG Morgan,JE Root,JO Holder,0,0,"",""
ball,2,7.3,England,EJG Morgan,JE Root,JO Holder,0,0,"",""
ball,2,7.4,England,EJG Morgan,JE Root,JO Holder,0,0,"",""
ball,2,7.5,England,EJG Morgan,JE Root,JO Holder,0,0,"",""
ball,2,7.6,England,EJG Morgan,JE Root,JO Holder,0,0,"",""
ball,2,8.1,England,JE Root,EJG Morgan,O Thomas,0,0,"",""
ball,2,8.2,England,JE Root,EJG Morgan,O Thomas,0,0,"",""
ball,2,8.3,England,JE Root,EJG Morgan,O Thomas,0,0,"",""
ball,2,8.4,England,JE Root,EJG Morgan,O Thomas,2,0,"",""
ball,2,8.5,England,JE Root,EJG Morgan,O Thomas,0,0,"",""
ball,2,8.6,England,JE Root,EJG Morgan,O Thomas,0,0,"",""
ball,2,9.1,England,EJG Morgan,JE Root,JO Holder,1,0,"",""
ball,2,9.2,England,JE Root,EJG Morgan,JO Holder,4,0,"",""
ball,2,9.3,England,JE Root,EJG Morgan,JO Holder,0,0,"",""
ball,2,9.4,England,JE Root,EJG Morgan,JO Holder,1,0,"",""
ball,2,9.5,England,EJG Morgan,JE Root,JO Holder,0,0,"",""
ball,2,9.6,England,EJG Morgan,JE Root,JO Holder,0,0,"",""
ball,2,10.1,England,JE Root,EJG Morgan,O Thomas,4,0,"",""
ball,2,10.2,England,JE Root,EJG Morgan,O Thomas,1,0,"",""
ball,2,10.3,England,EJG Morgan,JE Root,O Thomas,1,0,"",""
ball,2,10.4,England,JE Root,EJG Morgan,O Thomas,1,0,"",""
ball,2,10.5,England,EJG Morgan,JE Root,O Thomas,0,1,"",""
ball,2,10.6,England,JE Root,EJG Morgan,O Thomas,1,0,"",""
ball,2,11.1,England,JE Root,EJG Morgan,AR Nurse,1,0,"",""
ball,2,11.2,England,EJG Morgan,JE Root,AR Nurse,1,0,"",""
ball,2,11.3,England,JE Root,EJG Morgan,AR Nurse,0,0,"",""
ball,2,11.4,England,JE Root,EJG Morgan,AR Nurse,1,0,"",""
ball,2,11.5,England,EJG Morgan,JE Root,AR Nurse,1,0,"",""
ball,2,11.6,England,JE Root,EJG Morgan,AR Nurse,1,0,"",""
ball,2,12.1,England,JE Root,EJG Morgan,O Thomas,0,0,"",""
ball,2,12.2,England,JE Root,EJG Morgan,O Thomas,0,0,"",""
ball,2,12.3,England,JE Root,EJG Morgan,O Thomas,0,0,"",""
ball,2,12.4,England,JE Root,EJG Morgan,O Thomas,4,0,"",""
ball,2,12.5,England,JE Root,EJG Morgan,O Thomas,0,0,"",""
ball,2,12.6,England,JE Root,EJG Morgan,O Thomas,0,0,caught,JE Root
ball,2,13.1,England,EJG Morgan,BA Stokes,AR Nurse,0,0,"",""
ball,2,13.2,England,EJG Morgan,BA Stokes,AR Nurse,0,0,"",""
ball,2,13.3,England,EJG Morgan,BA Stokes,AR Nurse,0,0,"",""
ball,2,13.4,England,EJG Morgan,BA Stokes,AR Nurse,0,0,"",""
ball,2,13.5,England,EJG Morgan,BA Stokes,AR Nurse,1,0,"",""
ball,2,13.6,England,BA Stokes,EJG Morgan,AR Nurse,0,0,"",""
ball,2,14.1,England,EJG Morgan,BA Stokes,O Thomas,0,1,"",""
ball,2,14.2,England,BA Stokes,EJG Morgan,O Thomas,1,0,"",""
ball,2,14.3,England,EJG Morgan,BA Stokes,O Thomas,0,0,"",""
ball,2,14.4,England,EJG Morgan,BA Stokes,O Thomas,0,0,"",""
ball,2,14.5,England,EJG Morgan,BA Stokes,O Thomas,1,0,"",""
ball,2,14.6,England,BA Stokes,EJG Morgan,O Thomas,4,0,"",""
ball,2,15.1,England,EJG Morgan,BA Stokes,AR Nurse,6,0,"",""
ball,2,15.2,England,EJG Morgan,BA Stokes,AR Nurse,2,0,"",""
ball,2,15.3,England,EJG Morgan,BA Stokes,AR Nurse,0,0,"",""
ball,2,15.4,England,EJG Morgan,BA Stokes,AR Nurse,0,0,"",""
ball,2,15.5,England,EJG Morgan,BA Stokes,AR Nurse,0,0,"",""
ball,2,15.6,England,EJG Morgan,BA Stokes,AR Nurse,1,0,"",""
ball,2,16.1,England,EJG Morgan,BA Stokes,O Thomas,4,0,"",""
ball,2,16.2,England,EJG Morgan,BA Stokes,O Thomas,0,0,"",""
ball,2,16.3,England,EJG Morgan,BA Stokes,O Thomas,1,0,"",""
ball,2,16.4,England,BA Stokes,EJG Morgan,O Thomas,0,0,"",""
ball,2,16.5,England,BA Stokes,EJG Morgan,O Thomas,1,0,"",""
ball,2,16.6,England,EJG Morgan,BA Stokes,O Thomas,6,0,"",""
ball,2,17.1,England,BA Stokes,EJG Morgan,AR Nurse,0,0,"",""
ball,2,17.2,England,BA Stokes,EJG Morgan,AR Nurse,1,0,"",""
ball,2,17.3,England,EJG Morgan,BA Stokes,AR Nurse,0,0,"",""
ball,2,17.4,England,EJG Morgan,BA Stokes,AR Nurse,1,0,"",""
ball,2,17.5,England,BA Stokes,EJG Morgan,AR Nurse,0,0,"",""
ball,2,17.6,England,BA Stokes,EJG Morgan,AR Nurse,1,0,"",""
ball,2,18.1,England,BA Stokes,EJG Morgan,D Bishoo,4,0,"",""
ball,2,18.2,England,BA Stokes,EJG Morgan,D Bishoo,0,0,"",""
ball,2,18.3,England,BA Stokes,EJG Morgan,D Bishoo,2,0,"",""
ball,2,18.4,England,BA Stokes,EJG Morgan,D Bishoo,4,0,"",""
ball,2,18.5,England,BA Stokes,EJG Morgan,D Bishoo,0,0,"",""
ball,2,18.6,England,BA Stokes,EJG Morgan,D Bishoo,1,0,"",""
ball,2,19.1,England,BA Stokes,EJG Morgan,AR Nurse,0,0,"",""
ball,2,19.2,England,BA Stokes,EJG Morgan,AR Nurse,1,0,"",""
ball,2,19.3,England,EJG Morgan,BA Stokes,AR Nurse,0,0,"",""
ball,2,19.4,England,EJG Morgan,BA Stokes,AR Nurse,1,0,"",""
ball,2,19.5,England,BA Stokes,EJG Morgan,AR Nurse,0,0,"",""
ball,2,19.6,England,BA Stokes,EJG Morgan,AR Nurse,0,0,"",""
ball,2,20.1,England,EJG Morgan,BA Stokes,D Bishoo,0,0,"",""
ball,2,20.2,England,EJG Morgan,BA Stokes,D Bishoo,1,0,"",""
ball,2,20.3,England,BA Stokes,EJG Morgan,D Bishoo,0,0,"",""
ball,2,20.4,England,BA Stokes,EJG Morgan,D Bishoo,0,0,"",""
ball,2,20.5,England,BA Stokes,EJG Morgan,D Bishoo,1,0,"",""
ball,2,20.6,England,EJG Morgan,BA Stokes,D Bishoo,0,0,"",""
ball,2,21.1,England,BA Stokes,EJG Morgan,AR Nurse,0,0,"",""
ball,2,21.2,England,BA Stokes,EJG Morgan,AR Nurse,1,0,"",""
ball,2,21.3,England,EJG Morgan,BA Stokes,AR Nurse,0,0,"",""
ball,2,21.4,England,EJG Morgan,BA Stokes,AR Nurse,1,0,"",""
ball,2,21.5,England,BA Stokes,EJG Morgan,AR Nurse,0,0,"",""
ball,2,21.6,England,BA Stokes,EJG Morgan,AR Nurse,6,0,"",""
ball,2,22.1,England,EJG Morgan,BA Stokes,D Bishoo,1,0,"",""
ball,2,22.2,England,BA Stokes,EJG Morgan,D Bishoo,0,1,"",""
ball,2,22.3,England,BA Stokes,EJG Morgan,D Bishoo,0,0,"",""
ball,2,22.4,England,BA Stokes,EJG Morgan,D Bishoo,1,0,"",""
ball,2,22.5,England,EJG Morgan,BA Stokes,D Bishoo,0,0,"",""
ball,2,22.6,England,EJG Morgan,BA Stokes,D Bishoo,1,0,"",""
ball,2,22.7,England,BA Stokes,EJG Morgan,D Bishoo,1,0,"",""
ball,2,23.1,England,BA Stokes,EJG Morgan,CH Gayle,0,0,"",""
ball,2,23.2,England,BA Stokes,EJG Morgan,CH Gayle,0,0,"",""
ball,2,23.3,England,BA Stokes,EJG Morgan,CH Gayle,1,0,"",""
ball,2,23.4,England,EJG Morgan,BA Stokes,CH Gayle,1,0,"",""
ball,2,23.5,England,BA Stokes,EJG Morgan,CH Gayle,1,0,"",""
ball,2,23.6,England,EJG Morgan,BA Stokes,CH Gayle,1,0,"",""
ball,2,24.1,England,EJG Morgan,BA Stokes,D Bishoo,1,0,"",""
ball,2,24.2,England,BA Stokes,EJG Morgan,D Bishoo,1,0,"",""
ball,2,24.3,England,EJG Morgan,BA Stokes,D Bishoo,2,0,"",""
ball,2,24.4,England,EJG Morgan,BA Stokes,D Bishoo,0,0,"",""
ball,2,24.5,England,EJG Morgan,BA Stokes,D Bishoo,1,0,"",""
ball,2,24.6,England,BA Stokes,EJG Morgan,D Bishoo,0,0,"",""
ball,2,25.1,England,EJG Morgan,BA Stokes,CH Gayle,4,0,"",""
ball,2,25.2,England,EJG Morgan,BA Stokes,CH Gayle,6,0,"",""
ball,2,25.3,England,EJG Morgan,BA Stokes,CH Gayle,0,0,"",""
ball,2,25.4,England,EJG Morgan,BA Stokes,CH Gayle,0,0,"",""
ball,2,25.5,England,EJG Morgan,BA Stokes,CH Gayle,0,1,"",""
ball,2,25.6,England,EJG Morgan,BA Stokes,CH Gayle,0,0,"",""
ball,2,25.7,England,EJG Morgan,BA Stokes,CH Gayle,0,0,"",""
ball,2,26.1,England,BA Stokes,EJG Morgan,D Bishoo,0,0,"",""
ball,2,26.2,England,BA Stokes,EJG Morgan,D Bishoo,1,0,"",""
ball,2,26.3,England,EJG Morgan,BA Stokes,D Bishoo,1,0,"",""
ball,2,26.4,England,BA Stokes,EJG Morgan,D Bishoo,0,0,"",""
ball,2,26.5,England,BA Stokes,EJG Morgan,D Bishoo,0,0,"",""
ball,2,26.6,England,BA Stokes,EJG Morgan,D Bishoo,0,0,"",""
ball,2,27.1,England,EJG Morgan,BA Stokes,CR Brathwaite,1,0,"",""
ball,2,27.2,England,BA Stokes,EJG Morgan,CR Brathwaite,0,0,"",""
ball,2,27.3,England,BA Stokes,EJG Morgan,CR Brathwaite,0,0,"",""
ball,2,27.4,England,BA Stokes,EJG Morgan,CR Brathwaite,1,0,"",""
ball,2,27.5,England,EJG Morgan,BA Stokes,CR Brathwaite,1,0,"",""
ball,2,27.6,England,BA Stokes,EJG Morgan,CR Brathwaite,0,0,"",""
ball,2,28.1,England,EJG Morgan,BA Stokes,SS Cottrell,4,0,"",""
ball,2,28.2,England,EJG Morgan,BA Stokes,SS Cottrell,1,0,"",""
ball,2,28.3,England,BA Stokes,EJG Morgan,SS Cottrell,2,0,"",""
ball,2,28.4,England,BA Stokes,EJG Morgan,SS Cottrell,0,0,"",""
ball,2,28.5,England,BA Stokes,EJG Morgan,SS Cottrell,1,0,"",""
ball,2,28.6,England,EJG Morgan,BA Stokes,SS Cottrell,0,0,"",""
ball,2,29.1,England,BA Stokes,EJG Morgan,CR Brathwaite,0,0,"",""
ball,2,29.2,England,BA Stokes,EJG Morgan,CR Brathwaite,0,0,"",""
ball,2,29.3,England,BA Stokes,EJG Morgan,CR Brathwaite,0,0,"",""
ball,2,29.4,England,BA Stokes,EJG Morgan,CR Brathwaite,4,0,"",""
ball,2,29.5,England,BA Stokes,EJG Morgan,CR Brathwaite,0,0,"",""
ball,2,29.6,England,BA Stokes,EJG Morgan,CR Brathwaite,1,0,"",""
ball,2,30.1,England,BA Stokes,EJG Morgan,SS Cottrell,1,0,"",""
ball,2,30.2,England,EJG Morgan,BA Stokes,SS Cottrell,0,0,caught,EJG Morgan
ball,2,30.3,England,BA Stokes,JC Buttler,SS Cottrell,1,0,"",""
ball,2,30.4,England,JC Buttler,BA Stokes,SS Cottrell,1,0,"",""
ball,2,30.5,England,BA Stokes,JC Buttler,SS Cottrell,1,0,"",""
ball,2,30.6,England,JC Buttler,BA Stokes,SS Cottrell,0,0,"",""
ball,2,31.1,England,BA Stokes,JC Buttler,CR Brathwaite,1,0,"",""
ball,2,31.2,England,JC Buttler,BA Stokes,CR Brathwaite,0,1,"",""
ball,2,31.3,England,BA Stokes,JC Buttler,CR Brathwaite,0,0,"",""
ball,2,31.4,England,BA Stokes,JC Buttler,CR Brathwaite,0,0,"",""
ball,2,31.5,England,BA Stokes,JC Buttler,CR Brathwaite,0,1,"",""
ball,2,31.6,England,BA Stokes,JC Buttler,CR Brathwaite,4,0,"",""
ball,2,31.7,England,BA Stokes,JC Buttler,CR Brathwaite,1,0,"",""
ball,2,32.1,England,BA Stokes,JC Buttler,SS Cottrell,0,0,"",""
ball,2,32.2,England,BA Stokes,JC Buttler,SS Cottrell,0,0,"",""
ball,2,32.3,England,BA Stokes,JC Buttler,SS Cottrell,0,0,"",""
ball,2,32.4,England,BA Stokes,JC Buttler,SS Cottrell,1,0,"",""
ball,2,32.5,England,JC Buttler,BA Stokes,SS Cottrell,1,0,"",""
ball,2,32.6,England,BA Stokes,JC Buttler,SS Cottrell,1,0,"",""
ball,2,33.1,England,BA Stokes,JC Buttler,CR Brathwaite,0,0,"",""
ball,2,33.2,England,BA Stokes,JC Buttler,CR Brathwaite,0,0,"",""
ball,2,33.3,England,BA Stokes,JC Buttler,CR Brathwaite,1,0,"",""
ball,2,33.4,England,JC Buttler,BA Stokes,CR Brathwaite,0,1,"",""
ball,2,33.5,England,JC Buttler,BA Stokes,CR Brathwaite,1,0,"",""
ball,2,33.6,England,BA Stokes,JC Buttler,CR Brathwaite,4,0,"",""
ball,2,33.7,England,BA Stokes,JC Buttler,CR Brathwaite,4,0,"",""
ball,2,34.1,England,JC Buttler,BA Stokes,D Bishoo,0,0,"",""
ball,2,34.2,England,JC Buttler,BA Stokes,D Bishoo,2,0,"",""
ball,2,34.3,England,JC Buttler,BA Stokes,D Bishoo,1,0,"",""
ball,2,34.4,England,BA Stokes,JC Buttler,D Bishoo,1,0,"",""
ball,2,34.5,England,JC Buttler,BA Stokes,D Bishoo,1,0,"",""
ball,2,34.6,England,BA Stokes,JC Buttler,D Bishoo,1,0,"",""
ball,2,35.1,England,BA Stokes,JC Buttler,JO Holder,0,0,"",""
ball,2,35.2,England,BA Stokes,JC Buttler,JO Holder,2,0,"",""
ball,2,35.3,England,BA Stokes,JC Buttler,JO Holder,1,0,"",""
ball,2,35.4,England,JC Buttler,BA Stokes,JO Holder,6,0,"",""
ball,2,35.5,England,JC Buttler,BA Stokes,JO Holder,0,0,"",""
ball,2,35.6,England,JC Buttler,BA Stokes,JO Holder,1,0,"",""
ball,2,36.1,England,JC Buttler,BA Stokes,D Bishoo,0,0,"",""
ball,2,36.2,England,JC Buttler,BA Stokes,D Bishoo,4,0,"",""
ball,2,36.3,England,JC Buttler,BA Stokes,D Bishoo,0,0,"",""
ball,2,36.4,England,JC Buttler,BA Stokes,D Bishoo,0,0,"",""
ball,2,36.5,England,JC Buttler,BA Stokes,D Bishoo,1,0,"",""
ball,2,36.6,England,BA Stokes,JC Buttler,D Bishoo,0,0,"",""
ball,2,37.1,England,JC Buttler,BA Stokes,JO Holder,1,0,"",""
ball,2,37.2,England,BA Stokes,JC Buttler,JO Holder,1,0,"",""
ball,2,37.3,England,JC Buttler,BA Stokes,JO Holder,4,0,"",""
ball,2,37.4,England,JC Buttler,BA Stokes,JO Holder,0,0,"",""
ball,2,37.5,England,JC Buttler,BA Stokes,JO Holder,0,0,"",""
ball,2,37.6,England,JC Buttler,BA Stokes,JO Holder,0,0,"",""
ball,2,38.1,England,BA Stokes,JC Buttler,D Bishoo,0,0,"",""
ball,2,38.2,England,BA Stokes,JC Buttler,D Bishoo,1,0,"",""
ball,2,38.3,England,JC Buttler,BA Stokes,D Bishoo,6,0,"",""
ball,2,38.4,England,JC Buttler,BA Stokes,D Bishoo,0,0,"",""
ball,2,38.5,England,JC Buttler,BA Stokes,D Bishoo,0,0,"",""
ball,2,38.6,England,JC Buttler,BA Stokes,D Bishoo,0,0,"",""
ball,2,39.1,England,BA Stokes,JC Buttler,JO Holder,1,0,"",""
ball,2,39.2,England,JC Buttler,BA Stokes,JO Holder,1,0,"",""
ball,2,39.3,England,BA Stokes,JC Buttler,JO Holder,6,0,"",""
ball,2,39.4,England,BA Stokes,JC Buttler,JO Holder,2,0,"",""
ball,2,39.5,England,BA Stokes,JC Buttler,JO Holder,0,0,"",""
ball,2,39.6,England,BA Stokes,JC Buttler,JO Holder,0,0,caught,BA Stokes
ball,2,40.1,England,JC Buttler,MM Ali,D Bishoo,0,0,"",""
ball,2,40.2,England,JC Buttler,MM Ali,D Bishoo,1,0,"",""
ball,2,40.3,England,MM Ali,JC Buttler,D Bishoo,1,0,"",""
ball,2,40.4,England,JC Buttler,MM Ali,D Bishoo,0,0,"",""
ball,2,40.5,England,JC Buttler,MM Ali,D Bishoo,1,0,"",""
ball,2,40.6,England,MM Ali,JC Buttler,D Bishoo,0,0,"",""
ball,2,41.1,England,JC Buttler,MM Ali,JO Holder,1,0,"",""
ball,2,41.2,England,MM Ali,JC Buttler,JO Holder,1,0,"",""
ball,2,41.3,England,JC Buttler,MM Ali,JO Holder,0,0,caught,JC Buttler
ball,2,41.4,England,TK Curran,MM Ali,JO Holder,0,0,lbw,TK Curran
ball,2,41.5,England,AU Rashid,MM Ali,JO Holder,0,0,"",""
ball,2,41.6,England,AU Rashid,MM Ali,JO Holder,0,0,"",""
ball,2,42.1,England,MM Ali,AU Rashid,D Bishoo,2,0,"",""
ball,2,42.2,England,MM Ali,AU Rashid,D Bishoo,0,0,"",""
ball,2,42.3,England,MM Ali,AU Rashid,D Bishoo,1,0,"",""
ball,2,42.4,England,AU Rashid,MM Ali,D Bishoo,0,0,"",""
ball,2,42.5,England,AU Rashid,MM Ali,D Bishoo,0,0,"",""
ball,2,42.6,England,AU Rashid,MM Ali,D Bishoo,0,0,"",""
ball,2,43.1,England,MM Ali,AU Rashid,JO Holder,2,0,"",""
ball,2,43.2,England,MM Ali,AU Rashid,JO Holder,0,0,"",""
ball,2,43.3,England,MM Ali,AU Rashid,JO Holder,1,0,"",""
ball,2,43.4,England,AU Rashid,MM Ali,JO Holder,4,0,"",""
ball,2,43.5,England,AU Rashid,MM Ali,JO Holder,0,0,"",""
ball,2,43.6,England,AU Rashid,MM Ali,JO Holder,0,0,"",""
ball,2,44.1,England,MM Ali,AU Rashid,SS Cottrell,1,0,"",""
ball,2,44.2,England,AU Rashid,MM Ali,SS Cottrell,0,0,"",""
ball,2,44.3,England,AU Rashid,MM Ali,SS Cottrell,0,0,"",""
ball,2,44.4,England,AU Rashid,MM Ali,SS Cottrell,1,0,"",""
ball,2,44.5,England,MM Ali,AU Rashid,SS Cottrell,0,1,"",""
ball,2,44.6,England,MM Ali,AU Rashid,SS Cottrell,1,0,"",""
ball,2,44.7,England,AU Rashid,MM Ali,SS Cottrell,0,1,"",""
ball,2,44.8,England,AU Rashid,MM Ali,SS Cottrell,2,0,"",""
ball,2,45.1,England,MM Ali,AU Rashid,CR Brathwaite,1,0,"",""
ball,2,45.2,England,AU Rashid,MM Ali,CR Brathwaite,0,0,"",""
ball,2,45.3,England,AU Rashid,MM Ali,CR Brathwaite,4,0,"",""
ball,2,45.4,England,AU Rashid,MM Ali,CR Brathwaite,4,0,"",""
ball,2,45.5,England,AU Rashid,MM Ali,CR Brathwaite,0,0,"",""
ball,2,45.6,England,AU Rashid,MM Ali,CR Brathwaite,0,0,"",""
ball,2,46.1,England,MM Ali,AU Rashid,SS Cottrell,1,0,"",""
ball,2,46.2,England,AU Rashid,MM Ali,SS Cottrell,0,0,"",""
ball,2,46.3,England,AU Rashid,MM Ali,SS Cottrell,0,0,caught,AU Rashid
ball,2,46.4,England,LE Plunkett,MM Ali,SS Cottrell,1,0,"",""
ball,2,46.5,England,MM Ali,LE Plunkett,SS Cottrell,0,0,bowled,MM Ali
ball,2,46.6,England,MA Wood,LE Plunkett,SS Cottrell,0,0,"",""
ball,2,47.1,England,LE Plunkett,MA Wood,CR Brathwaite,1,0,"",""
ball,2,47.2,England,MA Wood,LE Plunkett,CR Brathwaite,0,0,"",""
ball,2,47.3,England,MA Wood,LE Plunkett,CR Brathwaite,1,0,"",""
ball,2,47.4,England,LE Plunkett,MA Wood,CR Brathwaite,0,0,caught,LE Plunkett
