version,1.3.0
info,team,Ireland
info,team,Bangladesh
info,gender,male
info,season,2019
info,date,2019/05/15
info,series,Ireland Tri-Nation Series
info,match_number,6
info,venue,Castle Avenue
info,city,Dublin
info,toss_winner,Ireland
info,toss_decision,bat
info,player_of_match,Abu Jayed
info,umpire,RA Kettleborough
info,umpire,R Black
info,reserve_umpire,M Hawthorne
info,tv_umpire,AJ Neill
info,match_referee,BC Broad
info,winner,Bangladesh
info,winner_wickets,6
ball,1,0.1,Ireland,PR Stirling,JA McCollum,Abu Jayed,0,0,"",""
ball,1,0.2,Ireland,PR Stirling,JA McCollum,Abu Jayed,0,0,"",""
ball,1,0.3,Ireland,PR Stirling,JA McCollum,Abu Jayed,0,0,"",""
ball,1,0.4,Ireland,PR Stirling,JA McCollum,Abu Jayed,4,0,"",""
ball,1,0.5,Ireland,PR Stirling,JA McCollum,Abu Jayed,2,0,"",""
ball,1,0.6,Ireland,PR Stirling,JA McCollum,Abu Jayed,0,0,"",""
ball,1,1.1,Ireland,JA McCollum,PR Stirling,Rubel Hossain,0,0,"",""
ball,1,1.2,Ireland,JA McCollum,PR Stirling,Rubel Hossain,4,0,"",""
ball,1,1.3,Ireland,JA McCollum,PR Stirling,Rubel Hossain,1,0,"",""
ball,1,1.4,Ireland,PR Stirling,JA McCollum,Rubel Hossain,2,0,"",""
ball,1,1.5,Ireland,PR Stirling,JA McCollum,Rubel Hossain,0,0,"",""
ball,1,1.6,Ireland,PR Stirling,JA McCollum,Rubel Hossain,2,0,"",""
ball,1,2.1,Ireland,JA McCollum,PR Stirling,Abu Jayed,0,0,"",""
ball,1,2.2,Ireland,JA McCollum,PR Stirling,Abu Jayed,0,0,"",""
ball,1,2.3,Ireland,JA McCollum,PR Stirling,Abu Jayed,0,0,"",""
ball,1,2.4,Ireland,JA McCollum,PR Stirling,Abu Jayed,0,0,"",""
ball,1,2.5,Ireland,JA McCollum,PR Stirling,Abu Jayed,0,1,"",""
ball,1,2.6,Ireland,JA McCollum,PR Stirling,Abu Jayed,0,0,"",""
ball,1,2.7,Ireland,JA McCollum,PR Stirling,Abu Jayed,0,0,"",""
ball,1,3.1,Ireland,PR Stirling,JA McCollum,Rubel Hossain,0,0,"",""
ball,1,3.2,Ireland,PR Stirling,JA McCollum,Rubel Hossain,0,0,"",""
ball,1,3.3,Ireland,PR Stirling,JA McCollum,Rubel Hossain,6,0,"",""
ball,1,3.4,Ireland,PR Stirling,JA McCollum,Rubel Hossain,1,0,"",""
ball,1,3.5,Ireland,JA McCollum,PR Stirling,Rubel Hossain,0,0,caught,JA McCollum
ball,1,3.6,Ireland,A Balbirnie,PR Stirling,Rubel Hossain,0,0,"",""
ball,1,4.1,Ireland,PR Stirling,A Balbirnie,Abu Jayed,2,0,"",""
ball,1,4.2,Ireland,PR Stirling,A Balbirnie,Abu Jayed,4,0,"",""
ball,1,4.3,Ireland,PR Stirling,A Balbirnie,Abu Jayed,0,0,"",""
ball,1,4.4,Ireland,PR Stirling,A Balbirnie,Abu Jayed,0,0,"",""
ball,1,4.5,Ireland,PR Stirling,A Balbirnie,Abu Jayed,1,0,"",""
ball,1,4.6,Ireland,A Balbirnie,PR Stirling,Abu Jayed,1,0,"",""
ball,1,5.1,Ireland,A Balbirnie,PR Stirling,Rubel Hossain,0,0,"",""
ball,1,5.2,Ireland,A Balbirnie,PR Stirling,Rubel Hossain,1,0,"",""
ball,1,5.3,Ireland,PR Stirling,A Balbirnie,Rubel Hossain,0,0,"",""
ball,1,5.4,Ireland,PR Stirling,A Balbirnie,Rubel Hossain,0,0,"",""
ball,1,5.5,Ireland,PR Stirling,A Balbirnie,Rubel Hossain,6,0,"",""
ball,1,5.6,Ireland,PR Stirling,A Balbirnie,Rubel Hossain,2,0,"",""
ball,1,6.1,Ireland,A Balbirnie,PR Stirling,Abu Jayed,0,0,"",""
ball,1,6.2,Ireland,A Balbirnie,PR Stirling,Abu Jayed,0,0,"",""
ball,1,6.3,Ireland,A Balbirnie,PR Stirling,Abu Jayed,0,0,"",""
ball,1,6.4,Ireland,A Balbirnie,PR Stirling,Abu Jayed,4,0,"",""
ball,1,6.5,Ireland,A Balbirnie,PR Stirling,Abu Jayed,0,0,"",""
ball,1,6.6,Ireland,A Balbirnie,PR Stirling,Abu Jayed,0,0,"",""
ball,1,7.1,Ireland,PR Stirling,A Balbirnie,Rubel Hossain,0,0,"",""
ball,1,7.2,Ireland,PR Stirling,A Balbirnie,Rubel Hossain,0,0,"",""
ball,1,7.3,Ireland,PR Stirling,A Balbirnie,Rubel Hossain,0,0,"",""
ball,1,7.4,Ireland,PR Stirling,A Balbirnie,Rubel Hossain,0,0,"",""
ball,1,7.5,Ireland,PR Stirling,A Balbirnie,Rubel Hossain,0,0,"",""
ball,1,7.6,Ireland,PR Stirling,A Balbirnie,Rubel Hossain,0,0,"",""
ball,1,8.1,Ireland,A Balbirnie,PR Stirling,Abu Jayed,4,0,"",""
ball,1,8.2,Ireland,A Balbirnie,PR Stirling,Abu Jayed,0,1,"",""
ball,1,8.3,Ireland,A Balbirnie,PR Stirling,Abu Jayed,0,0,"",""
ball,1,8.4,Ireland,A Balbirnie,PR Stirling,Abu Jayed,0,0,"",""
ball,1,8.5,Ireland,A Balbirnie,PR Stirling,Abu Jayed,0,0,"",""
ball,1,8.6,Ireland,A Balbirnie,PR Stirling,Abu Jayed,0,0,"",""
ball,1,8.7,Ireland,A Balbirnie,PR Stirling,Abu Jayed,4,0,"",""
ball,1,9.1,Ireland,PR Stirling,A Balbirnie,Rubel Hossain,0,0,"",""
ball,1,9.2,Ireland,PR Stirling,A Balbirnie,Rubel Hossain,0,0,"",""
ball,1,9.3,Ireland,PR Stirling,A Balbirnie,Rubel Hossain,0,0,"",""
ball,1,9.4,Ireland,PR Stirling,A Balbirnie,Rubel Hossain,0,0,"",""
ball,1,9.5,Ireland,PR Stirling,A Balbirnie,Rubel Hossain,0,0,"",""
ball,1,9.6,Ireland,PR Stirling,A Balbirnie,Rubel Hossain,0,0,"",""
ball,1,10.1,Ireland,A Balbirnie,PR Stirling,Abu Jayed,4,0,"",""
ball,1,10.2,Ireland,A Balbirnie,PR Stirling,Abu Jayed,2,0,"",""
ball,1,10.3,Ireland,A Balbirnie,PR Stirling,Abu Jayed,0,0,"",""
ball,1,10.4,Ireland,A Balbirnie,PR Stirling,Abu Jayed,0,0,caught,A Balbirnie
ball,1,10.5,Ireland,WTS Porterfield,PR Stirling,Abu Jayed,0,0,"",""
ball,1,10.6,Ireland,WTS Porterfield,PR Stirling,Abu Jayed,1,0,"",""
ball,1,11.1,Ireland,WTS Porterfield,PR Stirling,Mohammad Saifuddin,0,0,"",""
ball,1,11.2,Ireland,WTS Porterfield,PR Stirling,Mohammad Saifuddin,0,0,"",""
ball,1,11.3,Ireland,WTS Porterfield,PR Stirling,Mohammad Saifuddin,1,0,"",""
ball,1,11.4,Ireland,PR Stirling,WTS Porterfield,Mohammad Saifuddin,4,0,"",""
ball,1,11.5,Ireland,PR Stirling,WTS Porterfield,Mohammad Saifuddin,0,0,"",""
ball,1,11.6,Ireland,PR Stirling,WTS Porterfield,Mohammad Saifuddin,1,0,"",""
ball,1,12.1,Ireland,PR Stirling,WTS Porterfield,Mosaddek Hossain,1,0,"",""
ball,1,12.2,Ireland,WTS Porterfield,PR Stirling,Mosaddek Hossain,0,0,"",""
ball,1,12.3,Ireland,WTS Porterfield,PR Stirling,Mosaddek Hossain,0,0,"",""
ball,1,12.4,Ireland,WTS Porterfield,PR Stirling,Mosaddek Hossain,1,0,"",""
ball,1,12.5,Ireland,PR Stirling,WTS Porterfield,Mosaddek Hossain,4,0,"",""
ball,1,12.6,Ireland,PR Stirling,WTS Porterfield,Mosaddek Hossain,0,0,"",""
ball,1,13.1,Ireland,WTS Porterfield,PR Stirling,Mohammad Saifuddin,1,0,"",""
ball,1,13.2,Ireland,PR Stirling,WTS Porterfield,Mohammad Saifuddin,2,0,"",""
ball,1,13.3,Ireland,PR Stirling,WTS Porterfield,Mohammad Saifuddin,0,0,"",""
ball,1,13.4,Ireland,PR Stirling,WTS Porterfield,Mohammad Saifuddin,2,0,"",""
ball,1,13.5,Ireland,PR Stirling,WTS Porterfield,Mohammad Saifuddin,0,0,"",""
ball,1,13.6,Ireland,PR Stirling,WTS Porterfield,Mohammad Saifuddin,0,0,"",""
ball,1,14.1,Ireland,WTS Porterfield,PR Stirling,Mosaddek Hossain,0,0,"",""
ball,1,14.2,Ireland,WTS Porterfield,PR Stirling,Mosaddek Hossain,0,0,"",""
ball,1,14.3,Ireland,WTS Porterfield,PR Stirling,Mosaddek Hossain,0,0,"",""
ball,1,14.4,Ireland,WTS Porterfield,PR Stirling,Mosaddek Hossain,4,0,"",""
ball,1,14.5,Ireland,WTS Porterfield,PR Stirling,Mosaddek Hossain,0,0,"",""
ball,1,14.6,Ireland,WTS Porterfield,PR Stirling,Mosaddek Hossain,0,0,"",""
ball,1,15.1,Ireland,PR Stirling,WTS Porterfield,Mohammad Saifuddin,0,0,"",""
ball,1,15.2,Ireland,PR Stirling,WTS Porterfield,Mohammad Saifuddin,1,0,"",""
ball,1,15.3,Ireland,WTS Porterfield,PR Stirling,Mohammad Saifuddin,0,0,"",""
ball,1,15.4,Ireland,WTS Porterfield,PR Stirling,Mohammad Saifuddin,1,0,"",""
ball,1,15.5,Ireland,PR Stirling,WTS Porterfield,Mohammad Saifuddin,0,0,"",""
ball,1,15.6,Ireland,PR Stirling,WTS Porterfield,Mohammad Saifuddin,1,0,"",""
ball,1,16.1,Ireland,PR Stirling,WTS Porterfield,Mosaddek Hossain,1,0,"",""
ball,1,16.2,Ireland,WTS Porterfield,PR Stirling,Mosaddek Hossain,1,0,"",""
ball,1,16.3,Ireland,PR Stirling,WTS Porterfield,Mosaddek Hossain,1,0,"",""
ball,1,16.4,Ireland,WTS Porterfield,PR Stirling,Mosaddek Hossain,0,0,"",""
ball,1,16.5,Ireland,WTS Porterfield,PR Stirling,Mosaddek Hossain,1,0,"",""
ball,1,16.6,Ireland,PR Stirling,WTS Porterfield,Mosaddek Hossain,1,0,"",""
ball,1,17.1,Ireland,PR Stirling,WTS Porterfield,Mohammad Saifuddin,0,0,"",""
ball,1,17.2,Ireland,PR Stirling,WTS Porterfield,Mohammad Saifuddin,0,0,"",""
ball,1,17.3,Ireland,PR Stirling,WTS Porterfield,Mohammad Saifuddin,1,0,"",""
ball,1,17.4,Ireland,WTS Porterfield,PR Stirling,Mohammad Saifuddin,1,0,"",""
ball,1,17.5,Ireland,PR Stirling,WTS Porterfield,Mohammad Saifuddin,0,0,"",""
ball,1,17.6,Ireland,PR Stirling,WTS Porterfield,Mohammad Saifuddin,1,0,"",""
ball,1,18.1,Ireland,PR Stirling,WTS Porterfield,Mosaddek Hossain,0,0,"",""
ball,1,18.2,Ireland,PR Stirling,WTS Porterfield,Mosaddek Hossain,0,0,"",""
ball,1,18.3,Ireland,PR Stirling,WTS Porterfield,Mosaddek Hossain,0,0,"",""
ball,1,18.4,Ireland,PR Stirling,WTS Porterfield,Mosaddek Hossain,0,0,"",""
ball,1,18.5,Ireland,PR Stirling,WTS Porterfield,Mosaddek Hossain,1,0,"",""
ball,1,18.6,Ireland,WTS Porterfield,PR Stirling,Mosaddek Hossain,1,0,"",""
ball,1,19.1,Ireland,WTS Porterfield,PR Stirling,Mohammad Saifuddin,1,0,"",""
ball,1,19.2,Ireland,PR Stirling,WTS Porterfield,Mohammad Saifuddin,0,0,"",""
ball,1,19.3,Ireland,PR Stirling,WTS Porterfield,Mohammad Saifuddin,1,0,"",""
ball,1,19.4,Ireland,WTS Porterfield,PR Stirling,Mohammad Saifuddin,0,0,"",""
ball,1,19.5,Ireland,WTS Porterfield,PR Stirling,Mohammad Saifuddin,0,0,"",""
ball,1,19.6,Ireland,WTS Porterfield,PR Stirling,Mohammad Saifuddin,0,0,"",""
ball,1,20.1,Ireland,PR Stirling,WTS Porterfield,Mosaddek Hossain,0,0,"",""
ball,1,20.2,Ireland,PR Stirling,WTS Porterfield,Mosaddek Hossain,1,0,"",""
ball,1,20.3,Ireland,WTS Porterfield,PR Stirling,Mosaddek Hossain,1,0,"",""
ball,1,20.4,Ireland,PR Stirling,WTS Porterfield,Mosaddek Hossain,1,0,"",""
ball,1,20.5,Ireland,WTS Porterfield,PR Stirling,Mosaddek Hossain,1,0,"",""
ball,1,20.6,Ireland,PR Stirling,WTS Porterfield,Mosaddek Hossain,1,0,"",""
ball,1,21.1,Ireland,PR Stirling,WTS Porterfield,Shakib Al Hasan,0,0,"",""
ball,1,21.2,Ireland,PR Stirling,WTS Porterfield,Shakib Al Hasan,1,0,"",""
ball,1,21.3,Ireland,WTS Porterfield,PR Stirling,Shakib Al Hasan,0,0,"",""
ball,1,21.4,Ireland,WTS Porterfield,PR Stirling,Shakib Al Hasan,0,0,"",""
ball,1,21.5,Ireland,WTS Porterfield,PR Stirling,Shakib Al Hasan,1,0,"",""
ball,1,21.6,Ireland,PR Stirling,WTS Porterfield,Shakib Al Hasan,0,0,"",""
ball,1,22.1,Ireland,WTS Porterfield,PR Stirling,Mosaddek Hossain,0,0,"",""
ball,1,22.2,Ireland,WTS Porterfield,PR Stirling,Mosaddek Hossain,0,0,"",""
ball,1,22.3,Ireland,WTS Porterfield,PR Stirling,Mosaddek Hossain,1,0,"",""
ball,1,22.4,Ireland,PR Stirling,WTS Porterfield,Mosaddek Hossain,1,0,"",""
ball,1,22.5,Ireland,WTS Porterfield,PR Stirling,Mosaddek Hossain,0,0,"",""
ball,1,22.6,Ireland,WTS Porterfield,PR Stirling,Mosaddek Hossain,0,0,"",""
ball,1,23.1,Ireland,PR Stirling,WTS Porterfield,Shakib Al Hasan,0,0,"",""
ball,1,23.2,Ireland,PR Stirling,WTS Porterfield,Shakib Al Hasan,1,0,"",""
ball,1,23.3,Ireland,WTS Porterfield,PR Stirling,Shakib Al Hasan,4,0,"",""
ball,1,23.4,Ireland,WTS Porterfield,PR Stirling,Shakib Al Hasan,1,0,"",""
ball,1,23.5,Ireland,PR Stirling,WTS Porterfield,Shakib Al Hasan,1,0,"",""
ball,1,23.6,Ireland,WTS Porterfield,PR Stirling,Shakib Al Hasan,0,0,"",""
ball,1,24.1,Ireland,PR Stirling,WTS Porterfield,Mosaddek Hossain,1,0,"",""
ball,1,24.2,Ireland,WTS Porterfield,PR Stirling,Mosaddek Hossain,0,0,"",""
ball,1,24.3,Ireland,WTS Porterfield,PR Stirling,Mosaddek Hossain,1,0,"",""
ball,1,24.4,Ireland,PR Stirling,WTS Porterfield,Mosaddek Hossain,0,0,"",""
ball,1,24.5,Ireland,PR Stirling,WTS Porterfield,Mosaddek Hossain,1,0,"",""
ball,1,24.6,Ireland,WTS Porterfield,PR Stirling,Mosaddek Hossain,1,0,"",""
ball,1,25.1,Ireland,WTS Porterfield,PR Stirling,Shakib Al Hasan,0,0,"",""
ball,1,25.2,Ireland,WTS Porterfield,PR Stirling,Shakib Al Hasan,4,0,"",""
ball,1,25.3,Ireland,WTS Porterfield,PR Stirling,Shakib Al Hasan,1,0,"",""
ball,1,25.4,Ireland,PR Stirling,WTS Porterfield,Shakib Al Hasan,0,0,"",""
ball,1,25.5,Ireland,PR Stirling,WTS Porterfield,Shakib Al Hasan,1,0,"",""
ball,1,25.6,Ireland,WTS Porterfield,PR Stirling,Shakib Al Hasan,1,0,"",""
ball,1,26.1,Ireland,WTS Porterfield,PR Stirling,Mosaddek Hossain,1,0,"",""
ball,1,26.2,Ireland,PR Stirling,WTS Porterfield,Mosaddek Hossain,1,0,"",""
ball,1,26.3,Ireland,WTS Porterfield,PR Stirling,Mosaddek Hossain,1,0,"",""
ball,1,26.4,Ireland,PR Stirling,WTS Porterfield,Mosaddek Hossain,0,0,"",""
ball,1,26.5,Ireland,PR Stirling,WTS Porterfield,Mosaddek Hossain,0,0,"",""
ball,1,26.6,Ireland,PR Stirling,WTS Porterfield,Mosaddek Hossain,1,0,"",""
ball,1,27.1,Ireland,PR Stirling,WTS Porterfield,Shakib Al Hasan,1,0,"",""
ball,1,27.2,Ireland,WTS Porterfield,PR Stirling,Shakib Al Hasan,0,0,"",""
ball,1,27.3,Ireland,WTS Porterfield,PR Stirling,Shakib Al Hasan,0,0,"",""
ball,1,27.4,Ireland,WTS Porterfield,PR Stirling,Shakib Al Hasan,0,0,"",""
ball,1,27.5,Ireland,WTS Porterfield,PR Stirling,Shakib Al Hasan,0,0,"",""
ball,1,27.6,Ireland,WTS Porterfield,PR Stirling,Shakib Al Hasan,4,0,"",""
ball,1,28.1,Ireland,PR Stirling,WTS Porterfield,Mashrafe Mortaza,1,0,"",""
ball,1,28.2,Ireland,WTS Porterfield,PR Stirling,Mashrafe Mortaza,0,0,"",""
ball,1,28.3,Ireland,WTS Porterfield,PR Stirling,Mashrafe Mortaza,2,0,"",""
ball,1,28.4,Ireland,WTS Porterfield,PR Stirling,Mashrafe Mortaza,0,0,"",""
ball,1,28.5,Ireland,WTS Porterfield,PR Stirling,Mashrafe Mortaza,0,0,"",""
ball,1,28.6,Ireland,WTS Porterfield,PR Stirling,Mashrafe Mortaza,0,0,"",""
ball,1,29.1,Ireland,PR Stirling,WTS Porterfield,Shakib Al Hasan,1,0,"",""
ball,1,29.2,Ireland,WTS Porterfield,PR Stirling,Shakib Al Hasan,4,0,"",""
ball,1,29.3,Ireland,WTS Porterfield,PR Stirling,Shakib Al Hasan,0,0,"",""
ball,1,29.4,Ireland,WTS Porterfield,PR Stirling,Shakib Al Hasan,1,0,"",""
ball,1,29.5,Ireland,PR Stirling,WTS Porterfield,Shakib Al Hasan,0,0,"",""
ball,1,29.6,Ireland,PR Stirling,WTS Porterfield,Shakib Al Hasan,0,0,"",""
ball,1,30.1,Ireland,WTS Porterfield,PR Stirling,Mashrafe Mortaza,1,0,"",""
ball,1,30.2,Ireland,PR Stirling,WTS Porterfield,Mashrafe Mortaza,0,0,"",""
ball,1,30.3,Ireland,PR Stirling,WTS Porterfield,Mashrafe Mortaza,4,0,"",""
ball,1,30.4,Ireland,PR Stirling,WTS Porterfield,Mashrafe Mortaza,0,0,"",""
ball,1,30.5,Ireland,PR Stirling,WTS Porterfield,Mashrafe Mortaza,1,0,"",""
ball,1,30.6,Ireland,WTS Porterfield,PR Stirling,Mashrafe Mortaza,1,0,"",""
ball,1,31.1,Ireland,WTS Porterfield,PR Stirling,Shakib Al Hasan,0,0,"",""
ball,1,31.2,Ireland,WTS Porterfield,PR Stirling,Shakib Al Hasan,1,0,"",""
ball,1,31.3,Ireland,PR Stirling,WTS Porterfield,Shakib Al Hasan,0,0,"",""
ball,1,31.4,Ireland,PR Stirling,WTS Porterfield,Shakib Al Hasan,0,0,"",""
ball,1,31.5,Ireland,PR Stirling,WTS Porterfield,Shakib Al Hasan,1,0,"",""
ball,1,31.6,Ireland,WTS Porterfield,PR Stirling,Shakib Al Hasan,0,1,"",""
ball,1,31.7,Ireland,WTS Porterfield,PR Stirling,Shakib Al Hasan,0,0,"",""
ball,1,32.1,Ireland,PR Stirling,WTS Porterfield,Mashrafe Mortaza,1,0,"",""
ball,1,32.2,Ireland,WTS Porterfield,PR Stirling,Mashrafe Mortaza,1,0,"",""
ball,1,32.3,Ireland,PR Stirling,WTS Porterfield,Mashrafe Mortaza,1,0,"",""
ball,1,32.4,Ireland,WTS Porterfield,PR Stirling,Mashrafe Mortaza,0,0,"",""
ball,1,32.5,Ireland,WTS Porterfield,PR Stirling,Mashrafe Mortaza,1,0,"",""
ball,1,32.6,Ireland,PR Stirling,WTS Porterfield,Mashrafe Mortaza,1,0,"",""
ball,1,33.1,Ireland,PR Stirling,WTS Porterfield,Shakib Al Hasan,1,0,"",""
ball,1,33.2,Ireland,WTS Porterfield,PR Stirling,Shakib Al Hasan,1,0,"",""
ball,1,33.3,Ireland,PR Stirling,WTS Porterfield,Shakib Al Hasan,0,0,"",""
ball,1,33.4,Ireland,PR Stirling,WTS Porterfield,Shakib Al Hasan,1,0,"",""
ball,1,33.5,Ireland,WTS Porterfield,PR Stirling,Shakib Al Hasan,1,0,"",""
ball,1,33.6,Ireland,PR Stirling,WTS Porterfield,Shakib Al Hasan,0,0,"",""
ball,1,34.1,Ireland,WTS Porterfield,PR Stirling,Mashrafe Mortaza,0,0,"",""
ball,1,34.2,Ireland,WTS Porterfield,PR Stirling,Mashrafe Mortaza,1,0,"",""
ball,1,34.3,Ireland,PR Stirling,WTS Porterfield,Mashrafe Mortaza,0,0,"",""
ball,1,34.4,Ireland,PR Stirling,WTS Porterfield,Mashrafe Mortaza,0,0,"",""
ball,1,34.5,Ireland,PR Stirling,WTS Porterfield,Mashrafe Mortaza,1,0,"",""
ball,1,34.6,Ireland,WTS Porterfield,PR Stirling,Mashrafe Mortaza,1,0,"",""
ball,1,35.1,Ireland,WTS Porterfield,PR Stirling,Shakib Al Hasan,4,0,"",""
ball,1,35.2,Ireland,WTS Porterfield,PR Stirling,Shakib Al Hasan,1,0,"",""
ball,1,35.3,Ireland,PR Stirling,WTS Porterfield,Shakib Al Hasan,0,0,"",""
ball,1,35.4,Ireland,PR Stirling,WTS Porterfield,Shakib Al Hasan,1,0,"",""
ball,1,35.5,Ireland,WTS Porterfield,PR Stirling,Shakib Al Hasan,0,1,"",""
ball,1,35.6,Ireland,WTS Porterfield,PR Stirling,Shakib Al Hasan,1,0,"",""
ball,1,35.7,Ireland,PR Stirling,WTS Porterfield,Shakib Al Hasan,0,0,"",""
ball,1,36.1,Ireland,WTS Porterfield,PR Stirling,Mashrafe Mortaza,1,0,"",""
ball,1,36.2,Ireland,PR Stirling,WTS Porterfield,Mashrafe Mortaza,0,0,"",""
ball,1,36.3,Ireland,PR Stirling,WTS Porterfield,Mashrafe Mortaza,0,0,"",""
ball,1,36.4,Ireland,PR Stirling,WTS Porterfield,Mashrafe Mortaza,0,0,"",""
ball,1,36.5,Ireland,PR Stirling,WTS Porterfield,Mashrafe Mortaza,1,0,"",""
ball,1,36.6,Ireland,WTS Porterfield,PR Stirling,Mashrafe Mortaza,1,0,"",""
ball,1,37.1,Ireland,WTS Porterfield,PR Stirling,Rubel Hossain,0,0,"",""
ball,1,37.2,Ireland,WTS Porterfield,PR Stirling,Rubel Hossain,1,0,"",""
ball,1,37.3,Ireland,PR Stirling,WTS Porterfield,Rubel Hossain,1,0,"",""
ball,1,37.4,Ireland,WTS Porterfield,PR Stirling,Rubel Hossain,0,0,"",""
ball,1,37.5,Ireland,WTS Porterfield,PR Stirling,Rubel Hossain,1,0,"",""
ball,1,37.6,Ireland,PR Stirling,WTS Porterfield,Rubel Hossain,1,0,"",""
ball,1,38.1,Ireland,PR Stirling,WTS Porterfield,Mashrafe Mortaza,1,0,"",""
ball,1,38.2,Ireland,WTS Porterfield,PR Stirling,Mashrafe Mortaza,1,0,"",""
ball,1,38.3,Ireland,PR Stirling,WTS Porterfield,Mashrafe Mortaza,0,0,"",""
ball,1,38.4,Ireland,PR Stirling,WTS Porterfield,Mashrafe Mortaza,0,0,"",""
ball,1,38.5,Ireland,PR Stirling,WTS Porterfield,Mashrafe Mortaza,0,0,"",""
ball,1,38.6,Ireland,PR Stirling,WTS Porterfield,Mashrafe Mortaza,1,0,"",""
ball,1,39.1,Ireland,PR Stirling,WTS Porterfield,Rubel Hossain,2,0,"",""
ball,1,39.2,Ireland,PR Stirling,WTS Porterfield,Rubel Hossain,4,0,"",""
ball,1,39.3,Ireland,PR Stirling,WTS Porterfield,Rubel Hossain,1,0,"",""
ball,1,39.4,Ireland,WTS Porterfield,PR Stirling,Rubel Hossain,2,0,"",""
ball,1,39.5,Ireland,WTS Porterfield,PR Stirling,Rubel Hossain,1,0,"",""
ball,1,39.6,Ireland,PR Stirling,WTS Porterfield,Rubel Hossain,2,0,"",""
ball,1,40.1,Ireland,WTS Porterfield,PR Stirling,Mashrafe Mortaza,1,0,"",""
ball,1,40.2,Ireland,PR Stirling,WTS Porterfield,Mashrafe Mortaza,1,0,"",""
ball,1,40.3,Ireland,WTS Porterfield,PR Stirling,Mashrafe Mortaza,1,0,"",""
ball,1,40.4,Ireland,PR Stirling,WTS Porterfield,Mashrafe Mortaza,1,0,"",""
ball,1,40.5,Ireland,WTS Porterfield,PR Stirling,Mashrafe Mortaza,0,0,"",""
ball,1,40.6,Ireland,WTS Porterfield,PR Stirling,Mashrafe Mortaza,1,0,"",""
ball,1,41.1,Ireland,WTS Porterfield,PR Stirling,Mohammad Saifuddin,1,0,"",""
ball,1,41.2,Ireland,PR Stirling,WTS Porterfield,Mohammad Saifuddin,1,0,"",""
ball,1,41.3,Ireland,WTS Porterfield,PR Stirling,Mohammad Saifuddin,1,0,"",""
ball,1,41.4,Ireland,PR Stirling,WTS Porterfield,Mohammad Saifuddin,1,0,"",""
ball,1,41.5,Ireland,WTS Porterfield,PR Stirling,Mohammad Saifuddin,0,0,"",""
ball,1,41.6,Ireland,WTS Porterfield,PR Stirling,Mohammad Saifuddin,1,0,"",""
ball,1,42.1,Ireland,WTS Porterfield,PR Stirling,Mashrafe Mortaza,6,0,"",""
ball,1,42.2,Ireland,WTS Porterfield,PR Stirling,Mashrafe Mortaza,0,1,"",""
ball,1,42.3,Ireland,PR Stirling,WTS Porterfield,Mashrafe Mortaza,1,0,"",""
ball,1,42.4,Ireland,WTS Porterfield,PR Stirling,Mashrafe Mortaza,4,0,"",""
ball,1,42.5,Ireland,WTS Porterfield,PR Stirling,Mashrafe Mortaza,6,0,"",""
ball,1,42.6,Ireland,WTS Porterfield,PR Stirling,Mashrafe Mortaza,1,0,"",""
ball,1,43.1,Ireland,WTS Porterfield,PR Stirling,Mohammad Saifuddin,1,0,"",""
ball,1,43.2,Ireland,PR Stirling,WTS Porterfield,Mohammad Saifuddin,1,0,"",""
ball,1,43.3,Ireland,WTS Porterfield,PR Stirling,Mohammad Saifuddin,0,0,"",""
ball,1,43.4,Ireland,WTS Porterfield,PR Stirling,Mohammad Saifuddin,1,0,"",""
ball,1,43.5,Ireland,PR Stirling,WTS Porterfield,Mohammad Saifuddin,1,0,"",""
ball,1,43.6,Ireland,WTS Porterfield,PR Stirling,Mohammad Saifuddin,1,0,"",""
ball,1,44.1,Ireland,WTS Porterfield,PR Stirling,Abu Jayed,1,0,"",""
ball,1,44.2,Ireland,PR Stirling,WTS Porterfield,Abu Jayed,1,0,"",""
ball,1,44.3,Ireland,WTS Porterfield,PR Stirling,Abu Jayed,0,4,"",""
ball,1,44.4,Ireland,WTS Porterfield,PR Stirling,Abu Jayed,0,0,caught,WTS Porterfield
ball,1,44.5,Ireland,PR Stirling,KJ O'Brien,Abu Jayed,1,0,"",""
ball,1,44.6,Ireland,KJ O'Brien,PR Stirling,Abu Jayed,2,0,"",""
ball,1,45.1,Ireland,PR Stirling,KJ O'Brien,Shakib Al Hasan,4,0,"",""
ball,1,45.2,Ireland,PR Stirling,KJ O'Brien,Shakib Al Hasan,6,0,"",""
ball,1,45.3,Ireland,PR Stirling,KJ O'Brien,Shakib Al Hasan,6,0,"",""
ball,1,45.4,Ireland,PR Stirling,KJ O'Brien,Shakib Al Hasan,0,1,"",""
ball,1,45.5,Ireland,PR Stirling,KJ O'Brien,Shakib Al Hasan,4,0,"",""
ball,1,45.6,Ireland,PR Stirling,KJ O'Brien,Shakib Al Hasan,1,0,"",""
ball,1,45.7,Ireland,KJ O'Brien,PR Stirling,Shakib Al Hasan,1,0,"",""
ball,1,46.1,Ireland,KJ O'Brien,PR Stirling,Abu Jayed,0,1,"",""
ball,1,46.2,Ireland,PR Stirling,KJ O'Brien,Abu Jayed,2,0,"",""
ball,1,46.3,Ireland,PR Stirling,KJ O'Brien,Abu Jayed,1,0,"",""
ball,1,46.4,Ireland,KJ O'Brien,PR Stirling,Abu Jayed,0,0,caught,KJ O'Brien
ball,1,46.5,Ireland,MR Adair,PR Stirling,Abu Jayed,0,1,"",""
ball,1,46.6,Ireland,PR Stirling,MR Adair,Abu Jayed,0,0,caught,PR Stirling
ball,1,46.7,Ireland,MR Adair,GC Wilson,Abu Jayed,1,0,"",""
ball,1,47.1,Ireland,MR Adair,GC Wilson,Mohammad Saifuddin,6,0,"",""
ball,1,47.2,Ireland,MR Adair,GC Wilson,Mohammad Saifuddin,2,0,"",""
ball,1,47.3,Ireland,MR Adair,GC Wilson,Mohammad Saifuddin,1,0,"",""
ball,1,47.4,Ireland,GC Wilson,MR Adair,Mohammad Saifuddin,1,0,"",""
ball,1,47.5,Ireland,MR Adair,GC Wilson,Mohammad Saifuddin,1,0,"",""
ball,1,47.6,Ireland,GC Wilson,MR Adair,Mohammad Saifuddin,1,0,"",""
ball,1,48.1,Ireland,GC Wilson,MR Adair,Abu Jayed,2,0,"",""
ball,1,48.2,Ireland,GC Wilson,MR Adair,Abu Jayed,4,0,"",""
ball,1,48.3,Ireland,GC Wilson,MR Adair,Abu Jayed,4,0,"",""
ball,1,48.4,Ireland,GC Wilson,MR Adair,Abu Jayed,0,0,caught,GC Wilson
ball,1,48.5,Ireland,GH Dockrell,MR Adair,Abu Jayed,2,0,"",""
ball,1,48.6,Ireland,GH Dockrell,MR Adair,Abu Jayed,1,0,"",""
ball,1,49.1,Ireland,GH Dockrell,MR Adair,Mohammad Saifuddin,0,0,"",""
ball,1,49.2,Ireland,GH Dockrell,MR Adair,Mohammad Saifuddin,1,0,"",""
ball,1,49.3,Ireland,MR Adair,GH Dockrell,Mohammad Saifuddin,0,0,"",""
ball,1,49.4,Ireland,MR Adair,GH Dockrell,Mohammad Saifuddin,0,0,bowled,MR Adair
ball,1,49.5,Ireland,BJ McCarthy,GH Dockrell,Mohammad Saifuddin,1,0,"",""
ball,1,49.6,Ireland,GH Dockrell,BJ McCarthy,Mohammad Saifuddin,0,0,bowled,GH Dockrell
ball,2,0.1,Bangladesh,Tamim Iqbal,Liton Das,MR Adair,0,0,"",""
ball,2,0.2,Bangladesh,Tamim Iqbal,Liton Das,MR Adair,0,0,"",""
ball,2,0.3,Bangladesh,Tamim Iqbal,Liton Das,MR Adair,0,0,"",""
ball,2,0.4,Bangladesh,Tamim Iqbal,Liton Das,MR Adair,0,0,"",""
ball,2,0.5,Bangladesh,Tamim Iqbal,Liton Das,MR Adair,2,0,"",""
ball,2,0.6,Bangladesh,Tamim Iqbal,Liton Das,MR Adair,0,0,"",""
ball,2,1.1,Bangladesh,Liton Das,Tamim Iqbal,BJ McCarthy,0,1,"",""
ball,2,1.2,Bangladesh,Liton Das,Tamim Iqbal,BJ McCarthy,0,0,"",""
ball,2,1.3,Bangladesh,Liton Das,Tamim Iqbal,BJ McCarthy,0,0,"",""
ball,2,1.4,Bangladesh,Liton Das,Tamim Iqbal,BJ McCarthy,4,0,"",""
ball,2,1.5,Bangladesh,Liton Das,Tamim Iqbal,BJ McCarthy,0,0,"",""
ball,2,1.6,Bangladesh,Liton Das,Tamim Iqbal,BJ McCarthy,0,0,"",""
ball,2,1.7,Bangladesh,Liton Das,Tamim Iqbal,BJ McCarthy,2,0,"",""
ball,2,2.1,Bangladesh,Tamim Iqbal,Liton Das,MR Adair,0,1,"",""
ball,2,2.2,Bangladesh,Liton Das,Tamim Iqbal,MR Adair,0,0,"",""
ball,2,2.3,Bangladesh,Liton Das,Tamim Iqbal,MR Adair,0,0,"",""
ball,2,2.4,Bangladesh,Liton Das,Tamim Iqbal,MR Adair,0,0,"",""
ball,2,2.5,Bangladesh,Liton Das,Tamim Iqbal,MR Adair,4,0,"",""
ball,2,2.6,Bangladesh,Liton Das,Tamim Iqbal,MR Adair,0,0,"",""
ball,2,3.1,Bangladesh,Tamim Iqbal,Liton Das,BJ McCarthy,0,0,"",""
ball,2,3.2,Bangladesh,Tamim Iqbal,Liton Das,BJ McCarthy,4,0,"",""
ball,2,3.3,Bangladesh,Tamim Iqbal,Liton Das,BJ McCarthy,0,0,"",""
ball,2,3.4,Bangladesh,Tamim Iqbal,Liton Das,BJ McCarthy,0,0,"",""
ball,2,3.5,Bangladesh,Tamim Iqbal,Liton Das,BJ McCarthy,0,0,"",""
ball,2,3.6,Bangladesh,Tamim Iqbal,Liton Das,BJ McCarthy,1,0,"",""
ball,2,4.1,Bangladesh,Tamim Iqbal,Liton Das,MR Adair,0,0,"",""
ball,2,4.2,Bangladesh,Tamim Iqbal,Liton Das,MR Adair,0,0,"",""
ball,2,4.3,Bangladesh,Tamim Iqbal,Liton Das,MR Adair,4,0,"",""
ball,2,4.4,Bangladesh,Tamim Iqbal,Liton Das,MR Adair,0,0,"",""
ball,2,4.5,Bangladesh,Tamim Iqbal,Liton Das,MR Adair,1,0,"",""
ball,2,4.6,Bangladesh,Liton Das,Tamim Iqbal,MR Adair,0,0,"",""
ball,2,5.1,Bangladesh,Tamim Iqbal,Liton Das,BJ McCarthy,1,0,"",""
ball,2,5.2,Bangladesh,Liton Das,Tamim Iqbal,BJ McCarthy,0,0,"",""
ball,2,5.3,Bangladesh,Liton Das,Tamim Iqbal,BJ McCarthy,4,0,"",""
ball,2,5.4,Bangladesh,Liton Das,Tamim Iqbal,BJ McCarthy,0,0,"",""
ball,2,5.5,Bangladesh,Liton Das,Tamim Iqbal,BJ McCarthy,3,0,"",""
ball,2,5.6,Bangladesh,Tamim Iqbal,Liton Das,BJ McCarthy,0,0,"",""
ball,2,6.1,Bangladesh,Liton Das,Tamim Iqbal,MR Adair,0,0,"",""
ball,2,6.2,Bangladesh,Liton Das,Tamim Iqbal,MR Adair,0,0,"",""
ball,2,6.3,Bangladesh,Liton Das,Tamim Iqbal,MR Adair,0,0,"",""
ball,2,6.4,Bangladesh,Liton Das,Tamim Iqbal,MR Adair,1,0,"",""
ball,2,6.5,Bangladesh,Tamim Iqbal,Liton Das,MR Adair,1,0,"",""
ball,2,6.6,Bangladesh,Liton Das,Tamim Iqbal,MR Adair,0,0,"",""
ball,2,7.1,Bangladesh,Tamim Iqbal,Liton Das,BJ McCarthy,4,0,"",""
ball,2,7.2,Bangladesh,Tamim Iqbal,Liton Das,BJ McCarthy,0,0,"",""
ball,2,7.3,Bangladesh,Tamim Iqbal,Liton Das,BJ McCarthy,4,0,"",""
ball,2,7.4,Bangladesh,Tamim Iqbal,Liton Das,BJ McCarthy,0,0,"",""
ball,2,7.5,Bangladesh,Tamim Iqbal,Liton Das,BJ McCarthy,0,0,"",""
ball,2,7.6,Bangladesh,Tamim Iqbal,Liton Das,BJ McCarthy,0,0,"",""
ball,2,8.1,Bangladesh,Liton Das,Tamim Iqbal,MR Adair,0,0,"",""
ball,2,8.2,Bangladesh,Liton Das,Tamim Iqbal,MR Adair,1,0,"",""
ball,2,8.3,Bangladesh,Tamim Iqbal,Liton Das,MR Adair,4,0,"",""
ball,2,8.4,Bangladesh,Tamim Iqbal,Liton Das,MR Adair,4,0,"",""
ball,2,8.5,Bangladesh,Tamim Iqbal,Liton Das,MR Adair,1,0,"",""
ball,2,8.6,Bangladesh,Liton Das,Tamim Iqbal,MR Adair,1,0,"",""
ball,2,9.1,Bangladesh,Liton Das,Tamim Iqbal,J Little,0,0,"",""
ball,2,9.2,Bangladesh,Liton Das,Tamim Iqbal,J Little,0,0,"",""
ball,2,9.3,Bangladesh,Liton Das,Tamim Iqbal,J Little,0,0,"",""
ball,2,9.4,Bangladesh,Liton Das,Tamim Iqbal,J Little,4,0,"",""
ball,2,9.5,Bangladesh,Liton Das,Tamim Iqbal,J Little,0,0,"",""
ball,2,9.6,Bangladesh,Liton Das,Tamim Iqbal,J Little,1,0,"",""
ball,2,10.1,Bangladesh,Liton Das,Tamim Iqbal,WB Rankin,1,0,"",""
ball,2,10.2,Bangladesh,Tamim Iqbal,Liton Das,WB Rankin,0,0,"",""
ball,2,10.3,Bangladesh,Tamim Iqbal,Liton Das,WB Rankin,1,0,"",""
ball,2,10.4,Bangladesh,Liton Das,Tamim Iqbal,WB Rankin,4,0,"",""
ball,2,10.5,Bangladesh,Liton Das,Tamim Iqbal,WB Rankin,0,0,"",""
ball,2,10.6,Bangladesh,Liton Das,Tamim Iqbal,WB Rankin,2,0,"",""
ball,2,11.1,Bangladesh,Tamim Iqbal,Liton Das,J Little,0,1,"",""
ball,2,11.2,Bangladesh,Tamim Iqbal,Liton Das,J Little,2,0,"",""
ball,2,11.3,Bangladesh,Tamim Iqbal,Liton Das,J Little,1,0,"",""
ball,2,11.4,Bangladesh,Liton Das,Tamim Iqbal,J Little,1,0,"",""
ball,2,11.5,Bangladesh,Tamim Iqbal,Liton Das,J Little,0,0,"",""
ball,2,11.6,Bangladesh,Tamim Iqbal,Liton Das,J Little,4,0,"",""
ball,2,11.7,Bangladesh,Tamim Iqbal,Liton Das,J Little,1,0,"",""
ball,2,12.1,Bangladesh,Tamim Iqbal,Liton Das,WB Rankin,1,0,"",""
ball,2,12.2,Bangladesh,Liton Das,Tamim Iqbal,WB Rankin,1,0,"",""
ball,2,12.3,Bangladesh,Tamim Iqbal,Liton Das,WB Rankin,0,4,"",""
ball,2,12.4,Bangladesh,Tamim Iqbal,Liton Das,WB Rankin,1,0,"",""
ball,2,12.5,Bangladesh,Liton Das,Tamim Iqbal,WB Rankin,1,0,"",""
ball,2,12.6,Bangladesh,Tamim Iqbal,Liton Das,WB Rankin,1,0,"",""
ball,2,13.1,Bangladesh,Tamim Iqbal,Liton Das,J Little,0,0,"",""
ball,2,13.2,Bangladesh,Tamim Iqbal,Liton Das,J Little,1,0,"",""
ball,2,13.3,Bangladesh,Liton Das,Tamim Iqbal,J Little,1,0,"",""
ball,2,13.4,Bangladesh,Tamim Iqbal,Liton Das,J Little,1,0,"",""
ball,2,13.5,Bangladesh,Liton Das,Tamim Iqbal,J Little,1,0,"",""
ball,2,13.6,Bangladesh,Tamim Iqbal,Liton Das,J Little,4,0,"",""
ball,2,14.1,Bangladesh,Liton Das,Tamim Iqbal,WB Rankin,1,0,"",""
ball,2,14.2,Bangladesh,Tamim Iqbal,Liton Das,WB Rankin,1,0,"",""
ball,2,14.3,Bangladesh,Liton Das,Tamim Iqbal,WB Rankin,2,0,"",""
ball,2,14.4,Bangladesh,Liton Das,Tamim Iqbal,WB Rankin,1,0,"",""
ball,2,14.5,Bangladesh,Tamim Iqbal,Liton Das,WB Rankin,1,0,"",""
ball,2,14.6,Bangladesh,Liton Das,Tamim Iqbal,WB Rankin,4,0,"",""
ball,2,15.1,Bangladesh,Tamim Iqbal,Liton Das,GH Dockrell,1,0,"",""
ball,2,15.2,Bangladesh,Liton Das,Tamim Iqbal,GH Dockrell,0,0,"",""
ball,2,15.3,Bangladesh,Liton Das,Tamim Iqbal,GH Dockrell,1,0,"",""
ball,2,15.4,Bangladesh,Tamim Iqbal,Liton Das,GH Dockrell,1,0,"",""
ball,2,15.5,Bangladesh,Liton Das,Tamim Iqbal,GH Dockrell,2,0,"",""
ball,2,15.6,Bangladesh,Liton Das,Tamim Iqbal,GH Dockrell,4,0,"",""
ball,2,16.1,Bangladesh,Tamim Iqbal,Liton Das,WB Rankin,0,0,"",""
ball,2,16.2,Bangladesh,Tamim Iqbal,Liton Das,WB Rankin,4,0,"",""
ball,2,16.3,Bangladesh,Tamim Iqbal,Liton Das,WB Rankin,0,0,"",""
ball,2,16.4,Bangladesh,Tamim Iqbal,Liton Das,WB Rankin,0,1,"",""
ball,2,16.5,Bangladesh,Tamim Iqbal,Liton Das,WB Rankin,0,0,bowled,Tamim Iqbal
ball,2,16.6,Bangladesh,Shakib Al Hasan,Liton Das,WB Rankin,1,0,"",""
ball,2,16.7,Bangladesh,Liton Das,Shakib Al Hasan,WB Rankin,4,0,"",""
ball,2,17.1,Bangladesh,Shakib Al Hasan,Liton Das,GH Dockrell,1,0,"",""
ball,2,17.2,Bangladesh,Liton Das,Shakib Al Hasan,GH Dockrell,0,0,"",""
ball,2,17.3,Bangladesh,Liton Das,Shakib Al Hasan,GH Dockrell,0,0,"",""
ball,2,17.4,Bangladesh,Liton Das,Shakib Al Hasan,GH Dockrell,0,0,"",""
ball,2,17.5,Bangladesh,Liton Das,Shakib Al Hasan,GH Dockrell,0,0,"",""
ball,2,17.6,Bangladesh,Liton Das,Shakib Al Hasan,GH Dockrell,1,0,"",""
ball,2,18.1,Bangladesh,Liton Das,Shakib Al Hasan,J Little,2,0,"",""
ball,2,18.2,Bangladesh,Liton Das,Shakib Al Hasan,J Little,0,0,"",""
ball,2,18.3,Bangladesh,Liton Das,Shakib Al Hasan,J Little,0,0,"",""
ball,2,18.4,Bangladesh,Liton Das,Shakib Al Hasan,J Little,1,0,"",""
ball,2,18.5,Bangladesh,Shakib Al Hasan,Liton Das,J Little,0,1,"",""
ball,2,18.6,Bangladesh,Shakib Al Hasan,Liton Das,J Little,1,0,"",""
ball,2,18.7,Bangladesh,Liton Das,Shakib Al Hasan,J Little,0,0,"",""
ball,2,19.1,Bangladesh,Shakib Al Hasan,Liton Das,GH Dockrell,4,0,"",""
ball,2,19.2,Bangladesh,Shakib Al Hasan,Liton Das,GH Dockrell,2,0,"",""
ball,2,19.3,Bangladesh,Shakib Al Hasan,Liton Das,GH Dockrell,1,0,"",""
ball,2,19.4,Bangladesh,Liton Das,Shakib Al Hasan,GH Dockrell,1,0,"",""
ball,2,19.5,Bangladesh,Shakib Al Hasan,Liton Das,GH Dockrell,0,0,"",""
ball,2,19.6,Bangladesh,Shakib Al Hasan,Liton Das,GH Dockrell,2,0,"",""
ball,2,20.1,Bangladesh,Liton Das,Shakib Al Hasan,J Little,1,0,"",""
ball,2,20.2,Bangladesh,Shakib Al Hasan,Liton Das,J Little,0,1,"",""
ball,2,20.3,Bangladesh,Shakib Al Hasan,Liton Das,J Little,0,0,"",""
ball,2,20.4,Bangladesh,Shakib Al Hasan,Liton Das,J Little,1,0,"",""
ball,2,20.5,Bangladesh,Liton Das,Shakib Al Hasan,J Little,6,0,"",""
ball,2,20.6,Bangladesh,Liton Das,Shakib Al Hasan,J Little,0,0,"",""
ball,2,20.7,Bangladesh,Liton Das,Shakib Al Hasan,J Little,2,0,"",""
ball,2,21.1,Bangladesh,Shakib Al Hasan,Liton Das,GH Dockrell,1,0,"",""
ball,2,21.2,Bangladesh,Liton Das,Shakib Al Hasan,GH Dockrell,4,0,"",""
ball,2,21.3,Bangladesh,Liton Das,Shakib Al Hasan,GH Dockrell,1,0,"",""
ball,2,21.4,Bangladesh,Shakib Al Hasan,Liton Das,GH Dockrell,1,0,"",""
ball,2,21.5,Bangladesh,Liton Das,Shakib Al Hasan,GH Dockrell,1,0,"",""
ball,2,21.6,Bangladesh,Shakib Al Hasan,Liton Das,GH Dockrell,1,0,"",""
ball,2,22.1,Bangladesh,Shakib Al Hasan,Liton Das,BJ McCarthy,0,0,"",""
ball,2,22.2,Bangladesh,Shakib Al Hasan,Liton Das,BJ McCarthy,1,0,"",""
ball,2,22.3,Bangladesh,Liton Das,Shakib Al Hasan,BJ McCarthy,0,0,bowled,Liton Das
ball,2,22.4,Bangladesh,Mushfiqur Rahim,Shakib Al Hasan,BJ McCarthy,4,0,"",""
ball,2,22.5,Bangladesh,Mushfiqur Rahim,Shakib Al Hasan,BJ McCarthy,0,0,"",""
ball,2,22.6,Bangladesh,Mushfiqur Rahim,Shakib Al Hasan,BJ McCarthy,1,0,"",""
ball,2,23.1,Bangladesh,Mushfiqur Rahim,Shakib Al Hasan,GH Dockrell,1,0,"",""
ball,2,23.2,Bangladesh,Shakib Al Hasan,Mushfiqur Rahim,GH Dockrell,1,0,"",""
ball,2,23.3,Bangladesh,Mushfiqur Rahim,Shakib Al Hasan,GH Dockrell,1,0,"",""
ball,2,23.4,Bangladesh,Shakib Al Hasan,Mushfiqur Rahim,GH Dockrell,0,0,"",""
ball,2,23.5,Bangladesh,Shakib Al Hasan,Mushfiqur Rahim,GH Dockrell,1,0,"",""
ball,2,23.6,Bangladesh,Mushfiqur Rahim,Shakib Al Hasan,GH Dockrell,1,0,"",""
ball,2,24.1,Bangladesh,Mushfiqur Rahim,Shakib Al Hasan,BJ McCarthy,0,0,"",""
ball,2,24.2,Bangladesh,Mushfiqur Rahim,Shakib Al Hasan,BJ McCarthy,4,0,"",""
ball,2,24.3,Bangladesh,Mushfiqur Rahim,Shakib Al Hasan,BJ McCarthy,1,0,"",""
ball,2,24.4,Bangladesh,Shakib Al Hasan,Mushfiqur Rahim,BJ McCarthy,0,0,"",""
ball,2,24.5,Bangladesh,Shakib Al Hasan,Mushfiqur Rahim,BJ McCarthy,1,0,"",""
ball,2,24.6,Bangladesh,Mushfiqur Rahim,Shakib Al Hasan,BJ McCarthy,0,0,"",""
ball,2,25.1,Bangladesh,Shakib Al Hasan,Mushfiqur Rahim,MR Adair,0,0,"",""
ball,2,25.2,Bangladesh,Shakib Al Hasan,Mushfiqur Rahim,MR Adair,0,0,"",""
ball,2,25.3,Bangladesh,Shakib Al Hasan,Mushfiqur Rahim,MR Adair,0,0,"",""
ball,2,25.4,Bangladesh,Shakib Al Hasan,Mushfiqur Rahim,MR Adair,1,0,"",""
ball,2,25.5,Bangladesh,Mushfiqur Rahim,Shakib Al Hasan,MR Adair,0,0,"",""
ball,2,25.6,Bangladesh,Mushfiqur Rahim,Shakib Al Hasan,MR Adair,0,0,"",""
ball,2,26.1,Bangladesh,Shakib Al Hasan,Mushfiqur Rahim,BJ McCarthy,1,0,"",""
ball,2,26.2,Bangladesh,Mushfiqur Rahim,Shakib Al Hasan,BJ McCarthy,4,0,"",""
ball,2,26.3,Bangladesh,Mushfiqur Rahim,Shakib Al Hasan,BJ McCarthy,1,0,"",""
ball,2,26.4,Bangladesh,Shakib Al Hasan,Mushfiqur Rahim,BJ McCarthy,1,0,"",""
ball,2,26.5,Bangladesh,Mushfiqur Rahim,Shakib Al Hasan,BJ McCarthy,0,0,"",""
ball,2,26.6,Bangladesh,Mushfiqur Rahim,Shakib Al Hasan,BJ McCarthy,1,0,"",""
ball,2,27.1,Bangladesh,Mushfiqur Rahim,Shakib Al Hasan,MR Adair,4,0,"",""
ball,2,27.2,Bangladesh,Mushfiqur Rahim,Shakib Al Hasan,MR Adair,0,0,"",""
ball,2,27.3,Bangladesh,Mushfiqur Rahim,Shakib Al Hasan,MR Adair,1,0,"",""
ball,2,27.4,Bangladesh,Shakib Al Hasan,Mushfiqur Rahim,MR Adair,4,0,"",""
ball,2,27.5,Bangladesh,Shakib Al Hasan,Mushfiqur Rahim,MR Adair,1,0,"",""
ball,2,27.6,Bangladesh,Mushfiqur Rahim,Shakib Al Hasan,MR Adair,1,0,"",""
ball,2,28.1,Bangladesh,Mushfiqur Rahim,Shakib Al Hasan,WB Rankin,1,0,"",""
ball,2,28.2,Bangladesh,Shakib Al Hasan,Mushfiqur Rahim,WB Rankin,0,0,"",""
ball,2,28.3,Bangladesh,Shakib Al Hasan,Mushfiqur Rahim,WB Rankin,0,0,"",""
ball,2,28.4,Bangladesh,Shakib Al Hasan,Mushfiqur Rahim,WB Rankin,1,0,"",""
ball,2,28.5,Bangladesh,Mushfiqur Rahim,Shakib Al Hasan,WB Rankin,0,0,"",""
ball,2,28.6,Bangladesh,Mushfiqur Rahim,Shakib Al Hasan,WB Rankin,0,0,"",""
ball,2,29.1,Bangladesh,Shakib Al Hasan,Mushfiqur Rahim,MR Adair,0,0,"",""
ball,2,29.2,Bangladesh,Shakib Al Hasan,Mushfiqur Rahim,MR Adair,4,0,"",""
ball,2,29.3,Bangladesh,Shakib Al Hasan,Mushfiqur Rahim,MR Adair,1,0,"",""
ball,2,29.4,Bangladesh,Mushfiqur Rahim,Shakib Al Hasan,MR Adair,1,0,"",""
ball,2,29.5,Bangladesh,Shakib Al Hasan,Mushfiqur Rahim,MR Adair,1,0,"",""
ball,2,29.6,Bangladesh,Mushfiqur Rahim,Shakib Al Hasan,MR Adair,1,0,"",""
ball,2,30.1,Bangladesh,Mushfiqur Rahim,Shakib Al Hasan,WB Rankin,1,0,"",""
ball,2,30.2,Bangladesh,Shakib Al Hasan,Mushfiqur Rahim,WB Rankin,1,0,"",""
ball,2,30.3,Bangladesh,Mushfiqur Rahim,Shakib Al Hasan,WB Rankin,1,0,"",""
ball,2,30.4,Bangladesh,Shakib Al Hasan,Mushfiqur Rahim,WB Rankin,0,0,"",""
ball,2,30.5,Bangladesh,Shakib Al Hasan,Mushfiqur Rahim,WB Rankin,2,0,"",""
ball,2,30.6,Bangladesh,Shakib Al Hasan,Mushfiqur Rahim,WB Rankin,0,1,"",""
ball,2,30.7,Bangladesh,Shakib Al Hasan,Mushfiqur Rahim,WB Rankin,1,0,"",""
ball,2,31.1,Bangladesh,Shakib Al Hasan,Mushfiqur Rahim,GH Dockrell,1,0,"",""
ball,2,31.2,Bangladesh,Mushfiqur Rahim,Shakib Al Hasan,GH Dockrell,0,0,"",""
ball,2,31.3,Bangladesh,Mushfiqur Rahim,Shakib Al Hasan,GH Dockrell,0,0,"",""
ball,2,31.4,Bangladesh,Mushfiqur Rahim,Shakib Al Hasan,GH Dockrell,1,0,"",""
ball,2,31.5,Bangladesh,Shakib Al Hasan,Mushfiqur Rahim,GH Dockrell,0,0,"",""
ball,2,31.6,Bangladesh,Shakib Al Hasan,Mushfiqur Rahim,GH Dockrell,4,0,"",""
ball,2,32.1,Bangladesh,Mushfiqur Rahim,Shakib Al Hasan,WB Rankin,0,0,"",""
ball,2,32.2,Bangladesh,Mushfiqur Rahim,Shakib Al Hasan,WB Rankin,0,1,"",""
ball,2,32.3,Bangladesh,Mushfiqur Rahim,Shakib Al Hasan,WB Rankin,4,0,"",""
ball,2,32.4,Bangladesh,Mushfiqur Rahim,Shakib Al Hasan,WB Rankin,0,0,caught,Mushfiqur Rahim
ball,2,32.5,Bangladesh,Mahmudullah,Shakib Al Hasan,WB Rankin,1,0,"",""
ball,2,32.6,Bangladesh,Shakib Al Hasan,Mahmudullah,WB Rankin,0,0,"",""
ball,2,32.7,Bangladesh,Shakib Al Hasan,Mahmudullah,WB Rankin,0,0,"",""
ball,2,33.1,Bangladesh,Mahmudullah,Shakib Al Hasan,GH Dockrell,1,0,"",""
ball,2,33.2,Bangladesh,Shakib Al Hasan,Mahmudullah,GH Dockrell,1,0,"",""
ball,2,33.3,Bangladesh,Mahmudullah,Shakib Al Hasan,GH Dockrell,0,0,"",""
ball,2,33.4,Bangladesh,Mahmudullah,Shakib Al Hasan,GH Dockrell,2,0,"",""
ball,2,33.5,Bangladesh,Mahmudullah,Shakib Al Hasan,GH Dockrell,1,0,"",""
ball,2,33.6,Bangladesh,Shakib Al Hasan,Mahmudullah,GH Dockrell,1,0,"",""
ball,2,34.1,Bangladesh,Shakib Al Hasan,Mahmudullah,J Little,1,0,"",""
ball,2,34.2,Bangladesh,Mahmudullah,Shakib Al Hasan,J Little,1,0,"",""
ball,2,34.3,Bangladesh,Shakib Al Hasan,Mahmudullah,J Little,1,0,"",""
ball,2,34.4,Bangladesh,Mahmudullah,Shakib Al Hasan,J Little,0,0,"",""
ball,2,34.5,Bangladesh,Mahmudullah,Shakib Al Hasan,J Little,6,0,"",""
ball,2,34.6,Bangladesh,Mahmudullah,Shakib Al Hasan,J Little,0,0,"",""
ball,2,35.1,Bangladesh,Shakib Al Hasan,Mahmudullah,BJ McCarthy,0,0,"",""
ball,2,35.2,Bangladesh,Shakib Al Hasan,Mahmudullah,BJ McCarthy,1,0,"",""
ball,2,35.3,Bangladesh,Mahmudullah,Shakib Al Hasan,BJ McCarthy,0,0,"",""
ball,2,35.4,Bangladesh,Mahmudullah,Shakib Al Hasan,BJ McCarthy,0,4,"",""
ball,2,35.5,Bangladesh,Mahmudullah,Shakib Al Hasan,BJ McCarthy,1,0,"",""
ball,2,35.6,Bangladesh,Shakib Al Hasan,Mahmudullah,BJ McCarthy,1,0,retired hurt,Shakib Al Hasan
ball,2,36.1,Bangladesh,Mosaddek Hossain,Mahmudullah,J Little,0,0,"",""
ball,2,36.2,Bangladesh,Mosaddek Hossain,Mahmudullah,J Little,0,0,"",""
ball,2,36.3,Bangladesh,Mosaddek Hossain,Mahmudullah,J Little,1,0,"",""
ball,2,36.4,Bangladesh,Mahmudullah,Mosaddek Hossain,J Little,1,0,"",""
ball,2,36.5,Bangladesh,Mosaddek Hossain,Mahmudullah,J Little,0,0,"",""
ball,2,36.6,Bangladesh,Mosaddek Hossain,Mahmudullah,J Little,1,0,"",""
ball,2,37.1,Bangladesh,Mosaddek Hossain,Mahmudullah,BJ McCarthy,0,1,"",""
ball,2,37.2,Bangladesh,Mosaddek Hossain,Mahmudullah,BJ McCarthy,1,0,"",""
ball,2,37.3,Bangladesh,Mahmudullah,Mosaddek Hossain,BJ McCarthy,0,0,"",""
ball,2,37.4,Bangladesh,Mahmudullah,Mosaddek Hossain,BJ McCarthy,0,0,"",""
ball,2,37.5,Bangladesh,Mahmudullah,Mosaddek Hossain,BJ McCarthy,0,1,"",""
ball,2,37.6,Bangladesh,Mahmudullah,Mosaddek Hossain,BJ McCarthy,0,0,"",""
ball,2,37.7,Bangladesh,Mahmudullah,Mosaddek Hossain,BJ McCarthy,1,0,"",""
ball,2,37.8,Bangladesh,Mosaddek Hossain,Mahmudullah,BJ McCarthy,1,0,"",""
ball,2,38.1,Bangladesh,Mosaddek Hossain,Mahmudullah,J Little,0,0,"",""
ball,2,38.2,Bangladesh,Mosaddek Hossain,Mahmudullah,J Little,1,0,"",""
ball,2,38.3,Bangladesh,Mahmudullah,Mosaddek Hossain,J Little,4,0,"",""
ball,2,38.4,Bangladesh,Mahmudullah,Mosaddek Hossain,J Little,0,2,"",""
ball,2,38.5,Bangladesh,Mosaddek Hossain,Mahmudullah,J Little,4,0,"",""
ball,2,38.6,Bangladesh,Mosaddek Hossain,Mahmudullah,J Little,1,0,"",""
ball,2,38.7,Bangladesh,Mahmudullah,Mosaddek Hossain,J Little,4,0,"",""
ball,2,39.1,Bangladesh,Mosaddek Hossain,Mahmudullah,BJ McCarthy,1,0,"",""
ball,2,39.2,Bangladesh,Mahmudullah,Mosaddek Hossain,BJ McCarthy,1,0,"",""
ball,2,39.3,Bangladesh,Mosaddek Hossain,Mahmudullah,BJ McCarthy,1,0,"",""
ball,2,39.4,Bangladesh,Mahmudullah,Mosaddek Hossain,BJ McCarthy,1,0,"",""
ball,2,39.5,Bangladesh,Mosaddek Hossain,Mahmudullah,BJ McCarthy,1,0,"",""
ball,2,39.6,Bangladesh,Mahmudullah,Mosaddek Hossain,BJ McCarthy,0,0,"",""
ball,2,40.1,Bangladesh,Mosaddek Hossain,Mahmudullah,MR Adair,0,0,"",""
ball,2,40.2,Bangladesh,Mosaddek Hossain,Mahmudullah,MR Adair,1,0,"",""
ball,2,40.3,Bangladesh,Mahmudullah,Mosaddek Hossain,MR Adair,1,0,"",""
ball,2,40.4,Bangladesh,Mosaddek Hossain,Mahmudullah,MR Adair,0,0,caught,Mosaddek Hossain
ball,2,40.5,Bangladesh,Sabbir Rahman,Mahmudullah,MR Adair,0,0,"",""
ball,2,40.6,Bangladesh,Sabbir Rahman,Mahmudullah,MR Adair,0,0,"",""
ball,2,41.1,Bangladesh,Mahmudullah,Sabbir Rahman,GH Dockrell,1,0,"",""
ball,2,41.2,Bangladesh,Sabbir Rahman,Mahmudullah,GH Dockrell,0,0,"",""
ball,2,41.3,Bangladesh,Sabbir Rahman,Mahmudullah,GH Dockrell,1,0,"",""
ball,2,41.4,Bangladesh,Mahmudullah,Sabbir Rahman,GH Dockrell,6,0,"",""
ball,2,41.5,Bangladesh,Mahmudullah,Sabbir Rahman,GH Dockrell,1,0,"",""
ball,2,41.6,Bangladesh,Sabbir Rahman,Mahmudullah,GH Dockrell,1,0,"",""
ball,2,42.1,Bangladesh,Sabbir Rahman,Mahmudullah,MR Adair,0,0,"",""
ball,2,42.2,Bangladesh,Sabbir Rahman,Mahmudullah,MR Adair,1,0,"",""
ball,2,42.3,Bangladesh,Mahmudullah,Sabbir Rahman,MR Adair,0,0,"",""
ball,2,42.4,Bangladesh,Mahmudullah,Sabbir Rahman,MR Adair,0,0,"",""
ball,2,42.5,Bangladesh,Mahmudullah,Sabbir Rahman,MR Adair,1,0,"",""
ball,2,42.6,Bangladesh,Sabbir Rahman,Mahmudullah,MR Adair,4,0,"",""
