version,1.3.0
info,team,Afghanistan
info,team,Ireland
info,gender,male
info,season,2018/19
info,date,2019/03/08
info,series,Ireland tour of India 2018/19
info,match_number,4
info,venue,"Rajiv Gandhi International Cricket Stadium, Dehradun"
info,city,Dehra Dun
info,toss_winner,Ireland
info,toss_decision,field
info,player_of_match,Rashid Khan
info,umpire,Ahmed Shah Pakteen
info,umpire,S Ravi
info,reserve_umpire,Izatullah Safi
info,tv_umpire,Bismillah Shinwari
info,match_referee,J Srinath
info,winner,Afghanistan
info,winner_runs,109
ball,1,0.1,Afghanistan,Hazratullah,Noor Ali Zadran,TJ Murtagh,2,0,"",""
ball,1,0.2,Afghanistan,Hazratullah,Noor Ali Zadran,TJ Murtagh,0,0,"",""
ball,1,0.3,Afghanistan,Hazratullah,Noor Ali Zadran,TJ Murtagh,0,0,"",""
ball,1,0.4,Afghanistan,Hazratullah,Noor Ali Zadran,TJ Murtagh,0,0,"",""
ball,1,0.5,Afghanistan,Hazratullah,Noor Ali Zadran,TJ Murtagh,2,0,"",""
ball,1,0.6,Afghanistan,Hazratullah,Noor Ali Zadran,TJ Murtagh,0,0,"",""
ball,1,1.1,Afghanistan,Noor Ali Zadran,Hazratullah,AR McBrine,0,0,"",""
ball,1,1.2,Afghanistan,Noor Ali Zadran,Hazratullah,AR McBrine,1,0,"",""
ball,1,1.3,Afghanistan,Hazratullah,Noor Ali Zadran,AR McBrine,0,0,"",""
ball,1,1.4,Afghanistan,Hazratullah,Noor Ali Zadran,AR McBrine,0,0,"",""
ball,1,1.5,Afghanistan,Hazratullah,Noor Ali Zadran,AR McBrine,0,0,"",""
ball,1,1.6,Afghanistan,Hazratullah,Noor Ali Zadran,AR McBrine,0,0,"",""
ball,1,2.1,Afghanistan,Noor Ali Zadran,Hazratullah,TJ Murtagh,0,0,"",""
ball,1,2.2,Afghanistan,Noor Ali Zadran,Hazratullah,TJ Murtagh,0,0,"",""
ball,1,2.3,Afghanistan,Noor Ali Zadran,Hazratullah,TJ Murtagh,0,0,"",""
ball,1,2.4,Afghanistan,Noor Ali Zadran,Hazratullah,TJ Murtagh,0,0,"",""
ball,1,2.5,Afghanistan,Noor Ali Zadran,Hazratullah,TJ Murtagh,0,0,"",""
ball,1,2.6,Afghanistan,Noor Ali Zadran,Hazratullah,TJ Murtagh,2,0,"",""
ball,1,3.1,Afghanistan,Hazratullah,Noor Ali Zadran,AR McBrine,0,0,"",""
ball,1,3.2,Afghanistan,Hazratullah,Noor Ali Zadran,AR McBrine,0,0,"",""
ball,1,3.3,Afghanistan,Hazratullah,Noor Ali Zadran,AR McBrine,0,0,"",""
ball,1,3.4,Afghanistan,Hazratullah,Noor Ali Zadran,AR McBrine,6,0,"",""
ball,1,3.5,Afghanistan,Hazratullah,Noor Ali Zadran,AR McBrine,4,0,"",""
ball,1,3.6,Afghanistan,Hazratullah,Noor Ali Zadran,AR McBrine,0,0,bowled,Hazratullah
ball,1,4.1,Afghanistan,Noor Ali Zadran,Rahmat Shah,TJ Murtagh,4,0,"",""
ball,1,4.2,Afghanistan,Noor Ali Zadran,Rahmat Shah,TJ Murtagh,2,0,"",""
ball,1,4.3,Afghanistan,Noor Ali Zadran,Rahmat Shah,TJ Murtagh,0,0,"",""
ball,1,4.4,Afghanistan,Noor Ali Zadran,Rahmat Shah,TJ Murtagh,0,0,caught,Noor Ali Zadran
ball,1,4.5,Afghanistan,Asghar Stanikzai,Rahmat Shah,TJ Murtagh,0,0,"",""
ball,1,4.6,Afghanistan,Asghar Stanikzai,Rahmat Shah,TJ Murtagh,0,0,"",""
ball,1,5.1,Afghanistan,Rahmat Shah,Asghar Stanikzai,AR McBrine,0,0,"",""
ball,1,5.2,Afghanistan,Rahmat Shah,Asghar Stanikzai,AR McBrine,0,0,"",""
ball,1,5.3,Afghanistan,Rahmat Shah,Asghar Stanikzai,AR McBrine,0,0,"",""
ball,1,5.4,Afghanistan,Rahmat Shah,Asghar Stanikzai,AR McBrine,0,0,"",""
ball,1,5.5,Afghanistan,Rahmat Shah,Asghar Stanikzai,AR McBrine,0,0,"",""
ball,1,5.6,Afghanistan,Rahmat Shah,Asghar Stanikzai,AR McBrine,2,0,"",""
ball,1,6.1,Afghanistan,Asghar Stanikzai,Rahmat Shah,TJ Murtagh,0,0,"",""
ball,1,6.2,Afghanistan,Asghar Stanikzai,Rahmat Shah,TJ Murtagh,0,0,"",""
ball,1,6.3,Afghanistan,Asghar Stanikzai,Rahmat Shah,TJ Murtagh,0,0,"",""
ball,1,6.4,Afghanistan,Asghar Stanikzai,Rahmat Shah,TJ Murtagh,1,0,"",""
ball,1,6.5,Afghanistan,Rahmat Shah,Asghar Stanikzai,TJ Murtagh,0,0,"",""
ball,1,6.6,Afghanistan,Rahmat Shah,Asghar Stanikzai,TJ Murtagh,0,0,"",""
ball,1,7.1,Afghanistan,Asghar Stanikzai,Rahmat Shah,AR McBrine,1,0,"",""
ball,1,7.2,Afghanistan,Rahmat Shah,Asghar Stanikzai,AR McBrine,0,0,"",""
ball,1,7.3,Afghanistan,Rahmat Shah,Asghar Stanikzai,AR McBrine,0,0,"",""
ball,1,7.4,Afghanistan,Rahmat Shah,Asghar Stanikzai,AR McBrine,4,0,"",""
ball,1,7.5,Afghanistan,Rahmat Shah,Asghar Stanikzai,AR McBrine,0,0,"",""
ball,1,7.6,Afghanistan,Rahmat Shah,Asghar Stanikzai,AR McBrine,0,0,"",""
ball,1,8.1,Afghanistan,Asghar Stanikzai,Rahmat Shah,TJ Murtagh,6,0,"",""
ball,1,8.2,Afghanistan,Asghar Stanikzai,Rahmat Shah,TJ Murtagh,0,0,"",""
ball,1,8.3,Afghanistan,Asghar Stanikzai,Rahmat Shah,TJ Murtagh,6,0,"",""
ball,1,8.4,Afghanistan,Asghar Stanikzai,Rahmat Shah,TJ Murtagh,0,0,"",""
ball,1,8.5,Afghanistan,Asghar Stanikzai,Rahmat Shah,TJ Murtagh,0,0,"",""
ball,1,8.6,Afghanistan,Asghar Stanikzai,Rahmat Shah,TJ Murtagh,0,0,"",""
ball,1,9.1,Afghanistan,Rahmat Shah,Asghar Stanikzai,GH Dockrell,4,0,"",""
ball,1,9.2,Afghanistan,Rahmat Shah,Asghar Stanikzai,GH Dockrell,1,0,"",""
ball,1,9.3,Afghanistan,Asghar Stanikzai,Rahmat Shah,GH Dockrell,0,0,"",""
ball,1,9.4,Afghanistan,Asghar Stanikzai,Rahmat Shah,GH Dockrell,0,0,"",""
ball,1,9.5,Afghanistan,Asghar Stanikzai,Rahmat Shah,GH Dockrell,6,0,"",""
ball,1,9.6,Afghanistan,Asghar Stanikzai,Rahmat Shah,GH Dockrell,0,0,"",""
ball,1,10.1,Afghanistan,Rahmat Shah,Asghar Stanikzai,WB Rankin,0,0,"",""
ball,1,10.2,Afghanistan,Rahmat Shah,Asghar Stanikzai,WB Rankin,0,0,"",""
ball,1,10.3,Afghanistan,Rahmat Shah,Asghar Stanikzai,WB Rankin,0,0,"",""
ball,1,10.4,Afghanistan,Rahmat Shah,Asghar Stanikzai,WB Rankin,4,0,"",""
ball,1,10.5,Afghanistan,Rahmat Shah,Asghar Stanikzai,WB Rankin,0,0,caught,Rahmat Shah
ball,1,10.6,Afghanistan,Ikram Alikhil,Asghar Stanikzai,WB Rankin,1,0,"",""
ball,1,11.1,Afghanistan,Ikram Alikhil,Asghar Stanikzai,AR McBrine,0,0,"",""
ball,1,11.2,Afghanistan,Ikram Alikhil,Asghar Stanikzai,AR McBrine,0,0,caught,Ikram Alikhil
ball,1,11.3,Afghanistan,Gulbadin Naib,Asghar Stanikzai,AR McBrine,0,0,"",""
ball,1,11.4,Afghanistan,Gulbadin Naib,Asghar Stanikzai,AR McBrine,1,0,"",""
ball,1,11.5,Afghanistan,Asghar Stanikzai,Gulbadin Naib,AR McBrine,1,0,"",""
ball,1,11.6,Afghanistan,Gulbadin Naib,Asghar Stanikzai,AR McBrine,0,0,"",""
ball,1,12.1,Afghanistan,Asghar Stanikzai,Gulbadin Naib,WB Rankin,4,0,"",""
ball,1,12.2,Afghanistan,Asghar Stanikzai,Gulbadin Naib,WB Rankin,1,0,"",""
ball,1,12.3,Afghanistan,Gulbadin Naib,Asghar Stanikzai,WB Rankin,0,0,"",""
ball,1,12.4,Afghanistan,Gulbadin Naib,Asghar Stanikzai,WB Rankin,0,0,"",""
ball,1,12.5,Afghanistan,Gulbadin Naib,Asghar Stanikzai,WB Rankin,0,0,"",""
ball,1,12.6,Afghanistan,Gulbadin Naib,Asghar Stanikzai,WB Rankin,0,0,"",""
ball,1,13.1,Afghanistan,Asghar Stanikzai,Gulbadin Naib,J Cameron-Dow,1,0,"",""
ball,1,13.2,Afghanistan,Gulbadin Naib,Asghar Stanikzai,J Cameron-Dow,0,0,lbw,Gulbadin Naib
ball,1,13.3,Afghanistan,Najibullah Zadran,Asghar Stanikzai,J Cameron-Dow,1,0,"",""
ball,1,13.4,Afghanistan,Asghar Stanikzai,Najibullah Zadran,J Cameron-Dow,0,0,"",""
ball,1,13.5,Afghanistan,Asghar Stanikzai,Najibullah Zadran,J Cameron-Dow,1,0,"",""
ball,1,13.6,Afghanistan,Najibullah Zadran,Asghar Stanikzai,J Cameron-Dow,0,0,"",""
ball,1,14.1,Afghanistan,Asghar Stanikzai,Najibullah Zadran,WB Rankin,0,0,"",""
ball,1,14.2,Afghanistan,Asghar Stanikzai,Najibullah Zadran,WB Rankin,0,0,"",""
ball,1,14.3,Afghanistan,Asghar Stanikzai,Najibullah Zadran,WB Rankin,1,0,"",""
ball,1,14.4,Afghanistan,Najibullah Zadran,Asghar Stanikzai,WB Rankin,1,0,"",""
ball,1,14.5,Afghanistan,Asghar Stanikzai,Najibullah Zadran,WB Rankin,0,0,"",""
ball,1,14.6,Afghanistan,Asghar Stanikzai,Najibullah Zadran,WB Rankin,0,0,"",""
ball,1,15.1,Afghanistan,Najibullah Zadran,Asghar Stanikzai,J Cameron-Dow,0,0,"",""
ball,1,15.2,Afghanistan,Najibullah Zadran,Asghar Stanikzai,J Cameron-Dow,0,0,"",""
ball,1,15.3,Afghanistan,Najibullah Zadran,Asghar Stanikzai,J Cameron-Dow,4,0,"",""
ball,1,15.4,Afghanistan,Najibullah Zadran,Asghar Stanikzai,J Cameron-Dow,0,0,"",""
ball,1,15.5,Afghanistan,Najibullah Zadran,Asghar Stanikzai,J Cameron-Dow,0,0,"",""
ball,1,15.6,Afghanistan,Najibullah Zadran,Asghar Stanikzai,J Cameron-Dow,0,0,"",""
ball,1,16.1,Afghanistan,Asghar Stanikzai,Najibullah Zadran,WB Rankin,1,0,"",""
ball,1,16.2,Afghanistan,Najibullah Zadran,Asghar Stanikzai,WB Rankin,0,0,"",""
ball,1,16.3,Afghanistan,Najibullah Zadran,Asghar Stanikzai,WB Rankin,0,0,"",""
ball,1,16.4,Afghanistan,Najibullah Zadran,Asghar Stanikzai,WB Rankin,0,0,"",""
ball,1,16.5,Afghanistan,Najibullah Zadran,Asghar Stanikzai,WB Rankin,0,0,"",""
ball,1,16.6,Afghanistan,Najibullah Zadran,Asghar Stanikzai,WB Rankin,4,0,"",""
ball,1,17.1,Afghanistan,Asghar Stanikzai,Najibullah Zadran,J Cameron-Dow,0,0,"",""
ball,1,17.2,Afghanistan,Asghar Stanikzai,Najibullah Zadran,J Cameron-Dow,1,0,"",""
ball,1,17.3,Afghanistan,Najibullah Zadran,Asghar Stanikzai,J Cameron-Dow,0,0,caught and bowled,Najibullah Zadran
ball,1,17.4,Afghanistan,Mohammad Nabi,Asghar Stanikzai,J Cameron-Dow,0,0,"",""
ball,1,17.5,Afghanistan,Mohammad Nabi,Asghar Stanikzai,J Cameron-Dow,0,0,"",""
ball,1,17.6,Afghanistan,Mohammad Nabi,Asghar Stanikzai,J Cameron-Dow,1,0,"",""
ball,1,18.1,Afghanistan,Mohammad Nabi,Asghar Stanikzai,WB Rankin,4,0,"",""
ball,1,18.2,Afghanistan,Mohammad Nabi,Asghar Stanikzai,WB Rankin,0,1,"",""
ball,1,18.3,Afghanistan,Mohammad Nabi,Asghar Stanikzai,WB Rankin,0,0,"",""
ball,1,18.4,Afghanistan,Mohammad Nabi,Asghar Stanikzai,WB Rankin,0,0,"",""
ball,1,18.5,Afghanistan,Mohammad Nabi,Asghar Stanikzai,WB Rankin,0,0,"",""
ball,1,18.6,Afghanistan,Mohammad Nabi,Asghar Stanikzai,WB Rankin,0,0,"",""
ball,1,18.7,Afghanistan,Mohammad Nabi,Asghar Stanikzai,WB Rankin,0,0,"",""
ball,1,19.1,Afghanistan,Asghar Stanikzai,Mohammad Nabi,J Cameron-Dow,0,0,"",""
ball,1,19.2,Afghanistan,Asghar Stanikzai,Mohammad Nabi,J Cameron-Dow,1,0,"",""
ball,1,19.3,Afghanistan,Mohammad Nabi,Asghar Stanikzai,J Cameron-Dow,1,0,"",""
ball,1,19.4,Afghanistan,Asghar Stanikzai,Mohammad Nabi,J Cameron-Dow,0,0,"",""
ball,1,19.5,Afghanistan,Asghar Stanikzai,Mohammad Nabi,J Cameron-Dow,0,0,"",""
ball,1,19.6,Afghanistan,Asghar Stanikzai,Mohammad Nabi,J Cameron-Dow,0,0,"",""
ball,1,20.1,Afghanistan,Mohammad Nabi,Asghar Stanikzai,GH Dockrell,0,0,"",""
ball,1,20.2,Afghanistan,Mohammad Nabi,Asghar Stanikzai,GH Dockrell,0,0,"",""
ball,1,20.3,Afghanistan,Mohammad Nabi,Asghar Stanikzai,GH Dockrell,0,0,"",""
ball,1,20.4,Afghanistan,Mohammad Nabi,Asghar Stanikzai,GH Dockrell,0,0,"",""
ball,1,20.5,Afghanistan,Mohammad Nabi,Asghar Stanikzai,GH Dockrell,0,0,"",""
ball,1,20.6,Afghanistan,Mohammad Nabi,Asghar Stanikzai,GH Dockrell,1,0,"",""
ball,1,21.1,Afghanistan,Mohammad Nabi,Asghar Stanikzai,J Cameron-Dow,0,0,"",""
ball,1,21.2,Afghanistan,Mohammad Nabi,Asghar Stanikzai,J Cameron-Dow,0,0,"",""
ball,1,21.3,Afghanistan,Mohammad Nabi,Asghar Stanikzai,J Cameron-Dow,1,0,"",""
ball,1,21.4,Afghanistan,Asghar Stanikzai,Mohammad Nabi,J Cameron-Dow,0,0,"",""
ball,1,21.5,Afghanistan,Asghar Stanikzai,Mohammad Nabi,J Cameron-Dow,0,0,"",""
ball,1,21.6,Afghanistan,Asghar Stanikzai,Mohammad Nabi,J Cameron-Dow,0,0,"",""
ball,1,22.1,Afghanistan,Mohammad Nabi,Asghar Stanikzai,GH Dockrell,1,0,"",""
ball,1,22.2,Afghanistan,Asghar Stanikzai,Mohammad Nabi,GH Dockrell,4,0,"",""
ball,1,22.3,Afghanistan,Asghar Stanikzai,Mohammad Nabi,GH Dockrell,4,0,"",""
ball,1,22.4,Afghanistan,Asghar Stanikzai,Mohammad Nabi,GH Dockrell,0,0,"",""
ball,1,22.5,Afghanistan,Asghar Stanikzai,Mohammad Nabi,GH Dockrell,0,0,"",""
ball,1,22.6,Afghanistan,Asghar Stanikzai,Mohammad Nabi,GH Dockrell,0,0,"",""
ball,1,23.1,Afghanistan,Mohammad Nabi,Asghar Stanikzai,J Cameron-Dow,1,0,"",""
ball,1,23.2,Afghanistan,Asghar Stanikzai,Mohammad Nabi,J Cameron-Dow,1,0,"",""
ball,1,23.3,Afghanistan,Mohammad Nabi,Asghar Stanikzai,J Cameron-Dow,1,0,"",""
ball,1,23.4,Afghanistan,Asghar Stanikzai,Mohammad Nabi,J Cameron-Dow,0,0,"",""
ball,1,23.5,Afghanistan,Asghar Stanikzai,Mohammad Nabi,J Cameron-Dow,1,0,"",""
ball,1,23.6,Afghanistan,Mohammad Nabi,Asghar Stanikzai,J Cameron-Dow,1,0,"",""
ball,1,24.1,Afghanistan,Mohammad Nabi,Asghar Stanikzai,GH Dockrell,0,0,"",""
ball,1,24.2,Afghanistan,Mohammad Nabi,Asghar Stanikzai,GH Dockrell,0,0,"",""
ball,1,24.3,Afghanistan,Mohammad Nabi,Asghar Stanikzai,GH Dockrell,0,0,"",""
ball,1,24.4,Afghanistan,Mohammad Nabi,Asghar Stanikzai,GH Dockrell,0,0,"",""
ball,1,24.5,Afghanistan,Mohammad Nabi,Asghar Stanikzai,GH Dockrell,0,0,"",""
ball,1,24.6,Afghanistan,Mohammad Nabi,Asghar Stanikzai,GH Dockrell,0,0,"",""
ball,1,25.1,Afghanistan,Asghar Stanikzai,Mohammad Nabi,TJ Murtagh,0,0,"",""
ball,1,25.2,Afghanistan,Asghar Stanikzai,Mohammad Nabi,TJ Murtagh,0,0,"",""
ball,1,25.3,Afghanistan,Asghar Stanikzai,Mohammad Nabi,TJ Murtagh,1,0,"",""
ball,1,25.4,Afghanistan,Mohammad Nabi,Asghar Stanikzai,TJ Murtagh,0,0,"",""
ball,1,25.5,Afghanistan,Mohammad Nabi,Asghar Stanikzai,TJ Murtagh,0,0,"",""
ball,1,25.6,Afghanistan,Mohammad Nabi,Asghar Stanikzai,TJ Murtagh,1,0,"",""
ball,1,26.1,Afghanistan,Mohammad Nabi,Asghar Stanikzai,GH Dockrell,1,0,"",""
ball,1,26.2,Afghanistan,Asghar Stanikzai,Mohammad Nabi,GH Dockrell,0,0,"",""
ball,1,26.3,Afghanistan,Asghar Stanikzai,Mohammad Nabi,GH Dockrell,0,0,"",""
ball,1,26.4,Afghanistan,Asghar Stanikzai,Mohammad Nabi,GH Dockrell,0,0,"",""
ball,1,26.5,Afghanistan,Asghar Stanikzai,Mohammad Nabi,GH Dockrell,0,0,"",""
ball,1,26.6,Afghanistan,Asghar Stanikzai,Mohammad Nabi,GH Dockrell,0,0,"",""
ball,1,27.1,Afghanistan,Mohammad Nabi,Asghar Stanikzai,TJ Murtagh,0,0,"",""
ball,1,27.2,Afghanistan,Mohammad Nabi,Asghar Stanikzai,TJ Murtagh,1,0,"",""
ball,1,27.3,Afghanistan,Asghar Stanikzai,Mohammad Nabi,TJ Murtagh,1,0,"",""
ball,1,27.4,Afghanistan,Mohammad Nabi,Asghar Stanikzai,TJ Murtagh,0,0,"",""
ball,1,27.5,Afghanistan,Mohammad Nabi,Asghar Stanikzai,TJ Murtagh,0,0,"",""
ball,1,27.6,Afghanistan,Mohammad Nabi,Asghar Stanikzai,TJ Murtagh,1,0,"",""
ball,1,28.1,Afghanistan,Mohammad Nabi,Asghar Stanikzai,GH Dockrell,2,0,"",""
ball,1,28.2,Afghanistan,Mohammad Nabi,Asghar Stanikzai,GH Dockrell,1,0,"",""
ball,1,28.3,Afghanistan,Asghar Stanikzai,Mohammad Nabi,GH Dockrell,4,0,"",""
ball,1,28.4,Afghanistan,Asghar Stanikzai,Mohammad Nabi,GH Dockrell,0,0,"",""
ball,1,28.5,Afghanistan,Asghar Stanikzai,Mohammad Nabi,GH Dockrell,1,0,"",""
ball,1,28.6,Afghanistan,Mohammad Nabi,Asghar Stanikzai,GH Dockrell,0,0,"",""
ball,1,29.1,Afghanistan,Asghar Stanikzai,Mohammad Nabi,AR McBrine,1,0,"",""
ball,1,29.2,Afghanistan,Mohammad Nabi,Asghar Stanikzai,AR McBrine,1,0,"",""
ball,1,29.3,Afghanistan,Asghar Stanikzai,Mohammad Nabi,AR McBrine,0,0,"",""
ball,1,29.4,Afghanistan,Asghar Stanikzai,Mohammad Nabi,AR McBrine,0,0,"",""
ball,1,29.5,Afghanistan,Asghar Stanikzai,Mohammad Nabi,AR McBrine,0,0,"",""
ball,1,29.6,Afghanistan,Asghar Stanikzai,Mohammad Nabi,AR McBrine,1,0,"",""
ball,1,30.1,Afghanistan,Asghar Stanikzai,Mohammad Nabi,WB Rankin,0,0,"",""
ball,1,30.2,Afghanistan,Asghar Stanikzai,Mohammad Nabi,WB Rankin,1,0,"",""
ball,1,30.3,Afghanistan,Mohammad Nabi,Asghar Stanikzai,WB Rankin,0,0,"",""
ball,1,30.4,Afghanistan,Mohammad Nabi,Asghar Stanikzai,WB Rankin,0,0,"",""
ball,1,30.5,Afghanistan,Mohammad Nabi,Asghar Stanikzai,WB Rankin,0,0,"",""
ball,1,30.6,Afghanistan,Mohammad Nabi,Asghar Stanikzai,WB Rankin,0,0,"",""
ball,1,31.1,Afghanistan,Asghar Stanikzai,Mohammad Nabi,AR McBrine,1,0,"",""
ball,1,31.2,Afghanistan,Mohammad Nabi,Asghar Stanikzai,AR McBrine,1,0,"",""
ball,1,31.3,Afghanistan,Asghar Stanikzai,Mohammad Nabi,AR McBrine,0,0,"",""
ball,1,31.4,Afghanistan,Asghar Stanikzai,Mohammad Nabi,AR McBrine,0,0,"",""
ball,1,31.5,Afghanistan,Asghar Stanikzai,Mohammad Nabi,AR McBrine,1,0,"",""
ball,1,31.6,Afghanistan,Mohammad Nabi,Asghar Stanikzai,AR McBrine,1,0,"",""
ball,1,32.1,Afghanistan,Mohammad Nabi,Asghar Stanikzai,WB Rankin,4,0,"",""
ball,1,32.2,Afghanistan,Mohammad Nabi,Asghar Stanikzai,WB Rankin,0,0,run out,Asghar Stanikzai
ball,1,32.3,Afghanistan,Rashid Khan,Mohammad Nabi,WB Rankin,0,0,"",""
ball,1,32.4,Afghanistan,Rashid Khan,Mohammad Nabi,WB Rankin,0,0,"",""
ball,1,32.5,Afghanistan,Rashid Khan,Mohammad Nabi,WB Rankin,0,0,"",""
ball,1,32.6,Afghanistan,Rashid Khan,Mohammad Nabi,WB Rankin,1,0,"",""
ball,1,33.1,Afghanistan,Rashid Khan,Mohammad Nabi,AR McBrine,1,0,"",""
ball,1,33.2,Afghanistan,Mohammad Nabi,Rashid Khan,AR McBrine,0,0,"",""
ball,1,33.3,Afghanistan,Mohammad Nabi,Rashid Khan,AR McBrine,1,0,"",""
ball,1,33.4,Afghanistan,Rashid Khan,Mohammad Nabi,AR McBrine,0,0,"",""
ball,1,33.5,Afghanistan,Rashid Khan,Mohammad Nabi,AR McBrine,4,0,"",""
ball,1,33.6,Afghanistan,Rashid Khan,Mohammad Nabi,AR McBrine,0,0,"",""
ball,1,34.1,Afghanistan,Mohammad Nabi,Rashid Khan,WB Rankin,0,0,"",""
ball,1,34.2,Afghanistan,Mohammad Nabi,Rashid Khan,WB Rankin,4,0,"",""
ball,1,34.3,Afghanistan,Mohammad Nabi,Rashid Khan,WB Rankin,1,0,"",""
ball,1,34.4,Afghanistan,Rashid Khan,Mohammad Nabi,WB Rankin,0,0,"",""
ball,1,34.5,Afghanistan,Rashid Khan,Mohammad Nabi,WB Rankin,0,0,"",""
ball,1,34.6,Afghanistan,Rashid Khan,Mohammad Nabi,WB Rankin,0,0,"",""
ball,1,35.1,Afghanistan,Mohammad Nabi,Rashid Khan,AR McBrine,1,0,"",""
ball,1,35.2,Afghanistan,Rashid Khan,Mohammad Nabi,AR McBrine,0,0,"",""
ball,1,35.3,Afghanistan,Rashid Khan,Mohammad Nabi,AR McBrine,0,0,"",""
ball,1,35.4,Afghanistan,Rashid Khan,Mohammad Nabi,AR McBrine,0,0,"",""
ball,1,35.5,Afghanistan,Rashid Khan,Mohammad Nabi,AR McBrine,0,0,"",""
ball,1,35.6,Afghanistan,Rashid Khan,Mohammad Nabi,AR McBrine,1,0,"",""
ball,1,36.1,Afghanistan,Rashid Khan,Mohammad Nabi,GH Dockrell,1,0,"",""
ball,1,36.2,Afghanistan,Mohammad Nabi,Rashid Khan,GH Dockrell,0,0,"",""
ball,1,36.3,Afghanistan,Mohammad Nabi,Rashid Khan,GH Dockrell,4,0,"",""
ball,1,36.4,Afghanistan,Mohammad Nabi,Rashid Khan,GH Dockrell,0,0,"",""
ball,1,36.5,Afghanistan,Mohammad Nabi,Rashid Khan,GH Dockrell,0,0,"",""
ball,1,36.6,Afghanistan,Mohammad Nabi,Rashid Khan,GH Dockrell,1,0,"",""
ball,1,37.1,Afghanistan,Mohammad Nabi,Rashid Khan,J Cameron-Dow,0,0,"",""
ball,1,37.2,Afghanistan,Mohammad Nabi,Rashid Khan,J Cameron-Dow,1,0,"",""
ball,1,37.3,Afghanistan,Rashid Khan,Mohammad Nabi,J Cameron-Dow,0,0,"",""
ball,1,37.4,Afghanistan,Rashid Khan,Mohammad Nabi,J Cameron-Dow,0,0,"",""
ball,1,37.5,Afghanistan,Rashid Khan,Mohammad Nabi,J Cameron-Dow,0,0,"",""
ball,1,37.6,Afghanistan,Rashid Khan,Mohammad Nabi,J Cameron-Dow,1,0,"",""
ball,1,38.1,Afghanistan,Rashid Khan,Mohammad Nabi,GH Dockrell,0,0,"",""
ball,1,38.2,Afghanistan,Rashid Khan,Mohammad Nabi,GH Dockrell,1,0,"",""
ball,1,38.3,Afghanistan,Mohammad Nabi,Rashid Khan,GH Dockrell,0,0,"",""
ball,1,38.4,Afghanistan,Mohammad Nabi,Rashid Khan,GH Dockrell,2,0,"",""
ball,1,38.5,Afghanistan,Mohammad Nabi,Rashid Khan,GH Dockrell,1,0,"",""
ball,1,38.6,Afghanistan,Rashid Khan,Mohammad Nabi,GH Dockrell,1,0,"",""
ball,1,39.1,Afghanistan,Rashid Khan,Mohammad Nabi,J Cameron-Dow,1,0,"",""
ball,1,39.2,Afghanistan,Mohammad Nabi,Rashid Khan,J Cameron-Dow,0,0,"",""
ball,1,39.3,Afghanistan,Mohammad Nabi,Rashid Khan,J Cameron-Dow,1,0,"",""
ball,1,39.4,Afghanistan,Rashid Khan,Mohammad Nabi,J Cameron-Dow,0,0,"",""
ball,1,39.5,Afghanistan,Rashid Khan,Mohammad Nabi,J Cameron-Dow,0,0,"",""
ball,1,39.6,Afghanistan,Rashid Khan,Mohammad Nabi,J Cameron-Dow,4,0,"",""
ball,1,40.1,Afghanistan,Mohammad Nabi,Rashid Khan,TJ Murtagh,1,0,"",""
ball,1,40.2,Afghanistan,Rashid Khan,Mohammad Nabi,TJ Murtagh,4,0,"",""
ball,1,40.3,Afghanistan,Rashid Khan,Mohammad Nabi,TJ Murtagh,0,1,"",""
ball,1,40.4,Afghanistan,Rashid Khan,Mohammad Nabi,TJ Murtagh,0,0,"",""
ball,1,40.5,Afghanistan,Rashid Khan,Mohammad Nabi,TJ Murtagh,0,0,"",""
ball,1,40.6,Afghanistan,Rashid Khan,Mohammad Nabi,TJ Murtagh,1,0,"",""
ball,1,40.7,Afghanistan,Mohammad Nabi,Rashid Khan,TJ Murtagh,1,0,"",""
ball,1,41.1,Afghanistan,Mohammad Nabi,Rashid Khan,AR McBrine,0,0,"",""
ball,1,41.2,Afghanistan,Mohammad Nabi,Rashid Khan,AR McBrine,1,0,"",""
ball,1,41.3,Afghanistan,Rashid Khan,Mohammad Nabi,AR McBrine,0,0,"",""
ball,1,41.4,Afghanistan,Rashid Khan,Mohammad Nabi,AR McBrine,1,0,"",""
ball,1,41.5,Afghanistan,Mohammad Nabi,Rashid Khan,AR McBrine,0,0,"",""
ball,1,41.6,Afghanistan,Mohammad Nabi,Rashid Khan,AR McBrine,0,0,"",""
ball,1,42.1,Afghanistan,Rashid Khan,Mohammad Nabi,TJ Murtagh,1,0,"",""
ball,1,42.2,Afghanistan,Mohammad Nabi,Rashid Khan,TJ Murtagh,1,0,"",""
ball,1,42.3,Afghanistan,Rashid Khan,Mohammad Nabi,TJ Murtagh,0,0,"",""
ball,1,42.4,Afghanistan,Rashid Khan,Mohammad Nabi,TJ Murtagh,1,0,"",""
ball,1,42.5,Afghanistan,Mohammad Nabi,Rashid Khan,TJ Murtagh,4,0,"",""
ball,1,42.6,Afghanistan,Mohammad Nabi,Rashid Khan,TJ Murtagh,1,0,"",""
ball,1,43.1,Afghanistan,Mohammad Nabi,Rashid Khan,J Cameron-Dow,1,0,"",""
ball,1,43.2,Afghanistan,Rashid Khan,Mohammad Nabi,J Cameron-Dow,0,0,"",""
ball,1,43.3,Afghanistan,Rashid Khan,Mohammad Nabi,J Cameron-Dow,0,0,"",""
ball,1,43.4,Afghanistan,Rashid Khan,Mohammad Nabi,J Cameron-Dow,0,0,"",""
ball,1,43.5,Afghanistan,Rashid Khan,Mohammad Nabi,J Cameron-Dow,1,0,"",""
ball,1,43.6,Afghanistan,Mohammad Nabi,Rashid Khan,J Cameron-Dow,1,0,"",""
ball,1,44.1,Afghanistan,Mohammad Nabi,Rashid Khan,WB Rankin,2,0,"",""
ball,1,44.2,Afghanistan,Mohammad Nabi,Rashid Khan,WB Rankin,4,0,"",""
ball,1,44.3,Afghanistan,Mohammad Nabi,Rashid Khan,WB Rankin,1,0,"",""
ball,1,44.4,Afghanistan,Rashid Khan,Mohammad Nabi,WB Rankin,4,0,"",""
ball,1,44.5,Afghanistan,Rashid Khan,Mohammad Nabi,WB Rankin,0,0,"",""
ball,1,44.6,Afghanistan,Rashid Khan,Mohammad Nabi,WB Rankin,4,0,"",""
ball,1,45.1,Afghanistan,Mohammad Nabi,Rashid Khan,GH Dockrell,1,0,"",""
ball,1,45.2,Afghanistan,Rashid Khan,Mohammad Nabi,GH Dockrell,0,0,"",""
ball,1,45.3,Afghanistan,Rashid Khan,Mohammad Nabi,GH Dockrell,6,0,"",""
ball,1,45.4,Afghanistan,Rashid Khan,Mohammad Nabi,GH Dockrell,4,0,"",""
ball,1,45.5,Afghanistan,Rashid Khan,Mohammad Nabi,GH Dockrell,1,0,"",""
ball,1,45.6,Afghanistan,Mohammad Nabi,Rashid Khan,GH Dockrell,2,0,"",""
ball,1,46.1,Afghanistan,Rashid Khan,Mohammad Nabi,J Cameron-Dow,2,0,"",""
ball,1,46.2,Afghanistan,Rashid Khan,Mohammad Nabi,J Cameron-Dow,1,0,"",""
ball,1,46.3,Afghanistan,Mohammad Nabi,Rashid Khan,J Cameron-Dow,0,0,caught,Mohammad Nabi
ball,1,46.4,Afghanistan,Rashid Khan,Aftab Alam,J Cameron-Dow,1,0,"",""
ball,1,46.5,Afghanistan,Aftab Alam,Rashid Khan,J Cameron-Dow,0,0,"",""
ball,1,46.6,Afghanistan,Aftab Alam,Rashid Khan,J Cameron-Dow,0,0,"",""
ball,1,47.1,Afghanistan,Rashid Khan,Aftab Alam,WB Rankin,1,0,"",""
ball,1,47.2,Afghanistan,Aftab Alam,Rashid Khan,WB Rankin,0,0,"",""
ball,1,47.3,Afghanistan,Aftab Alam,Rashid Khan,WB Rankin,0,0,caught,Aftab Alam
ball,1,47.4,Afghanistan,Rashid Khan,Mujeeb Ur Rahman,WB Rankin,1,0,"",""
ball,1,47.5,Afghanistan,Mujeeb Ur Rahman,Rashid Khan,WB Rankin,0,0,"",""
ball,1,47.6,Afghanistan,Mujeeb Ur Rahman,Rashid Khan,WB Rankin,0,0,"",""
ball,1,48.1,Afghanistan,Rashid Khan,Mujeeb Ur Rahman,TJ Murtagh,0,0,"",""
ball,1,48.2,Afghanistan,Rashid Khan,Mujeeb Ur Rahman,TJ Murtagh,1,0,"",""
ball,1,48.3,Afghanistan,Mujeeb Ur Rahman,Rashid Khan,TJ Murtagh,0,0,"",""
ball,1,48.4,Afghanistan,Mujeeb Ur Rahman,Rashid Khan,TJ Murtagh,1,0,"",""
ball,1,48.5,Afghanistan,Rashid Khan,Mujeeb Ur Rahman,TJ Murtagh,0,0,"",""
ball,1,48.6,Afghanistan,Rashid Khan,Mujeeb Ur Rahman,TJ Murtagh,1,0,"",""
ball,1,49.1,Afghanistan,Rashid Khan,Mujeeb Ur Rahman,GH Dockrell,0,0,caught,Rashid Khan
ball,2,0.1,Ireland,WTS Porterfield,PR Stirling,Mujeeb Ur Rahman,0,0,"",""
ball,2,0.2,Ireland,WTS Porterfield,PR Stirling,Mujeeb Ur Rahman,1,0,"",""
ball,2,0.3,Ireland,PR Stirling,WTS Porterfield,Mujeeb Ur Rahman,1,0,"",""
ball,2,0.4,Ireland,WTS Porterfield,PR Stirling,Mujeeb Ur Rahman,1,0,"",""
ball,2,0.5,Ireland,PR Stirling,WTS Porterfield,Mujeeb Ur Rahman,0,0,"",""
ball,2,0.6,Ireland,PR Stirling,WTS Porterfield,Mujeeb Ur Rahman,0,0,"",""
ball,2,1.1,Ireland,WTS Porterfield,PR Stirling,Aftab Alam,1,0,"",""
ball,2,1.2,Ireland,PR Stirling,WTS Porterfield,Aftab Alam,0,0,"",""
ball,2,1.3,Ireland,PR Stirling,WTS Porterfield,Aftab Alam,4,0,"",""
ball,2,1.4,Ireland,PR Stirling,WTS Porterfield,Aftab Alam,0,0,"",""
ball,2,1.5,Ireland,PR Stirling,WTS Porterfield,Aftab Alam,0,0,"",""
ball,2,1.6,Ireland,PR Stirling,WTS Porterfield,Aftab Alam,0,0,"",""
ball,2,2.1,Ireland,WTS Porterfield,PR Stirling,Mujeeb Ur Rahman,0,0,"",""
ball,2,2.2,Ireland,WTS Porterfield,PR Stirling,Mujeeb Ur Rahman,1,0,"",""
ball,2,2.3,Ireland,PR Stirling,WTS Porterfield,Mujeeb Ur Rahman,0,0,"",""
ball,2,2.4,Ireland,PR Stirling,WTS Porterfield,Mujeeb Ur Rahman,1,0,"",""
ball,2,2.5,Ireland,WTS Porterfield,PR Stirling,Mujeeb Ur Rahman,0,0,"",""
ball,2,2.6,Ireland,WTS Porterfield,PR Stirling,Mujeeb Ur Rahman,4,0,"",""
ball,2,3.1,Ireland,PR Stirling,WTS Porterfield,Aftab Alam,0,0,"",""
ball,2,3.2,Ireland,PR Stirling,WTS Porterfield,Aftab Alam,0,0,"",""
ball,2,3.3,Ireland,PR Stirling,WTS Porterfield,Aftab Alam,1,0,"",""
ball,2,3.4,Ireland,WTS Porterfield,PR Stirling,Aftab Alam,0,0,"",""
ball,2,3.5,Ireland,WTS Porterfield,PR Stirling,Aftab Alam,0,0,"",""
ball,2,3.6,Ireland,WTS Porterfield,PR Stirling,Aftab Alam,0,0,"",""
ball,2,4.1,Ireland,PR Stirling,WTS Porterfield,Mujeeb Ur Rahman,3,0,"",""
ball,2,4.2,Ireland,WTS Porterfield,PR Stirling,Mujeeb Ur Rahman,0,0,"",""
ball,2,4.3,Ireland,WTS Porterfield,PR Stirling,Mujeeb Ur Rahman,0,0,"",""
ball,2,4.4,Ireland,WTS Porterfield,PR Stirling,Mujeeb Ur Rahman,0,0,"",""
ball,2,4.5,Ireland,WTS Porterfield,PR Stirling,Mujeeb Ur Rahman,1,0,"",""
ball,2,4.6,Ireland,PR Stirling,WTS Porterfield,Mujeeb Ur Rahman,0,0,"",""
ball,2,5.1,Ireland,WTS Porterfield,PR Stirling,Aftab Alam,4,0,"",""
ball,2,5.2,Ireland,WTS Porterfield,PR Stirling,Aftab Alam,4,0,"",""
ball,2,5.3,Ireland,WTS Porterfield,PR Stirling,Aftab Alam,4,0,"",""
ball,2,5.4,Ireland,WTS Porterfield,PR Stirling,Aftab Alam,0,0,lbw,WTS Porterfield
ball,2,5.5,Ireland,A Balbirnie,PR Stirling,Aftab Alam,0,0,"",""
ball,2,5.6,Ireland,A Balbirnie,PR Stirling,Aftab Alam,0,0,"",""
ball,2,6.1,Ireland,PR Stirling,A Balbirnie,Mujeeb Ur Rahman,0,0,"",""
ball,2,6.2,Ireland,PR Stirling,A Balbirnie,Mujeeb Ur Rahman,1,0,"",""
ball,2,6.3,Ireland,A Balbirnie,PR Stirling,Mujeeb Ur Rahman,0,0,caught and bowled,A Balbirnie
ball,2,6.4,Ireland,Simi Singh,PR Stirling,Mujeeb Ur Rahman,1,0,"",""
ball,2,6.5,Ireland,PR Stirling,Simi Singh,Mujeeb Ur Rahman,0,0,stumped,PR Stirling
ball,2,6.6,Ireland,KJ O'Brien,Simi Singh,Mujeeb Ur Rahman,1,0,"",""
ball,2,7.1,Ireland,KJ O'Brien,Simi Singh,Aftab Alam,0,0,"",""
ball,2,7.2,Ireland,KJ O'Brien,Simi Singh,Aftab Alam,0,0,"",""
ball,2,7.3,Ireland,KJ O'Brien,Simi Singh,Aftab Alam,0,0,"",""
ball,2,7.4,Ireland,KJ O'Brien,Simi Singh,Aftab Alam,0,0,"",""
ball,2,7.5,Ireland,KJ O'Brien,Simi Singh,Aftab Alam,0,0,"",""
ball,2,7.6,Ireland,KJ O'Brien,Simi Singh,Aftab Alam,0,0,"",""
ball,2,8.1,Ireland,Simi Singh,KJ O'Brien,Mujeeb Ur Rahman,0,0,"",""
ball,2,8.2,Ireland,Simi Singh,KJ O'Brien,Mujeeb Ur Rahman,0,0,"",""
ball,2,8.3,Ireland,Simi Singh,KJ O'Brien,Mujeeb Ur Rahman,0,1,"",""
ball,2,8.4,Ireland,Simi Singh,KJ O'Brien,Mujeeb Ur Rahman,0,0,"",""
ball,2,8.5,Ireland,Simi Singh,KJ O'Brien,Mujeeb Ur Rahman,0,0,"",""
ball,2,8.6,Ireland,Simi Singh,KJ O'Brien,Mujeeb Ur Rahman,1,0,"",""
ball,2,8.7,Ireland,KJ O'Brien,Simi Singh,Mujeeb Ur Rahman,0,0,"",""
ball,2,9.1,Ireland,Simi Singh,KJ O'Brien,Aftab Alam,0,0,"",""
ball,2,9.2,Ireland,Simi Singh,KJ O'Brien,Aftab Alam,0,0,"",""
ball,2,9.3,Ireland,Simi Singh,KJ O'Brien,Aftab Alam,0,0,"",""
ball,2,9.4,Ireland,Simi Singh,KJ O'Brien,Aftab Alam,0,0,"",""
ball,2,9.5,Ireland,Simi Singh,KJ O'Brien,Aftab Alam,0,0,"",""
ball,2,9.6,Ireland,Simi Singh,KJ O'Brien,Aftab Alam,0,0,"",""
ball,2,10.1,Ireland,KJ O'Brien,Simi Singh,Mujeeb Ur Rahman,1,0,"",""
ball,2,10.2,Ireland,Simi Singh,KJ O'Brien,Mujeeb Ur Rahman,0,0,"",""
ball,2,10.3,Ireland,Simi Singh,KJ O'Brien,Mujeeb Ur Rahman,0,0,"",""
ball,2,10.4,Ireland,Simi Singh,KJ O'Brien,Mujeeb Ur Rahman,0,0,"",""
ball,2,10.5,Ireland,Simi Singh,KJ O'Brien,Mujeeb Ur Rahman,1,0,"",""
ball,2,10.6,Ireland,KJ O'Brien,Simi Singh,Mujeeb Ur Rahman,0,0,"",""
ball,2,11.1,Ireland,Simi Singh,KJ O'Brien,Gulbadin Naib,0,0,"",""
ball,2,11.2,Ireland,Simi Singh,KJ O'Brien,Gulbadin Naib,4,0,"",""
ball,2,11.3,Ireland,Simi Singh,KJ O'Brien,Gulbadin Naib,0,0,"",""
ball,2,11.4,Ireland,Simi Singh,KJ O'Brien,Gulbadin Naib,0,0,"",""
ball,2,11.5,Ireland,Simi Singh,KJ O'Brien,Gulbadin Naib,4,0,"",""
ball,2,11.6,Ireland,Simi Singh,KJ O'Brien,Gulbadin Naib,0,0,"",""
ball,2,12.1,Ireland,KJ O'Brien,Simi Singh,Mohammad Nabi,0,1,"",""
ball,2,12.2,Ireland,Simi Singh,KJ O'Brien,Mohammad Nabi,1,0,"",""
ball,2,12.3,Ireland,KJ O'Brien,Simi Singh,Mohammad Nabi,0,0,"",""
ball,2,12.4,Ireland,KJ O'Brien,Simi Singh,Mohammad Nabi,1,0,"",""
ball,2,12.5,Ireland,Simi Singh,KJ O'Brien,Mohammad Nabi,0,0,"",""
ball,2,12.6,Ireland,Simi Singh,KJ O'Brien,Mohammad Nabi,1,0,"",""
ball,2,13.1,Ireland,Simi Singh,KJ O'Brien,Gulbadin Naib,0,0,"",""
ball,2,13.2,Ireland,Simi Singh,KJ O'Brien,Gulbadin Naib,1,0,"",""
ball,2,13.3,Ireland,KJ O'Brien,Simi Singh,Gulbadin Naib,1,0,"",""
ball,2,13.4,Ireland,Simi Singh,KJ O'Brien,Gulbadin Naib,0,0,"",""
ball,2,13.5,Ireland,Simi Singh,KJ O'Brien,Gulbadin Naib,0,0,"",""
ball,2,13.6,Ireland,Simi Singh,KJ O'Brien,Gulbadin Naib,0,1,"",""
ball,2,14.1,Ireland,Simi Singh,KJ O'Brien,Mohammad Nabi,1,0,"",""
ball,2,14.2,Ireland,KJ O'Brien,Simi Singh,Mohammad Nabi,1,0,"",""
ball,2,14.3,Ireland,Simi Singh,KJ O'Brien,Mohammad Nabi,0,0,"",""
ball,2,14.4,Ireland,Simi Singh,KJ O'Brien,Mohammad Nabi,0,0,"",""
ball,2,14.5,Ireland,Simi Singh,KJ O'Brien,Mohammad Nabi,0,0,"",""
ball,2,14.6,Ireland,Simi Singh,KJ O'Brien,Mohammad Nabi,0,0,"",""
ball,2,15.1,Ireland,KJ O'Brien,Simi Singh,Rashid Khan,1,0,"",""
ball,2,15.2,Ireland,Simi Singh,KJ O'Brien,Rashid Khan,1,0,"",""
ball,2,15.3,Ireland,KJ O'Brien,Simi Singh,Rashid Khan,0,0,"",""
ball,2,15.4,Ireland,KJ O'Brien,Simi Singh,Rashid Khan,0,0,"",""
ball,2,15.5,Ireland,KJ O'Brien,Simi Singh,Rashid Khan,0,0,"",""
ball,2,15.6,Ireland,KJ O'Brien,Simi Singh,Rashid Khan,0,0,"",""
ball,2,16.1,Ireland,Simi Singh,KJ O'Brien,Mohammad Nabi,1,0,"",""
ball,2,16.2,Ireland,KJ O'Brien,Simi Singh,Mohammad Nabi,0,0,"",""
ball,2,16.3,Ireland,KJ O'Brien,Simi Singh,Mohammad Nabi,0,0,"",""
ball,2,16.4,Ireland,KJ O'Brien,Simi Singh,Mohammad Nabi,0,0,"",""
ball,2,16.5,Ireland,KJ O'Brien,Simi Singh,Mohammad Nabi,0,0,"",""
ball,2,16.6,Ireland,KJ O'Brien,Simi Singh,Mohammad Nabi,1,0,"",""
ball,2,17.1,Ireland,KJ O'Brien,Simi Singh,Rashid Khan,0,0,"",""
ball,2,17.2,Ireland,KJ O'Brien,Simi Singh,Rashid Khan,1,0,"",""
ball,2,17.3,Ireland,Simi Singh,KJ O'Brien,Rashid Khan,1,0,"",""
ball,2,17.4,Ireland,KJ O'Brien,Simi Singh,Rashid Khan,1,0,"",""
ball,2,17.5,Ireland,Simi Singh,KJ O'Brien,Rashid Khan,0,0,"",""
ball,2,17.6,Ireland,Simi Singh,KJ O'Brien,Rashid Khan,0,0,"",""
ball,2,18.1,Ireland,KJ O'Brien,Simi Singh,Mohammad Nabi,0,0,"",""
ball,2,18.2,Ireland,KJ O'Brien,Simi Singh,Mohammad Nabi,1,0,"",""
ball,2,18.3,Ireland,Simi Singh,KJ O'Brien,Mohammad Nabi,1,0,"",""
ball,2,18.4,Ireland,KJ O'Brien,Simi Singh,Mohammad Nabi,1,0,"",""
ball,2,18.5,Ireland,Simi Singh,KJ O'Brien,Mohammad Nabi,1,0,"",""
ball,2,18.6,Ireland,KJ O'Brien,Simi Singh,Mohammad Nabi,0,0,"",""
ball,2,19.1,Ireland,Simi Singh,KJ O'Brien,Rashid Khan,0,0,bowled,Simi Singh
ball,2,19.2,Ireland,GH Dockrell,KJ O'Brien,Rashid Khan,0,0,"",""
ball,2,19.3,Ireland,GH Dockrell,KJ O'Brien,Rashid Khan,1,0,"",""
ball,2,19.4,Ireland,KJ O'Brien,GH Dockrell,Rashid Khan,0,0,"",""
ball,2,19.5,Ireland,KJ O'Brien,GH Dockrell,Rashid Khan,0,0,"",""
ball,2,19.6,Ireland,KJ O'Brien,GH Dockrell,Rashid Khan,1,0,"",""
ball,2,20.1,Ireland,KJ O'Brien,GH Dockrell,Mohammad Nabi,0,0,"",""
ball,2,20.2,Ireland,KJ O'Brien,GH Dockrell,Mohammad Nabi,1,0,"",""
ball,2,20.3,Ireland,GH Dockrell,KJ O'Brien,Mohammad Nabi,0,0,"",""
ball,2,20.4,Ireland,GH Dockrell,KJ O'Brien,Mohammad Nabi,0,0,"",""
ball,2,20.5,Ireland,GH Dockrell,KJ O'Brien,Mohammad Nabi,1,0,"",""
ball,2,20.6,Ireland,KJ O'Brien,GH Dockrell,Mohammad Nabi,0,0,"",""
ball,2,21.1,Ireland,GH Dockrell,KJ O'Brien,Gulbadin Naib,0,0,"",""
ball,2,21.2,Ireland,GH Dockrell,KJ O'Brien,Gulbadin Naib,0,0,"",""
ball,2,21.3,Ireland,GH Dockrell,KJ O'Brien,Gulbadin Naib,0,0,"",""
ball,2,21.4,Ireland,GH Dockrell,KJ O'Brien,Gulbadin Naib,0,0,"",""
ball,2,21.5,Ireland,GH Dockrell,KJ O'Brien,Gulbadin Naib,1,0,"",""
ball,2,21.6,Ireland,KJ O'Brien,GH Dockrell,Gulbadin Naib,2,0,"",""
ball,2,22.1,Ireland,GH Dockrell,KJ O'Brien,Mohammad Nabi,0,0,"",""
ball,2,22.2,Ireland,GH Dockrell,KJ O'Brien,Mohammad Nabi,2,0,"",""
ball,2,22.3,Ireland,GH Dockrell,KJ O'Brien,Mohammad Nabi,0,0,"",""
ball,2,22.4,Ireland,GH Dockrell,KJ O'Brien,Mohammad Nabi,0,0,"",""
ball,2,22.5,Ireland,GH Dockrell,KJ O'Brien,Mohammad Nabi,0,0,"",""
ball,2,22.6,Ireland,GH Dockrell,KJ O'Brien,Mohammad Nabi,1,0,"",""
ball,2,23.1,Ireland,GH Dockrell,KJ O'Brien,Gulbadin Naib,0,1,"",""
ball,2,23.2,Ireland,KJ O'Brien,GH Dockrell,Gulbadin Naib,0,0,"",""
ball,2,23.3,Ireland,KJ O'Brien,GH Dockrell,Gulbadin Naib,0,0,"",""
ball,2,23.4,Ireland,KJ O'Brien,GH Dockrell,Gulbadin Naib,2,0,"",""
ball,2,23.5,Ireland,KJ O'Brien,GH Dockrell,Gulbadin Naib,0,0,"",""
ball,2,23.6,Ireland,KJ O'Brien,GH Dockrell,Gulbadin Naib,0,0,"",""
ball,2,24.1,Ireland,GH Dockrell,KJ O'Brien,Mohammad Nabi,0,0,"",""
ball,2,24.2,Ireland,GH Dockrell,KJ O'Brien,Mohammad Nabi,0,0,"",""
ball,2,24.3,Ireland,GH Dockrell,KJ O'Brien,Mohammad Nabi,0,0,"",""
ball,2,24.4,Ireland,GH Dockrell,KJ O'Brien,Mohammad Nabi,0,0,"",""
ball,2,24.5,Ireland,GH Dockrell,KJ O'Brien,Mohammad Nabi,0,0,"",""
ball,2,24.6,Ireland,GH Dockrell,KJ O'Brien,Mohammad Nabi,0,0,"",""
ball,2,25.1,Ireland,KJ O'Brien,GH Dockrell,Gulbadin Naib,1,0,"",""
ball,2,25.2,Ireland,GH Dockrell,KJ O'Brien,Gulbadin Naib,0,0,"",""
ball,2,25.3,Ireland,GH Dockrell,KJ O'Brien,Gulbadin Naib,0,0,"",""
ball,2,25.4,Ireland,GH Dockrell,KJ O'Brien,Gulbadin Naib,2,0,"",""
ball,2,25.5,Ireland,GH Dockrell,KJ O'Brien,Gulbadin Naib,0,0,"",""
ball,2,25.6,Ireland,GH Dockrell,KJ O'Brien,Gulbadin Naib,0,0,bowled,GH Dockrell
ball,2,26.1,Ireland,KJ O'Brien,SW Poynter,Mujeeb Ur Rahman,1,0,"",""
ball,2,26.2,Ireland,SW Poynter,KJ O'Brien,Mujeeb Ur Rahman,0,0,"",""
ball,2,26.3,Ireland,SW Poynter,KJ O'Brien,Mujeeb Ur Rahman,1,0,"",""
ball,2,26.4,Ireland,KJ O'Brien,SW Poynter,Mujeeb Ur Rahman,1,0,"",""
ball,2,26.5,Ireland,SW Poynter,KJ O'Brien,Mujeeb Ur Rahman,0,0,"",""
ball,2,26.6,Ireland,SW Poynter,KJ O'Brien,Mujeeb Ur Rahman,0,0,"",""
ball,2,27.1,Ireland,KJ O'Brien,SW Poynter,Gulbadin Naib,0,0,"",""
ball,2,27.2,Ireland,KJ O'Brien,SW Poynter,Gulbadin Naib,1,0,"",""
ball,2,27.3,Ireland,SW Poynter,KJ O'Brien,Gulbadin Naib,0,0,"",""
ball,2,27.4,Ireland,SW Poynter,KJ O'Brien,Gulbadin Naib,0,0,"",""
ball,2,27.5,Ireland,SW Poynter,KJ O'Brien,Gulbadin Naib,2,0,"",""
ball,2,27.6,Ireland,SW Poynter,KJ O'Brien,Gulbadin Naib,0,0,"",""
ball,2,28.1,Ireland,KJ O'Brien,SW Poynter,Mujeeb Ur Rahman,0,0,"",""
ball,2,28.2,Ireland,KJ O'Brien,SW Poynter,Mujeeb Ur Rahman,1,0,"",""
ball,2,28.3,Ireland,SW Poynter,KJ O'Brien,Mujeeb Ur Rahman,0,0,"",""
ball,2,28.4,Ireland,SW Poynter,KJ O'Brien,Mujeeb Ur Rahman,0,0,"",""
ball,2,28.5,Ireland,SW Poynter,KJ O'Brien,Mujeeb Ur Rahman,0,0,"",""
ball,2,28.6,Ireland,SW Poynter,KJ O'Brien,Mujeeb Ur Rahman,1,0,"",""
ball,2,29.1,Ireland,SW Poynter,KJ O'Brien,Aftab Alam,0,0,bowled,SW Poynter
ball,2,29.2,Ireland,AR McBrine,KJ O'Brien,Aftab Alam,0,0,"",""
ball,2,29.3,Ireland,AR McBrine,KJ O'Brien,Aftab Alam,0,0,"",""
ball,2,29.4,Ireland,AR McBrine,KJ O'Brien,Aftab Alam,0,0,"",""
ball,2,29.5,Ireland,AR McBrine,KJ O'Brien,Aftab Alam,1,0,"",""
ball,2,29.6,Ireland,KJ O'Brien,AR McBrine,Aftab Alam,1,0,"",""
ball,2,30.1,Ireland,KJ O'Brien,AR McBrine,Rashid Khan,0,0,"",""
ball,2,30.2,Ireland,KJ O'Brien,AR McBrine,Rashid Khan,2,0,"",""
ball,2,30.3,Ireland,KJ O'Brien,AR McBrine,Rashid Khan,1,0,"",""
ball,2,30.4,Ireland,AR McBrine,KJ O'Brien,Rashid Khan,0,0,"",""
ball,2,30.5,Ireland,AR McBrine,KJ O'Brien,Rashid Khan,0,0,"",""
ball,2,30.6,Ireland,AR McBrine,KJ O'Brien,Rashid Khan,0,1,"",""
ball,2,30.7,Ireland,AR McBrine,KJ O'Brien,Rashid Khan,0,0,caught and bowled,AR McBrine
ball,2,31.1,Ireland,KJ O'Brien,J Cameron-Dow,Aftab Alam,0,0,"",""
ball,2,31.2,Ireland,KJ O'Brien,J Cameron-Dow,Aftab Alam,0,0,bowled,KJ O'Brien
ball,2,31.3,Ireland,TJ Murtagh,J Cameron-Dow,Aftab Alam,0,0,bowled,TJ Murtagh
ball,2,31.4,Ireland,WB Rankin,J Cameron-Dow,Aftab Alam,0,0,"",""
ball,2,31.5,Ireland,WB Rankin,J Cameron-Dow,Aftab Alam,2,0,"",""
ball,2,31.6,Ireland,WB Rankin,J Cameron-Dow,Aftab Alam,0,0,"",""
ball,2,32.1,Ireland,J Cameron-Dow,WB Rankin,Rashid Khan,1,0,"",""
ball,2,32.2,Ireland,WB Rankin,J Cameron-Dow,Rashid Khan,0,0,"",""
ball,2,32.3,Ireland,WB Rankin,J Cameron-Dow,Rashid Khan,2,0,"",""
ball,2,32.4,Ireland,WB Rankin,J Cameron-Dow,Rashid Khan,1,0,"",""
ball,2,32.5,Ireland,J Cameron-Dow,WB Rankin,Rashid Khan,0,1,"",""
ball,2,32.6,Ireland,J Cameron-Dow,WB Rankin,Rashid Khan,0,0,"",""
ball,2,32.7,Ireland,J Cameron-Dow,WB Rankin,Rashid Khan,0,0,"",""
ball,2,33.1,Ireland,WB Rankin,J Cameron-Dow,Aftab Alam,0,0,"",""
ball,2,33.2,Ireland,WB Rankin,J Cameron-Dow,Aftab Alam,0,0,"",""
ball,2,33.3,Ireland,WB Rankin,J Cameron-Dow,Aftab Alam,1,0,"",""
ball,2,33.4,Ireland,J Cameron-Dow,WB Rankin,Aftab Alam,0,0,"",""
ball,2,33.5,Ireland,J Cameron-Dow,WB Rankin,Aftab Alam,0,0,"",""
ball,2,33.6,Ireland,J Cameron-Dow,WB Rankin,Aftab Alam,2,0,"",""
ball,2,34.1,Ireland,WB Rankin,J Cameron-Dow,Rashid Khan,0,1,"",""
ball,2,34.2,Ireland,WB Rankin,J Cameron-Dow,Rashid Khan,0,0,"",""
ball,2,34.3,Ireland,WB Rankin,J Cameron-Dow,Rashid Khan,1,0,"",""
ball,2,34.4,Ireland,J Cameron-Dow,WB Rankin,Rashid Khan,0,0,"",""
ball,2,34.5,Ireland,J Cameron-Dow,WB Rankin,Rashid Khan,0,0,"",""
ball,2,34.6,Ireland,J Cameron-Dow,WB Rankin,Rashid Khan,0,0,"",""
ball,2,34.7,Ireland,J Cameron-Dow,WB Rankin,Rashid Khan,4,0,"",""
ball,2,35.1,Ireland,WB Rankin,J Cameron-Dow,Mohammad Nabi,2,0,"",""
ball,2,35.2,Ireland,WB Rankin,J Cameron-Dow,Mohammad Nabi,0,0,"",""
ball,2,35.3,Ireland,WB Rankin,J Cameron-Dow,Mohammad Nabi,0,0,lbw,WB Rankin
