version,1.3.0
info,team,India
info,team,Australia
info,gender,male
info,season,2018/19
info,date,2019/03/05
info,series,Australia tour of India 2018/19
info,match_number,2
info,venue,"Vidarbha Cricket Association Stadium, Jamtha"
info,city,Nagpur
info,toss_winner,Australia
info,toss_decision,field
info,player_of_match,V Kohli
info,umpire,HDPK Dharmasena
info,umpire,Nitin Menon
info,reserve_umpire,C Shamshuddin
info,tv_umpire,JS Wilson
info,match_referee,RS Madugalle
info,winner,India
info,winner_runs,8
ball,1,0.1,India,RG Sharma,S Dhawan,PJ Cummins,0,0,"",""
ball,1,0.2,India,RG Sharma,S Dhawan,PJ Cummins,0,0,"",""
ball,1,0.3,India,RG Sharma,S Dhawan,PJ Cummins,0,0,"",""
ball,1,0.4,India,RG Sharma,S Dhawan,PJ Cummins,0,0,"",""
ball,1,0.5,India,RG Sharma,S Dhawan,PJ Cummins,0,0,"",""
ball,1,0.6,India,RG Sharma,S Dhawan,PJ Cummins,0,0,caught,RG Sharma
ball,1,1.1,India,S Dhawan,V Kohli,NM Coulter-Nile,0,1,"",""
ball,1,1.2,India,S Dhawan,V Kohli,NM Coulter-Nile,4,0,"",""
ball,1,1.3,India,S Dhawan,V Kohli,NM Coulter-Nile,0,0,"",""
ball,1,1.4,India,S Dhawan,V Kohli,NM Coulter-Nile,0,0,"",""
ball,1,1.5,India,S Dhawan,V Kohli,NM Coulter-Nile,0,0,"",""
ball,1,1.6,India,S Dhawan,V Kohli,NM Coulter-Nile,0,0,"",""
ball,1,1.7,India,S Dhawan,V Kohli,NM Coulter-Nile,2,0,"",""
ball,1,2.1,India,V Kohli,S Dhawan,PJ Cummins,0,0,"",""
ball,1,2.2,India,V Kohli,S Dhawan,PJ Cummins,1,0,"",""
ball,1,2.3,India,S Dhawan,V Kohli,PJ Cummins,0,0,"",""
ball,1,2.4,India,S Dhawan,V Kohli,PJ Cummins,0,0,"",""
ball,1,2.5,India,S Dhawan,V Kohli,PJ Cummins,0,0,"",""
ball,1,2.6,India,S Dhawan,V Kohli,PJ Cummins,0,0,"",""
ball,1,3.1,India,V Kohli,S Dhawan,NM Coulter-Nile,0,0,"",""
ball,1,3.2,India,V Kohli,S Dhawan,NM Coulter-Nile,4,0,"",""
ball,1,3.3,India,V Kohli,S Dhawan,NM Coulter-Nile,0,0,"",""
ball,1,3.4,India,V Kohli,S Dhawan,NM Coulter-Nile,4,0,"",""
ball,1,3.5,India,V Kohli,S Dhawan,NM Coulter-Nile,0,0,"",""
ball,1,3.6,India,V Kohli,S Dhawan,NM Coulter-Nile,0,0,"",""
ball,1,4.1,India,S Dhawan,V Kohli,PJ Cummins,0,0,"",""
ball,1,4.2,India,S Dhawan,V Kohli,PJ Cummins,0,0,"",""
ball,1,4.3,India,S Dhawan,V Kohli,PJ Cummins,4,0,"",""
ball,1,4.4,India,S Dhawan,V Kohli,PJ Cummins,0,0,"",""
ball,1,4.5,India,S Dhawan,V Kohli,PJ Cummins,4,0,"",""
ball,1,4.6,India,S Dhawan,V Kohli,PJ Cummins,0,0,"",""
ball,1,5.1,India,V Kohli,S Dhawan,NM Coulter-Nile,0,0,"",""
ball,1,5.2,India,V Kohli,S Dhawan,NM Coulter-Nile,0,0,"",""
ball,1,5.3,India,V Kohli,S Dhawan,NM Coulter-Nile,1,0,"",""
ball,1,5.4,India,S Dhawan,V Kohli,NM Coulter-Nile,4,0,"",""
ball,1,5.5,India,S Dhawan,V Kohli,NM Coulter-Nile,0,0,"",""
ball,1,5.6,India,S Dhawan,V Kohli,NM Coulter-Nile,0,0,"",""
ball,1,6.1,India,V Kohli,S Dhawan,GJ Maxwell,1,0,"",""
ball,1,6.2,India,S Dhawan,V Kohli,GJ Maxwell,1,0,"",""
ball,1,6.3,India,V Kohli,S Dhawan,GJ Maxwell,1,0,"",""
ball,1,6.4,India,S Dhawan,V Kohli,GJ Maxwell,0,0,"",""
ball,1,6.5,India,S Dhawan,V Kohli,GJ Maxwell,0,0,"",""
ball,1,6.6,India,S Dhawan,V Kohli,GJ Maxwell,0,0,"",""
ball,1,7.1,India,V Kohli,S Dhawan,A Zampa,2,0,"",""
ball,1,7.2,India,V Kohli,S Dhawan,A Zampa,1,0,"",""
ball,1,7.3,India,S Dhawan,V Kohli,A Zampa,1,0,"",""
ball,1,7.4,India,V Kohli,S Dhawan,A Zampa,1,0,"",""
ball,1,7.5,India,S Dhawan,V Kohli,A Zampa,0,0,"",""
ball,1,7.6,India,S Dhawan,V Kohli,A Zampa,1,0,"",""
ball,1,8.1,India,S Dhawan,V Kohli,GJ Maxwell,0,0,"",""
ball,1,8.2,India,S Dhawan,V Kohli,GJ Maxwell,0,0,"",""
ball,1,8.3,India,S Dhawan,V Kohli,GJ Maxwell,0,0,lbw,S Dhawan
ball,1,8.4,India,AT Rayudu,V Kohli,GJ Maxwell,0,0,"",""
ball,1,8.5,India,AT Rayudu,V Kohli,GJ Maxwell,0,0,"",""
ball,1,8.6,India,AT Rayudu,V Kohli,GJ Maxwell,1,0,"",""
ball,1,9.1,India,AT Rayudu,V Kohli,PJ Cummins,0,0,"",""
ball,1,9.2,India,AT Rayudu,V Kohli,PJ Cummins,0,0,"",""
ball,1,9.3,India,AT Rayudu,V Kohli,PJ Cummins,0,0,"",""
ball,1,9.4,India,AT Rayudu,V Kohli,PJ Cummins,0,0,"",""
ball,1,9.5,India,AT Rayudu,V Kohli,PJ Cummins,0,0,"",""
ball,1,9.6,India,AT Rayudu,V Kohli,PJ Cummins,0,0,"",""
ball,1,10.1,India,V Kohli,AT Rayudu,GJ Maxwell,0,0,"",""
ball,1,10.2,India,V Kohli,AT Rayudu,GJ Maxwell,0,0,"",""
ball,1,10.3,India,V Kohli,AT Rayudu,GJ Maxwell,1,0,"",""
ball,1,10.4,India,AT Rayudu,V Kohli,GJ Maxwell,1,0,"",""
ball,1,10.5,India,V Kohli,AT Rayudu,GJ Maxwell,1,0,"",""
ball,1,10.6,India,AT Rayudu,V Kohli,GJ Maxwell,1,0,"",""
ball,1,11.1,India,AT Rayudu,V Kohli,PJ Cummins,0,0,"",""
ball,1,11.2,India,AT Rayudu,V Kohli,PJ Cummins,0,0,"",""
ball,1,11.3,India,AT Rayudu,V Kohli,PJ Cummins,0,0,"",""
ball,1,11.4,India,AT Rayudu,V Kohli,PJ Cummins,0,1,"",""
ball,1,11.5,India,AT Rayudu,V Kohli,PJ Cummins,0,0,"",""
ball,1,11.6,India,AT Rayudu,V Kohli,PJ Cummins,1,0,"",""
ball,1,11.7,India,V Kohli,AT Rayudu,PJ Cummins,2,0,"",""
ball,1,12.1,India,AT Rayudu,V Kohli,GJ Maxwell,1,0,"",""
ball,1,12.2,India,V Kohli,AT Rayudu,GJ Maxwell,0,0,"",""
ball,1,12.3,India,V Kohli,AT Rayudu,GJ Maxwell,0,0,"",""
ball,1,12.4,India,V Kohli,AT Rayudu,GJ Maxwell,1,0,"",""
ball,1,12.5,India,AT Rayudu,V Kohli,GJ Maxwell,2,0,"",""
ball,1,12.6,India,AT Rayudu,V Kohli,GJ Maxwell,1,0,"",""
ball,1,13.1,India,AT Rayudu,V Kohli,A Zampa,0,0,"",""
ball,1,13.2,India,AT Rayudu,V Kohli,A Zampa,0,0,"",""
ball,1,13.3,India,AT Rayudu,V Kohli,A Zampa,0,0,"",""
ball,1,13.4,India,AT Rayudu,V Kohli,A Zampa,0,0,"",""
ball,1,13.5,India,AT Rayudu,V Kohli,A Zampa,1,0,"",""
ball,1,13.6,India,V Kohli,AT Rayudu,A Zampa,1,0,"",""
ball,1,14.1,India,V Kohli,AT Rayudu,GJ Maxwell,1,0,"",""
ball,1,14.2,India,AT Rayudu,V Kohli,GJ Maxwell,4,0,"",""
ball,1,14.3,India,AT Rayudu,V Kohli,GJ Maxwell,0,0,"",""
ball,1,14.4,India,AT Rayudu,V Kohli,GJ Maxwell,0,0,"",""
ball,1,14.5,India,AT Rayudu,V Kohli,GJ Maxwell,1,0,"",""
ball,1,14.6,India,V Kohli,AT Rayudu,GJ Maxwell,1,0,"",""
ball,1,15.1,India,V Kohli,AT Rayudu,A Zampa,1,0,"",""
ball,1,15.2,India,AT Rayudu,V Kohli,A Zampa,0,0,"",""
ball,1,15.3,India,AT Rayudu,V Kohli,A Zampa,4,0,"",""
ball,1,15.4,India,AT Rayudu,V Kohli,A Zampa,0,1,"",""
ball,1,15.5,India,V Kohli,AT Rayudu,A Zampa,0,0,"",""
ball,1,15.6,India,V Kohli,AT Rayudu,A Zampa,1,0,"",""
ball,1,16.1,India,V Kohli,AT Rayudu,NM Lyon,0,2,"",""
ball,1,16.2,India,V Kohli,AT Rayudu,NM Lyon,0,0,"",""
ball,1,16.3,India,V Kohli,AT Rayudu,NM Lyon,4,0,"",""
ball,1,16.4,India,V Kohli,AT Rayudu,NM Lyon,0,0,"",""
ball,1,16.5,India,V Kohli,AT Rayudu,NM Lyon,1,0,"",""
ball,1,16.6,India,AT Rayudu,V Kohli,NM Lyon,0,0,lbw,AT Rayudu
ball,1,17.1,India,V Kohli,V Shankar,A Zampa,1,0,"",""
ball,1,17.2,India,V Shankar,V Kohli,A Zampa,1,0,"",""
ball,1,17.3,India,V Kohli,V Shankar,A Zampa,0,0,"",""
ball,1,17.4,India,V Kohli,V Shankar,A Zampa,0,0,"",""
ball,1,17.5,India,V Kohli,V Shankar,A Zampa,4,0,"",""
ball,1,17.6,India,V Kohli,V Shankar,A Zampa,4,0,"",""
ball,1,18.1,India,V Shankar,V Kohli,NM Lyon,1,0,"",""
ball,1,18.2,India,V Kohli,V Shankar,NM Lyon,0,0,"",""
ball,1,18.3,India,V Kohli,V Shankar,NM Lyon,1,0,"",""
ball,1,18.4,India,V Shankar,V Kohli,NM Lyon,1,0,"",""
ball,1,18.5,India,V Kohli,V Shankar,NM Lyon,1,0,"",""
ball,1,18.6,India,V Shankar,V Kohli,NM Lyon,1,0,"",""
ball,1,19.1,India,V Shankar,V Kohli,A Zampa,2,0,"",""
ball,1,19.2,India,V Shankar,V Kohli,A Zampa,1,0,"",""
ball,1,19.3,India,V Kohli,V Shankar,A Zampa,1,0,"",""
ball,1,19.4,India,V Shankar,V Kohli,A Zampa,1,0,"",""
ball,1,19.5,India,V Kohli,V Shankar,A Zampa,0,1,"",""
ball,1,19.6,India,V Shankar,V Kohli,A Zampa,1,0,"",""
ball,1,20.1,India,V Shankar,V Kohli,NM Coulter-Nile,4,0,"",""
ball,1,20.2,India,V Shankar,V Kohli,NM Coulter-Nile,1,0,"",""
ball,1,20.3,India,V Kohli,V Shankar,NM Coulter-Nile,1,0,"",""
ball,1,20.4,India,V Shankar,V Kohli,NM Coulter-Nile,0,0,"",""
ball,1,20.5,India,V Shankar,V Kohli,NM Coulter-Nile,0,0,"",""
ball,1,20.6,India,V Shankar,V Kohli,NM Coulter-Nile,0,0,"",""
ball,1,21.1,India,V Kohli,V Shankar,NM Lyon,0,0,"",""
ball,1,21.2,India,V Kohli,V Shankar,NM Lyon,0,0,"",""
ball,1,21.3,India,V Kohli,V Shankar,NM Lyon,1,0,"",""
ball,1,21.4,India,V Shankar,V Kohli,NM Lyon,0,0,"",""
ball,1,21.5,India,V Shankar,V Kohli,NM Lyon,0,0,"",""
ball,1,21.6,India,V Shankar,V Kohli,NM Lyon,0,0,"",""
ball,1,22.1,India,V Kohli,V Shankar,NM Coulter-Nile,1,0,"",""
ball,1,22.2,India,V Shankar,V Kohli,NM Coulter-Nile,0,0,"",""
ball,1,22.3,India,V Shankar,V Kohli,NM Coulter-Nile,1,0,"",""
ball,1,22.4,India,V Kohli,V Shankar,NM Coulter-Nile,0,0,"",""
ball,1,22.5,India,V Kohli,V Shankar,NM Coulter-Nile,1,0,"",""
ball,1,22.6,India,V Shankar,V Kohli,NM Coulter-Nile,0,0,"",""
ball,1,23.1,India,V Kohli,V Shankar,NM Lyon,1,0,"",""
ball,1,23.2,India,V Shankar,V Kohli,NM Lyon,4,0,"",""
ball,1,23.3,India,V Shankar,V Kohli,NM Lyon,1,0,"",""
ball,1,23.4,India,V Kohli,V Shankar,NM Lyon,1,0,"",""
ball,1,23.5,India,V Shankar,V Kohli,NM Lyon,0,0,"",""
ball,1,23.6,India,V Shankar,V Kohli,NM Lyon,1,0,"",""
ball,1,24.1,India,V Shankar,V Kohli,NM Coulter-Nile,4,0,"",""
ball,1,24.2,India,V Shankar,V Kohli,NM Coulter-Nile,1,0,"",""
ball,1,24.3,India,V Kohli,V Shankar,NM Coulter-Nile,1,0,"",""
ball,1,24.4,India,V Shankar,V Kohli,NM Coulter-Nile,0,1,"",""
ball,1,24.5,India,V Kohli,V Shankar,NM Coulter-Nile,1,0,"",""
ball,1,24.6,India,V Shankar,V Kohli,NM Coulter-Nile,1,0,"",""
ball,1,25.1,India,V Shankar,V Kohli,NM Lyon,0,0,"",""
ball,1,25.2,India,V Shankar,V Kohli,NM Lyon,1,0,"",""
ball,1,25.3,India,V Kohli,V Shankar,NM Lyon,1,0,"",""
ball,1,25.4,India,V Shankar,V Kohli,NM Lyon,0,0,"",""
ball,1,25.5,India,V Shankar,V Kohli,NM Lyon,0,0,"",""
ball,1,25.6,India,V Shankar,V Kohli,NM Lyon,1,0,"",""
ball,1,26.1,India,V Shankar,V Kohli,MP Stoinis,1,0,"",""
ball,1,26.2,India,V Kohli,V Shankar,MP Stoinis,0,0,"",""
ball,1,26.3,India,V Kohli,V Shankar,MP Stoinis,1,0,"",""
ball,1,26.4,India,V Shankar,V Kohli,MP Stoinis,4,0,"",""
ball,1,26.5,India,V Shankar,V Kohli,MP Stoinis,0,2,"",""
ball,1,26.6,India,V Shankar,V Kohli,MP Stoinis,6,0,"",""
ball,1,27.1,India,V Kohli,V Shankar,NM Lyon,4,0,"",""
ball,1,27.2,India,V Kohli,V Shankar,NM Lyon,1,0,"",""
ball,1,27.3,India,V Shankar,V Kohli,NM Lyon,0,0,"",""
ball,1,27.4,India,V Shankar,V Kohli,NM Lyon,0,0,"",""
ball,1,27.5,India,V Shankar,V Kohli,NM Lyon,1,0,"",""
ball,1,27.6,India,V Kohli,V Shankar,NM Lyon,0,0,"",""
ball,1,28.1,India,V Shankar,V Kohli,A Zampa,4,0,"",""
ball,1,28.2,India,V Shankar,V Kohli,A Zampa,1,0,"",""
ball,1,28.3,India,V Kohli,V Shankar,A Zampa,0,0,"",""
ball,1,28.4,India,V Kohli,V Shankar,A Zampa,4,0,"",""
ball,1,28.5,India,V Kohli,V Shankar,A Zampa,0,0,run out,V Shankar
ball,1,28.6,India,V Kohli,KM Jadhav,A Zampa,0,0,"",""
ball,1,29.1,India,KM Jadhav,V Kohli,NM Lyon,1,0,"",""
ball,1,29.2,India,V Kohli,KM Jadhav,NM Lyon,1,0,"",""
ball,1,29.3,India,KM Jadhav,V Kohli,NM Lyon,0,0,"",""
ball,1,29.4,India,KM Jadhav,V Kohli,NM Lyon,3,0,"",""
ball,1,29.5,India,V Kohli,KM Jadhav,NM Lyon,0,0,"",""
ball,1,29.6,India,V Kohli,KM Jadhav,NM Lyon,0,0,"",""
ball,1,30.1,India,KM Jadhav,V Kohli,A Zampa,0,0,"",""
ball,1,30.2,India,KM Jadhav,V Kohli,A Zampa,1,0,"",""
ball,1,30.3,India,V Kohli,KM Jadhav,A Zampa,0,0,"",""
ball,1,30.4,India,V Kohli,KM Jadhav,A Zampa,1,0,"",""
ball,1,30.5,India,KM Jadhav,V Kohli,A Zampa,1,0,"",""
ball,1,30.6,India,V Kohli,KM Jadhav,A Zampa,2,0,"",""
ball,1,31.1,India,KM Jadhav,V Kohli,NM Lyon,0,0,"",""
ball,1,31.2,India,KM Jadhav,V Kohli,NM Lyon,0,0,"",""
ball,1,31.3,India,KM Jadhav,V Kohli,NM Lyon,0,0,"",""
ball,1,31.4,India,KM Jadhav,V Kohli,NM Lyon,1,0,"",""
ball,1,31.5,India,V Kohli,KM Jadhav,NM Lyon,0,0,"",""
ball,1,31.6,India,V Kohli,KM Jadhav,NM Lyon,0,0,"",""
ball,1,32.1,India,KM Jadhav,V Kohli,A Zampa,4,0,"",""
ball,1,32.2,India,KM Jadhav,V Kohli,A Zampa,0,0,caught,KM Jadhav
ball,1,32.3,India,MS Dhoni,V Kohli,A Zampa,0,0,caught,MS Dhoni
ball,1,32.4,India,RA Jadeja,V Kohli,A Zampa,0,0,"",""
ball,1,32.5,India,RA Jadeja,V Kohli,A Zampa,0,0,"",""
ball,1,32.6,India,RA Jadeja,V Kohli,A Zampa,0,0,"",""
ball,1,33.1,India,V Kohli,RA Jadeja,NM Lyon,2,0,"",""
ball,1,33.2,India,V Kohli,RA Jadeja,NM Lyon,1,0,"",""
ball,1,33.3,India,RA Jadeja,V Kohli,NM Lyon,0,0,"",""
ball,1,33.4,India,RA Jadeja,V Kohli,NM Lyon,0,0,"",""
ball,1,33.5,India,RA Jadeja,V Kohli,NM Lyon,1,0,"",""
ball,1,33.6,India,V Kohli,RA Jadeja,NM Lyon,1,0,"",""
ball,1,34.1,India,V Kohli,RA Jadeja,GJ Maxwell,1,0,"",""
ball,1,34.2,India,RA Jadeja,V Kohli,GJ Maxwell,0,0,"",""
ball,1,34.3,India,RA Jadeja,V Kohli,GJ Maxwell,1,0,"",""
ball,1,34.4,India,V Kohli,RA Jadeja,GJ Maxwell,2,0,"",""
ball,1,34.5,India,V Kohli,RA Jadeja,GJ Maxwell,0,0,"",""
ball,1,34.6,India,V Kohli,RA Jadeja,GJ Maxwell,1,0,"",""
ball,1,35.1,India,V Kohli,RA Jadeja,NM Lyon,0,0,"",""
ball,1,35.2,India,V Kohli,RA Jadeja,NM Lyon,1,0,"",""
ball,1,35.3,India,RA Jadeja,V Kohli,NM Lyon,0,0,"",""
ball,1,35.4,India,RA Jadeja,V Kohli,NM Lyon,0,0,"",""
ball,1,35.5,India,RA Jadeja,V Kohli,NM Lyon,0,0,"",""
ball,1,35.6,India,RA Jadeja,V Kohli,NM Lyon,2,0,"",""
ball,1,36.1,India,V Kohli,RA Jadeja,GJ Maxwell,0,1,"",""
ball,1,36.2,India,V Kohli,RA Jadeja,GJ Maxwell,0,0,"",""
ball,1,36.3,India,V Kohli,RA Jadeja,GJ Maxwell,1,0,"",""
ball,1,36.4,India,RA Jadeja,V Kohli,GJ Maxwell,0,0,"",""
ball,1,36.5,India,RA Jadeja,V Kohli,GJ Maxwell,1,0,"",""
ball,1,36.6,India,V Kohli,RA Jadeja,GJ Maxwell,0,0,"",""
ball,1,36.7,India,V Kohli,RA Jadeja,GJ Maxwell,0,1,"",""
ball,1,36.8,India,V Kohli,RA Jadeja,GJ Maxwell,2,0,"",""
ball,1,37.1,India,RA Jadeja,V Kohli,PJ Cummins,0,0,"",""
ball,1,37.2,India,RA Jadeja,V Kohli,PJ Cummins,1,0,"",""
ball,1,37.3,India,V Kohli,RA Jadeja,PJ Cummins,4,0,"",""
ball,1,37.4,India,V Kohli,RA Jadeja,PJ Cummins,1,0,"",""
ball,1,37.5,India,RA Jadeja,V Kohli,PJ Cummins,0,0,"",""
ball,1,37.6,India,RA Jadeja,V Kohli,PJ Cummins,0,0,"",""
ball,1,38.1,India,V Kohli,RA Jadeja,GJ Maxwell,1,0,"",""
ball,1,38.2,India,RA Jadeja,V Kohli,GJ Maxwell,1,0,"",""
ball,1,38.3,India,V Kohli,RA Jadeja,GJ Maxwell,1,0,"",""
ball,1,38.4,India,RA Jadeja,V Kohli,GJ Maxwell,1,0,"",""
ball,1,38.5,India,V Kohli,RA Jadeja,GJ Maxwell,1,0,"",""
ball,1,38.6,India,RA Jadeja,V Kohli,GJ Maxwell,0,0,"",""
ball,1,39.1,India,V Kohli,RA Jadeja,PJ Cummins,0,0,"",""
ball,1,39.2,India,V Kohli,RA Jadeja,PJ Cummins,1,0,"",""
ball,1,39.3,India,RA Jadeja,V Kohli,PJ Cummins,1,0,"",""
ball,1,39.4,India,V Kohli,RA Jadeja,PJ Cummins,0,0,"",""
ball,1,39.5,India,V Kohli,RA Jadeja,PJ Cummins,1,0,"",""
ball,1,39.6,India,RA Jadeja,V Kohli,PJ Cummins,0,0,"",""
ball,1,40.1,India,V Kohli,RA Jadeja,GJ Maxwell,1,0,"",""
ball,1,40.2,India,RA Jadeja,V Kohli,GJ Maxwell,1,0,"",""
ball,1,40.3,India,V Kohli,RA Jadeja,GJ Maxwell,0,0,"",""
ball,1,40.4,India,V Kohli,RA Jadeja,GJ Maxwell,1,0,"",""
ball,1,40.5,India,RA Jadeja,V Kohli,GJ Maxwell,1,0,"",""
ball,1,40.6,India,V Kohli,RA Jadeja,GJ Maxwell,1,0,"",""
ball,1,41.1,India,V Kohli,RA Jadeja,NM Coulter-Nile,1,0,"",""
ball,1,41.2,India,RA Jadeja,V Kohli,NM Coulter-Nile,0,0,"",""
ball,1,41.3,India,RA Jadeja,V Kohli,NM Coulter-Nile,1,0,"",""
ball,1,41.4,India,V Kohli,RA Jadeja,NM Coulter-Nile,1,0,"",""
ball,1,41.5,India,RA Jadeja,V Kohli,NM Coulter-Nile,1,0,"",""
ball,1,41.6,India,V Kohli,RA Jadeja,NM Coulter-Nile,3,0,"",""
ball,1,42.1,India,V Kohli,RA Jadeja,GJ Maxwell,1,0,"",""
ball,1,42.2,India,RA Jadeja,V Kohli,GJ Maxwell,0,0,"",""
ball,1,42.3,India,RA Jadeja,V Kohli,GJ Maxwell,0,1,"",""
ball,1,42.4,India,V Kohli,RA Jadeja,GJ Maxwell,1,0,"",""
ball,1,42.5,India,RA Jadeja,V Kohli,GJ Maxwell,1,0,"",""
ball,1,42.6,India,V Kohli,RA Jadeja,GJ Maxwell,1,0,"",""
ball,1,43.1,India,V Kohli,RA Jadeja,NM Coulter-Nile,4,0,"",""
ball,1,43.2,India,V Kohli,RA Jadeja,NM Coulter-Nile,0,0,"",""
ball,1,43.3,India,V Kohli,RA Jadeja,NM Coulter-Nile,1,0,"",""
ball,1,43.4,India,RA Jadeja,V Kohli,NM Coulter-Nile,1,0,"",""
ball,1,43.5,India,V Kohli,RA Jadeja,NM Coulter-Nile,1,0,"",""
ball,1,43.6,India,RA Jadeja,V Kohli,NM Coulter-Nile,0,0,"",""
ball,1,44.1,India,V Kohli,RA Jadeja,A Zampa,1,0,"",""
ball,1,44.2,India,RA Jadeja,V Kohli,A Zampa,2,0,"",""
ball,1,44.3,India,RA Jadeja,V Kohli,A Zampa,1,0,"",""
ball,1,44.4,India,V Kohli,RA Jadeja,A Zampa,1,0,"",""
ball,1,44.5,India,RA Jadeja,V Kohli,A Zampa,0,0,"",""
ball,1,44.6,India,RA Jadeja,V Kohli,A Zampa,0,0,"",""
ball,1,45.1,India,V Kohli,RA Jadeja,PJ Cummins,1,0,"",""
ball,1,45.2,India,RA Jadeja,V Kohli,PJ Cummins,2,0,"",""
ball,1,45.3,India,RA Jadeja,V Kohli,PJ Cummins,1,0,"",""
ball,1,45.4,India,V Kohli,RA Jadeja,PJ Cummins,1,0,"",""
ball,1,45.5,India,RA Jadeja,V Kohli,PJ Cummins,0,0,caught,RA Jadeja
ball,1,45.6,India,V Kohli,Kuldeep Yadav,PJ Cummins,1,0,"",""
ball,1,46.1,India,V Kohli,Kuldeep Yadav,A Zampa,0,0,"",""
ball,1,46.2,India,V Kohli,Kuldeep Yadav,A Zampa,4,0,"",""
ball,1,46.3,India,V Kohli,Kuldeep Yadav,A Zampa,1,0,"",""
ball,1,46.4,India,Kuldeep Yadav,V Kohli,A Zampa,1,0,"",""
ball,1,46.5,India,V Kohli,Kuldeep Yadav,A Zampa,1,0,"",""
ball,1,46.6,India,Kuldeep Yadav,V Kohli,A Zampa,2,0,"",""
ball,1,47.1,India,V Kohli,Kuldeep Yadav,PJ Cummins,0,0,caught,V Kohli
ball,1,47.2,India,Mohammed Shami,Kuldeep Yadav,PJ Cummins,0,0,"",""
ball,1,47.3,India,Mohammed Shami,Kuldeep Yadav,PJ Cummins,0,0,"",""
ball,1,47.4,India,Mohammed Shami,Kuldeep Yadav,PJ Cummins,1,0,"",""
ball,1,47.5,India,Kuldeep Yadav,Mohammed Shami,PJ Cummins,0,0,bowled,Kuldeep Yadav
ball,1,47.6,India,JJ Bumrah,Mohammed Shami,PJ Cummins,0,0,"",""
ball,1,48.1,India,Mohammed Shami,JJ Bumrah,NM Coulter-Nile,1,0,"",""
ball,1,48.2,India,JJ Bumrah,Mohammed Shami,NM Coulter-Nile,0,0,bowled,JJ Bumrah
ball,2,0.1,Australia,AJ Finch,UT Khawaja,Mohammed Shami,0,1,"",""
ball,2,0.2,Australia,AJ Finch,UT Khawaja,Mohammed Shami,1,0,"",""
ball,2,0.3,Australia,UT Khawaja,AJ Finch,Mohammed Shami,2,0,"",""
ball,2,0.4,Australia,UT Khawaja,AJ Finch,Mohammed Shami,0,0,"",""
ball,2,0.5,Australia,UT Khawaja,AJ Finch,Mohammed Shami,0,0,"",""
ball,2,0.6,Australia,UT Khawaja,AJ Finch,Mohammed Shami,0,0,"",""
ball,2,0.7,Australia,UT Khawaja,AJ Finch,Mohammed Shami,4,0,"",""
ball,2,1.1,Australia,AJ Finch,UT Khawaja,JJ Bumrah,0,1,"",""
ball,2,1.2,Australia,AJ Finch,UT Khawaja,JJ Bumrah,0,0,"",""
ball,2,1.3,Australia,AJ Finch,UT Khawaja,JJ Bumrah,0,1,"",""
ball,2,1.4,Australia,AJ Finch,UT Khawaja,JJ Bumrah,0,0,"",""
ball,2,1.5,Australia,AJ Finch,UT Khawaja,JJ Bumrah,0,0,"",""
ball,2,1.6,Australia,AJ Finch,UT Khawaja,JJ Bumrah,3,0,"",""
ball,2,1.7,Australia,UT Khawaja,AJ Finch,JJ Bumrah,0,0,"",""
ball,2,1.8,Australia,UT Khawaja,AJ Finch,JJ Bumrah,0,0,"",""
ball,2,2.1,Australia,AJ Finch,UT Khawaja,Mohammed Shami,0,0,"",""
ball,2,2.2,Australia,AJ Finch,UT Khawaja,Mohammed Shami,0,1,"",""
ball,2,2.3,Australia,AJ Finch,UT Khawaja,Mohammed Shami,4,0,"",""
ball,2,2.4,Australia,AJ Finch,UT Khawaja,Mohammed Shami,0,0,"",""
ball,2,2.5,Australia,AJ Finch,UT Khawaja,Mohammed Shami,0,0,"",""
ball,2,2.6,Australia,AJ Finch,UT Khawaja,Mohammed Shami,2,0,"",""
ball,2,2.7,Australia,AJ Finch,UT Khawaja,Mohammed Shami,0,0,"",""
ball,2,3.1,Australia,UT Khawaja,AJ Finch,JJ Bumrah,0,0,"",""
ball,2,3.2,Australia,UT Khawaja,AJ Finch,JJ Bumrah,0,0,"",""
ball,2,3.3,Australia,UT Khawaja,AJ Finch,JJ Bumrah,1,0,"",""
ball,2,3.4,Australia,AJ Finch,UT Khawaja,JJ Bumrah,0,0,"",""
ball,2,3.5,Australia,AJ Finch,UT Khawaja,JJ Bumrah,0,0,"",""
ball,2,3.6,Australia,AJ Finch,UT Khawaja,JJ Bumrah,4,0,"",""
ball,2,4.1,Australia,UT Khawaja,AJ Finch,Mohammed Shami,1,0,"",""
ball,2,4.2,Australia,AJ Finch,UT Khawaja,Mohammed Shami,0,0,"",""
ball,2,4.3,Australia,AJ Finch,UT Khawaja,Mohammed Shami,0,0,"",""
ball,2,4.4,Australia,AJ Finch,UT Khawaja,Mohammed Shami,0,0,"",""
ball,2,4.5,Australia,AJ Finch,UT Khawaja,Mohammed Shami,0,1,"",""
ball,2,4.6,Australia,AJ Finch,UT Khawaja,Mohammed Shami,0,0,"",""
ball,2,4.7,Australia,AJ Finch,UT Khawaja,Mohammed Shami,0,0,"",""
ball,2,5.1,Australia,UT Khawaja,AJ Finch,JJ Bumrah,0,0,"",""
ball,2,5.2,Australia,UT Khawaja,AJ Finch,JJ Bumrah,4,0,"",""
ball,2,5.3,Australia,UT Khawaja,AJ Finch,JJ Bumrah,0,0,"",""
ball,2,5.4,Australia,UT Khawaja,AJ Finch,JJ Bumrah,0,1,"",""
ball,2,5.5,Australia,AJ Finch,UT Khawaja,JJ Bumrah,0,0,"",""
ball,2,5.6,Australia,AJ Finch,UT Khawaja,JJ Bumrah,0,0,"",""
ball,2,6.1,Australia,UT Khawaja,AJ Finch,RA Jadeja,1,0,"",""
ball,2,6.2,Australia,AJ Finch,UT Khawaja,RA Jadeja,0,0,"",""
ball,2,6.3,Australia,AJ Finch,UT Khawaja,RA Jadeja,0,0,"",""
ball,2,6.4,Australia,AJ Finch,UT Khawaja,RA Jadeja,0,0,"",""
ball,2,6.5,Australia,AJ Finch,UT Khawaja,RA Jadeja,0,0,"",""
ball,2,6.6,Australia,AJ Finch,UT Khawaja,RA Jadeja,0,0,"",""
ball,2,7.1,Australia,UT Khawaja,AJ Finch,JJ Bumrah,0,0,"",""
ball,2,7.2,Australia,UT Khawaja,AJ Finch,JJ Bumrah,4,0,"",""
ball,2,7.3,Australia,UT Khawaja,AJ Finch,JJ Bumrah,0,0,"",""
ball,2,7.4,Australia,UT Khawaja,AJ Finch,JJ Bumrah,0,0,"",""
ball,2,7.5,Australia,UT Khawaja,AJ Finch,JJ Bumrah,1,0,"",""
ball,2,7.6,Australia,AJ Finch,UT Khawaja,JJ Bumrah,0,0,"",""
ball,2,8.1,Australia,UT Khawaja,AJ Finch,RA Jadeja,0,0,"",""
ball,2,8.2,Australia,UT Khawaja,AJ Finch,RA Jadeja,4,0,"",""
ball,2,8.3,Australia,UT Khawaja,AJ Finch,RA Jadeja,1,0,"",""
ball,2,8.4,Australia,AJ Finch,UT Khawaja,RA Jadeja,0,0,"",""
ball,2,8.5,Australia,AJ Finch,UT Khawaja,RA Jadeja,4,0,"",""
ball,2,8.6,Australia,AJ Finch,UT Khawaja,RA Jadeja,0,0,"",""
ball,2,9.1,Australia,UT Khawaja,AJ Finch,V Shankar,4,0,"",""
ball,2,9.2,Australia,UT Khawaja,AJ Finch,V Shankar,1,0,"",""
ball,2,9.3,Australia,AJ Finch,UT Khawaja,V Shankar,4,0,"",""
ball,2,9.4,Australia,AJ Finch,UT Khawaja,V Shankar,0,0,"",""
ball,2,9.5,Australia,AJ Finch,UT Khawaja,V Shankar,4,0,"",""
ball,2,9.6,Australia,AJ Finch,UT Khawaja,V Shankar,0,0,"",""
ball,2,10.1,Australia,UT Khawaja,AJ Finch,RA Jadeja,1,0,"",""
ball,2,10.2,Australia,AJ Finch,UT Khawaja,RA Jadeja,0,0,"",""
ball,2,10.3,Australia,AJ Finch,UT Khawaja,RA Jadeja,1,0,"",""
ball,2,10.4,Australia,UT Khawaja,AJ Finch,RA Jadeja,4,0,"",""
ball,2,10.5,Australia,UT Khawaja,AJ Finch,RA Jadeja,0,0,"",""
ball,2,10.6,Australia,UT Khawaja,AJ Finch,RA Jadeja,0,1,"",""
ball,2,10.7,Australia,UT Khawaja,AJ Finch,RA Jadeja,2,0,"",""
ball,2,11.1,Australia,AJ Finch,UT Khawaja,Kuldeep Yadav,0,1,"",""
ball,2,11.2,Australia,AJ Finch,UT Khawaja,Kuldeep Yadav,6,0,"",""
ball,2,11.3,Australia,AJ Finch,UT Khawaja,Kuldeep Yadav,0,0,"",""
ball,2,11.4,Australia,AJ Finch,UT Khawaja,Kuldeep Yadav,0,0,"",""
ball,2,11.5,Australia,AJ Finch,UT Khawaja,Kuldeep Yadav,0,0,"",""
ball,2,11.6,Australia,AJ Finch,UT Khawaja,Kuldeep Yadav,0,0,"",""
ball,2,11.7,Australia,AJ Finch,UT Khawaja,Kuldeep Yadav,1,0,"",""
ball,2,12.1,Australia,AJ Finch,UT Khawaja,KM Jadhav,0,0,"",""
ball,2,12.2,Australia,AJ Finch,UT Khawaja,KM Jadhav,0,0,"",""
ball,2,12.3,Australia,AJ Finch,UT Khawaja,KM Jadhav,0,0,"",""
ball,2,12.4,Australia,AJ Finch,UT Khawaja,KM Jadhav,0,0,"",""
ball,2,12.5,Australia,AJ Finch,UT Khawaja,KM Jadhav,0,0,"",""
ball,2,12.6,Australia,AJ Finch,UT Khawaja,KM Jadhav,1,0,"",""
ball,2,13.1,Australia,AJ Finch,UT Khawaja,RA Jadeja,1,0,"",""
ball,2,13.2,Australia,UT Khawaja,AJ Finch,RA Jadeja,1,0,"",""
ball,2,13.3,Australia,AJ Finch,UT Khawaja,RA Jadeja,1,0,"",""
ball,2,13.4,Australia,UT Khawaja,AJ Finch,RA Jadeja,1,0,"",""
ball,2,13.5,Australia,AJ Finch,UT Khawaja,RA Jadeja,0,0,"",""
ball,2,13.6,Australia,AJ Finch,UT Khawaja,RA Jadeja,0,0,"",""
ball,2,14.1,Australia,UT Khawaja,AJ Finch,Kuldeep Yadav,0,0,"",""
ball,2,14.2,Australia,UT Khawaja,AJ Finch,Kuldeep Yadav,1,0,"",""
ball,2,14.3,Australia,AJ Finch,UT Khawaja,Kuldeep Yadav,0,0,lbw,AJ Finch
ball,2,14.4,Australia,SE Marsh,UT Khawaja,Kuldeep Yadav,0,0,"",""
ball,2,14.5,Australia,SE Marsh,UT Khawaja,Kuldeep Yadav,0,0,"",""
ball,2,14.6,Australia,SE Marsh,UT Khawaja,Kuldeep Yadav,0,0,"",""
ball,2,15.1,Australia,UT Khawaja,SE Marsh,KM Jadhav,0,0,"",""
ball,2,15.2,Australia,UT Khawaja,SE Marsh,KM Jadhav,0,0,"",""
ball,2,15.3,Australia,UT Khawaja,SE Marsh,KM Jadhav,0,0,caught,UT Khawaja
ball,2,15.4,Australia,PSP Handscomb,SE Marsh,KM Jadhav,1,0,"",""
ball,2,15.5,Australia,SE Marsh,PSP Handscomb,KM Jadhav,2,0,"",""
ball,2,15.6,Australia,SE Marsh,PSP Handscomb,KM Jadhav,0,0,"",""
ball,2,16.1,Australia,PSP Handscomb,SE Marsh,Kuldeep Yadav,1,0,"",""
ball,2,16.2,Australia,SE Marsh,PSP Handscomb,Kuldeep Yadav,0,0,"",""
ball,2,16.3,Australia,SE Marsh,PSP Handscomb,Kuldeep Yadav,2,0,"",""
ball,2,16.4,Australia,SE Marsh,PSP Handscomb,Kuldeep Yadav,1,0,"",""
ball,2,16.5,Australia,PSP Handscomb,SE Marsh,Kuldeep Yadav,1,0,"",""
ball,2,16.6,Australia,SE Marsh,PSP Handscomb,Kuldeep Yadav,1,0,"",""
ball,2,17.1,Australia,SE Marsh,PSP Handscomb,KM Jadhav,0,0,"",""
ball,2,17.2,Australia,SE Marsh,PSP Handscomb,KM Jadhav,1,0,"",""
ball,2,17.3,Australia,PSP Handscomb,SE Marsh,KM Jadhav,0,0,"",""
ball,2,17.4,Australia,PSP Handscomb,SE Marsh,KM Jadhav,1,0,"",""
ball,2,17.5,Australia,SE Marsh,PSP Handscomb,KM Jadhav,1,0,"",""
ball,2,17.6,Australia,PSP Handscomb,SE Marsh,KM Jadhav,2,0,"",""
ball,2,18.1,Australia,SE Marsh,PSP Handscomb,Kuldeep Yadav,1,0,"",""
ball,2,18.2,Australia,PSP Handscomb,SE Marsh,Kuldeep Yadav,0,0,"",""
ball,2,18.3,Australia,PSP Handscomb,SE Marsh,Kuldeep Yadav,1,0,"",""
ball,2,18.4,Australia,SE Marsh,PSP Handscomb,Kuldeep Yadav,0,0,"",""
ball,2,18.5,Australia,SE Marsh,PSP Handscomb,Kuldeep Yadav,1,0,"",""
ball,2,18.6,Australia,PSP Handscomb,SE Marsh,Kuldeep Yadav,1,0,"",""
ball,2,19.1,Australia,PSP Handscomb,SE Marsh,KM Jadhav,1,0,"",""
ball,2,19.2,Australia,SE Marsh,PSP Handscomb,KM Jadhav,1,0,"",""
ball,2,19.3,Australia,PSP Handscomb,SE Marsh,KM Jadhav,1,0,"",""
ball,2,19.4,Australia,SE Marsh,PSP Handscomb,KM Jadhav,0,0,"",""
ball,2,19.5,Australia,SE Marsh,PSP Handscomb,KM Jadhav,1,0,"",""
ball,2,19.6,Australia,PSP Handscomb,SE Marsh,KM Jadhav,1,0,"",""
ball,2,20.1,Australia,PSP Handscomb,SE Marsh,Mohammed Shami,0,0,"",""
ball,2,20.2,Australia,PSP Handscomb,SE Marsh,Mohammed Shami,0,0,"",""
ball,2,20.3,Australia,PSP Handscomb,SE Marsh,Mohammed Shami,1,0,"",""
ball,2,20.4,Australia,SE Marsh,PSP Handscomb,Mohammed Shami,1,0,"",""
ball,2,20.5,Australia,PSP Handscomb,SE Marsh,Mohammed Shami,4,0,"",""
ball,2,20.6,Australia,PSP Handscomb,SE Marsh,Mohammed Shami,1,0,"",""
ball,2,21.1,Australia,PSP Handscomb,SE Marsh,RA Jadeja,0,0,"",""
ball,2,21.2,Australia,PSP Handscomb,SE Marsh,RA Jadeja,1,0,"",""
ball,2,21.3,Australia,SE Marsh,PSP Handscomb,RA Jadeja,1,0,"",""
ball,2,21.4,Australia,PSP Handscomb,SE Marsh,RA Jadeja,1,0,"",""
ball,2,21.5,Australia,SE Marsh,PSP Handscomb,RA Jadeja,0,0,"",""
ball,2,21.6,Australia,SE Marsh,PSP Handscomb,RA Jadeja,1,0,"",""
ball,2,22.1,Australia,SE Marsh,PSP Handscomb,Mohammed Shami,1,0,"",""
ball,2,22.2,Australia,PSP Handscomb,SE Marsh,Mohammed Shami,0,0,"",""
ball,2,22.3,Australia,PSP Handscomb,SE Marsh,Mohammed Shami,0,0,"",""
ball,2,22.4,Australia,PSP Handscomb,SE Marsh,Mohammed Shami,1,0,"",""
ball,2,22.5,Australia,SE Marsh,PSP Handscomb,Mohammed Shami,0,1,"",""
ball,2,22.6,Australia,PSP Handscomb,SE Marsh,Mohammed Shami,1,0,"",""
ball,2,23.1,Australia,PSP Handscomb,SE Marsh,RA Jadeja,0,0,"",""
ball,2,23.2,Australia,PSP Handscomb,SE Marsh,RA Jadeja,1,0,"",""
ball,2,23.3,Australia,SE Marsh,PSP Handscomb,RA Jadeja,0,0,"",""
ball,2,23.4,Australia,SE Marsh,PSP Handscomb,RA Jadeja,0,0,"",""
ball,2,23.5,Australia,SE Marsh,PSP Handscomb,RA Jadeja,0,0,caught,SE Marsh
ball,2,23.6,Australia,GJ Maxwell,PSP Handscomb,RA Jadeja,1,0,"",""
ball,2,24.1,Australia,GJ Maxwell,PSP Handscomb,Mohammed Shami,1,0,"",""
ball,2,24.2,Australia,PSP Handscomb,GJ Maxwell,Mohammed Shami,0,1,"",""
ball,2,24.3,Australia,PSP Handscomb,GJ Maxwell,Mohammed Shami,1,0,"",""
ball,2,24.4,Australia,GJ Maxwell,PSP Handscomb,Mohammed Shami,0,0,"",""
ball,2,24.5,Australia,GJ Maxwell,PSP Handscomb,Mohammed Shami,0,0,"",""
ball,2,24.6,Australia,GJ Maxwell,PSP Handscomb,Mohammed Shami,0,0,"",""
ball,2,24.7,Australia,GJ Maxwell,PSP Handscomb,Mohammed Shami,0,0,"",""
ball,2,25.1,Australia,PSP Handscomb,GJ Maxwell,RA Jadeja,0,0,"",""
ball,2,25.2,Australia,PSP Handscomb,GJ Maxwell,RA Jadeja,0,0,"",""
ball,2,25.3,Australia,PSP Handscomb,GJ Maxwell,RA Jadeja,1,0,"",""
ball,2,25.4,Australia,GJ Maxwell,PSP Handscomb,RA Jadeja,0,0,"",""
ball,2,25.5,Australia,GJ Maxwell,PSP Handscomb,RA Jadeja,0,0,"",""
ball,2,25.6,Australia,GJ Maxwell,PSP Handscomb,RA Jadeja,0,0,"",""
ball,2,26.1,Australia,PSP Handscomb,GJ Maxwell,Kuldeep Yadav,0,0,"",""
ball,2,26.2,Australia,PSP Handscomb,GJ Maxwell,Kuldeep Yadav,2,0,"",""
ball,2,26.3,Australia,PSP Handscomb,GJ Maxwell,Kuldeep Yadav,1,0,"",""
ball,2,26.4,Australia,GJ Maxwell,PSP Handscomb,Kuldeep Yadav,0,0,"",""
ball,2,26.5,Australia,GJ Maxwell,PSP Handscomb,Kuldeep Yadav,0,0,"",""
ball,2,26.6,Australia,GJ Maxwell,PSP Handscomb,Kuldeep Yadav,1,0,"",""
ball,2,27.1,Australia,GJ Maxwell,PSP Handscomb,JJ Bumrah,0,0,"",""
ball,2,27.2,Australia,GJ Maxwell,PSP Handscomb,JJ Bumrah,0,0,"",""
ball,2,27.3,Australia,GJ Maxwell,PSP Handscomb,JJ Bumrah,1,0,"",""
ball,2,27.4,Australia,PSP Handscomb,GJ Maxwell,JJ Bumrah,0,0,"",""
ball,2,27.5,Australia,PSP Handscomb,GJ Maxwell,JJ Bumrah,0,0,"",""
ball,2,27.6,Australia,PSP Handscomb,GJ Maxwell,JJ Bumrah,0,0,"",""
ball,2,28.1,Australia,GJ Maxwell,PSP Handscomb,Kuldeep Yadav,0,0,"",""
ball,2,28.2,Australia,GJ Maxwell,PSP Handscomb,Kuldeep Yadav,0,0,"",""
ball,2,28.3,Australia,GJ Maxwell,PSP Handscomb,Kuldeep Yadav,0,0,bowled,GJ Maxwell
ball,2,28.4,Australia,MP Stoinis,PSP Handscomb,Kuldeep Yadav,1,0,"",""
ball,2,28.5,Australia,PSP Handscomb,MP Stoinis,Kuldeep Yadav,1,0,"",""
ball,2,28.6,Australia,MP Stoinis,PSP Handscomb,Kuldeep Yadav,1,0,"",""
ball,2,29.1,Australia,MP Stoinis,PSP Handscomb,JJ Bumrah,0,0,"",""
ball,2,29.2,Australia,MP Stoinis,PSP Handscomb,JJ Bumrah,0,0,"",""
ball,2,29.3,Australia,MP Stoinis,PSP Handscomb,JJ Bumrah,0,0,"",""
ball,2,29.4,Australia,MP Stoinis,PSP Handscomb,JJ Bumrah,0,0,"",""
ball,2,29.5,Australia,MP Stoinis,PSP Handscomb,JJ Bumrah,0,0,"",""
ball,2,29.6,Australia,MP Stoinis,PSP Handscomb,JJ Bumrah,1,0,"",""
ball,2,30.1,Australia,MP Stoinis,PSP Handscomb,Kuldeep Yadav,0,0,"",""
ball,2,30.2,Australia,MP Stoinis,PSP Handscomb,Kuldeep Yadav,0,0,"",""
ball,2,30.3,Australia,MP Stoinis,PSP Handscomb,Kuldeep Yadav,0,0,"",""
ball,2,30.4,Australia,MP Stoinis,PSP Handscomb,Kuldeep Yadav,0,0,"",""
ball,2,30.5,Australia,MP Stoinis,PSP Handscomb,Kuldeep Yadav,0,0,"",""
ball,2,30.6,Australia,MP Stoinis,PSP Handscomb,Kuldeep Yadav,1,0,"",""
ball,2,31.1,Australia,MP Stoinis,PSP Handscomb,RA Jadeja,0,0,"",""
ball,2,31.2,Australia,MP Stoinis,PSP Handscomb,RA Jadeja,3,0,"",""
ball,2,31.3,Australia,PSP Handscomb,MP Stoinis,RA Jadeja,1,0,"",""
ball,2,31.4,Australia,MP Stoinis,PSP Handscomb,RA Jadeja,0,0,"",""
ball,2,31.5,Australia,MP Stoinis,PSP Handscomb,RA Jadeja,0,0,"",""
ball,2,31.6,Australia,MP Stoinis,PSP Handscomb,RA Jadeja,1,0,"",""
ball,2,32.1,Australia,MP Stoinis,PSP Handscomb,KM Jadhav,1,0,"",""
ball,2,32.2,Australia,PSP Handscomb,MP Stoinis,KM Jadhav,0,0,"",""
ball,2,32.3,Australia,PSP Handscomb,MP Stoinis,KM Jadhav,0,0,"",""
ball,2,32.4,Australia,PSP Handscomb,MP Stoinis,KM Jadhav,2,0,"",""
ball,2,32.5,Australia,PSP Handscomb,MP Stoinis,KM Jadhav,0,0,"",""
ball,2,32.6,Australia,PSP Handscomb,MP Stoinis,KM Jadhav,0,0,"",""
ball,2,33.1,Australia,MP Stoinis,PSP Handscomb,RA Jadeja,1,0,"",""
ball,2,33.2,Australia,PSP Handscomb,MP Stoinis,RA Jadeja,4,0,"",""
ball,2,33.3,Australia,PSP Handscomb,MP Stoinis,RA Jadeja,1,0,"",""
ball,2,33.4,Australia,MP Stoinis,PSP Handscomb,RA Jadeja,1,0,"",""
ball,2,33.5,Australia,PSP Handscomb,MP Stoinis,RA Jadeja,0,0,"",""
ball,2,33.6,Australia,PSP Handscomb,MP Stoinis,RA Jadeja,0,0,"",""
ball,2,34.1,Australia,MP Stoinis,PSP Handscomb,KM Jadhav,0,0,"",""
ball,2,34.2,Australia,MP Stoinis,PSP Handscomb,KM Jadhav,0,0,"",""
ball,2,34.3,Australia,MP Stoinis,PSP Handscomb,KM Jadhav,0,0,"",""
ball,2,34.4,Australia,MP Stoinis,PSP Handscomb,KM Jadhav,0,0,"",""
ball,2,34.5,Australia,MP Stoinis,PSP Handscomb,KM Jadhav,0,1,"",""
ball,2,34.6,Australia,MP Stoinis,PSP Handscomb,KM Jadhav,0,0,"",""
ball,2,34.7,Australia,MP Stoinis,PSP Handscomb,KM Jadhav,0,0,"",""
ball,2,35.1,Australia,PSP Handscomb,MP Stoinis,RA Jadeja,0,0,"",""
ball,2,35.2,Australia,PSP Handscomb,MP Stoinis,RA Jadeja,0,1,"",""
ball,2,35.3,Australia,MP Stoinis,PSP Handscomb,RA Jadeja,1,0,"",""
ball,2,35.4,Australia,PSP Handscomb,MP Stoinis,RA Jadeja,0,0,"",""
ball,2,35.5,Australia,PSP Handscomb,MP Stoinis,RA Jadeja,4,0,"",""
ball,2,35.6,Australia,PSP Handscomb,MP Stoinis,RA Jadeja,1,0,"",""
ball,2,36.1,Australia,PSP Handscomb,MP Stoinis,KM Jadhav,0,0,"",""
ball,2,36.2,Australia,PSP Handscomb,MP Stoinis,KM Jadhav,0,0,"",""
ball,2,36.3,Australia,PSP Handscomb,MP Stoinis,KM Jadhav,2,0,"",""
ball,2,36.4,Australia,PSP Handscomb,MP Stoinis,KM Jadhav,1,0,"",""
ball,2,36.5,Australia,MP Stoinis,PSP Handscomb,KM Jadhav,0,0,"",""
ball,2,36.6,Australia,MP Stoinis,PSP Handscomb,KM Jadhav,4,0,"",""
ball,2,37.1,Australia,PSP Handscomb,MP Stoinis,Mohammed Shami,0,0,"",""
ball,2,37.2,Australia,PSP Handscomb,MP Stoinis,Mohammed Shami,4,0,"",""
ball,2,37.3,Australia,PSP Handscomb,MP Stoinis,Mohammed Shami,0,0,run out,PSP Handscomb
ball,2,37.4,Australia,MP Stoinis,AT Carey,Mohammed Shami,1,0,"",""
ball,2,37.5,Australia,AT Carey,MP Stoinis,Mohammed Shami,0,0,"",""
ball,2,37.6,Australia,AT Carey,MP Stoinis,Mohammed Shami,0,1,"",""
ball,2,37.7,Australia,AT Carey,MP Stoinis,Mohammed Shami,2,0,"",""
ball,2,38.1,Australia,MP Stoinis,AT Carey,KM Jadhav,4,0,"",""
ball,2,38.2,Australia,MP Stoinis,AT Carey,KM Jadhav,0,0,"",""
ball,2,38.3,Australia,MP Stoinis,AT Carey,KM Jadhav,1,0,"",""
ball,2,38.4,Australia,AT Carey,MP Stoinis,KM Jadhav,0,0,"",""
ball,2,38.5,Australia,AT Carey,MP Stoinis,KM Jadhav,1,0,"",""
ball,2,38.6,Australia,MP Stoinis,AT Carey,KM Jadhav,2,0,"",""
ball,2,39.1,Australia,AT Carey,MP Stoinis,JJ Bumrah,0,0,"",""
ball,2,39.2,Australia,AT Carey,MP Stoinis,JJ Bumrah,1,0,"",""
ball,2,39.3,Australia,MP Stoinis,AT Carey,JJ Bumrah,0,0,"",""
ball,2,39.4,Australia,MP Stoinis,AT Carey,JJ Bumrah,1,0,"",""
ball,2,39.5,Australia,AT Carey,MP Stoinis,JJ Bumrah,0,0,"",""
ball,2,39.6,Australia,AT Carey,MP Stoinis,JJ Bumrah,1,0,"",""
ball,2,40.1,Australia,AT Carey,MP Stoinis,Kuldeep Yadav,0,0,"",""
ball,2,40.2,Australia,AT Carey,MP Stoinis,Kuldeep Yadav,0,0,"",""
ball,2,40.3,Australia,AT Carey,MP Stoinis,Kuldeep Yadav,0,0,"",""
ball,2,40.4,Australia,AT Carey,MP Stoinis,Kuldeep Yadav,2,0,"",""
ball,2,40.5,Australia,AT Carey,MP Stoinis,Kuldeep Yadav,0,0,"",""
ball,2,40.6,Australia,AT Carey,MP Stoinis,Kuldeep Yadav,1,0,"",""
ball,2,41.1,Australia,AT Carey,MP Stoinis,JJ Bumrah,1,0,"",""
ball,2,41.2,Australia,MP Stoinis,AT Carey,JJ Bumrah,0,0,"",""
ball,2,41.3,Australia,MP Stoinis,AT Carey,JJ Bumrah,0,0,"",""
ball,2,41.4,Australia,MP Stoinis,AT Carey,JJ Bumrah,0,0,"",""
ball,2,41.5,Australia,MP Stoinis,AT Carey,JJ Bumrah,1,0,"",""
ball,2,41.6,Australia,AT Carey,MP Stoinis,JJ Bumrah,1,0,"",""
ball,2,42.1,Australia,AT Carey,MP Stoinis,Kuldeep Yadav,4,0,"",""
ball,2,42.2,Australia,AT Carey,MP Stoinis,Kuldeep Yadav,0,0,"",""
ball,2,42.3,Australia,AT Carey,MP Stoinis,Kuldeep Yadav,4,0,"",""
ball,2,42.4,Australia,AT Carey,MP Stoinis,Kuldeep Yadav,1,0,"",""
ball,2,42.5,Australia,MP Stoinis,AT Carey,Kuldeep Yadav,6,0,"",""
ball,2,42.6,Australia,MP Stoinis,AT Carey,Kuldeep Yadav,0,0,"",""
ball,2,43.1,Australia,AT Carey,MP Stoinis,Mohammed Shami,1,0,"",""
ball,2,43.2,Australia,MP Stoinis,AT Carey,Mohammed Shami,1,0,"",""
ball,2,43.3,Australia,AT Carey,MP Stoinis,Mohammed Shami,1,0,"",""
ball,2,43.4,Australia,MP Stoinis,AT Carey,Mohammed Shami,1,0,"",""
ball,2,43.5,Australia,AT Carey,MP Stoinis,Mohammed Shami,1,0,"",""
ball,2,43.6,Australia,MP Stoinis,AT Carey,Mohammed Shami,1,0,"",""
ball,2,44.1,Australia,MP Stoinis,AT Carey,Kuldeep Yadav,4,0,"",""
ball,2,44.2,Australia,MP Stoinis,AT Carey,Kuldeep Yadav,1,0,"",""
ball,2,44.3,Australia,AT Carey,MP Stoinis,Kuldeep Yadav,0,0,bowled,AT Carey
ball,2,44.4,Australia,NM Coulter-Nile,MP Stoinis,Kuldeep Yadav,0,0,"",""
ball,2,44.5,Australia,NM Coulter-Nile,MP Stoinis,Kuldeep Yadav,2,0,"",""
ball,2,44.6,Australia,NM Coulter-Nile,MP Stoinis,Kuldeep Yadav,2,0,"",""
ball,2,45.1,Australia,MP Stoinis,NM Coulter-Nile,JJ Bumrah,1,0,"",""
ball,2,45.2,Australia,NM Coulter-Nile,MP Stoinis,JJ Bumrah,0,0,bowled,NM Coulter-Nile
ball,2,45.3,Australia,PJ Cummins,MP Stoinis,JJ Bumrah,0,0,"",""
ball,2,45.4,Australia,PJ Cummins,MP Stoinis,JJ Bumrah,0,0,caught,PJ Cummins
ball,2,45.5,Australia,NM Lyon,MP Stoinis,JJ Bumrah,0,0,"",""
ball,2,45.6,Australia,NM Lyon,MP Stoinis,JJ Bumrah,0,0,"",""
ball,2,46.1,Australia,MP Stoinis,NM Lyon,Mohammed Shami,1,0,"",""
ball,2,46.2,Australia,NM Lyon,MP Stoinis,Mohammed Shami,1,0,"",""
ball,2,46.3,Australia,MP Stoinis,NM Lyon,Mohammed Shami,0,0,"",""
ball,2,46.4,Australia,MP Stoinis,NM Lyon,Mohammed Shami,4,0,"",""
ball,2,46.5,Australia,MP Stoinis,NM Lyon,Mohammed Shami,1,0,"",""
ball,2,46.6,Australia,NM Lyon,MP Stoinis,Mohammed Shami,0,0,"",""
ball,2,47.1,Australia,MP Stoinis,NM Lyon,JJ Bumrah,0,0,"",""
ball,2,47.2,Australia,MP Stoinis,NM Lyon,JJ Bumrah,0,0,"",""
ball,2,47.3,Australia,MP Stoinis,NM Lyon,JJ Bumrah,0,0,"",""
ball,2,47.4,Australia,MP Stoinis,NM Lyon,JJ Bumrah,0,0,"",""
ball,2,47.5,Australia,MP Stoinis,NM Lyon,JJ Bumrah,0,0,"",""
ball,2,47.6,Australia,MP Stoinis,NM Lyon,JJ Bumrah,1,0,"",""
ball,2,48.1,Australia,MP Stoinis,NM Lyon,Mohammed Shami,0,0,"",""
ball,2,48.2,Australia,MP Stoinis,NM Lyon,Mohammed Shami,2,0,"",""
ball,2,48.3,Australia,MP Stoinis,NM Lyon,Mohammed Shami,1,0,"",""
ball,2,48.4,Australia,NM Lyon,MP Stoinis,Mohammed Shami,1,0,"",""
ball,2,48.5,Australia,MP Stoinis,NM Lyon,Mohammed Shami,1,0,"",""
ball,2,48.6,Australia,NM Lyon,MP Stoinis,Mohammed Shami,4,0,"",""
ball,2,49.1,Australia,MP Stoinis,NM Lyon,V Shankar,0,0,lbw,MP Stoinis
ball,2,49.2,Australia,A Zampa,NM Lyon,V Shankar,2,0,"",""
ball,2,49.3,Australia,A Zampa,NM Lyon,V Shankar,0,0,bowled,A Zampa
