version,1.3.0
info,team,Ireland
info,team,Zimbabwe
info,gender,male
info,season,2019
info,date,2019/07/07
info,series,Zimbabwe tour of Netherlands and Ireland 2019
info,match_number,3
info,venue,"Civil Service Cricket Club, Stormont"
info,city,Belfast
info,toss_winner,Zimbabwe
info,toss_decision,bat
info,umpire,R Black
info,umpire,S George
info,reserve_umpire,M Hawthorne
info,match_referee,JJ Crowe
info,winner,Ireland
info,winner_wickets,6
ball,1,0.1,Zimbabwe,H Masakadza,RP Burl,TJ Murtagh,0,0,"",""
ball,1,0.2,Zimbabwe,H Masakadza,RP Burl,TJ Murtagh,0,0,"",""
ball,1,0.3,Zimbabwe,H Masakadza,RP Burl,TJ Murtagh,0,0,"",""
ball,1,0.4,Zimbabwe,H Masakadza,RP Burl,TJ Murtagh,0,0,"",""
ball,1,0.5,Zimbabwe,H Masakadza,RP Burl,TJ Murtagh,0,0,"",""
ball,1,0.6,Zimbabwe,H Masakadza,RP Burl,TJ Murtagh,0,0,"",""
ball,1,1.1,Zimbabwe,RP Burl,H Masakadza,MR Adair,0,1,"",""
ball,1,1.2,Zimbabwe,RP Burl,H Masakadza,MR Adair,0,0,"",""
ball,1,1.3,Zimbabwe,RP Burl,H Masakadza,MR Adair,0,1,"",""
ball,1,1.4,Zimbabwe,RP Burl,H Masakadza,MR Adair,1,0,"",""
ball,1,1.5,Zimbabwe,H Masakadza,RP Burl,MR Adair,0,0,"",""
ball,1,1.6,Zimbabwe,H Masakadza,RP Burl,MR Adair,0,0,"",""
ball,1,1.7,Zimbabwe,H Masakadza,RP Burl,MR Adair,0,0,"",""
ball,1,1.8,Zimbabwe,H Masakadza,RP Burl,MR Adair,0,0,"",""
ball,1,2.1,Zimbabwe,RP Burl,H Masakadza,TJ Murtagh,0,0,"",""
ball,1,2.2,Zimbabwe,RP Burl,H Masakadza,TJ Murtagh,0,0,"",""
ball,1,2.3,Zimbabwe,RP Burl,H Masakadza,TJ Murtagh,0,0,caught,RP Burl
ball,1,2.4,Zimbabwe,CR Ervine,H Masakadza,TJ Murtagh,0,0,"",""
ball,1,2.5,Zimbabwe,CR Ervine,H Masakadza,TJ Murtagh,0,0,"",""
ball,1,2.6,Zimbabwe,CR Ervine,H Masakadza,TJ Murtagh,0,0,"",""
ball,1,3.1,Zimbabwe,H Masakadza,CR Ervine,MR Adair,0,0,"",""
ball,1,3.2,Zimbabwe,H Masakadza,CR Ervine,MR Adair,0,0,"",""
ball,1,3.3,Zimbabwe,H Masakadza,CR Ervine,MR Adair,1,0,"",""
ball,1,3.4,Zimbabwe,CR Ervine,H Masakadza,MR Adair,0,0,"",""
ball,1,3.5,Zimbabwe,CR Ervine,H Masakadza,MR Adair,0,0,"",""
ball,1,3.6,Zimbabwe,CR Ervine,H Masakadza,MR Adair,0,0,"",""
ball,1,4.1,Zimbabwe,H Masakadza,CR Ervine,TJ Murtagh,0,0,"",""
ball,1,4.2,Zimbabwe,H Masakadza,CR Ervine,TJ Murtagh,4,0,"",""
ball,1,4.3,Zimbabwe,H Masakadza,CR Ervine,TJ Murtagh,1,0,"",""
ball,1,4.4,Zimbabwe,CR Ervine,H Masakadza,TJ Murtagh,4,0,"",""
ball,1,4.5,Zimbabwe,CR Ervine,H Masakadza,TJ Murtagh,0,0,"",""
ball,1,4.6,Zimbabwe,CR Ervine,H Masakadza,TJ Murtagh,4,0,"",""
ball,1,5.1,Zimbabwe,H Masakadza,CR Ervine,MR Adair,4,0,"",""
ball,1,5.2,Zimbabwe,H Masakadza,CR Ervine,MR Adair,0,0,"",""
ball,1,5.3,Zimbabwe,H Masakadza,CR Ervine,MR Adair,0,0,"",""
ball,1,5.4,Zimbabwe,H Masakadza,CR Ervine,MR Adair,1,0,"",""
ball,1,5.5,Zimbabwe,CR Ervine,H Masakadza,MR Adair,0,0,bowled,CR Ervine
ball,1,5.6,Zimbabwe,BRM Taylor,H Masakadza,MR Adair,0,0,"",""
ball,1,6.1,Zimbabwe,H Masakadza,BRM Taylor,TJ Murtagh,0,0,"",""
ball,1,6.2,Zimbabwe,H Masakadza,BRM Taylor,TJ Murtagh,1,0,"",""
ball,1,6.3,Zimbabwe,BRM Taylor,H Masakadza,TJ Murtagh,1,0,"",""
ball,1,6.4,Zimbabwe,H Masakadza,BRM Taylor,TJ Murtagh,4,0,"",""
ball,1,6.5,Zimbabwe,H Masakadza,BRM Taylor,TJ Murtagh,0,0,"",""
ball,1,6.6,Zimbabwe,H Masakadza,BRM Taylor,TJ Murtagh,0,0,"",""
ball,1,7.1,Zimbabwe,BRM Taylor,H Masakadza,MR Adair,0,0,"",""
ball,1,7.2,Zimbabwe,BRM Taylor,H Masakadza,MR Adair,0,0,"",""
ball,1,7.3,Zimbabwe,BRM Taylor,H Masakadza,MR Adair,0,0,"",""
ball,1,7.4,Zimbabwe,BRM Taylor,H Masakadza,MR Adair,0,0,"",""
ball,1,7.5,Zimbabwe,BRM Taylor,H Masakadza,MR Adair,2,0,"",""
ball,1,7.6,Zimbabwe,BRM Taylor,H Masakadza,MR Adair,0,0,"",""
ball,1,8.1,Zimbabwe,H Masakadza,BRM Taylor,TJ Murtagh,0,0,"",""
ball,1,8.2,Zimbabwe,H Masakadza,BRM Taylor,TJ Murtagh,1,0,"",""
ball,1,8.3,Zimbabwe,BRM Taylor,H Masakadza,TJ Murtagh,0,0,"",""
ball,1,8.4,Zimbabwe,BRM Taylor,H Masakadza,TJ Murtagh,0,0,caught,BRM Taylor
ball,1,8.5,Zimbabwe,H Masakadza,SC Williams,TJ Murtagh,0,0,"",""
ball,1,8.6,Zimbabwe,H Masakadza,SC Williams,TJ Murtagh,0,0,"",""
ball,1,9.1,Zimbabwe,SC Williams,H Masakadza,MR Adair,0,0,"",""
ball,1,9.2,Zimbabwe,SC Williams,H Masakadza,MR Adair,2,0,"",""
ball,1,9.3,Zimbabwe,SC Williams,H Masakadza,MR Adair,0,0,"",""
ball,1,9.4,Zimbabwe,SC Williams,H Masakadza,MR Adair,0,0,"",""
ball,1,9.5,Zimbabwe,SC Williams,H Masakadza,MR Adair,0,0,"",""
ball,1,9.6,Zimbabwe,SC Williams,H Masakadza,MR Adair,4,0,"",""
ball,1,10.1,Zimbabwe,H Masakadza,SC Williams,TJ Murtagh,1,0,"",""
ball,1,10.2,Zimbabwe,SC Williams,H Masakadza,TJ Murtagh,0,0,"",""
ball,1,10.3,Zimbabwe,SC Williams,H Masakadza,TJ Murtagh,0,0,"",""
ball,1,10.4,Zimbabwe,SC Williams,H Masakadza,TJ Murtagh,0,0,"",""
ball,1,10.5,Zimbabwe,SC Williams,H Masakadza,TJ Murtagh,0,0,"",""
ball,1,10.6,Zimbabwe,SC Williams,H Masakadza,TJ Murtagh,0,0,"",""
ball,1,11.1,Zimbabwe,H Masakadza,SC Williams,WB Rankin,0,0,"",""
ball,1,11.2,Zimbabwe,H Masakadza,SC Williams,WB Rankin,0,0,"",""
ball,1,11.3,Zimbabwe,H Masakadza,SC Williams,WB Rankin,1,0,"",""
ball,1,11.4,Zimbabwe,SC Williams,H Masakadza,WB Rankin,1,0,"",""
ball,1,11.5,Zimbabwe,H Masakadza,SC Williams,WB Rankin,0,0,"",""
ball,1,11.6,Zimbabwe,H Masakadza,SC Williams,WB Rankin,0,0,"",""
ball,1,12.1,Zimbabwe,SC Williams,H Masakadza,SC Getkate,0,0,"",""
ball,1,12.2,Zimbabwe,SC Williams,H Masakadza,SC Getkate,0,0,"",""
ball,1,12.3,Zimbabwe,SC Williams,H Masakadza,SC Getkate,0,0,"",""
ball,1,12.4,Zimbabwe,SC Williams,H Masakadza,SC Getkate,0,0,"",""
ball,1,12.5,Zimbabwe,SC Williams,H Masakadza,SC Getkate,0,0,"",""
ball,1,12.6,Zimbabwe,SC Williams,H Masakadza,SC Getkate,0,0,"",""
ball,1,13.1,Zimbabwe,H Masakadza,SC Williams,WB Rankin,0,0,"",""
ball,1,13.2,Zimbabwe,H Masakadza,SC Williams,WB Rankin,1,0,"",""
ball,1,13.3,Zimbabwe,SC Williams,H Masakadza,WB Rankin,4,0,"",""
ball,1,13.4,Zimbabwe,SC Williams,H Masakadza,WB Rankin,4,0,"",""
ball,1,13.5,Zimbabwe,SC Williams,H Masakadza,WB Rankin,2,0,"",""
ball,1,13.6,Zimbabwe,SC Williams,H Masakadza,WB Rankin,0,0,"",""
ball,1,14.1,Zimbabwe,H Masakadza,SC Williams,SC Getkate,0,0,"",""
ball,1,14.2,Zimbabwe,H Masakadza,SC Williams,SC Getkate,0,0,"",""
ball,1,14.3,Zimbabwe,H Masakadza,SC Williams,SC Getkate,0,0,"",""
ball,1,14.4,Zimbabwe,H Masakadza,SC Williams,SC Getkate,0,0,"",""
ball,1,14.5,Zimbabwe,H Masakadza,SC Williams,SC Getkate,1,0,"",""
ball,1,14.6,Zimbabwe,SC Williams,H Masakadza,SC Getkate,0,0,"",""
ball,1,15.1,Zimbabwe,H Masakadza,SC Williams,WB Rankin,0,1,"",""
ball,1,15.2,Zimbabwe,SC Williams,H Masakadza,WB Rankin,0,0,"",""
ball,1,15.3,Zimbabwe,SC Williams,H Masakadza,WB Rankin,0,0,"",""
ball,1,15.4,Zimbabwe,SC Williams,H Masakadza,WB Rankin,1,0,"",""
ball,1,15.5,Zimbabwe,H Masakadza,SC Williams,WB Rankin,0,1,"",""
ball,1,15.6,Zimbabwe,H Masakadza,SC Williams,WB Rankin,1,0,"",""
ball,1,15.7,Zimbabwe,SC Williams,H Masakadza,WB Rankin,0,0,"",""
ball,1,16.1,Zimbabwe,H Masakadza,SC Williams,SC Getkate,1,0,"",""
ball,1,16.2,Zimbabwe,SC Williams,H Masakadza,SC Getkate,1,0,"",""
ball,1,16.3,Zimbabwe,H Masakadza,SC Williams,SC Getkate,0,0,bowled,H Masakadza
ball,1,16.4,Zimbabwe,Sikandar Raza,SC Williams,SC Getkate,1,0,"",""
ball,1,16.5,Zimbabwe,SC Williams,Sikandar Raza,SC Getkate,0,0,"",""
ball,1,16.6,Zimbabwe,SC Williams,Sikandar Raza,SC Getkate,0,0,"",""
ball,1,17.1,Zimbabwe,Sikandar Raza,SC Williams,WB Rankin,4,0,"",""
ball,1,17.2,Zimbabwe,Sikandar Raza,SC Williams,WB Rankin,1,0,"",""
ball,1,17.3,Zimbabwe,SC Williams,Sikandar Raza,WB Rankin,0,0,"",""
ball,1,17.4,Zimbabwe,SC Williams,Sikandar Raza,WB Rankin,0,0,"",""
ball,1,17.5,Zimbabwe,SC Williams,Sikandar Raza,WB Rankin,0,0,"",""
ball,1,17.6,Zimbabwe,SC Williams,Sikandar Raza,WB Rankin,2,0,"",""
ball,1,18.1,Zimbabwe,Sikandar Raza,SC Williams,SC Getkate,0,0,lbw,Sikandar Raza
ball,1,18.2,Zimbabwe,SF Mire,SC Williams,SC Getkate,0,1,"",""
ball,1,18.3,Zimbabwe,SF Mire,SC Williams,SC Getkate,1,0,"",""
ball,1,18.4,Zimbabwe,SC Williams,SF Mire,SC Getkate,0,1,"",""
ball,1,18.5,Zimbabwe,SC Williams,SF Mire,SC Getkate,0,0,"",""
ball,1,18.6,Zimbabwe,SC Williams,SF Mire,SC Getkate,0,0,"",""
ball,1,18.7,Zimbabwe,SC Williams,SF Mire,SC Getkate,1,0,"",""
ball,1,18.8,Zimbabwe,SF Mire,SC Williams,SC Getkate,0,0,"",""
ball,1,19.1,Zimbabwe,SC Williams,SF Mire,KJ O'Brien,0,0,"",""
ball,1,19.2,Zimbabwe,SC Williams,SF Mire,KJ O'Brien,0,0,"",""
ball,1,19.3,Zimbabwe,SC Williams,SF Mire,KJ O'Brien,0,0,"",""
ball,1,19.4,Zimbabwe,SC Williams,SF Mire,KJ O'Brien,1,0,"",""
ball,1,19.5,Zimbabwe,SF Mire,SC Williams,KJ O'Brien,0,0,"",""
ball,1,19.6,Zimbabwe,SF Mire,SC Williams,KJ O'Brien,1,0,"",""
ball,1,20.1,Zimbabwe,SF Mire,SC Williams,SC Getkate,0,0,"",""
ball,1,20.2,Zimbabwe,SF Mire,SC Williams,SC Getkate,0,0,"",""
ball,1,20.3,Zimbabwe,SF Mire,SC Williams,SC Getkate,0,0,"",""
ball,1,20.4,Zimbabwe,SF Mire,SC Williams,SC Getkate,0,0,"",""
ball,1,20.5,Zimbabwe,SF Mire,SC Williams,SC Getkate,1,0,"",""
ball,1,20.6,Zimbabwe,SC Williams,SF Mire,SC Getkate,0,0,"",""
ball,1,21.1,Zimbabwe,SF Mire,SC Williams,KJ O'Brien,0,0,"",""
ball,1,21.2,Zimbabwe,SF Mire,SC Williams,KJ O'Brien,1,0,"",""
ball,1,21.3,Zimbabwe,SC Williams,SF Mire,KJ O'Brien,0,0,"",""
ball,1,21.4,Zimbabwe,SC Williams,SF Mire,KJ O'Brien,0,0,"",""
ball,1,21.5,Zimbabwe,SC Williams,SF Mire,KJ O'Brien,0,0,"",""
ball,1,21.6,Zimbabwe,SC Williams,SF Mire,KJ O'Brien,4,0,"",""
ball,1,22.1,Zimbabwe,SF Mire,SC Williams,SC Getkate,0,0,"",""
ball,1,22.2,Zimbabwe,SF Mire,SC Williams,SC Getkate,0,0,"",""
ball,1,22.3,Zimbabwe,SF Mire,SC Williams,SC Getkate,0,0,"",""
ball,1,22.4,Zimbabwe,SF Mire,SC Williams,SC Getkate,0,0,"",""
ball,1,22.5,Zimbabwe,SF Mire,SC Williams,SC Getkate,1,0,"",""
ball,1,22.6,Zimbabwe,SC Williams,SF Mire,SC Getkate,0,0,"",""
ball,1,23.1,Zimbabwe,SF Mire,SC Williams,KJ O'Brien,0,0,"",""
ball,1,23.2,Zimbabwe,SF Mire,SC Williams,KJ O'Brien,0,0,"",""
ball,1,23.3,Zimbabwe,SF Mire,SC Williams,KJ O'Brien,0,0,"",""
ball,1,23.4,Zimbabwe,SF Mire,SC Williams,KJ O'Brien,4,0,"",""
ball,1,23.5,Zimbabwe,SF Mire,SC Williams,KJ O'Brien,0,0,"",""
ball,1,23.6,Zimbabwe,SF Mire,SC Williams,KJ O'Brien,1,0,"",""
ball,1,24.1,Zimbabwe,SF Mire,SC Williams,MR Adair,0,0,"",""
ball,1,24.2,Zimbabwe,SF Mire,SC Williams,MR Adair,2,0,"",""
ball,1,24.3,Zimbabwe,SF Mire,SC Williams,MR Adair,0,0,"",""
ball,1,24.4,Zimbabwe,SF Mire,SC Williams,MR Adair,2,0,"",""
ball,1,24.5,Zimbabwe,SF Mire,SC Williams,MR Adair,0,0,bowled,SF Mire
ball,1,24.6,Zimbabwe,R Mutumbami,SC Williams,MR Adair,1,0,"",""
ball,1,25.1,Zimbabwe,R Mutumbami,SC Williams,KJ O'Brien,0,0,"",""
ball,1,25.2,Zimbabwe,R Mutumbami,SC Williams,KJ O'Brien,0,0,"",""
ball,1,25.3,Zimbabwe,R Mutumbami,SC Williams,KJ O'Brien,0,0,"",""
ball,1,25.4,Zimbabwe,R Mutumbami,SC Williams,KJ O'Brien,1,0,"",""
ball,1,25.5,Zimbabwe,SC Williams,R Mutumbami,KJ O'Brien,0,0,"",""
ball,1,25.6,Zimbabwe,SC Williams,R Mutumbami,KJ O'Brien,0,0,"",""
ball,1,26.1,Zimbabwe,R Mutumbami,SC Williams,MR Adair,3,0,"",""
ball,1,26.2,Zimbabwe,SC Williams,R Mutumbami,MR Adair,1,0,"",""
ball,1,26.3,Zimbabwe,R Mutumbami,SC Williams,MR Adair,0,0,"",""
ball,1,26.4,Zimbabwe,R Mutumbami,SC Williams,MR Adair,0,0,"",""
ball,1,26.5,Zimbabwe,R Mutumbami,SC Williams,MR Adair,4,0,"",""
ball,1,26.6,Zimbabwe,R Mutumbami,SC Williams,MR Adair,4,0,"",""
ball,1,27.1,Zimbabwe,SC Williams,R Mutumbami,KJ O'Brien,0,0,"",""
ball,1,27.2,Zimbabwe,SC Williams,R Mutumbami,KJ O'Brien,0,0,"",""
ball,1,27.3,Zimbabwe,SC Williams,R Mutumbami,KJ O'Brien,1,0,"",""
ball,1,27.4,Zimbabwe,R Mutumbami,SC Williams,KJ O'Brien,0,0,"",""
ball,1,27.5,Zimbabwe,R Mutumbami,SC Williams,KJ O'Brien,0,0,"",""
ball,1,27.6,Zimbabwe,R Mutumbami,SC Williams,KJ O'Brien,0,0,"",""
ball,1,28.1,Zimbabwe,SC Williams,R Mutumbami,TJ Murtagh,0,0,"",""
ball,1,28.2,Zimbabwe,SC Williams,R Mutumbami,TJ Murtagh,0,0,"",""
ball,1,28.3,Zimbabwe,SC Williams,R Mutumbami,TJ Murtagh,0,0,"",""
ball,1,28.4,Zimbabwe,SC Williams,R Mutumbami,TJ Murtagh,0,0,"",""
ball,1,28.5,Zimbabwe,SC Williams,R Mutumbami,TJ Murtagh,1,0,"",""
ball,1,28.6,Zimbabwe,R Mutumbami,SC Williams,TJ Murtagh,0,0,"",""
ball,1,29.1,Zimbabwe,SC Williams,R Mutumbami,KJ O'Brien,0,0,"",""
ball,1,29.2,Zimbabwe,SC Williams,R Mutumbami,KJ O'Brien,1,0,"",""
ball,1,29.3,Zimbabwe,R Mutumbami,SC Williams,KJ O'Brien,0,0,"",""
ball,1,29.4,Zimbabwe,R Mutumbami,SC Williams,KJ O'Brien,0,0,"",""
ball,1,29.5,Zimbabwe,R Mutumbami,SC Williams,KJ O'Brien,0,0,"",""
ball,1,29.6,Zimbabwe,R Mutumbami,SC Williams,KJ O'Brien,1,0,"",""
ball,1,30.1,Zimbabwe,R Mutumbami,SC Williams,TJ Murtagh,4,0,"",""
ball,1,30.2,Zimbabwe,R Mutumbami,SC Williams,TJ Murtagh,1,0,"",""
ball,1,30.3,Zimbabwe,SC Williams,R Mutumbami,TJ Murtagh,0,0,"",""
ball,1,30.4,Zimbabwe,SC Williams,R Mutumbami,TJ Murtagh,2,0,"",""
ball,1,30.5,Zimbabwe,SC Williams,R Mutumbami,TJ Murtagh,1,0,"",""
ball,1,30.6,Zimbabwe,R Mutumbami,SC Williams,TJ Murtagh,1,0,"",""
ball,1,31.1,Zimbabwe,R Mutumbami,SC Williams,WB Rankin,1,0,"",""
ball,1,31.2,Zimbabwe,SC Williams,R Mutumbami,WB Rankin,1,0,"",""
ball,1,31.3,Zimbabwe,R Mutumbami,SC Williams,WB Rankin,0,0,"",""
ball,1,31.4,Zimbabwe,R Mutumbami,SC Williams,WB Rankin,1,0,"",""
ball,1,31.5,Zimbabwe,SC Williams,R Mutumbami,WB Rankin,0,0,"",""
ball,1,31.6,Zimbabwe,SC Williams,R Mutumbami,WB Rankin,1,0,"",""
ball,1,32.1,Zimbabwe,SC Williams,R Mutumbami,SC Getkate,1,0,"",""
ball,1,32.2,Zimbabwe,R Mutumbami,SC Williams,SC Getkate,1,0,"",""
ball,1,32.3,Zimbabwe,SC Williams,R Mutumbami,SC Getkate,0,0,"",""
ball,1,32.4,Zimbabwe,SC Williams,R Mutumbami,SC Getkate,1,0,"",""
ball,1,32.5,Zimbabwe,R Mutumbami,SC Williams,SC Getkate,0,0,"",""
ball,1,32.6,Zimbabwe,R Mutumbami,SC Williams,SC Getkate,0,0,"",""
ball,1,33.1,Zimbabwe,SC Williams,R Mutumbami,WB Rankin,0,0,"",""
ball,1,33.2,Zimbabwe,SC Williams,R Mutumbami,WB Rankin,0,0,"",""
ball,1,33.3,Zimbabwe,SC Williams,R Mutumbami,WB Rankin,1,0,"",""
ball,1,33.4,Zimbabwe,R Mutumbami,SC Williams,WB Rankin,0,0,"",""
ball,1,33.5,Zimbabwe,R Mutumbami,SC Williams,WB Rankin,0,0,"",""
ball,1,33.6,Zimbabwe,R Mutumbami,SC Williams,WB Rankin,0,0,"",""
ball,1,34.1,Zimbabwe,SC Williams,R Mutumbami,SC Getkate,0,0,"",""
ball,1,34.2,Zimbabwe,SC Williams,R Mutumbami,SC Getkate,0,0,"",""
ball,1,34.3,Zimbabwe,SC Williams,R Mutumbami,SC Getkate,1,0,"",""
ball,1,34.4,Zimbabwe,R Mutumbami,SC Williams,SC Getkate,4,0,"",""
ball,1,34.5,Zimbabwe,R Mutumbami,SC Williams,SC Getkate,1,0,"",""
ball,1,34.6,Zimbabwe,SC Williams,R Mutumbami,SC Getkate,2,0,"",""
ball,1,35.1,Zimbabwe,R Mutumbami,SC Williams,WB Rankin,0,0,caught,R Mutumbami
ball,1,35.2,Zimbabwe,KM Jarvis,SC Williams,WB Rankin,0,0,"",""
ball,1,35.3,Zimbabwe,KM Jarvis,SC Williams,WB Rankin,1,0,"",""
ball,1,35.4,Zimbabwe,SC Williams,KM Jarvis,WB Rankin,0,0,"",""
ball,1,35.5,Zimbabwe,SC Williams,KM Jarvis,WB Rankin,0,0,"",""
ball,1,35.6,Zimbabwe,SC Williams,KM Jarvis,WB Rankin,0,0,"",""
ball,1,36.1,Zimbabwe,KM Jarvis,SC Williams,MR Adair,0,0,"",""
ball,1,36.2,Zimbabwe,KM Jarvis,SC Williams,MR Adair,1,0,"",""
ball,1,36.3,Zimbabwe,SC Williams,KM Jarvis,MR Adair,0,0,"",""
ball,1,36.4,Zimbabwe,SC Williams,KM Jarvis,MR Adair,1,0,"",""
ball,1,36.5,Zimbabwe,KM Jarvis,SC Williams,MR Adair,0,0,"",""
ball,1,36.6,Zimbabwe,KM Jarvis,SC Williams,MR Adair,0,0,"",""
ball,1,37.1,Zimbabwe,SC Williams,KM Jarvis,WB Rankin,2,0,"",""
ball,1,37.2,Zimbabwe,SC Williams,KM Jarvis,WB Rankin,4,0,"",""
ball,1,37.3,Zimbabwe,SC Williams,KM Jarvis,WB Rankin,0,0,"",""
ball,1,37.4,Zimbabwe,SC Williams,KM Jarvis,WB Rankin,0,0,"",""
ball,1,37.5,Zimbabwe,SC Williams,KM Jarvis,WB Rankin,0,0,"",""
ball,1,37.6,Zimbabwe,SC Williams,KM Jarvis,WB Rankin,0,0,"",""
ball,1,38.1,Zimbabwe,KM Jarvis,SC Williams,SC Getkate,0,0,"",""
ball,1,38.2,Zimbabwe,KM Jarvis,SC Williams,SC Getkate,0,0,"",""
ball,1,38.3,Zimbabwe,KM Jarvis,SC Williams,SC Getkate,0,0,"",""
ball,1,38.4,Zimbabwe,KM Jarvis,SC Williams,SC Getkate,0,0,"",""
ball,1,38.5,Zimbabwe,KM Jarvis,SC Williams,SC Getkate,0,0,"",""
ball,1,38.6,Zimbabwe,KM Jarvis,SC Williams,SC Getkate,4,0,"",""
ball,1,39.1,Zimbabwe,SC Williams,KM Jarvis,KJ O'Brien,1,0,"",""
ball,1,39.2,Zimbabwe,KM Jarvis,SC Williams,KJ O'Brien,0,0,"",""
ball,1,39.3,Zimbabwe,KM Jarvis,SC Williams,KJ O'Brien,0,0,"",""
ball,1,39.4,Zimbabwe,KM Jarvis,SC Williams,KJ O'Brien,1,0,"",""
ball,1,39.5,Zimbabwe,SC Williams,KM Jarvis,KJ O'Brien,2,0,"",""
ball,1,39.6,Zimbabwe,SC Williams,KM Jarvis,KJ O'Brien,1,0,"",""
ball,1,40.1,Zimbabwe,SC Williams,KM Jarvis,SC Getkate,0,0,"",""
ball,1,40.2,Zimbabwe,SC Williams,KM Jarvis,SC Getkate,4,0,"",""
ball,1,40.3,Zimbabwe,SC Williams,KM Jarvis,SC Getkate,1,0,"",""
ball,1,40.4,Zimbabwe,KM Jarvis,SC Williams,SC Getkate,0,0,"",""
ball,1,40.5,Zimbabwe,KM Jarvis,SC Williams,SC Getkate,0,0,"",""
ball,1,40.6,Zimbabwe,KM Jarvis,SC Williams,SC Getkate,0,0,"",""
ball,1,41.1,Zimbabwe,SC Williams,KM Jarvis,KJ O'Brien,1,0,"",""
ball,1,41.2,Zimbabwe,KM Jarvis,SC Williams,KJ O'Brien,0,0,"",""
ball,1,41.3,Zimbabwe,KM Jarvis,SC Williams,KJ O'Brien,1,0,"",""
ball,1,41.4,Zimbabwe,SC Williams,KM Jarvis,KJ O'Brien,0,0,"",""
ball,1,41.5,Zimbabwe,SC Williams,KM Jarvis,KJ O'Brien,1,0,"",""
ball,1,41.6,Zimbabwe,KM Jarvis,SC Williams,KJ O'Brien,1,0,"",""
ball,1,42.1,Zimbabwe,KM Jarvis,SC Williams,TJ Murtagh,1,0,"",""
ball,1,42.2,Zimbabwe,SC Williams,KM Jarvis,TJ Murtagh,2,0,"",""
ball,1,42.3,Zimbabwe,SC Williams,KM Jarvis,TJ Murtagh,2,0,"",""
ball,1,42.4,Zimbabwe,SC Williams,KM Jarvis,TJ Murtagh,1,0,"",""
ball,1,42.5,Zimbabwe,KM Jarvis,SC Williams,TJ Murtagh,0,0,"",""
ball,1,42.6,Zimbabwe,KM Jarvis,SC Williams,TJ Murtagh,1,0,"",""
ball,1,43.1,Zimbabwe,KM Jarvis,SC Williams,WB Rankin,0,0,"",""
ball,1,43.2,Zimbabwe,KM Jarvis,SC Williams,WB Rankin,0,0,"",""
ball,1,43.3,Zimbabwe,KM Jarvis,SC Williams,WB Rankin,1,0,"",""
ball,1,43.4,Zimbabwe,SC Williams,KM Jarvis,WB Rankin,0,0,"",""
ball,1,43.5,Zimbabwe,SC Williams,KM Jarvis,WB Rankin,0,0,"",""
ball,1,43.6,Zimbabwe,SC Williams,KM Jarvis,WB Rankin,1,0,"",""
ball,1,44.1,Zimbabwe,SC Williams,KM Jarvis,MR Adair,1,0,"",""
ball,1,44.2,Zimbabwe,KM Jarvis,SC Williams,MR Adair,4,0,"",""
ball,1,44.3,Zimbabwe,KM Jarvis,SC Williams,MR Adair,0,0,run out,SC Williams
ball,1,44.4,Zimbabwe,KM Jarvis,CB Mpofu,MR Adair,6,0,"",""
ball,1,44.5,Zimbabwe,KM Jarvis,CB Mpofu,MR Adair,2,0,"",""
ball,1,44.6,Zimbabwe,KM Jarvis,CB Mpofu,MR Adair,4,0,"",""
ball,1,45.1,Zimbabwe,CB Mpofu,KM Jarvis,WB Rankin,0,1,"",""
ball,1,45.2,Zimbabwe,KM Jarvis,CB Mpofu,WB Rankin,0,0,caught,KM Jarvis
ball,1,45.3,Zimbabwe,TL Chatara,CB Mpofu,WB Rankin,0,2,"",""
ball,1,45.4,Zimbabwe,TL Chatara,CB Mpofu,WB Rankin,1,0,"",""
ball,1,45.5,Zimbabwe,CB Mpofu,TL Chatara,WB Rankin,1,0,"",""
ball,1,45.6,Zimbabwe,TL Chatara,CB Mpofu,WB Rankin,0,0,"",""
ball,1,46.1,Zimbabwe,CB Mpofu,TL Chatara,TJ Murtagh,0,0,"",""
ball,1,46.2,Zimbabwe,CB Mpofu,TL Chatara,TJ Murtagh,1,0,"",""
ball,1,46.3,Zimbabwe,TL Chatara,CB Mpofu,TJ Murtagh,0,0,"",""
ball,1,46.4,Zimbabwe,TL Chatara,CB Mpofu,TJ Murtagh,0,0,"",""
ball,1,46.5,Zimbabwe,TL Chatara,CB Mpofu,TJ Murtagh,0,0,bowled,TL Chatara
ball,2,0.1,Ireland,PR Stirling,JA McCollum,KM Jarvis,0,0,"",""
ball,2,0.2,Ireland,PR Stirling,JA McCollum,KM Jarvis,4,0,"",""
ball,2,0.3,Ireland,PR Stirling,JA McCollum,KM Jarvis,0,0,"",""
ball,2,0.4,Ireland,PR Stirling,JA McCollum,KM Jarvis,4,0,"",""
ball,2,0.5,Ireland,PR Stirling,JA McCollum,KM Jarvis,0,0,"",""
ball,2,0.6,Ireland,PR Stirling,JA McCollum,KM Jarvis,0,0,"",""
ball,2,1.1,Ireland,JA McCollum,PR Stirling,TL Chatara,0,0,"",""
ball,2,1.2,Ireland,JA McCollum,PR Stirling,TL Chatara,0,0,"",""
ball,2,1.3,Ireland,JA McCollum,PR Stirling,TL Chatara,1,0,"",""
ball,2,1.4,Ireland,PR Stirling,JA McCollum,TL Chatara,1,0,"",""
ball,2,1.5,Ireland,JA McCollum,PR Stirling,TL Chatara,1,0,"",""
ball,2,1.6,Ireland,PR Stirling,JA McCollum,TL Chatara,4,0,"",""
ball,2,2.1,Ireland,JA McCollum,PR Stirling,KM Jarvis,0,0,"",""
ball,2,2.2,Ireland,JA McCollum,PR Stirling,KM Jarvis,0,0,"",""
ball,2,2.3,Ireland,JA McCollum,PR Stirling,KM Jarvis,0,0,"",""
ball,2,2.4,Ireland,JA McCollum,PR Stirling,KM Jarvis,1,0,"",""
ball,2,2.5,Ireland,PR Stirling,JA McCollum,KM Jarvis,2,0,"",""
ball,2,2.6,Ireland,PR Stirling,JA McCollum,KM Jarvis,0,0,"",""
ball,2,3.1,Ireland,JA McCollum,PR Stirling,TL Chatara,2,0,"",""
ball,2,3.2,Ireland,JA McCollum,PR Stirling,TL Chatara,0,0,"",""
ball,2,3.3,Ireland,JA McCollum,PR Stirling,TL Chatara,1,0,"",""
ball,2,3.4,Ireland,PR Stirling,JA McCollum,TL Chatara,0,0,"",""
ball,2,3.5,Ireland,PR Stirling,JA McCollum,TL Chatara,0,0,"",""
ball,2,3.6,Ireland,PR Stirling,JA McCollum,TL Chatara,4,0,"",""
ball,2,4.1,Ireland,JA McCollum,PR Stirling,KM Jarvis,0,0,"",""
ball,2,4.2,Ireland,JA McCollum,PR Stirling,KM Jarvis,1,0,"",""
ball,2,4.3,Ireland,PR Stirling,JA McCollum,KM Jarvis,1,0,"",""
ball,2,4.4,Ireland,JA McCollum,PR Stirling,KM Jarvis,0,0,"",""
ball,2,4.5,Ireland,JA McCollum,PR Stirling,KM Jarvis,0,0,"",""
ball,2,4.6,Ireland,JA McCollum,PR Stirling,KM Jarvis,0,0,"",""
ball,2,5.1,Ireland,PR Stirling,JA McCollum,TL Chatara,0,0,"",""
ball,2,5.2,Ireland,PR Stirling,JA McCollum,TL Chatara,1,0,"",""
ball,2,5.3,Ireland,JA McCollum,PR Stirling,TL Chatara,1,0,"",""
ball,2,5.4,Ireland,PR Stirling,JA McCollum,TL Chatara,2,0,"",""
ball,2,5.5,Ireland,PR Stirling,JA McCollum,TL Chatara,0,0,"",""
ball,2,5.6,Ireland,PR Stirling,JA McCollum,TL Chatara,1,0,"",""
ball,2,6.1,Ireland,PR Stirling,JA McCollum,KM Jarvis,0,0,"",""
ball,2,6.2,Ireland,PR Stirling,JA McCollum,KM Jarvis,0,0,"",""
ball,2,6.3,Ireland,PR Stirling,JA McCollum,KM Jarvis,4,0,"",""
ball,2,6.4,Ireland,PR Stirling,JA McCollum,KM Jarvis,0,0,"",""
ball,2,6.5,Ireland,PR Stirling,JA McCollum,KM Jarvis,0,0,"",""
ball,2,6.6,Ireland,PR Stirling,JA McCollum,KM Jarvis,0,1,"",""
ball,2,7.1,Ireland,PR Stirling,JA McCollum,CB Mpofu,0,0,"",""
ball,2,7.2,Ireland,PR Stirling,JA McCollum,CB Mpofu,1,0,"",""
ball,2,7.3,Ireland,JA McCollum,PR Stirling,CB Mpofu,0,0,"",""
ball,2,7.4,Ireland,JA McCollum,PR Stirling,CB Mpofu,0,0,"",""
ball,2,7.5,Ireland,JA McCollum,PR Stirling,CB Mpofu,4,0,"",""
ball,2,7.6,Ireland,JA McCollum,PR Stirling,CB Mpofu,1,0,"",""
ball,2,8.1,Ireland,JA McCollum,PR Stirling,KM Jarvis,0,0,"",""
ball,2,8.2,Ireland,JA McCollum,PR Stirling,KM Jarvis,1,0,"",""
ball,2,8.3,Ireland,PR Stirling,JA McCollum,KM Jarvis,0,0,"",""
ball,2,8.4,Ireland,PR Stirling,JA McCollum,KM Jarvis,0,0,"",""
ball,2,8.5,Ireland,PR Stirling,JA McCollum,KM Jarvis,0,0,"",""
ball,2,8.6,Ireland,PR Stirling,JA McCollum,KM Jarvis,0,0,"",""
ball,2,9.1,Ireland,JA McCollum,PR Stirling,CB Mpofu,4,0,"",""
ball,2,9.2,Ireland,JA McCollum,PR Stirling,CB Mpofu,4,0,"",""
ball,2,9.3,Ireland,JA McCollum,PR Stirling,CB Mpofu,1,0,"",""
ball,2,9.4,Ireland,PR Stirling,JA McCollum,CB Mpofu,0,0,"",""
ball,2,9.5,Ireland,PR Stirling,JA McCollum,CB Mpofu,0,0,"",""
ball,2,9.6,Ireland,PR Stirling,JA McCollum,CB Mpofu,0,0,"",""
ball,2,10.1,Ireland,JA McCollum,PR Stirling,TL Chatara,1,0,"",""
ball,2,10.2,Ireland,PR Stirling,JA McCollum,TL Chatara,0,0,"",""
ball,2,10.3,Ireland,PR Stirling,JA McCollum,TL Chatara,0,0,"",""
ball,2,10.4,Ireland,PR Stirling,JA McCollum,TL Chatara,0,0,"",""
ball,2,10.5,Ireland,PR Stirling,JA McCollum,TL Chatara,1,0,"",""
ball,2,10.6,Ireland,JA McCollum,PR Stirling,TL Chatara,0,0,"",""
ball,2,11.1,Ireland,PR Stirling,JA McCollum,CB Mpofu,1,0,"",""
ball,2,11.2,Ireland,JA McCollum,PR Stirling,CB Mpofu,0,0,"",""
ball,2,11.3,Ireland,JA McCollum,PR Stirling,CB Mpofu,1,0,"",""
ball,2,11.4,Ireland,PR Stirling,JA McCollum,CB Mpofu,0,0,"",""
ball,2,11.5,Ireland,PR Stirling,JA McCollum,CB Mpofu,1,0,"",""
ball,2,11.6,Ireland,JA McCollum,PR Stirling,CB Mpofu,1,0,"",""
ball,2,12.1,Ireland,JA McCollum,PR Stirling,TL Chatara,0,0,"",""
ball,2,12.2,Ireland,JA McCollum,PR Stirling,TL Chatara,1,0,"",""
ball,2,12.3,Ireland,PR Stirling,JA McCollum,TL Chatara,0,0,"",""
ball,2,12.4,Ireland,PR Stirling,JA McCollum,TL Chatara,0,0,"",""
ball,2,12.5,Ireland,PR Stirling,JA McCollum,TL Chatara,0,0,caught,PR Stirling
ball,2,12.6,Ireland,A Balbirnie,JA McCollum,TL Chatara,0,0,"",""
ball,2,13.1,Ireland,JA McCollum,A Balbirnie,SC Williams,0,0,"",""
ball,2,13.2,Ireland,JA McCollum,A Balbirnie,SC Williams,1,0,"",""
ball,2,13.3,Ireland,A Balbirnie,JA McCollum,SC Williams,1,0,"",""
ball,2,13.4,Ireland,JA McCollum,A Balbirnie,SC Williams,0,0,"",""
ball,2,13.5,Ireland,JA McCollum,A Balbirnie,SC Williams,0,0,"",""
ball,2,13.6,Ireland,JA McCollum,A Balbirnie,SC Williams,0,0,"",""
ball,2,14.1,Ireland,A Balbirnie,JA McCollum,TL Chatara,0,0,"",""
ball,2,14.2,Ireland,A Balbirnie,JA McCollum,TL Chatara,4,0,"",""
ball,2,14.3,Ireland,A Balbirnie,JA McCollum,TL Chatara,0,0,"",""
ball,2,14.4,Ireland,A Balbirnie,JA McCollum,TL Chatara,0,0,"",""
ball,2,14.5,Ireland,A Balbirnie,JA McCollum,TL Chatara,0,0,"",""
ball,2,14.6,Ireland,A Balbirnie,JA McCollum,TL Chatara,0,0,"",""
ball,2,15.1,Ireland,JA McCollum,A Balbirnie,SC Williams,1,0,"",""
ball,2,15.2,Ireland,A Balbirnie,JA McCollum,SC Williams,0,0,caught,A Balbirnie
ball,2,15.3,Ireland,WTS Porterfield,JA McCollum,SC Williams,0,0,"",""
ball,2,15.4,Ireland,WTS Porterfield,JA McCollum,SC Williams,0,0,"",""
ball,2,15.5,Ireland,WTS Porterfield,JA McCollum,SC Williams,0,0,"",""
ball,2,15.6,Ireland,WTS Porterfield,JA McCollum,SC Williams,1,0,"",""
ball,2,16.1,Ireland,WTS Porterfield,JA McCollum,TL Chatara,0,0,"",""
ball,2,16.2,Ireland,WTS Porterfield,JA McCollum,TL Chatara,0,0,"",""
ball,2,16.3,Ireland,WTS Porterfield,JA McCollum,TL Chatara,0,0,"",""
ball,2,16.4,Ireland,WTS Porterfield,JA McCollum,TL Chatara,1,0,"",""
ball,2,16.5,Ireland,JA McCollum,WTS Porterfield,TL Chatara,0,0,"",""
ball,2,16.6,Ireland,JA McCollum,WTS Porterfield,TL Chatara,1,0,"",""
ball,2,17.1,Ireland,JA McCollum,WTS Porterfield,SC Williams,0,0,"",""
ball,2,17.2,Ireland,JA McCollum,WTS Porterfield,SC Williams,0,0,"",""
ball,2,17.3,Ireland,JA McCollum,WTS Porterfield,SC Williams,0,0,"",""
ball,2,17.4,Ireland,JA McCollum,WTS Porterfield,SC Williams,0,2,"",""
ball,2,17.5,Ireland,JA McCollum,WTS Porterfield,SC Williams,0,0,"",""
ball,2,17.6,Ireland,JA McCollum,WTS Porterfield,SC Williams,6,0,"",""
ball,2,18.1,Ireland,WTS Porterfield,JA McCollum,TL Chatara,0,0,"",""
ball,2,18.2,Ireland,WTS Porterfield,JA McCollum,TL Chatara,0,0,"",""
ball,2,18.3,Ireland,WTS Porterfield,JA McCollum,TL Chatara,0,0,"",""
ball,2,18.4,Ireland,WTS Porterfield,JA McCollum,TL Chatara,0,0,"",""
ball,2,18.5,Ireland,WTS Porterfield,JA McCollum,TL Chatara,0,0,"",""
ball,2,18.6,Ireland,WTS Porterfield,JA McCollum,TL Chatara,0,0,"",""
ball,2,19.1,Ireland,JA McCollum,WTS Porterfield,SC Williams,1,0,"",""
ball,2,19.2,Ireland,WTS Porterfield,JA McCollum,SC Williams,0,0,"",""
ball,2,19.3,Ireland,WTS Porterfield,JA McCollum,SC Williams,0,0,"",""
ball,2,19.4,Ireland,WTS Porterfield,JA McCollum,SC Williams,3,0,"",""
ball,2,19.5,Ireland,JA McCollum,WTS Porterfield,SC Williams,0,0,"",""
ball,2,19.6,Ireland,JA McCollum,WTS Porterfield,SC Williams,0,0,"",""
ball,2,20.1,Ireland,WTS Porterfield,JA McCollum,CB Mpofu,4,0,"",""
ball,2,20.2,Ireland,WTS Porterfield,JA McCollum,CB Mpofu,2,0,"",""
ball,2,20.3,Ireland,WTS Porterfield,JA McCollum,CB Mpofu,0,0,"",""
ball,2,20.4,Ireland,WTS Porterfield,JA McCollum,CB Mpofu,0,0,"",""
ball,2,20.5,Ireland,WTS Porterfield,JA McCollum,CB Mpofu,0,0,"",""
ball,2,20.6,Ireland,WTS Porterfield,JA McCollum,CB Mpofu,0,0,"",""
ball,2,21.1,Ireland,JA McCollum,WTS Porterfield,SF Mire,0,0,"",""
ball,2,21.2,Ireland,JA McCollum,WTS Porterfield,SF Mire,4,0,"",""
ball,2,21.3,Ireland,JA McCollum,WTS Porterfield,SF Mire,1,0,"",""
ball,2,21.4,Ireland,WTS Porterfield,JA McCollum,SF Mire,0,0,"",""
ball,2,21.5,Ireland,WTS Porterfield,JA McCollum,SF Mire,0,0,"",""
ball,2,21.6,Ireland,WTS Porterfield,JA McCollum,SF Mire,0,0,"",""
ball,2,22.1,Ireland,JA McCollum,WTS Porterfield,CB Mpofu,0,0,"",""
ball,2,22.2,Ireland,JA McCollum,WTS Porterfield,CB Mpofu,1,0,"",""
ball,2,22.3,Ireland,WTS Porterfield,JA McCollum,CB Mpofu,1,0,"",""
ball,2,22.4,Ireland,JA McCollum,WTS Porterfield,CB Mpofu,4,0,"",""
ball,2,22.5,Ireland,JA McCollum,WTS Porterfield,CB Mpofu,0,0,"",""
ball,2,22.6,Ireland,JA McCollum,WTS Porterfield,CB Mpofu,1,0,"",""
ball,2,23.1,Ireland,JA McCollum,WTS Porterfield,SF Mire,0,0,"",""
ball,2,23.2,Ireland,JA McCollum,WTS Porterfield,SF Mire,0,0,"",""
ball,2,23.3,Ireland,JA McCollum,WTS Porterfield,SF Mire,4,0,"",""
ball,2,23.4,Ireland,JA McCollum,WTS Porterfield,SF Mire,1,0,"",""
ball,2,23.5,Ireland,WTS Porterfield,JA McCollum,SF Mire,0,0,"",""
ball,2,23.6,Ireland,WTS Porterfield,JA McCollum,SF Mire,4,0,"",""
ball,2,24.1,Ireland,JA McCollum,WTS Porterfield,CB Mpofu,0,0,"",""
ball,2,24.2,Ireland,JA McCollum,WTS Porterfield,CB Mpofu,0,0,"",""
ball,2,24.3,Ireland,JA McCollum,WTS Porterfield,CB Mpofu,0,0,"",""
ball,2,24.4,Ireland,JA McCollum,WTS Porterfield,CB Mpofu,0,0,"",""
ball,2,24.5,Ireland,JA McCollum,WTS Porterfield,CB Mpofu,0,0,"",""
ball,2,24.6,Ireland,JA McCollum,WTS Porterfield,CB Mpofu,1,0,"",""
ball,2,25.1,Ireland,JA McCollum,WTS Porterfield,SF Mire,0,0,caught,JA McCollum
ball,2,25.2,Ireland,KJ O'Brien,WTS Porterfield,SF Mire,1,0,"",""
ball,2,25.3,Ireland,WTS Porterfield,KJ O'Brien,SF Mire,0,0,"",""
ball,2,25.4,Ireland,WTS Porterfield,KJ O'Brien,SF Mire,1,0,"",""
ball,2,25.5,Ireland,KJ O'Brien,WTS Porterfield,SF Mire,0,1,"",""
ball,2,25.6,Ireland,KJ O'Brien,WTS Porterfield,SF Mire,0,0,"",""
ball,2,25.7,Ireland,KJ O'Brien,WTS Porterfield,SF Mire,2,0,"",""
ball,2,26.1,Ireland,WTS Porterfield,KJ O'Brien,CB Mpofu,0,0,"",""
ball,2,26.2,Ireland,WTS Porterfield,KJ O'Brien,CB Mpofu,0,0,"",""
ball,2,26.3,Ireland,WTS Porterfield,KJ O'Brien,CB Mpofu,4,0,"",""
ball,2,26.4,Ireland,WTS Porterfield,KJ O'Brien,CB Mpofu,0,0,"",""
ball,2,26.5,Ireland,WTS Porterfield,KJ O'Brien,CB Mpofu,0,0,"",""
ball,2,26.6,Ireland,WTS Porterfield,KJ O'Brien,CB Mpofu,1,0,"",""
ball,2,27.1,Ireland,WTS Porterfield,KJ O'Brien,SF Mire,0,0,"",""
ball,2,27.2,Ireland,WTS Porterfield,KJ O'Brien,SF Mire,0,0,"",""
ball,2,27.3,Ireland,WTS Porterfield,KJ O'Brien,SF Mire,1,0,"",""
ball,2,27.4,Ireland,KJ O'Brien,WTS Porterfield,SF Mire,0,0,"",""
ball,2,27.5,Ireland,KJ O'Brien,WTS Porterfield,SF Mire,0,0,"",""
ball,2,27.6,Ireland,KJ O'Brien,WTS Porterfield,SF Mire,2,0,"",""
ball,2,28.1,Ireland,WTS Porterfield,KJ O'Brien,KM Jarvis,1,0,"",""
ball,2,28.2,Ireland,KJ O'Brien,WTS Porterfield,KM Jarvis,1,0,"",""
ball,2,28.3,Ireland,WTS Porterfield,KJ O'Brien,KM Jarvis,1,0,"",""
ball,2,28.4,Ireland,KJ O'Brien,WTS Porterfield,KM Jarvis,1,0,"",""
ball,2,28.5,Ireland,WTS Porterfield,KJ O'Brien,KM Jarvis,1,0,"",""
ball,2,28.6,Ireland,KJ O'Brien,WTS Porterfield,KM Jarvis,0,0,"",""
ball,2,29.1,Ireland,WTS Porterfield,KJ O'Brien,Sikandar Raza,0,0,"",""
ball,2,29.2,Ireland,WTS Porterfield,KJ O'Brien,Sikandar Raza,2,0,"",""
ball,2,29.3,Ireland,WTS Porterfield,KJ O'Brien,Sikandar Raza,0,0,"",""
ball,2,29.4,Ireland,WTS Porterfield,KJ O'Brien,Sikandar Raza,4,0,"",""
ball,2,29.5,Ireland,WTS Porterfield,KJ O'Brien,Sikandar Raza,0,0,"",""
ball,2,29.6,Ireland,WTS Porterfield,KJ O'Brien,Sikandar Raza,0,0,"",""
ball,2,30.1,Ireland,KJ O'Brien,WTS Porterfield,KM Jarvis,0,0,"",""
ball,2,30.2,Ireland,KJ O'Brien,WTS Porterfield,KM Jarvis,1,0,"",""
ball,2,30.3,Ireland,WTS Porterfield,KJ O'Brien,KM Jarvis,1,0,"",""
ball,2,30.4,Ireland,KJ O'Brien,WTS Porterfield,KM Jarvis,1,0,"",""
ball,2,30.5,Ireland,WTS Porterfield,KJ O'Brien,KM Jarvis,1,0,"",""
ball,2,30.6,Ireland,KJ O'Brien,WTS Porterfield,KM Jarvis,0,0,"",""
ball,2,31.1,Ireland,WTS Porterfield,KJ O'Brien,Sikandar Raza,4,0,"",""
ball,2,31.2,Ireland,WTS Porterfield,KJ O'Brien,Sikandar Raza,4,0,"",""
ball,2,31.3,Ireland,WTS Porterfield,KJ O'Brien,Sikandar Raza,0,0,"",""
ball,2,31.4,Ireland,WTS Porterfield,KJ O'Brien,Sikandar Raza,0,0,"",""
ball,2,31.5,Ireland,WTS Porterfield,KJ O'Brien,Sikandar Raza,0,0,"",""
ball,2,31.6,Ireland,WTS Porterfield,KJ O'Brien,Sikandar Raza,0,0,"",""
ball,2,32.1,Ireland,KJ O'Brien,WTS Porterfield,KM Jarvis,0,0,"",""
ball,2,32.2,Ireland,KJ O'Brien,WTS Porterfield,KM Jarvis,0,0,"",""
ball,2,32.3,Ireland,KJ O'Brien,WTS Porterfield,KM Jarvis,1,0,"",""
ball,2,32.4,Ireland,WTS Porterfield,KJ O'Brien,KM Jarvis,0,0,"",""
ball,2,32.5,Ireland,WTS Porterfield,KJ O'Brien,KM Jarvis,1,0,"",""
ball,2,32.6,Ireland,KJ O'Brien,WTS Porterfield,KM Jarvis,0,0,"",""
ball,2,33.1,Ireland,WTS Porterfield,KJ O'Brien,H Masakadza,0,0,"",""
ball,2,33.2,Ireland,WTS Porterfield,KJ O'Brien,H Masakadza,4,0,"",""
ball,2,33.3,Ireland,WTS Porterfield,KJ O'Brien,H Masakadza,1,0,"",""
ball,2,33.4,Ireland,KJ O'Brien,WTS Porterfield,H Masakadza,0,0,"",""
ball,2,33.5,Ireland,KJ O'Brien,WTS Porterfield,H Masakadza,1,0,"",""
ball,2,33.6,Ireland,WTS Porterfield,KJ O'Brien,H Masakadza,0,0,"",""
ball,2,34.1,Ireland,KJ O'Brien,WTS Porterfield,RP Burl,0,0,"",""
ball,2,34.2,Ireland,KJ O'Brien,WTS Porterfield,RP Burl,0,0,"",""
ball,2,34.3,Ireland,KJ O'Brien,WTS Porterfield,RP Burl,0,0,"",""
ball,2,34.4,Ireland,KJ O'Brien,WTS Porterfield,RP Burl,0,0,"",""
ball,2,34.5,Ireland,KJ O'Brien,WTS Porterfield,RP Burl,1,0,"",""
ball,2,34.6,Ireland,WTS Porterfield,KJ O'Brien,RP Burl,0,0,"",""
ball,2,35.1,Ireland,KJ O'Brien,WTS Porterfield,H Masakadza,1,0,"",""
ball,2,35.2,Ireland,WTS Porterfield,KJ O'Brien,H Masakadza,1,0,"",""
ball,2,35.3,Ireland,KJ O'Brien,WTS Porterfield,H Masakadza,1,0,"",""
ball,2,35.4,Ireland,WTS Porterfield,KJ O'Brien,H Masakadza,0,0,"",""
ball,2,35.5,Ireland,WTS Porterfield,KJ O'Brien,H Masakadza,0,0,"",""
ball,2,35.6,Ireland,WTS Porterfield,KJ O'Brien,H Masakadza,0,0,"",""
ball,2,36.1,Ireland,KJ O'Brien,WTS Porterfield,RP Burl,1,0,"",""
ball,2,36.2,Ireland,WTS Porterfield,KJ O'Brien,RP Burl,0,0,bowled,WTS Porterfield
ball,2,36.3,Ireland,L Tucker,KJ O'Brien,RP Burl,0,0,"",""
ball,2,36.4,Ireland,L Tucker,KJ O'Brien,RP Burl,4,0,"",""
ball,2,36.5,Ireland,L Tucker,KJ O'Brien,RP Burl,0,0,"",""
ball,2,36.6,Ireland,L Tucker,KJ O'Brien,RP Burl,0,0,"",""
ball,2,37.1,Ireland,KJ O'Brien,L Tucker,H Masakadza,0,0,"",""
ball,2,37.2,Ireland,KJ O'Brien,L Tucker,H Masakadza,4,0,"",""
ball,2,37.3,Ireland,KJ O'Brien,L Tucker,H Masakadza,0,0,"",""
ball,2,37.4,Ireland,KJ O'Brien,L Tucker,H Masakadza,0,0,"",""
ball,2,37.5,Ireland,KJ O'Brien,L Tucker,H Masakadza,1,0,"",""
ball,2,37.6,Ireland,L Tucker,KJ O'Brien,H Masakadza,0,0,"",""
ball,2,38.1,Ireland,KJ O'Brien,L Tucker,RP Burl,4,0,"",""
ball,2,38.2,Ireland,KJ O'Brien,L Tucker,RP Burl,1,0,"",""
ball,2,38.3,Ireland,L Tucker,KJ O'Brien,RP Burl,0,0,"",""
ball,2,38.4,Ireland,L Tucker,KJ O'Brien,RP Burl,0,0,"",""
ball,2,38.5,Ireland,L Tucker,KJ O'Brien,RP Burl,0,0,"",""
ball,2,38.6,Ireland,L Tucker,KJ O'Brien,RP Burl,0,0,"",""
ball,2,39.1,Ireland,KJ O'Brien,L Tucker,TL Chatara,0,4,"",""
ball,2,39.2,Ireland,KJ O'Brien,L Tucker,TL Chatara,0,0,"",""
ball,2,39.3,Ireland,KJ O'Brien,L Tucker,TL Chatara,0,0,"",""
ball,2,39.4,Ireland,KJ O'Brien,L Tucker,TL Chatara,0,0,"",""
ball,2,39.5,Ireland,KJ O'Brien,L Tucker,TL Chatara,1,0,"",""
ball,2,39.6,Ireland,L Tucker,KJ O'Brien,TL Chatara,0,0,"",""
ball,2,40.1,Ireland,KJ O'Brien,L Tucker,RP Burl,4,0,"",""
ball,2,40.2,Ireland,KJ O'Brien,L Tucker,RP Burl,0,0,"",""
ball,2,40.3,Ireland,KJ O'Brien,L Tucker,RP Burl,1,0,"",""
ball,2,40.4,Ireland,L Tucker,KJ O'Brien,RP Burl,1,0,"",""
ball,2,40.5,Ireland,KJ O'Brien,L Tucker,RP Burl,0,0,"",""
ball,2,40.6,Ireland,KJ O'Brien,L Tucker,RP Burl,4,0,"",""
ball,2,41.1,Ireland,L Tucker,KJ O'Brien,TL Chatara,2,0,"",""
ball,2,41.2,Ireland,L Tucker,KJ O'Brien,TL Chatara,1,0,"",""
