version,1.3.0
info,team,Scotland
info,team,Afghanistan
info,gender,male
info,season,2019
info,date,2019/05/10
info,series,Afghanistan tour of England and Scotland 2019
info,match_number,2
info,venue,"Grange Cricket Club, Raeburn Place"
info,city,Edinburgh
info,toss_winner,Scotland
info,toss_decision,bat
info,player_of_match,Rahmat Shah
info,umpire,HDPK Dharmasena
info,umpire,AJT Dowdalls
info,reserve_umpire,DA Haggo
info,match_referee,RS Madugalle
info,winner,Afghanistan
info,winner_runs,2
info,method,D/L
ball,1,0.1,Scotland,MH Cross,KJ Coetzer,Dawlat Zadran,0,0,"",""
ball,1,0.2,Scotland,MH Cross,KJ Coetzer,Dawlat Zadran,1,0,"",""
ball,1,0.3,Scotland,KJ Coetzer,MH Cross,Dawlat Zadran,4,0,"",""
ball,1,0.4,Scotland,KJ Coetzer,MH Cross,Dawlat Zadran,0,0,"",""
ball,1,0.5,Scotland,KJ Coetzer,MH Cross,Dawlat Zadran,0,0,"",""
ball,1,0.6,Scotland,KJ Coetzer,MH Cross,Dawlat Zadran,0,0,"",""
ball,1,1.1,Scotland,MH Cross,KJ Coetzer,Hamid Hassan,0,0,"",""
ball,1,1.2,Scotland,MH Cross,KJ Coetzer,Hamid Hassan,0,0,"",""
ball,1,1.3,Scotland,MH Cross,KJ Coetzer,Hamid Hassan,1,0,"",""
ball,1,1.4,Scotland,KJ Coetzer,MH Cross,Hamid Hassan,0,0,"",""
ball,1,1.5,Scotland,KJ Coetzer,MH Cross,Hamid Hassan,0,0,"",""
ball,1,1.6,Scotland,KJ Coetzer,MH Cross,Hamid Hassan,0,0,"",""
ball,1,2.1,Scotland,MH Cross,KJ Coetzer,Dawlat Zadran,0,0,"",""
ball,1,2.2,Scotland,MH Cross,KJ Coetzer,Dawlat Zadran,0,0,"",""
ball,1,2.3,Scotland,MH Cross,KJ Coetzer,Dawlat Zadran,1,0,"",""
ball,1,2.4,Scotland,KJ Coetzer,MH Cross,Dawlat Zadran,0,0,"",""
ball,1,2.5,Scotland,KJ Coetzer,MH Cross,Dawlat Zadran,0,0,"",""
ball,1,2.6,Scotland,KJ Coetzer,MH Cross,Dawlat Zadran,0,0,"",""
ball,1,3.1,Scotland,MH Cross,KJ Coetzer,Hamid Hassan,0,0,"",""
ball,1,3.2,Scotland,MH Cross,KJ Coetzer,Hamid Hassan,0,0,"",""
ball,1,3.3,Scotland,MH Cross,KJ Coetzer,Hamid Hassan,0,0,"",""
ball,1,3.4,Scotland,MH Cross,KJ Coetzer,Hamid Hassan,1,0,"",""
ball,1,3.5,Scotland,KJ Coetzer,MH Cross,Hamid Hassan,1,0,"",""
ball,1,3.6,Scotland,MH Cross,KJ Coetzer,Hamid Hassan,0,0,"",""
ball,1,4.1,Scotland,KJ Coetzer,MH Cross,Dawlat Zadran,4,0,"",""
ball,1,4.2,Scotland,KJ Coetzer,MH Cross,Dawlat Zadran,0,0,"",""
ball,1,4.3,Scotland,KJ Coetzer,MH Cross,Dawlat Zadran,0,0,"",""
ball,1,4.4,Scotland,KJ Coetzer,MH Cross,Dawlat Zadran,1,0,"",""
ball,1,4.5,Scotland,MH Cross,KJ Coetzer,Dawlat Zadran,0,0,"",""
ball,1,4.6,Scotland,MH Cross,KJ Coetzer,Dawlat Zadran,0,0,"",""
ball,1,5.1,Scotland,KJ Coetzer,MH Cross,Hamid Hassan,0,0,"",""
ball,1,5.2,Scotland,KJ Coetzer,MH Cross,Hamid Hassan,0,0,"",""
ball,1,5.3,Scotland,KJ Coetzer,MH Cross,Hamid Hassan,0,0,"",""
ball,1,5.4,Scotland,KJ Coetzer,MH Cross,Hamid Hassan,0,0,"",""
ball,1,5.5,Scotland,KJ Coetzer,MH Cross,Hamid Hassan,0,0,"",""
ball,1,5.6,Scotland,KJ Coetzer,MH Cross,Hamid Hassan,0,0,"",""
ball,1,6.1,Scotland,MH Cross,KJ Coetzer,Dawlat Zadran,0,1,"",""
ball,1,6.2,Scotland,MH Cross,KJ Coetzer,Dawlat Zadran,4,0,"",""
ball,1,6.3,Scotland,MH Cross,KJ Coetzer,Dawlat Zadran,0,0,"",""
ball,1,6.4,Scotland,MH Cross,KJ Coetzer,Dawlat Zadran,0,0,"",""
ball,1,6.5,Scotland,MH Cross,KJ Coetzer,Dawlat Zadran,0,0,"",""
ball,1,6.6,Scotland,MH Cross,KJ Coetzer,Dawlat Zadran,0,0,"",""
ball,1,6.7,Scotland,MH Cross,KJ Coetzer,Dawlat Zadran,0,0,"",""
ball,1,7.1,Scotland,KJ Coetzer,MH Cross,Hamid Hassan,4,0,"",""
ball,1,7.2,Scotland,KJ Coetzer,MH Cross,Hamid Hassan,0,0,"",""
ball,1,7.3,Scotland,KJ Coetzer,MH Cross,Hamid Hassan,1,0,"",""
ball,1,7.4,Scotland,MH Cross,KJ Coetzer,Hamid Hassan,0,0,"",""
ball,1,7.5,Scotland,MH Cross,KJ Coetzer,Hamid Hassan,0,0,"",""
ball,1,7.6,Scotland,MH Cross,KJ Coetzer,Hamid Hassan,1,0,"",""
ball,1,8.1,Scotland,MH Cross,KJ Coetzer,Dawlat Zadran,1,0,"",""
ball,1,8.2,Scotland,KJ Coetzer,MH Cross,Dawlat Zadran,1,0,"",""
ball,1,8.3,Scotland,MH Cross,KJ Coetzer,Dawlat Zadran,1,0,"",""
ball,1,8.4,Scotland,KJ Coetzer,MH Cross,Dawlat Zadran,0,0,"",""
ball,1,8.5,Scotland,KJ Coetzer,MH Cross,Dawlat Zadran,0,0,"",""
ball,1,8.6,Scotland,KJ Coetzer,MH Cross,Dawlat Zadran,0,0,"",""
ball,1,9.1,Scotland,MH Cross,KJ Coetzer,Aftab Alam,0,0,"",""
ball,1,9.2,Scotland,MH Cross,KJ Coetzer,Aftab Alam,6,0,"",""
ball,1,9.3,Scotland,MH Cross,KJ Coetzer,Aftab Alam,0,0,"",""
ball,1,9.4,Scotland,MH Cross,KJ Coetzer,Aftab Alam,4,0,"",""
ball,1,9.5,Scotland,MH Cross,KJ Coetzer,Aftab Alam,0,0,"",""
ball,1,9.6,Scotland,MH Cross,KJ Coetzer,Aftab Alam,0,0,"",""
ball,1,10.1,Scotland,KJ Coetzer,MH Cross,Gulbadin Naib,0,0,"",""
ball,1,10.2,Scotland,KJ Coetzer,MH Cross,Gulbadin Naib,0,0,"",""
ball,1,10.3,Scotland,KJ Coetzer,MH Cross,Gulbadin Naib,0,0,"",""
ball,1,10.4,Scotland,KJ Coetzer,MH Cross,Gulbadin Naib,0,0,"",""
ball,1,10.5,Scotland,KJ Coetzer,MH Cross,Gulbadin Naib,4,0,"",""
ball,1,10.6,Scotland,KJ Coetzer,MH Cross,Gulbadin Naib,0,0,"",""
ball,1,11.1,Scotland,MH Cross,KJ Coetzer,Aftab Alam,0,0,"",""
ball,1,11.2,Scotland,MH Cross,KJ Coetzer,Aftab Alam,4,0,"",""
ball,1,11.3,Scotland,MH Cross,KJ Coetzer,Aftab Alam,0,0,"",""
ball,1,11.4,Scotland,MH Cross,KJ Coetzer,Aftab Alam,0,0,"",""
ball,1,11.5,Scotland,MH Cross,KJ Coetzer,Aftab Alam,0,0,"",""
ball,1,11.6,Scotland,MH Cross,KJ Coetzer,Aftab Alam,0,0,"",""
ball,1,12.1,Scotland,KJ Coetzer,MH Cross,Gulbadin Naib,4,0,"",""
ball,1,12.2,Scotland,KJ Coetzer,MH Cross,Gulbadin Naib,0,0,"",""
ball,1,12.3,Scotland,KJ Coetzer,MH Cross,Gulbadin Naib,0,0,"",""
ball,1,12.4,Scotland,KJ Coetzer,MH Cross,Gulbadin Naib,0,0,"",""
ball,1,12.5,Scotland,KJ Coetzer,MH Cross,Gulbadin Naib,0,1,"",""
ball,1,12.6,Scotland,KJ Coetzer,MH Cross,Gulbadin Naib,0,0,"",""
ball,1,12.7,Scotland,KJ Coetzer,MH Cross,Gulbadin Naib,4,0,"",""
ball,1,13.1,Scotland,MH Cross,KJ Coetzer,Aftab Alam,1,0,"",""
ball,1,13.2,Scotland,KJ Coetzer,MH Cross,Aftab Alam,4,0,"",""
ball,1,13.3,Scotland,KJ Coetzer,MH Cross,Aftab Alam,0,0,"",""
ball,1,13.4,Scotland,KJ Coetzer,MH Cross,Aftab Alam,4,0,"",""
ball,1,13.5,Scotland,KJ Coetzer,MH Cross,Aftab Alam,0,0,"",""
ball,1,13.6,Scotland,KJ Coetzer,MH Cross,Aftab Alam,1,0,"",""
ball,1,14.1,Scotland,KJ Coetzer,MH Cross,Gulbadin Naib,1,0,"",""
ball,1,14.2,Scotland,MH Cross,KJ Coetzer,Gulbadin Naib,0,0,"",""
ball,1,14.3,Scotland,MH Cross,KJ Coetzer,Gulbadin Naib,0,0,"",""
ball,1,14.4,Scotland,MH Cross,KJ Coetzer,Gulbadin Naib,0,0,"",""
ball,1,14.5,Scotland,MH Cross,KJ Coetzer,Gulbadin Naib,0,0,"",""
ball,1,14.6,Scotland,MH Cross,KJ Coetzer,Gulbadin Naib,0,0,"",""
ball,1,15.1,Scotland,KJ Coetzer,MH Cross,Sharafuddin Ashraf,1,0,"",""
ball,1,15.2,Scotland,MH Cross,KJ Coetzer,Sharafuddin Ashraf,1,0,"",""
ball,1,15.3,Scotland,KJ Coetzer,MH Cross,Sharafuddin Ashraf,0,0,"",""
ball,1,15.4,Scotland,KJ Coetzer,MH Cross,Sharafuddin Ashraf,0,0,"",""
ball,1,15.5,Scotland,KJ Coetzer,MH Cross,Sharafuddin Ashraf,1,0,"",""
ball,1,15.6,Scotland,MH Cross,KJ Coetzer,Sharafuddin Ashraf,1,0,"",""
ball,1,16.1,Scotland,MH Cross,KJ Coetzer,Gulbadin Naib,0,0,"",""
ball,1,16.2,Scotland,MH Cross,KJ Coetzer,Gulbadin Naib,0,0,"",""
ball,1,16.3,Scotland,MH Cross,KJ Coetzer,Gulbadin Naib,2,0,"",""
ball,1,16.4,Scotland,MH Cross,KJ Coetzer,Gulbadin Naib,1,0,"",""
ball,1,16.5,Scotland,KJ Coetzer,MH Cross,Gulbadin Naib,0,0,"",""
ball,1,16.6,Scotland,KJ Coetzer,MH Cross,Gulbadin Naib,0,0,"",""
ball,1,17.1,Scotland,MH Cross,KJ Coetzer,Sharafuddin Ashraf,1,0,"",""
ball,1,17.2,Scotland,KJ Coetzer,MH Cross,Sharafuddin Ashraf,0,0,"",""
ball,1,17.3,Scotland,KJ Coetzer,MH Cross,Sharafuddin Ashraf,0,0,"",""
ball,1,17.4,Scotland,KJ Coetzer,MH Cross,Sharafuddin Ashraf,0,0,"",""
ball,1,17.5,Scotland,KJ Coetzer,MH Cross,Sharafuddin Ashraf,1,0,"",""
ball,1,17.6,Scotland,MH Cross,KJ Coetzer,Sharafuddin Ashraf,0,0,"",""
ball,1,18.1,Scotland,KJ Coetzer,MH Cross,Gulbadin Naib,1,0,"",""
ball,1,18.2,Scotland,MH Cross,KJ Coetzer,Gulbadin Naib,0,0,caught,MH Cross
ball,1,18.3,Scotland,CS MacLeod,KJ Coetzer,Gulbadin Naib,0,0,"",""
ball,1,18.4,Scotland,CS MacLeod,KJ Coetzer,Gulbadin Naib,2,0,"",""
ball,1,18.5,Scotland,CS MacLeod,KJ Coetzer,Gulbadin Naib,0,0,"",""
ball,1,18.6,Scotland,CS MacLeod,KJ Coetzer,Gulbadin Naib,0,0,"",""
ball,1,19.1,Scotland,KJ Coetzer,CS MacLeod,Sharafuddin Ashraf,0,0,"",""
ball,1,19.2,Scotland,KJ Coetzer,CS MacLeod,Sharafuddin Ashraf,1,0,"",""
ball,1,19.3,Scotland,CS MacLeod,KJ Coetzer,Sharafuddin Ashraf,4,0,"",""
ball,1,19.4,Scotland,CS MacLeod,KJ Coetzer,Sharafuddin Ashraf,0,0,"",""
ball,1,19.5,Scotland,CS MacLeod,KJ Coetzer,Sharafuddin Ashraf,0,0,"",""
ball,1,19.6,Scotland,CS MacLeod,KJ Coetzer,Sharafuddin Ashraf,0,0,"",""
ball,1,20.1,Scotland,KJ Coetzer,CS MacLeod,Gulbadin Naib,1,0,"",""
ball,1,20.2,Scotland,CS MacLeod,KJ Coetzer,Gulbadin Naib,0,0,"",""
ball,1,20.3,Scotland,CS MacLeod,KJ Coetzer,Gulbadin Naib,0,0,"",""
ball,1,20.4,Scotland,CS MacLeod,KJ Coetzer,Gulbadin Naib,1,0,"",""
ball,1,20.5,Scotland,KJ Coetzer,CS MacLeod,Gulbadin Naib,1,0,"",""
ball,1,20.6,Scotland,CS MacLeod,KJ Coetzer,Gulbadin Naib,1,0,"",""
ball,1,21.1,Scotland,CS MacLeod,KJ Coetzer,Sharafuddin Ashraf,0,0,"",""
ball,1,21.2,Scotland,CS MacLeod,KJ Coetzer,Sharafuddin Ashraf,0,0,"",""
ball,1,21.3,Scotland,CS MacLeod,KJ Coetzer,Sharafuddin Ashraf,0,0,"",""
ball,1,21.4,Scotland,CS MacLeod,KJ Coetzer,Sharafuddin Ashraf,1,0,"",""
ball,1,21.5,Scotland,KJ Coetzer,CS MacLeod,Sharafuddin Ashraf,1,0,"",""
ball,1,21.6,Scotland,CS MacLeod,KJ Coetzer,Sharafuddin Ashraf,1,0,"",""
ball,1,22.1,Scotland,CS MacLeod,KJ Coetzer,Aftab Alam,0,0,"",""
ball,1,22.2,Scotland,CS MacLeod,KJ Coetzer,Aftab Alam,1,0,"",""
ball,1,22.3,Scotland,KJ Coetzer,CS MacLeod,Aftab Alam,0,0,"",""
ball,1,22.4,Scotland,KJ Coetzer,CS MacLeod,Aftab Alam,0,0,"",""
ball,1,22.5,Scotland,KJ Coetzer,CS MacLeod,Aftab Alam,2,0,"",""
ball,1,22.6,Scotland,KJ Coetzer,CS MacLeod,Aftab Alam,1,0,"",""
ball,1,23.1,Scotland,KJ Coetzer,CS MacLeod,Sharafuddin Ashraf,1,0,"",""
ball,1,23.2,Scotland,CS MacLeod,KJ Coetzer,Sharafuddin Ashraf,1,0,"",""
ball,1,23.3,Scotland,KJ Coetzer,CS MacLeod,Sharafuddin Ashraf,1,0,"",""
ball,1,23.4,Scotland,CS MacLeod,KJ Coetzer,Sharafuddin Ashraf,0,0,"",""
ball,1,23.5,Scotland,CS MacLeod,KJ Coetzer,Sharafuddin Ashraf,1,0,"",""
ball,1,23.6,Scotland,KJ Coetzer,CS MacLeod,Sharafuddin Ashraf,1,0,"",""
ball,1,24.1,Scotland,KJ Coetzer,CS MacLeod,Aftab Alam,0,0,"",""
ball,1,24.2,Scotland,KJ Coetzer,CS MacLeod,Aftab Alam,0,0,"",""
ball,1,24.3,Scotland,KJ Coetzer,CS MacLeod,Aftab Alam,1,0,"",""
ball,1,24.4,Scotland,CS MacLeod,KJ Coetzer,Aftab Alam,1,0,"",""
ball,1,24.5,Scotland,KJ Coetzer,CS MacLeod,Aftab Alam,0,0,"",""
ball,1,24.6,Scotland,KJ Coetzer,CS MacLeod,Aftab Alam,1,0,"",""
ball,1,25.1,Scotland,KJ Coetzer,CS MacLeod,Sharafuddin Ashraf,0,0,"",""
ball,1,25.2,Scotland,KJ Coetzer,CS MacLeod,Sharafuddin Ashraf,0,0,"",""
ball,1,25.3,Scotland,KJ Coetzer,CS MacLeod,Sharafuddin Ashraf,0,0,"",""
ball,1,25.4,Scotland,KJ Coetzer,CS MacLeod,Sharafuddin Ashraf,0,0,"",""
ball,1,25.5,Scotland,KJ Coetzer,CS MacLeod,Sharafuddin Ashraf,1,0,"",""
ball,1,25.6,Scotland,CS MacLeod,KJ Coetzer,Sharafuddin Ashraf,0,0,"",""
ball,1,26.1,Scotland,KJ Coetzer,CS MacLeod,Aftab Alam,0,0,"",""
ball,1,26.2,Scotland,KJ Coetzer,CS MacLeod,Aftab Alam,0,1,"",""
ball,1,26.3,Scotland,KJ Coetzer,CS MacLeod,Aftab Alam,1,0,"",""
ball,1,26.4,Scotland,CS MacLeod,KJ Coetzer,Aftab Alam,1,0,"",""
ball,1,26.5,Scotland,KJ Coetzer,CS MacLeod,Aftab Alam,0,1,"",""
ball,1,26.6,Scotland,KJ Coetzer,CS MacLeod,Aftab Alam,0,0,"",""
ball,1,26.7,Scotland,KJ Coetzer,CS MacLeod,Aftab Alam,4,0,"",""
ball,1,26.8,Scotland,KJ Coetzer,CS MacLeod,Aftab Alam,1,0,"",""
ball,1,27.1,Scotland,KJ Coetzer,CS MacLeod,Sharafuddin Ashraf,4,0,"",""
ball,1,27.2,Scotland,KJ Coetzer,CS MacLeod,Sharafuddin Ashraf,0,0,"",""
ball,1,27.3,Scotland,KJ Coetzer,CS MacLeod,Sharafuddin Ashraf,1,0,"",""
ball,1,27.4,Scotland,CS MacLeod,KJ Coetzer,Sharafuddin Ashraf,2,0,"",""
ball,1,27.5,Scotland,CS MacLeod,KJ Coetzer,Sharafuddin Ashraf,1,0,"",""
ball,1,27.6,Scotland,KJ Coetzer,CS MacLeod,Sharafuddin Ashraf,0,0,"",""
ball,1,28.1,Scotland,CS MacLeod,KJ Coetzer,Hamid Hassan,0,0,"",""
ball,1,28.2,Scotland,CS MacLeod,KJ Coetzer,Hamid Hassan,4,0,"",""
ball,1,28.3,Scotland,CS MacLeod,KJ Coetzer,Hamid Hassan,0,0,"",""
ball,1,28.4,Scotland,CS MacLeod,KJ Coetzer,Hamid Hassan,0,0,"",""
ball,1,28.5,Scotland,CS MacLeod,KJ Coetzer,Hamid Hassan,0,0,"",""
ball,1,28.6,Scotland,CS MacLeod,KJ Coetzer,Hamid Hassan,0,0,"",""
ball,1,29.1,Scotland,KJ Coetzer,CS MacLeod,Rahmat Shah,0,0,"",""
ball,1,29.2,Scotland,KJ Coetzer,CS MacLeod,Rahmat Shah,0,0,"",""
ball,1,29.3,Scotland,KJ Coetzer,CS MacLeod,Rahmat Shah,4,0,"",""
ball,1,29.4,Scotland,KJ Coetzer,CS MacLeod,Rahmat Shah,1,0,"",""
ball,1,29.5,Scotland,CS MacLeod,KJ Coetzer,Rahmat Shah,4,0,"",""
ball,1,29.6,Scotland,CS MacLeod,KJ Coetzer,Rahmat Shah,4,0,"",""
ball,1,30.1,Scotland,KJ Coetzer,CS MacLeod,Hamid Hassan,4,0,"",""
ball,1,30.2,Scotland,KJ Coetzer,CS MacLeod,Hamid Hassan,0,0,"",""
ball,1,30.3,Scotland,KJ Coetzer,CS MacLeod,Hamid Hassan,2,0,"",""
ball,1,30.4,Scotland,KJ Coetzer,CS MacLeod,Hamid Hassan,1,0,"",""
ball,1,30.5,Scotland,CS MacLeod,KJ Coetzer,Hamid Hassan,0,0,"",""
ball,1,30.6,Scotland,CS MacLeod,KJ Coetzer,Hamid Hassan,1,0,"",""
ball,1,31.1,Scotland,CS MacLeod,KJ Coetzer,Gulbadin Naib,4,0,"",""
ball,1,31.2,Scotland,CS MacLeod,KJ Coetzer,Gulbadin Naib,1,0,"",""
ball,1,31.3,Scotland,KJ Coetzer,CS MacLeod,Gulbadin Naib,1,0,"",""
ball,1,31.4,Scotland,CS MacLeod,KJ Coetzer,Gulbadin Naib,1,0,"",""
ball,1,31.5,Scotland,KJ Coetzer,CS MacLeod,Gulbadin Naib,0,0,caught and bowled,KJ Coetzer
ball,1,31.6,Scotland,RD Berrington,CS MacLeod,Gulbadin Naib,0,1,"",""
ball,1,31.7,Scotland,RD Berrington,CS MacLeod,Gulbadin Naib,2,0,"",""
ball,1,32.1,Scotland,CS MacLeod,RD Berrington,Hamid Hassan,2,0,"",""
ball,1,32.2,Scotland,CS MacLeod,RD Berrington,Hamid Hassan,4,0,"",""
ball,1,32.3,Scotland,CS MacLeod,RD Berrington,Hamid Hassan,0,0,"",""
ball,1,32.4,Scotland,CS MacLeod,RD Berrington,Hamid Hassan,0,0,"",""
ball,1,32.5,Scotland,CS MacLeod,RD Berrington,Hamid Hassan,4,0,"",""
ball,1,32.6,Scotland,CS MacLeod,RD Berrington,Hamid Hassan,1,0,"",""
ball,1,33.1,Scotland,CS MacLeod,RD Berrington,Gulbadin Naib,0,0,"",""
ball,1,33.2,Scotland,CS MacLeod,RD Berrington,Gulbadin Naib,1,0,"",""
ball,1,33.3,Scotland,RD Berrington,CS MacLeod,Gulbadin Naib,1,0,"",""
ball,1,33.4,Scotland,CS MacLeod,RD Berrington,Gulbadin Naib,0,0,"",""
ball,1,33.5,Scotland,CS MacLeod,RD Berrington,Gulbadin Naib,1,0,"",""
ball,1,33.6,Scotland,RD Berrington,CS MacLeod,Gulbadin Naib,0,0,"",""
ball,1,34.1,Scotland,CS MacLeod,RD Berrington,Dawlat Zadran,0,0,"",""
ball,1,34.2,Scotland,CS MacLeod,RD Berrington,Dawlat Zadran,0,0,"",""
ball,1,34.3,Scotland,CS MacLeod,RD Berrington,Dawlat Zadran,0,0,"",""
ball,1,34.4,Scotland,CS MacLeod,RD Berrington,Dawlat Zadran,1,0,"",""
ball,1,34.5,Scotland,RD Berrington,CS MacLeod,Dawlat Zadran,0,0,"",""
ball,1,34.6,Scotland,RD Berrington,CS MacLeod,Dawlat Zadran,4,0,"",""
ball,1,35.1,Scotland,CS MacLeod,RD Berrington,Sharafuddin Ashraf,4,0,"",""
ball,1,35.2,Scotland,CS MacLeod,RD Berrington,Sharafuddin Ashraf,0,0,"",""
ball,1,35.3,Scotland,CS MacLeod,RD Berrington,Sharafuddin Ashraf,4,0,"",""
ball,1,35.4,Scotland,CS MacLeod,RD Berrington,Sharafuddin Ashraf,0,0,"",""
ball,1,35.5,Scotland,CS MacLeod,RD Berrington,Sharafuddin Ashraf,1,0,"",""
ball,1,35.6,Scotland,RD Berrington,CS MacLeod,Sharafuddin Ashraf,0,0,"",""
ball,1,36.1,Scotland,CS MacLeod,RD Berrington,Dawlat Zadran,1,0,"",""
ball,1,36.2,Scotland,RD Berrington,CS MacLeod,Dawlat Zadran,0,0,"",""
ball,1,36.3,Scotland,RD Berrington,CS MacLeod,Dawlat Zadran,0,1,"",""
ball,1,36.4,Scotland,RD Berrington,CS MacLeod,Dawlat Zadran,0,0,"",""
ball,1,36.5,Scotland,RD Berrington,CS MacLeod,Dawlat Zadran,1,0,"",""
ball,1,36.6,Scotland,CS MacLeod,RD Berrington,Dawlat Zadran,1,0,"",""
ball,1,36.7,Scotland,RD Berrington,CS MacLeod,Dawlat Zadran,1,0,"",""
ball,1,37.1,Scotland,RD Berrington,CS MacLeod,Sharafuddin Ashraf,4,0,"",""
ball,1,37.2,Scotland,RD Berrington,CS MacLeod,Sharafuddin Ashraf,0,0,"",""
ball,1,37.3,Scotland,RD Berrington,CS MacLeod,Sharafuddin Ashraf,4,0,"",""
ball,1,37.4,Scotland,RD Berrington,CS MacLeod,Sharafuddin Ashraf,1,0,"",""
ball,1,37.5,Scotland,CS MacLeod,RD Berrington,Sharafuddin Ashraf,2,0,"",""
ball,1,37.6,Scotland,CS MacLeod,RD Berrington,Sharafuddin Ashraf,2,0,"",""
ball,1,38.1,Scotland,RD Berrington,CS MacLeod,Dawlat Zadran,6,0,"",""
ball,1,38.2,Scotland,RD Berrington,CS MacLeod,Dawlat Zadran,4,0,"",""
ball,1,38.3,Scotland,RD Berrington,CS MacLeod,Dawlat Zadran,0,0,"",""
ball,1,38.4,Scotland,RD Berrington,CS MacLeod,Dawlat Zadran,1,0,"",""
ball,1,38.5,Scotland,CS MacLeod,RD Berrington,Dawlat Zadran,0,0,"",""
ball,1,38.6,Scotland,CS MacLeod,RD Berrington,Dawlat Zadran,1,0,"",""
ball,1,39.1,Scotland,CS MacLeod,RD Berrington,Gulbadin Naib,6,0,"",""
ball,1,39.2,Scotland,CS MacLeod,RD Berrington,Gulbadin Naib,1,0,"",""
ball,1,39.3,Scotland,RD Berrington,CS MacLeod,Gulbadin Naib,4,0,"",""
ball,1,39.4,Scotland,RD Berrington,CS MacLeod,Gulbadin Naib,0,0,bowled,RD Berrington
ball,1,39.5,Scotland,HG Munsey,CS MacLeod,Gulbadin Naib,1,0,"",""
ball,1,39.6,Scotland,CS MacLeod,HG Munsey,Gulbadin Naib,1,0,"",""
ball,1,40.1,Scotland,CS MacLeod,HG Munsey,Aftab Alam,1,0,"",""
ball,1,40.2,Scotland,HG Munsey,CS MacLeod,Aftab Alam,0,1,"",""
ball,1,40.3,Scotland,CS MacLeod,HG Munsey,Aftab Alam,1,0,"",""
ball,1,40.4,Scotland,HG Munsey,CS MacLeod,Aftab Alam,0,1,"",""
ball,1,40.5,Scotland,CS MacLeod,HG Munsey,Aftab Alam,1,0,"",""
ball,1,40.6,Scotland,HG Munsey,CS MacLeod,Aftab Alam,1,0,"",""
ball,1,41.1,Scotland,HG Munsey,CS MacLeod,Gulbadin Naib,4,0,"",""
ball,1,41.2,Scotland,HG Munsey,CS MacLeod,Gulbadin Naib,6,0,"",""
ball,1,41.3,Scotland,HG Munsey,CS MacLeod,Gulbadin Naib,6,0,"",""
ball,1,41.4,Scotland,HG Munsey,CS MacLeod,Gulbadin Naib,4,0,"",""
ball,1,41.5,Scotland,HG Munsey,CS MacLeod,Gulbadin Naib,1,0,"",""
ball,1,41.6,Scotland,CS MacLeod,HG Munsey,Gulbadin Naib,1,0,"",""
ball,1,42.1,Scotland,CS MacLeod,HG Munsey,Aftab Alam,1,0,"",""
ball,1,42.2,Scotland,HG Munsey,CS MacLeod,Aftab Alam,0,0,"",""
ball,1,42.3,Scotland,HG Munsey,CS MacLeod,Aftab Alam,1,0,"",""
ball,1,42.4,Scotland,CS MacLeod,HG Munsey,Aftab Alam,1,0,"",""
ball,1,42.5,Scotland,HG Munsey,CS MacLeod,Aftab Alam,4,0,"",""
ball,1,42.6,Scotland,HG Munsey,CS MacLeod,Aftab Alam,0,0,lbw,HG Munsey
ball,1,43.1,Scotland,CS MacLeod,CD Wallace,Hamid Hassan,1,0,"",""
ball,1,43.2,Scotland,CD Wallace,CS MacLeod,Hamid Hassan,1,0,"",""
ball,1,43.3,Scotland,CS MacLeod,CD Wallace,Hamid Hassan,2,0,"",""
ball,1,43.4,Scotland,CS MacLeod,CD Wallace,Hamid Hassan,1,0,"",""
ball,1,43.5,Scotland,CD Wallace,CS MacLeod,Hamid Hassan,0,0,"",""
ball,1,43.6,Scotland,CD Wallace,CS MacLeod,Hamid Hassan,2,0,"",""
ball,1,44.1,Scotland,CS MacLeod,CD Wallace,Aftab Alam,1,0,"",""
ball,1,44.2,Scotland,CD Wallace,CS MacLeod,Aftab Alam,0,1,"",""
ball,1,44.3,Scotland,CS MacLeod,CD Wallace,Aftab Alam,1,0,"",""
ball,1,44.4,Scotland,CD Wallace,CS MacLeod,Aftab Alam,1,0,"",""
ball,1,44.5,Scotland,CS MacLeod,CD Wallace,Aftab Alam,4,0,"",""
ball,1,44.6,Scotland,CS MacLeod,CD Wallace,Aftab Alam,1,0,"",""
ball,1,45.1,Scotland,CS MacLeod,CD Wallace,Hamid Hassan,1,0,"",""
ball,1,45.2,Scotland,CD Wallace,CS MacLeod,Hamid Hassan,4,0,"",""
ball,1,45.3,Scotland,CD Wallace,CS MacLeod,Hamid Hassan,0,0,"",""
ball,1,45.4,Scotland,CD Wallace,CS MacLeod,Hamid Hassan,1,0,"",""
ball,1,45.5,Scotland,CS MacLeod,CD Wallace,Hamid Hassan,2,0,"",""
ball,1,45.6,Scotland,CS MacLeod,CD Wallace,Hamid Hassan,0,0,"",""
ball,1,46.1,Scotland,CD Wallace,CS MacLeod,Dawlat Zadran,1,0,"",""
ball,1,46.2,Scotland,CS MacLeod,CD Wallace,Dawlat Zadran,1,0,"",""
ball,1,46.3,Scotland,CD Wallace,CS MacLeod,Dawlat Zadran,0,1,"",""
ball,1,46.4,Scotland,CD Wallace,CS MacLeod,Dawlat Zadran,4,0,"",""
ball,1,46.5,Scotland,CD Wallace,CS MacLeod,Dawlat Zadran,1,0,"",""
ball,1,46.6,Scotland,CS MacLeod,CD Wallace,Dawlat Zadran,2,0,"",""
ball,1,46.7,Scotland,CS MacLeod,CD Wallace,Dawlat Zadran,1,0,"",""
ball,1,47.1,Scotland,CS MacLeod,CD Wallace,Hamid Hassan,1,0,"",""
ball,1,47.2,Scotland,CD Wallace,CS MacLeod,Hamid Hassan,1,0,"",""
ball,1,47.3,Scotland,CS MacLeod,CD Wallace,Hamid Hassan,0,0,caught,CS MacLeod
ball,1,47.4,Scotland,CD Wallace,TB Sole,Hamid Hassan,4,0,"",""
ball,1,47.5,Scotland,CD Wallace,TB Sole,Hamid Hassan,0,0,caught,CD Wallace
ball,1,47.6,Scotland,SM Sharif,TB Sole,Hamid Hassan,2,0,"",""
ball,1,48.1,Scotland,TB Sole,SM Sharif,Dawlat Zadran,1,0,"",""
ball,1,48.2,Scotland,SM Sharif,TB Sole,Dawlat Zadran,3,0,"",""
ball,1,48.3,Scotland,TB Sole,SM Sharif,Dawlat Zadran,1,0,"",""
ball,1,48.4,Scotland,SM Sharif,TB Sole,Dawlat Zadran,4,0,"",""
ball,1,48.5,Scotland,SM Sharif,TB Sole,Dawlat Zadran,2,0,"",""
ball,1,48.6,Scotland,SM Sharif,TB Sole,Dawlat Zadran,1,0,"",""
ball,1,49.1,Scotland,SM Sharif,TB Sole,Aftab Alam,1,0,"",""
ball,1,49.2,Scotland,TB Sole,SM Sharif,Aftab Alam,2,0,"",""
ball,1,49.3,Scotland,TB Sole,SM Sharif,Aftab Alam,0,2,"",""
ball,1,49.4,Scotland,TB Sole,SM Sharif,Aftab Alam,2,0,"",""
ball,1,49.5,Scotland,TB Sole,SM Sharif,Aftab Alam,2,0,"",""
ball,1,49.6,Scotland,TB Sole,SM Sharif,Aftab Alam,0,0,caught,TB Sole
ball,2,0.1,Afghanistan,Mohammad Shahzad,Hazratullah,BTJ Wheal,0,0,"",""
ball,2,0.2,Afghanistan,Mohammad Shahzad,Hazratullah,BTJ Wheal,0,0,"",""
ball,2,0.3,Afghanistan,Mohammad Shahzad,Hazratullah,BTJ Wheal,0,0,"",""
ball,2,0.4,Afghanistan,Mohammad Shahzad,Hazratullah,BTJ Wheal,4,0,"",""
ball,2,0.5,Afghanistan,Mohammad Shahzad,Hazratullah,BTJ Wheal,1,0,"",""
ball,2,0.6,Afghanistan,Hazratullah,Mohammad Shahzad,BTJ Wheal,0,0,"",""
ball,2,1.1,Afghanistan,Mohammad Shahzad,Hazratullah,SM Sharif,0,0,"",""
ball,2,1.2,Afghanistan,Mohammad Shahzad,Hazratullah,SM Sharif,0,1,"",""
ball,2,1.3,Afghanistan,Hazratullah,Mohammad Shahzad,SM Sharif,0,0,"",""
ball,2,1.4,Afghanistan,Hazratullah,Mohammad Shahzad,SM Sharif,0,0,"",""
ball,2,1.5,Afghanistan,Hazratullah,Mohammad Shahzad,SM Sharif,4,0,"",""
ball,2,1.6,Afghanistan,Hazratullah,Mohammad Shahzad,SM Sharif,0,0,"",""
ball,2,2.1,Afghanistan,Mohammad Shahzad,Hazratullah,BTJ Wheal,0,0,"",""
ball,2,2.2,Afghanistan,Mohammad Shahzad,Hazratullah,BTJ Wheal,0,0,"",""
ball,2,2.3,Afghanistan,Mohammad Shahzad,Hazratullah,BTJ Wheal,0,0,"",""
ball,2,2.4,Afghanistan,Mohammad Shahzad,Hazratullah,BTJ Wheal,0,1,"",""
ball,2,2.5,Afghanistan,Mohammad Shahzad,Hazratullah,BTJ Wheal,0,0,"",""
ball,2,2.6,Afghanistan,Mohammad Shahzad,Hazratullah,BTJ Wheal,1,0,"",""
ball,2,2.7,Afghanistan,Hazratullah,Mohammad Shahzad,BTJ Wheal,6,0,"",""
ball,2,3.1,Afghanistan,Mohammad Shahzad,Hazratullah,SM Sharif,4,0,"",""
ball,2,3.2,Afghanistan,Mohammad Shahzad,Hazratullah,SM Sharif,1,0,"",""
ball,2,3.3,Afghanistan,Hazratullah,Mohammad Shahzad,SM Sharif,0,0,"",""
ball,2,3.4,Afghanistan,Hazratullah,Mohammad Shahzad,SM Sharif,0,0,"",""
ball,2,3.5,Afghanistan,Hazratullah,Mohammad Shahzad,SM Sharif,4,0,"",""
ball,2,3.6,Afghanistan,Hazratullah,Mohammad Shahzad,SM Sharif,0,0,"",""
ball,2,4.1,Afghanistan,Mohammad Shahzad,Hazratullah,BTJ Wheal,1,0,"",""
ball,2,4.2,Afghanistan,Hazratullah,Mohammad Shahzad,BTJ Wheal,0,0,"",""
ball,2,4.3,Afghanistan,Hazratullah,Mohammad Shahzad,BTJ Wheal,0,0,caught,Hazratullah
ball,2,4.4,Afghanistan,Mohammad Shahzad,Rahmat Shah,BTJ Wheal,0,0,"",""
ball,2,4.5,Afghanistan,Mohammad Shahzad,Rahmat Shah,BTJ Wheal,4,0,"",""
ball,2,4.6,Afghanistan,Mohammad Shahzad,Rahmat Shah,BTJ Wheal,0,0,"",""
ball,2,5.1,Afghanistan,Rahmat Shah,Mohammad Shahzad,SM Sharif,0,0,"",""
ball,2,5.2,Afghanistan,Rahmat Shah,Mohammad Shahzad,SM Sharif,4,0,"",""
ball,2,5.3,Afghanistan,Rahmat Shah,Mohammad Shahzad,SM Sharif,0,0,"",""
ball,2,5.4,Afghanistan,Rahmat Shah,Mohammad Shahzad,SM Sharif,4,0,"",""
ball,2,5.5,Afghanistan,Rahmat Shah,Mohammad Shahzad,SM Sharif,0,0,"",""
ball,2,5.6,Afghanistan,Rahmat Shah,Mohammad Shahzad,SM Sharif,0,0,"",""
ball,2,6.1,Afghanistan,Mohammad Shahzad,Rahmat Shah,BTJ Wheal,0,0,"",""
ball,2,6.2,Afghanistan,Mohammad Shahzad,Rahmat Shah,BTJ Wheal,0,0,"",""
ball,2,6.3,Afghanistan,Mohammad Shahzad,Rahmat Shah,BTJ Wheal,1,0,"",""
ball,2,6.4,Afghanistan,Rahmat Shah,Mohammad Shahzad,BTJ Wheal,1,0,"",""
ball,2,6.5,Afghanistan,Mohammad Shahzad,Rahmat Shah,BTJ Wheal,1,0,"",""
ball,2,6.6,Afghanistan,Rahmat Shah,Mohammad Shahzad,BTJ Wheal,1,0,"",""
ball,2,7.1,Afghanistan,Rahmat Shah,Mohammad Shahzad,AC Evans,0,0,"",""
ball,2,7.2,Afghanistan,Rahmat Shah,Mohammad Shahzad,AC Evans,0,1,"",""
ball,2,7.3,Afghanistan,Rahmat Shah,Mohammad Shahzad,AC Evans,4,0,"",""
ball,2,7.4,Afghanistan,Rahmat Shah,Mohammad Shahzad,AC Evans,0,0,"",""
ball,2,7.5,Afghanistan,Rahmat Shah,Mohammad Shahzad,AC Evans,0,0,"",""
ball,2,7.6,Afghanistan,Rahmat Shah,Mohammad Shahzad,AC Evans,0,0,"",""
ball,2,7.7,Afghanistan,Rahmat Shah,Mohammad Shahzad,AC Evans,1,0,"",""
ball,2,8.1,Afghanistan,Rahmat Shah,Mohammad Shahzad,BTJ Wheal,0,0,"",""
ball,2,8.2,Afghanistan,Rahmat Shah,Mohammad Shahzad,BTJ Wheal,0,0,"",""
ball,2,8.3,Afghanistan,Rahmat Shah,Mohammad Shahzad,BTJ Wheal,0,0,"",""
ball,2,8.4,Afghanistan,Rahmat Shah,Mohammad Shahzad,BTJ Wheal,0,0,"",""
ball,2,8.5,Afghanistan,Rahmat Shah,Mohammad Shahzad,BTJ Wheal,0,0,"",""
ball,2,8.6,Afghanistan,Rahmat Shah,Mohammad Shahzad,BTJ Wheal,4,0,"",""
ball,2,9.1,Afghanistan,Mohammad Shahzad,Rahmat Shah,AC Evans,0,0,"",""
ball,2,9.2,Afghanistan,Mohammad Shahzad,Rahmat Shah,AC Evans,1,0,"",""
ball,2,9.3,Afghanistan,Rahmat Shah,Mohammad Shahzad,AC Evans,1,0,"",""
ball,2,9.4,Afghanistan,Mohammad Shahzad,Rahmat Shah,AC Evans,1,0,"",""
ball,2,9.5,Afghanistan,Rahmat Shah,Mohammad Shahzad,AC Evans,1,0,"",""
ball,2,9.6,Afghanistan,Mohammad Shahzad,Rahmat Shah,AC Evans,0,0,"",""
ball,2,10.1,Afghanistan,Rahmat Shah,Mohammad Shahzad,SM Sharif,1,0,"",""
ball,2,10.2,Afghanistan,Mohammad Shahzad,Rahmat Shah,SM Sharif,0,0,"",""
ball,2,10.3,Afghanistan,Mohammad Shahzad,Rahmat Shah,SM Sharif,0,1,"",""
ball,2,10.4,Afghanistan,Mohammad Shahzad,Rahmat Shah,SM Sharif,0,1,"",""
ball,2,10.5,Afghanistan,Mohammad Shahzad,Rahmat Shah,SM Sharif,2,0,"",""
ball,2,10.6,Afghanistan,Mohammad Shahzad,Rahmat Shah,SM Sharif,1,0,"",""
ball,2,10.7,Afghanistan,Rahmat Shah,Mohammad Shahzad,SM Sharif,1,0,"",""
ball,2,10.8,Afghanistan,Mohammad Shahzad,Rahmat Shah,SM Sharif,0,0,"",""
ball,2,11.1,Afghanistan,Rahmat Shah,Mohammad Shahzad,AC Evans,0,0,"",""
ball,2,11.2,Afghanistan,Rahmat Shah,Mohammad Shahzad,AC Evans,1,0,"",""
ball,2,11.3,Afghanistan,Mohammad Shahzad,Rahmat Shah,AC Evans,1,0,"",""
ball,2,11.4,Afghanistan,Rahmat Shah,Mohammad Shahzad,AC Evans,0,0,"",""
ball,2,11.5,Afghanistan,Rahmat Shah,Mohammad Shahzad,AC Evans,0,0,"",""
ball,2,11.6,Afghanistan,Rahmat Shah,Mohammad Shahzad,AC Evans,0,0,"",""
ball,2,12.1,Afghanistan,Mohammad Shahzad,Rahmat Shah,SM Sharif,0,0,"",""
ball,2,12.2,Afghanistan,Mohammad Shahzad,Rahmat Shah,SM Sharif,4,0,"",""
ball,2,12.3,Afghanistan,Mohammad Shahzad,Rahmat Shah,SM Sharif,0,0,"",""
ball,2,12.4,Afghanistan,Mohammad Shahzad,Rahmat Shah,SM Sharif,0,0,"",""
ball,2,12.5,Afghanistan,Mohammad Shahzad,Rahmat Shah,SM Sharif,0,0,"",""
ball,2,12.6,Afghanistan,Mohammad Shahzad,Rahmat Shah,SM Sharif,1,0,"",""
ball,2,13.1,Afghanistan,Mohammad Shahzad,Rahmat Shah,MRJ Watt,1,0,"",""
ball,2,13.2,Afghanistan,Rahmat Shah,Mohammad Shahzad,MRJ Watt,0,0,"",""
ball,2,13.3,Afghanistan,Rahmat Shah,Mohammad Shahzad,MRJ Watt,0,0,"",""
ball,2,13.4,Afghanistan,Rahmat Shah,Mohammad Shahzad,MRJ Watt,0,0,"",""
ball,2,13.5,Afghanistan,Rahmat Shah,Mohammad Shahzad,MRJ Watt,0,0,"",""
ball,2,13.6,Afghanistan,Rahmat Shah,Mohammad Shahzad,MRJ Watt,0,0,"",""
ball,2,14.1,Afghanistan,Mohammad Shahzad,Rahmat Shah,RD Berrington,0,0,"",""
ball,2,14.2,Afghanistan,Mohammad Shahzad,Rahmat Shah,RD Berrington,1,0,"",""
ball,2,14.3,Afghanistan,Rahmat Shah,Mohammad Shahzad,RD Berrington,1,0,"",""
ball,2,14.4,Afghanistan,Mohammad Shahzad,Rahmat Shah,RD Berrington,0,0,"",""
ball,2,14.5,Afghanistan,Mohammad Shahzad,Rahmat Shah,RD Berrington,1,0,"",""
ball,2,14.6,Afghanistan,Rahmat Shah,Mohammad Shahzad,RD Berrington,0,0,"",""
ball,2,15.1,Afghanistan,Mohammad Shahzad,Rahmat Shah,MRJ Watt,0,0,"",""
ball,2,15.2,Afghanistan,Mohammad Shahzad,Rahmat Shah,MRJ Watt,0,0,"",""
ball,2,15.3,Afghanistan,Mohammad Shahzad,Rahmat Shah,MRJ Watt,6,0,"",""
ball,2,15.4,Afghanistan,Mohammad Shahzad,Rahmat Shah,MRJ Watt,0,0,"",""
ball,2,15.5,Afghanistan,Mohammad Shahzad,Rahmat Shah,MRJ Watt,0,0,"",""
ball,2,15.6,Afghanistan,Mohammad Shahzad,Rahmat Shah,MRJ Watt,0,0,"",""
ball,2,16.1,Afghanistan,Rahmat Shah,Mohammad Shahzad,RD Berrington,0,0,"",""
ball,2,16.2,Afghanistan,Rahmat Shah,Mohammad Shahzad,RD Berrington,0,0,"",""
ball,2,16.3,Afghanistan,Rahmat Shah,Mohammad Shahzad,RD Berrington,0,0,"",""
ball,2,16.4,Afghanistan,Rahmat Shah,Mohammad Shahzad,RD Berrington,1,0,"",""
ball,2,16.5,Afghanistan,Mohammad Shahzad,Rahmat Shah,RD Berrington,0,0,"",""
ball,2,16.6,Afghanistan,Mohammad Shahzad,Rahmat Shah,RD Berrington,4,0,"",""
ball,2,17.1,Afghanistan,Rahmat Shah,Mohammad Shahzad,MRJ Watt,0,0,"",""
ball,2,17.2,Afghanistan,Rahmat Shah,Mohammad Shahzad,MRJ Watt,1,0,"",""
ball,2,17.3,Afghanistan,Mohammad Shahzad,Rahmat Shah,MRJ Watt,0,0,"",""
ball,2,17.4,Afghanistan,Mohammad Shahzad,Rahmat Shah,MRJ Watt,1,0,"",""
ball,2,17.5,Afghanistan,Rahmat Shah,Mohammad Shahzad,MRJ Watt,1,0,"",""
ball,2,17.6,Afghanistan,Mohammad Shahzad,Rahmat Shah,MRJ Watt,4,0,"",""
ball,2,18.1,Afghanistan,Rahmat Shah,Mohammad Shahzad,AC Evans,0,0,"",""
ball,2,18.2,Afghanistan,Rahmat Shah,Mohammad Shahzad,AC Evans,0,0,"",""
ball,2,18.3,Afghanistan,Rahmat Shah,Mohammad Shahzad,AC Evans,0,0,"",""
ball,2,18.4,Afghanistan,Rahmat Shah,Mohammad Shahzad,AC Evans,2,0,"",""
ball,2,18.5,Afghanistan,Rahmat Shah,Mohammad Shahzad,AC Evans,1,0,"",""
ball,2,18.6,Afghanistan,Mohammad Shahzad,Rahmat Shah,AC Evans,0,0,"",""
ball,2,19.1,Afghanistan,Rahmat Shah,Mohammad Shahzad,MRJ Watt,0,0,"",""
ball,2,19.2,Afghanistan,Rahmat Shah,Mohammad Shahzad,MRJ Watt,0,0,"",""
ball,2,19.3,Afghanistan,Rahmat Shah,Mohammad Shahzad,MRJ Watt,1,0,"",""
ball,2,19.4,Afghanistan,Mohammad Shahzad,Rahmat Shah,MRJ Watt,0,0,"",""
ball,2,19.5,Afghanistan,Mohammad Shahzad,Rahmat Shah,MRJ Watt,0,0,"",""
ball,2,19.6,Afghanistan,Mohammad Shahzad,Rahmat Shah,MRJ Watt,1,0,"",""
ball,2,20.1,Afghanistan,Mohammad Shahzad,Rahmat Shah,AC Evans,0,0,"",""
ball,2,20.2,Afghanistan,Mohammad Shahzad,Rahmat Shah,AC Evans,0,0,"",""
ball,2,20.3,Afghanistan,Mohammad Shahzad,Rahmat Shah,AC Evans,4,0,"",""
ball,2,20.4,Afghanistan,Mohammad Shahzad,Rahmat Shah,AC Evans,0,0,"",""
ball,2,20.5,Afghanistan,Mohammad Shahzad,Rahmat Shah,AC Evans,1,0,"",""
ball,2,20.6,Afghanistan,Rahmat Shah,Mohammad Shahzad,AC Evans,6,0,"",""
ball,2,21.1,Afghanistan,Mohammad Shahzad,Rahmat Shah,MRJ Watt,0,0,"",""
ball,2,21.2,Afghanistan,Mohammad Shahzad,Rahmat Shah,MRJ Watt,1,0,"",""
ball,2,21.3,Afghanistan,Rahmat Shah,Mohammad Shahzad,MRJ Watt,0,0,"",""
ball,2,21.4,Afghanistan,Rahmat Shah,Mohammad Shahzad,MRJ Watt,1,0,"",""
ball,2,21.5,Afghanistan,Mohammad Shahzad,Rahmat Shah,MRJ Watt,1,0,"",""
ball,2,21.6,Afghanistan,Rahmat Shah,Mohammad Shahzad,MRJ Watt,1,0,"",""
ball,2,22.1,Afghanistan,Rahmat Shah,Mohammad Shahzad,AC Evans,2,0,"",""
ball,2,22.2,Afghanistan,Rahmat Shah,Mohammad Shahzad,AC Evans,0,0,"",""
ball,2,22.3,Afghanistan,Rahmat Shah,Mohammad Shahzad,AC Evans,4,0,"",""
ball,2,22.4,Afghanistan,Rahmat Shah,Mohammad Shahzad,AC Evans,1,0,"",""
ball,2,22.5,Afghanistan,Mohammad Shahzad,Rahmat Shah,AC Evans,0,0,caught,Mohammad Shahzad
ball,2,22.6,Afghanistan,Hashmatullah Shahidi,Rahmat Shah,AC Evans,0,0,"",""
ball,2,23.1,Afghanistan,Rahmat Shah,Hashmatullah Shahidi,TB Sole,0,0,"",""
ball,2,23.2,Afghanistan,Rahmat Shah,Hashmatullah Shahidi,TB Sole,0,0,"",""
ball,2,23.3,Afghanistan,Rahmat Shah,Hashmatullah Shahidi,TB Sole,0,0,"",""
ball,2,23.4,Afghanistan,Rahmat Shah,Hashmatullah Shahidi,TB Sole,0,0,"",""
ball,2,23.5,Afghanistan,Rahmat Shah,Hashmatullah Shahidi,TB Sole,0,0,"",""
ball,2,23.6,Afghanistan,Rahmat Shah,Hashmatullah Shahidi,TB Sole,1,0,"",""
ball,2,24.1,Afghanistan,Rahmat Shah,Hashmatullah Shahidi,AC Evans,1,0,"",""
ball,2,24.2,Afghanistan,Hashmatullah Shahidi,Rahmat Shah,AC Evans,1,0,"",""
ball,2,24.3,Afghanistan,Rahmat Shah,Hashmatullah Shahidi,AC Evans,0,0,"",""
ball,2,24.4,Afghanistan,Rahmat Shah,Hashmatullah Shahidi,AC Evans,0,0,"",""
ball,2,24.5,Afghanistan,Rahmat Shah,Hashmatullah Shahidi,AC Evans,1,0,"",""
ball,2,24.6,Afghanistan,Hashmatullah Shahidi,Rahmat Shah,AC Evans,1,0,"",""
ball,2,25.1,Afghanistan,Hashmatullah Shahidi,Rahmat Shah,TB Sole,1,0,"",""
ball,2,25.2,Afghanistan,Rahmat Shah,Hashmatullah Shahidi,TB Sole,6,1,"",""
ball,2,25.3,Afghanistan,Rahmat Shah,Hashmatullah Shahidi,TB Sole,1,0,"",""
ball,2,25.4,Afghanistan,Hashmatullah Shahidi,Rahmat Shah,TB Sole,1,0,"",""
ball,2,25.5,Afghanistan,Rahmat Shah,Hashmatullah Shahidi,TB Sole,1,0,"",""
ball,2,25.6,Afghanistan,Hashmatullah Shahidi,Rahmat Shah,TB Sole,0,0,"",""
ball,2,25.7,Afghanistan,Hashmatullah Shahidi,Rahmat Shah,TB Sole,0,0,"",""
ball,2,25.8,Afghanistan,Hashmatullah Shahidi,Rahmat Shah,TB Sole,1,0,"",""
ball,2,26.1,Afghanistan,Hashmatullah Shahidi,Rahmat Shah,RD Berrington,4,0,"",""
ball,2,26.2,Afghanistan,Hashmatullah Shahidi,Rahmat Shah,RD Berrington,0,0,"",""
ball,2,26.3,Afghanistan,Hashmatullah Shahidi,Rahmat Shah,RD Berrington,0,0,"",""
ball,2,26.4,Afghanistan,Hashmatullah Shahidi,Rahmat Shah,RD Berrington,4,0,"",""
ball,2,26.5,Afghanistan,Hashmatullah Shahidi,Rahmat Shah,RD Berrington,1,0,"",""
ball,2,26.6,Afghanistan,Rahmat Shah,Hashmatullah Shahidi,RD Berrington,0,0,"",""
ball,2,27.1,Afghanistan,Hashmatullah Shahidi,Rahmat Shah,TB Sole,1,0,"",""
ball,2,27.2,Afghanistan,Rahmat Shah,Hashmatullah Shahidi,TB Sole,0,0,"",""
ball,2,27.3,Afghanistan,Rahmat Shah,Hashmatullah Shahidi,TB Sole,1,0,"",""
ball,2,27.4,Afghanistan,Hashmatullah Shahidi,Rahmat Shah,TB Sole,0,0,"",""
ball,2,27.5,Afghanistan,Hashmatullah Shahidi,Rahmat Shah,TB Sole,0,0,"",""
ball,2,27.6,Afghanistan,Hashmatullah Shahidi,Rahmat Shah,TB Sole,0,0,"",""
ball,2,28.1,Afghanistan,Rahmat Shah,Hashmatullah Shahidi,RD Berrington,1,0,"",""
ball,2,28.2,Afghanistan,Hashmatullah Shahidi,Rahmat Shah,RD Berrington,1,0,"",""
ball,2,28.3,Afghanistan,Rahmat Shah,Hashmatullah Shahidi,RD Berrington,1,0,"",""
ball,2,28.4,Afghanistan,Hashmatullah Shahidi,Rahmat Shah,RD Berrington,0,0,"",""
ball,2,28.5,Afghanistan,Hashmatullah Shahidi,Rahmat Shah,RD Berrington,0,0,"",""
ball,2,28.6,Afghanistan,Hashmatullah Shahidi,Rahmat Shah,RD Berrington,1,0,"",""
ball,2,29.1,Afghanistan,Hashmatullah Shahidi,Rahmat Shah,TB Sole,1,0,"",""
ball,2,29.2,Afghanistan,Rahmat Shah,Hashmatullah Shahidi,TB Sole,1,0,"",""
ball,2,29.3,Afghanistan,Hashmatullah Shahidi,Rahmat Shah,TB Sole,0,0,"",""
ball,2,29.4,Afghanistan,Hashmatullah Shahidi,Rahmat Shah,TB Sole,1,0,"",""
ball,2,29.5,Afghanistan,Rahmat Shah,Hashmatullah Shahidi,TB Sole,0,0,"",""
ball,2,29.6,Afghanistan,Rahmat Shah,Hashmatullah Shahidi,TB Sole,1,0,"",""
ball,2,30.1,Afghanistan,Rahmat Shah,Hashmatullah Shahidi,MRJ Watt,2,0,"",""
ball,2,30.2,Afghanistan,Rahmat Shah,Hashmatullah Shahidi,MRJ Watt,1,0,"",""
ball,2,30.3,Afghanistan,Hashmatullah Shahidi,Rahmat Shah,MRJ Watt,1,0,"",""
ball,2,30.4,Afghanistan,Rahmat Shah,Hashmatullah Shahidi,MRJ Watt,1,0,"",""
ball,2,30.5,Afghanistan,Hashmatullah Shahidi,Rahmat Shah,MRJ Watt,0,0,"",""
ball,2,30.6,Afghanistan,Hashmatullah Shahidi,Rahmat Shah,MRJ Watt,4,0,"",""
ball,2,31.1,Afghanistan,Rahmat Shah,Hashmatullah Shahidi,TB Sole,0,0,"",""
ball,2,31.2,Afghanistan,Rahmat Shah,Hashmatullah Shahidi,TB Sole,1,0,"",""
ball,2,31.3,Afghanistan,Hashmatullah Shahidi,Rahmat Shah,TB Sole,1,0,"",""
ball,2,31.4,Afghanistan,Rahmat Shah,Hashmatullah Shahidi,TB Sole,1,0,"",""
ball,2,31.5,Afghanistan,Hashmatullah Shahidi,Rahmat Shah,TB Sole,0,0,"",""
ball,2,31.6,Afghanistan,Hashmatullah Shahidi,Rahmat Shah,TB Sole,1,0,"",""
ball,2,32.1,Afghanistan,Hashmatullah Shahidi,Rahmat Shah,BTJ Wheal,0,0,"",""
ball,2,32.2,Afghanistan,Hashmatullah Shahidi,Rahmat Shah,BTJ Wheal,4,0,"",""
ball,2,32.3,Afghanistan,Hashmatullah Shahidi,Rahmat Shah,BTJ Wheal,2,0,"",""
ball,2,32.4,Afghanistan,Hashmatullah Shahidi,Rahmat Shah,BTJ Wheal,0,0,"",""
ball,2,32.5,Afghanistan,Hashmatullah Shahidi,Rahmat Shah,BTJ Wheal,0,0,"",""
ball,2,32.6,Afghanistan,Hashmatullah Shahidi,Rahmat Shah,BTJ Wheal,0,0,"",""
ball,2,33.1,Afghanistan,Rahmat Shah,Hashmatullah Shahidi,TB Sole,1,0,"",""
ball,2,33.2,Afghanistan,Hashmatullah Shahidi,Rahmat Shah,TB Sole,0,0,"",""
ball,2,33.3,Afghanistan,Hashmatullah Shahidi,Rahmat Shah,TB Sole,1,0,"",""
ball,2,33.4,Afghanistan,Rahmat Shah,Hashmatullah Shahidi,TB Sole,2,0,"",""
ball,2,33.5,Afghanistan,Rahmat Shah,Hashmatullah Shahidi,TB Sole,0,0,"",""
ball,2,33.6,Afghanistan,Rahmat Shah,Hashmatullah Shahidi,TB Sole,1,0,"",""
ball,2,34.1,Afghanistan,Rahmat Shah,Hashmatullah Shahidi,BTJ Wheal,4,0,"",""
ball,2,34.2,Afghanistan,Rahmat Shah,Hashmatullah Shahidi,BTJ Wheal,0,0,"",""
ball,2,34.3,Afghanistan,Rahmat Shah,Hashmatullah Shahidi,BTJ Wheal,1,0,"",""
ball,2,34.4,Afghanistan,Hashmatullah Shahidi,Rahmat Shah,BTJ Wheal,1,0,"",""
ball,2,34.5,Afghanistan,Rahmat Shah,Hashmatullah Shahidi,BTJ Wheal,4,0,"",""
ball,2,34.6,Afghanistan,Rahmat Shah,Hashmatullah Shahidi,BTJ Wheal,1,0,"",""
ball,2,35.1,Afghanistan,Rahmat Shah,Hashmatullah Shahidi,MRJ Watt,0,0,"",""
ball,2,35.2,Afghanistan,Rahmat Shah,Hashmatullah Shahidi,MRJ Watt,1,0,"",""
ball,2,35.3,Afghanistan,Hashmatullah Shahidi,Rahmat Shah,MRJ Watt,1,0,"",""
ball,2,35.4,Afghanistan,Rahmat Shah,Hashmatullah Shahidi,MRJ Watt,4,0,"",""
ball,2,35.5,Afghanistan,Rahmat Shah,Hashmatullah Shahidi,MRJ Watt,2,0,"",""
ball,2,35.6,Afghanistan,Rahmat Shah,Hashmatullah Shahidi,MRJ Watt,1,0,"",""
ball,2,36.1,Afghanistan,Rahmat Shah,Hashmatullah Shahidi,BTJ Wheal,2,0,"",""
ball,2,36.2,Afghanistan,Rahmat Shah,Hashmatullah Shahidi,BTJ Wheal,1,0,"",""
ball,2,36.3,Afghanistan,Hashmatullah Shahidi,Rahmat Shah,BTJ Wheal,1,0,"",""
ball,2,36.4,Afghanistan,Rahmat Shah,Hashmatullah Shahidi,BTJ Wheal,0,0,"",""
ball,2,36.5,Afghanistan,Rahmat Shah,Hashmatullah Shahidi,BTJ Wheal,1,0,"",""
ball,2,36.6,Afghanistan,Hashmatullah Shahidi,Rahmat Shah,BTJ Wheal,1,0,"",""
ball,2,37.1,Afghanistan,Hashmatullah Shahidi,Rahmat Shah,MRJ Watt,1,0,"",""
ball,2,37.2,Afghanistan,Rahmat Shah,Hashmatullah Shahidi,MRJ Watt,4,0,"",""
ball,2,37.3,Afghanistan,Rahmat Shah,Hashmatullah Shahidi,MRJ Watt,1,0,"",""
ball,2,37.4,Afghanistan,Hashmatullah Shahidi,Rahmat Shah,MRJ Watt,1,0,"",""
ball,2,37.5,Afghanistan,Rahmat Shah,Hashmatullah Shahidi,MRJ Watt,0,0,"",""
ball,2,37.6,Afghanistan,Rahmat Shah,Hashmatullah Shahidi,MRJ Watt,1,0,"",""
ball,2,38.1,Afghanistan,Rahmat Shah,Hashmatullah Shahidi,SM Sharif,1,0,"",""
ball,2,38.2,Afghanistan,Hashmatullah Shahidi,Rahmat Shah,SM Sharif,1,0,"",""
ball,2,38.3,Afghanistan,Rahmat Shah,Hashmatullah Shahidi,SM Sharif,2,0,"",""
ball,2,38.4,Afghanistan,Rahmat Shah,Hashmatullah Shahidi,SM Sharif,1,0,"",""
ball,2,38.5,Afghanistan,Hashmatullah Shahidi,Rahmat Shah,SM Sharif,1,0,"",""
ball,2,38.6,Afghanistan,Rahmat Shah,Hashmatullah Shahidi,SM Sharif,4,0,"",""
ball,2,39.1,Afghanistan,Hashmatullah Shahidi,Rahmat Shah,TB Sole,0,0,"",""
ball,2,39.2,Afghanistan,Hashmatullah Shahidi,Rahmat Shah,TB Sole,1,0,"",""
ball,2,39.3,Afghanistan,Rahmat Shah,Hashmatullah Shahidi,TB Sole,4,0,"",""
ball,2,39.4,Afghanistan,Rahmat Shah,Hashmatullah Shahidi,TB Sole,0,0,"",""
ball,2,39.5,Afghanistan,Rahmat Shah,Hashmatullah Shahidi,TB Sole,0,0,caught,Rahmat Shah
ball,2,39.6,Afghanistan,Asghar Stanikzai,Hashmatullah Shahidi,TB Sole,1,0,"",""
ball,2,40.1,Afghanistan,Asghar Stanikzai,Hashmatullah Shahidi,SM Sharif,4,0,"",""
ball,2,40.2,Afghanistan,Asghar Stanikzai,Hashmatullah Shahidi,SM Sharif,0,0,"",""
ball,2,40.3,Afghanistan,Asghar Stanikzai,Hashmatullah Shahidi,SM Sharif,2,0,"",""
ball,2,40.4,Afghanistan,Asghar Stanikzai,Hashmatullah Shahidi,SM Sharif,1,0,"",""
ball,2,40.5,Afghanistan,Hashmatullah Shahidi,Asghar Stanikzai,SM Sharif,0,0,"",""
ball,2,40.6,Afghanistan,Hashmatullah Shahidi,Asghar Stanikzai,SM Sharif,0,0,"",""
ball,2,41.1,Afghanistan,Asghar Stanikzai,Hashmatullah Shahidi,TB Sole,1,0,"",""
ball,2,41.2,Afghanistan,Hashmatullah Shahidi,Asghar Stanikzai,TB Sole,2,0,"",""
ball,2,41.3,Afghanistan,Hashmatullah Shahidi,Asghar Stanikzai,TB Sole,1,0,"",""
ball,2,41.4,Afghanistan,Asghar Stanikzai,Hashmatullah Shahidi,TB Sole,1,0,"",""
ball,2,41.5,Afghanistan,Hashmatullah Shahidi,Asghar Stanikzai,TB Sole,1,0,"",""
ball,2,41.6,Afghanistan,Asghar Stanikzai,Hashmatullah Shahidi,TB Sole,2,0,"",""
ball,2,42.1,Afghanistan,Hashmatullah Shahidi,Asghar Stanikzai,SM Sharif,1,0,"",""
ball,2,42.2,Afghanistan,Asghar Stanikzai,Hashmatullah Shahidi,SM Sharif,2,0,"",""
ball,2,42.3,Afghanistan,Asghar Stanikzai,Hashmatullah Shahidi,SM Sharif,1,0,"",""
ball,2,42.4,Afghanistan,Hashmatullah Shahidi,Asghar Stanikzai,SM Sharif,4,0,"",""
ball,2,42.5,Afghanistan,Hashmatullah Shahidi,Asghar Stanikzai,SM Sharif,1,0,"",""
ball,2,42.6,Afghanistan,Asghar Stanikzai,Hashmatullah Shahidi,SM Sharif,1,0,"",""
ball,2,43.1,Afghanistan,Asghar Stanikzai,Hashmatullah Shahidi,TB Sole,1,0,"",""
ball,2,43.2,Afghanistan,Hashmatullah Shahidi,Asghar Stanikzai,TB Sole,1,0,"",""
ball,2,43.3,Afghanistan,Asghar Stanikzai,Hashmatullah Shahidi,TB Sole,1,0,"",""
ball,2,43.4,Afghanistan,Hashmatullah Shahidi,Asghar Stanikzai,TB Sole,1,0,"",""
ball,2,43.5,Afghanistan,Asghar Stanikzai,Hashmatullah Shahidi,TB Sole,0,0,"",""
ball,2,43.6,Afghanistan,Asghar Stanikzai,Hashmatullah Shahidi,TB Sole,1,0,"",""
ball,2,44.1,Afghanistan,Asghar Stanikzai,Hashmatullah Shahidi,AC Evans,0,0,"",""
ball,2,44.2,Afghanistan,Asghar Stanikzai,Hashmatullah Shahidi,AC Evans,1,0,"",""
ball,2,44.3,Afghanistan,Hashmatullah Shahidi,Asghar Stanikzai,AC Evans,4,0,"",""
ball,2,44.4,Afghanistan,Hashmatullah Shahidi,Asghar Stanikzai,AC Evans,1,0,"",""
ball,2,44.5,Afghanistan,Asghar Stanikzai,Hashmatullah Shahidi,AC Evans,2,0,"",""
