version,1.3.0
info,team,United Arab Emirates
info,team,Nepal
info,gender,male
info,season,2018/19
info,date,2019/01/26
info,series,Nepal tour of United Arab Emirates 2018/19
info,match_number,2
info,venue,ICC Academy
info,city,Dubai
info,toss_winner,Nepal
info,toss_decision,bat
info,player_of_match,Sompal Kami
info,umpire,Iftikhar Ali
info,umpire,Nitin Menon
info,reserve_umpire,Shiju Sam
info,match_referee,Muhammad Javed
info,winner,Nepal
info,winner_runs,145
ball,1,0.1,Nepal,G Malla,B Bhandari,Mohammad Naveed,1,0,"",""
ball,1,0.2,Nepal,B Bhandari,G Malla,Mohammad Naveed,0,0,"",""
ball,1,0.3,Nepal,B Bhandari,G Malla,Mohammad Naveed,0,0,"",""
ball,1,0.4,Nepal,B Bhandari,G Malla,Mohammad Naveed,0,0,"",""
ball,1,0.5,Nepal,B Bhandari,G Malla,Mohammad Naveed,1,0,"",""
ball,1,0.6,Nepal,G Malla,B Bhandari,Mohammad Naveed,1,0,"",""
ball,1,1.1,Nepal,G Malla,B Bhandari,Zahoor Khan,0,0,"",""
ball,1,1.2,Nepal,G Malla,B Bhandari,Zahoor Khan,0,0,"",""
ball,1,1.3,Nepal,G Malla,B Bhandari,Zahoor Khan,1,0,"",""
ball,1,1.4,Nepal,B Bhandari,G Malla,Zahoor Khan,2,0,"",""
ball,1,1.5,Nepal,B Bhandari,G Malla,Zahoor Khan,0,0,"",""
ball,1,1.6,Nepal,B Bhandari,G Malla,Zahoor Khan,0,0,"",""
ball,1,2.1,Nepal,G Malla,B Bhandari,Mohammad Naveed,0,0,"",""
ball,1,2.2,Nepal,G Malla,B Bhandari,Mohammad Naveed,4,0,"",""
ball,1,2.3,Nepal,G Malla,B Bhandari,Mohammad Naveed,4,0,"",""
ball,1,2.4,Nepal,G Malla,B Bhandari,Mohammad Naveed,1,0,"",""
ball,1,2.5,Nepal,B Bhandari,G Malla,Mohammad Naveed,0,1,"",""
ball,1,2.6,Nepal,B Bhandari,G Malla,Mohammad Naveed,4,0,"",""
ball,1,2.7,Nepal,B Bhandari,G Malla,Mohammad Naveed,0,0,"",""
ball,1,3.1,Nepal,G Malla,B Bhandari,Zahoor Khan,0,0,"",""
ball,1,3.2,Nepal,G Malla,B Bhandari,Zahoor Khan,0,0,"",""
ball,1,3.3,Nepal,G Malla,B Bhandari,Zahoor Khan,0,0,"",""
ball,1,3.4,Nepal,G Malla,B Bhandari,Zahoor Khan,0,0,"",""
ball,1,3.5,Nepal,G Malla,B Bhandari,Zahoor Khan,0,0,"",""
ball,1,3.6,Nepal,G Malla,B Bhandari,Zahoor Khan,0,0,"",""
ball,1,4.1,Nepal,B Bhandari,G Malla,Mohammad Naveed,0,0,"",""
ball,1,4.2,Nepal,B Bhandari,G Malla,Mohammad Naveed,0,0,"",""
ball,1,4.3,Nepal,B Bhandari,G Malla,Mohammad Naveed,0,0,"",""
ball,1,4.4,Nepal,B Bhandari,G Malla,Mohammad Naveed,2,0,"",""
ball,1,4.5,Nepal,B Bhandari,G Malla,Mohammad Naveed,1,0,"",""
ball,1,4.6,Nepal,G Malla,B Bhandari,Mohammad Naveed,0,0,"",""
ball,1,5.1,Nepal,B Bhandari,G Malla,Zahoor Khan,0,0,"",""
ball,1,5.2,Nepal,B Bhandari,G Malla,Zahoor Khan,1,0,"",""
ball,1,5.3,Nepal,G Malla,B Bhandari,Zahoor Khan,0,0,"",""
ball,1,5.4,Nepal,G Malla,B Bhandari,Zahoor Khan,0,0,"",""
ball,1,5.5,Nepal,G Malla,B Bhandari,Zahoor Khan,4,0,"",""
ball,1,5.6,Nepal,G Malla,B Bhandari,Zahoor Khan,0,0,"",""
ball,1,6.1,Nepal,B Bhandari,G Malla,Mohammad Naveed,0,0,"",""
ball,1,6.2,Nepal,B Bhandari,G Malla,Mohammad Naveed,0,0,"",""
ball,1,6.3,Nepal,B Bhandari,G Malla,Mohammad Naveed,0,0,"",""
ball,1,6.4,Nepal,B Bhandari,G Malla,Mohammad Naveed,0,0,"",""
ball,1,6.5,Nepal,B Bhandari,G Malla,Mohammad Naveed,0,0,"",""
ball,1,6.6,Nepal,B Bhandari,G Malla,Mohammad Naveed,0,0,"",""
ball,1,7.1,Nepal,G Malla,B Bhandari,Zahoor Khan,1,0,"",""
ball,1,7.2,Nepal,B Bhandari,G Malla,Zahoor Khan,4,0,"",""
ball,1,7.3,Nepal,B Bhandari,G Malla,Zahoor Khan,0,0,"",""
ball,1,7.4,Nepal,B Bhandari,G Malla,Zahoor Khan,0,0,"",""
ball,1,7.5,Nepal,B Bhandari,G Malla,Zahoor Khan,0,0,"",""
ball,1,7.6,Nepal,B Bhandari,G Malla,Zahoor Khan,0,0,"",""
ball,1,8.1,Nepal,G Malla,B Bhandari,Mohammad Naveed,0,0,"",""
ball,1,8.2,Nepal,G Malla,B Bhandari,Mohammad Naveed,1,0,"",""
ball,1,8.3,Nepal,B Bhandari,G Malla,Mohammad Naveed,0,0,"",""
ball,1,8.4,Nepal,B Bhandari,G Malla,Mohammad Naveed,1,0,"",""
ball,1,8.5,Nepal,G Malla,B Bhandari,Mohammad Naveed,0,0,"",""
ball,1,8.6,Nepal,G Malla,B Bhandari,Mohammad Naveed,4,0,"",""
ball,1,9.1,Nepal,B Bhandari,G Malla,Amir Hayat,0,0,"",""
ball,1,9.2,Nepal,B Bhandari,G Malla,Amir Hayat,0,0,"",""
ball,1,9.3,Nepal,B Bhandari,G Malla,Amir Hayat,0,0,"",""
ball,1,9.4,Nepal,B Bhandari,G Malla,Amir Hayat,0,0,"",""
ball,1,9.5,Nepal,B Bhandari,G Malla,Amir Hayat,0,0,"",""
ball,1,9.6,Nepal,B Bhandari,G Malla,Amir Hayat,0,0,"",""
ball,1,10.1,Nepal,G Malla,B Bhandari,Ashfaq Ahmed,2,0,"",""
ball,1,10.2,Nepal,G Malla,B Bhandari,Ashfaq Ahmed,1,0,"",""
ball,1,10.3,Nepal,B Bhandari,G Malla,Ashfaq Ahmed,0,0,"",""
ball,1,10.4,Nepal,B Bhandari,G Malla,Ashfaq Ahmed,0,0,"",""
ball,1,10.5,Nepal,B Bhandari,G Malla,Ashfaq Ahmed,0,0,"",""
ball,1,10.6,Nepal,B Bhandari,G Malla,Ashfaq Ahmed,0,0,"",""
ball,1,11.1,Nepal,G Malla,B Bhandari,Amir Hayat,0,0,"",""
ball,1,11.2,Nepal,G Malla,B Bhandari,Amir Hayat,0,0,"",""
ball,1,11.3,Nepal,G Malla,B Bhandari,Amir Hayat,0,0,"",""
ball,1,11.4,Nepal,G Malla,B Bhandari,Amir Hayat,0,0,"",""
ball,1,11.5,Nepal,G Malla,B Bhandari,Amir Hayat,0,0,"",""
ball,1,11.6,Nepal,G Malla,B Bhandari,Amir Hayat,2,0,"",""
ball,1,12.1,Nepal,B Bhandari,G Malla,Ashfaq Ahmed,1,0,"",""
ball,1,12.2,Nepal,G Malla,B Bhandari,Ashfaq Ahmed,0,0,"",""
ball,1,12.3,Nepal,G Malla,B Bhandari,Ashfaq Ahmed,2,0,"",""
ball,1,12.4,Nepal,G Malla,B Bhandari,Ashfaq Ahmed,4,0,"",""
ball,1,12.5,Nepal,G Malla,B Bhandari,Ashfaq Ahmed,1,0,"",""
ball,1,12.6,Nepal,B Bhandari,G Malla,Ashfaq Ahmed,0,0,"",""
ball,1,13.1,Nepal,G Malla,B Bhandari,Amir Hayat,0,0,"",""
ball,1,13.2,Nepal,G Malla,B Bhandari,Amir Hayat,0,0,"",""
ball,1,13.3,Nepal,G Malla,B Bhandari,Amir Hayat,0,0,"",""
ball,1,13.4,Nepal,G Malla,B Bhandari,Amir Hayat,1,0,"",""
ball,1,13.5,Nepal,B Bhandari,G Malla,Amir Hayat,0,0,"",""
ball,1,13.6,Nepal,B Bhandari,G Malla,Amir Hayat,1,0,"",""
ball,1,14.1,Nepal,B Bhandari,G Malla,Ashfaq Ahmed,2,0,"",""
ball,1,14.2,Nepal,B Bhandari,G Malla,Ashfaq Ahmed,1,0,"",""
ball,1,14.3,Nepal,G Malla,B Bhandari,Ashfaq Ahmed,0,0,"",""
ball,1,14.4,Nepal,G Malla,B Bhandari,Ashfaq Ahmed,0,0,"",""
ball,1,14.5,Nepal,G Malla,B Bhandari,Ashfaq Ahmed,0,0,"",""
ball,1,14.6,Nepal,G Malla,B Bhandari,Ashfaq Ahmed,1,0,"",""
ball,1,15.1,Nepal,G Malla,B Bhandari,Amir Hayat,2,0,"",""
ball,1,15.2,Nepal,G Malla,B Bhandari,Amir Hayat,1,0,"",""
ball,1,15.3,Nepal,B Bhandari,G Malla,Amir Hayat,0,0,caught,B Bhandari
ball,1,15.4,Nepal,P Khadka,G Malla,Amir Hayat,1,0,"",""
ball,1,15.5,Nepal,G Malla,P Khadka,Amir Hayat,0,0,"",""
ball,1,15.6,Nepal,G Malla,P Khadka,Amir Hayat,2,0,"",""
ball,1,16.1,Nepal,P Khadka,G Malla,Zahoor Khan,0,0,"",""
ball,1,16.2,Nepal,P Khadka,G Malla,Zahoor Khan,1,0,"",""
ball,1,16.3,Nepal,G Malla,P Khadka,Zahoor Khan,0,0,"",""
ball,1,16.4,Nepal,G Malla,P Khadka,Zahoor Khan,0,0,"",""
ball,1,16.5,Nepal,G Malla,P Khadka,Zahoor Khan,0,0,"",""
ball,1,16.6,Nepal,G Malla,P Khadka,Zahoor Khan,1,0,"",""
ball,1,17.1,Nepal,G Malla,P Khadka,Amir Hayat,0,1,"",""
ball,1,17.2,Nepal,G Malla,P Khadka,Amir Hayat,0,0,"",""
ball,1,17.3,Nepal,G Malla,P Khadka,Amir Hayat,0,0,"",""
ball,1,17.4,Nepal,G Malla,P Khadka,Amir Hayat,0,0,"",""
ball,1,17.5,Nepal,G Malla,P Khadka,Amir Hayat,0,0,"",""
ball,1,17.6,Nepal,G Malla,P Khadka,Amir Hayat,0,0,"",""
ball,1,17.7,Nepal,G Malla,P Khadka,Amir Hayat,1,0,"",""
ball,1,18.1,Nepal,G Malla,P Khadka,Zahoor Khan,1,0,"",""
ball,1,18.2,Nepal,P Khadka,G Malla,Zahoor Khan,1,0,"",""
ball,1,18.3,Nepal,G Malla,P Khadka,Zahoor Khan,0,0,caught,G Malla
ball,1,18.4,Nepal,DS Airee,P Khadka,Zahoor Khan,0,0,"",""
ball,1,18.5,Nepal,DS Airee,P Khadka,Zahoor Khan,0,0,"",""
ball,1,18.6,Nepal,DS Airee,P Khadka,Zahoor Khan,4,0,"",""
ball,1,19.1,Nepal,P Khadka,DS Airee,Amir Hayat,0,0,"",""
ball,1,19.2,Nepal,P Khadka,DS Airee,Amir Hayat,0,0,"",""
ball,1,19.3,Nepal,P Khadka,DS Airee,Amir Hayat,0,0,"",""
ball,1,19.4,Nepal,P Khadka,DS Airee,Amir Hayat,1,0,"",""
ball,1,19.5,Nepal,DS Airee,P Khadka,Amir Hayat,1,0,"",""
ball,1,19.6,Nepal,P Khadka,DS Airee,Amir Hayat,0,0,"",""
ball,1,20.1,Nepal,DS Airee,P Khadka,Imran Haider,4,0,"",""
ball,1,20.2,Nepal,DS Airee,P Khadka,Imran Haider,0,0,"",""
ball,1,20.3,Nepal,DS Airee,P Khadka,Imran Haider,0,0,"",""
ball,1,20.4,Nepal,DS Airee,P Khadka,Imran Haider,0,0,"",""
ball,1,20.5,Nepal,DS Airee,P Khadka,Imran Haider,0,1,"",""
ball,1,20.6,Nepal,P Khadka,DS Airee,Imran Haider,0,1,"",""
ball,1,20.7,Nepal,P Khadka,DS Airee,Imran Haider,0,1,"",""
ball,1,20.8,Nepal,P Khadka,DS Airee,Imran Haider,0,0,"",""
ball,1,21.1,Nepal,DS Airee,P Khadka,Ashfaq Ahmed,0,0,"",""
ball,1,21.2,Nepal,DS Airee,P Khadka,Ashfaq Ahmed,1,0,"",""
ball,1,21.3,Nepal,P Khadka,DS Airee,Ashfaq Ahmed,0,0,"",""
ball,1,21.4,Nepal,P Khadka,DS Airee,Ashfaq Ahmed,0,0,"",""
ball,1,21.5,Nepal,P Khadka,DS Airee,Ashfaq Ahmed,1,0,"",""
ball,1,21.6,Nepal,DS Airee,P Khadka,Ashfaq Ahmed,0,0,lbw,DS Airee
ball,1,22.1,Nepal,P Khadka,P Sarraf,Imran Haider,1,0,"",""
ball,1,22.2,Nepal,P Sarraf,P Khadka,Imran Haider,1,0,"",""
ball,1,22.3,Nepal,P Khadka,P Sarraf,Imran Haider,1,0,"",""
ball,1,22.4,Nepal,P Sarraf,P Khadka,Imran Haider,0,0,"",""
ball,1,22.5,Nepal,P Sarraf,P Khadka,Imran Haider,0,0,"",""
ball,1,22.6,Nepal,P Sarraf,P Khadka,Imran Haider,0,0,"",""
ball,1,23.1,Nepal,P Khadka,P Sarraf,Ashfaq Ahmed,0,0,"",""
ball,1,23.2,Nepal,P Khadka,P Sarraf,Ashfaq Ahmed,1,0,"",""
ball,1,23.3,Nepal,P Sarraf,P Khadka,Ashfaq Ahmed,0,0,"",""
ball,1,23.4,Nepal,P Sarraf,P Khadka,Ashfaq Ahmed,1,0,"",""
ball,1,23.5,Nepal,P Khadka,P Sarraf,Ashfaq Ahmed,0,0,"",""
ball,1,23.6,Nepal,P Khadka,P Sarraf,Ashfaq Ahmed,2,0,"",""
ball,1,24.1,Nepal,P Sarraf,P Khadka,Imran Haider,0,0,"",""
ball,1,24.2,Nepal,P Sarraf,P Khadka,Imran Haider,0,0,"",""
ball,1,24.3,Nepal,P Sarraf,P Khadka,Imran Haider,1,0,"",""
ball,1,24.4,Nepal,P Khadka,P Sarraf,Imran Haider,1,0,"",""
ball,1,24.5,Nepal,P Sarraf,P Khadka,Imran Haider,0,0,"",""
ball,1,24.6,Nepal,P Sarraf,P Khadka,Imran Haider,3,1,"",""
ball,1,24.7,Nepal,P Khadka,P Sarraf,Imran Haider,0,0,"",""
ball,1,25.1,Nepal,P Sarraf,P Khadka,Ashfaq Ahmed,0,0,"",""
ball,1,25.2,Nepal,P Sarraf,P Khadka,Ashfaq Ahmed,1,0,"",""
ball,1,25.3,Nepal,P Khadka,P Sarraf,Ashfaq Ahmed,4,0,"",""
ball,1,25.4,Nepal,P Khadka,P Sarraf,Ashfaq Ahmed,1,0,"",""
ball,1,25.5,Nepal,P Sarraf,P Khadka,Ashfaq Ahmed,1,0,"",""
ball,1,25.6,Nepal,P Khadka,P Sarraf,Ashfaq Ahmed,1,0,"",""
ball,1,26.1,Nepal,P Khadka,P Sarraf,Imran Haider,0,1,"",""
ball,1,26.2,Nepal,P Khadka,P Sarraf,Imran Haider,0,0,"",""
ball,1,26.3,Nepal,P Khadka,P Sarraf,Imran Haider,2,0,"",""
ball,1,26.4,Nepal,P Khadka,P Sarraf,Imran Haider,1,0,"",""
ball,1,26.5,Nepal,P Sarraf,P Khadka,Imran Haider,0,0,caught,P Sarraf
ball,1,26.6,Nepal,Aarif Sheikh,P Khadka,Imran Haider,0,0,"",""
ball,1,26.7,Nepal,Aarif Sheikh,P Khadka,Imran Haider,1,0,"",""
ball,1,27.1,Nepal,Aarif Sheikh,P Khadka,Ashfaq Ahmed,0,0,"",""
ball,1,27.2,Nepal,Aarif Sheikh,P Khadka,Ashfaq Ahmed,0,0,"",""
ball,1,27.3,Nepal,Aarif Sheikh,P Khadka,Ashfaq Ahmed,0,0,"",""
ball,1,27.4,Nepal,Aarif Sheikh,P Khadka,Ashfaq Ahmed,0,0,"",""
ball,1,27.5,Nepal,Aarif Sheikh,P Khadka,Ashfaq Ahmed,0,0,"",""
ball,1,27.6,Nepal,Aarif Sheikh,P Khadka,Ashfaq Ahmed,0,0,"",""
ball,1,28.1,Nepal,P Khadka,Aarif Sheikh,Imran Haider,0,0,"",""
ball,1,28.2,Nepal,P Khadka,Aarif Sheikh,Imran Haider,1,0,"",""
ball,1,28.3,Nepal,Aarif Sheikh,P Khadka,Imran Haider,0,0,"",""
ball,1,28.4,Nepal,Aarif Sheikh,P Khadka,Imran Haider,1,0,"",""
ball,1,28.5,Nepal,P Khadka,Aarif Sheikh,Imran Haider,0,0,"",""
ball,1,28.6,Nepal,P Khadka,Aarif Sheikh,Imran Haider,0,0,lbw,P Khadka
ball,1,29.1,Nepal,Aarif Sheikh,RK Paudel,Ashfaq Ahmed,0,0,"",""
ball,1,29.2,Nepal,Aarif Sheikh,RK Paudel,Ashfaq Ahmed,1,0,"",""
ball,1,29.3,Nepal,RK Paudel,Aarif Sheikh,Ashfaq Ahmed,0,0,"",""
ball,1,29.4,Nepal,RK Paudel,Aarif Sheikh,Ashfaq Ahmed,0,4,"",""
ball,1,29.5,Nepal,RK Paudel,Aarif Sheikh,Ashfaq Ahmed,0,0,"",""
ball,1,29.6,Nepal,RK Paudel,Aarif Sheikh,Ashfaq Ahmed,2,0,"",""
ball,1,30.1,Nepal,Aarif Sheikh,RK Paudel,Imran Haider,0,0,"",""
ball,1,30.2,Nepal,Aarif Sheikh,RK Paudel,Imran Haider,0,0,"",""
ball,1,30.3,Nepal,Aarif Sheikh,RK Paudel,Imran Haider,0,0,"",""
ball,1,30.4,Nepal,Aarif Sheikh,RK Paudel,Imran Haider,1,0,"",""
ball,1,30.5,Nepal,RK Paudel,Aarif Sheikh,Imran Haider,0,0,"",""
ball,1,30.6,Nepal,RK Paudel,Aarif Sheikh,Imran Haider,2,0,"",""
ball,1,31.1,Nepal,Aarif Sheikh,RK Paudel,Ashfaq Ahmed,0,0,"",""
ball,1,31.2,Nepal,Aarif Sheikh,RK Paudel,Ashfaq Ahmed,1,0,"",""
ball,1,31.3,Nepal,RK Paudel,Aarif Sheikh,Ashfaq Ahmed,1,0,"",""
ball,1,31.4,Nepal,Aarif Sheikh,RK Paudel,Ashfaq Ahmed,0,0,"",""
ball,1,31.5,Nepal,Aarif Sheikh,RK Paudel,Ashfaq Ahmed,0,0,"",""
ball,1,31.6,Nepal,Aarif Sheikh,RK Paudel,Ashfaq Ahmed,1,0,"",""
ball,1,32.1,Nepal,Aarif Sheikh,RK Paudel,Imran Haider,1,0,"",""
ball,1,32.2,Nepal,RK Paudel,Aarif Sheikh,Imran Haider,2,0,"",""
ball,1,32.3,Nepal,RK Paudel,Aarif Sheikh,Imran Haider,0,0,"",""
ball,1,32.4,Nepal,RK Paudel,Aarif Sheikh,Imran Haider,2,0,"",""
ball,1,32.5,Nepal,RK Paudel,Aarif Sheikh,Imran Haider,0,0,"",""
ball,1,32.6,Nepal,RK Paudel,Aarif Sheikh,Imran Haider,2,0,"",""
ball,1,33.1,Nepal,Aarif Sheikh,RK Paudel,Ashfaq Ahmed,1,0,"",""
ball,1,33.2,Nepal,RK Paudel,Aarif Sheikh,Ashfaq Ahmed,0,0,"",""
ball,1,33.3,Nepal,RK Paudel,Aarif Sheikh,Ashfaq Ahmed,4,0,"",""
ball,1,33.4,Nepal,RK Paudel,Aarif Sheikh,Ashfaq Ahmed,0,0,"",""
ball,1,33.5,Nepal,RK Paudel,Aarif Sheikh,Ashfaq Ahmed,0,0,"",""
ball,1,33.6,Nepal,RK Paudel,Aarif Sheikh,Ashfaq Ahmed,4,0,"",""
ball,1,34.1,Nepal,Aarif Sheikh,RK Paudel,Mohammad Naveed,1,0,"",""
ball,1,34.2,Nepal,RK Paudel,Aarif Sheikh,Mohammad Naveed,0,0,"",""
ball,1,34.3,Nepal,RK Paudel,Aarif Sheikh,Mohammad Naveed,2,0,"",""
ball,1,34.4,Nepal,RK Paudel,Aarif Sheikh,Mohammad Naveed,1,0,"",""
ball,1,34.5,Nepal,Aarif Sheikh,RK Paudel,Mohammad Naveed,0,0,"",""
ball,1,34.6,Nepal,Aarif Sheikh,RK Paudel,Mohammad Naveed,0,0,"",""
ball,1,35.1,Nepal,RK Paudel,Aarif Sheikh,Amir Hayat,0,0,"",""
ball,1,35.2,Nepal,RK Paudel,Aarif Sheikh,Amir Hayat,1,0,"",""
ball,1,35.3,Nepal,Aarif Sheikh,RK Paudel,Amir Hayat,2,0,"",""
ball,1,35.4,Nepal,Aarif Sheikh,RK Paudel,Amir Hayat,0,0,"",""
ball,1,35.5,Nepal,Aarif Sheikh,RK Paudel,Amir Hayat,0,0,"",""
ball,1,35.6,Nepal,Aarif Sheikh,RK Paudel,Amir Hayat,0,1,"",""
ball,1,35.7,Nepal,Aarif Sheikh,RK Paudel,Amir Hayat,0,0,"",""
ball,1,36.1,Nepal,RK Paudel,Aarif Sheikh,Mohammad Naveed,4,0,"",""
ball,1,36.2,Nepal,RK Paudel,Aarif Sheikh,Mohammad Naveed,0,0,"",""
ball,1,36.3,Nepal,RK Paudel,Aarif Sheikh,Mohammad Naveed,0,0,"",""
ball,1,36.4,Nepal,RK Paudel,Aarif Sheikh,Mohammad Naveed,0,0,"",""
ball,1,36.5,Nepal,RK Paudel,Aarif Sheikh,Mohammad Naveed,4,0,"",""
ball,1,36.6,Nepal,RK Paudel,Aarif Sheikh,Mohammad Naveed,4,0,"",""
ball,1,37.1,Nepal,Aarif Sheikh,RK Paudel,Amir Hayat,0,0,"",""
ball,1,37.2,Nepal,Aarif Sheikh,RK Paudel,Amir Hayat,1,0,"",""
ball,1,37.3,Nepal,RK Paudel,Aarif Sheikh,Amir Hayat,0,0,"",""
ball,1,37.4,Nepal,RK Paudel,Aarif Sheikh,Amir Hayat,0,0,"",""
ball,1,37.5,Nepal,RK Paudel,Aarif Sheikh,Amir Hayat,1,0,"",""
ball,1,37.6,Nepal,Aarif Sheikh,RK Paudel,Amir Hayat,0,1,"",""
ball,1,37.7,Nepal,Aarif Sheikh,RK Paudel,Amir Hayat,0,0,"",""
ball,1,38.1,Nepal,RK Paudel,Aarif Sheikh,Mohammad Naveed,0,0,"",""
ball,1,38.2,Nepal,RK Paudel,Aarif Sheikh,Mohammad Naveed,1,0,"",""
ball,1,38.3,Nepal,Aarif Sheikh,RK Paudel,Mohammad Naveed,0,0,"",""
ball,1,38.4,Nepal,Aarif Sheikh,RK Paudel,Mohammad Naveed,0,0,"",""
ball,1,38.5,Nepal,Aarif Sheikh,RK Paudel,Mohammad Naveed,1,0,"",""
ball,1,38.6,Nepal,RK Paudel,Aarif Sheikh,Mohammad Naveed,1,0,"",""
ball,1,39.1,Nepal,RK Paudel,Aarif Sheikh,Zahoor Khan,0,0,"",""
ball,1,39.2,Nepal,RK Paudel,Aarif Sheikh,Zahoor Khan,0,0,"",""
ball,1,39.3,Nepal,RK Paudel,Aarif Sheikh,Zahoor Khan,0,0,"",""
ball,1,39.4,Nepal,RK Paudel,Aarif Sheikh,Zahoor Khan,0,0,"",""
ball,1,39.5,Nepal,RK Paudel,Aarif Sheikh,Zahoor Khan,0,0,"",""
ball,1,39.6,Nepal,RK Paudel,Aarif Sheikh,Zahoor Khan,0,0,"",""
ball,1,40.1,Nepal,Aarif Sheikh,RK Paudel,Imran Haider,1,0,"",""
ball,1,40.2,Nepal,RK Paudel,Aarif Sheikh,Imran Haider,0,0,"",""
ball,1,40.3,Nepal,RK Paudel,Aarif Sheikh,Imran Haider,0,0,"",""
ball,1,40.4,Nepal,RK Paudel,Aarif Sheikh,Imran Haider,1,0,"",""
ball,1,40.5,Nepal,Aarif Sheikh,RK Paudel,Imran Haider,1,0,"",""
ball,1,40.6,Nepal,RK Paudel,Aarif Sheikh,Imran Haider,1,0,"",""
ball,1,41.1,Nepal,RK Paudel,Aarif Sheikh,Zahoor Khan,0,0,"",""
ball,1,41.2,Nepal,RK Paudel,Aarif Sheikh,Zahoor Khan,0,0,"",""
ball,1,41.3,Nepal,RK Paudel,Aarif Sheikh,Zahoor Khan,1,0,"",""
ball,1,41.4,Nepal,Aarif Sheikh,RK Paudel,Zahoor Khan,1,0,"",""
ball,1,41.5,Nepal,RK Paudel,Aarif Sheikh,Zahoor Khan,0,0,"",""
ball,1,41.6,Nepal,RK Paudel,Aarif Sheikh,Zahoor Khan,1,0,"",""
ball,1,42.1,Nepal,RK Paudel,Aarif Sheikh,Imran Haider,4,0,"",""
ball,1,42.2,Nepal,RK Paudel,Aarif Sheikh,Imran Haider,0,0,"",""
ball,1,42.3,Nepal,RK Paudel,Aarif Sheikh,Imran Haider,1,0,"",""
ball,1,42.4,Nepal,Aarif Sheikh,RK Paudel,Imran Haider,0,1,"",""
ball,1,42.5,Nepal,Aarif Sheikh,RK Paudel,Imran Haider,2,0,"",""
ball,1,42.6,Nepal,Aarif Sheikh,RK Paudel,Imran Haider,1,0,"",""
ball,1,42.7,Nepal,RK Paudel,Aarif Sheikh,Imran Haider,0,0,"",""
ball,1,43.1,Nepal,Aarif Sheikh,RK Paudel,Zahoor Khan,4,0,"",""
ball,1,43.2,Nepal,Aarif Sheikh,RK Paudel,Zahoor Khan,0,0,"",""
ball,1,43.3,Nepal,Aarif Sheikh,RK Paudel,Zahoor Khan,0,0,"",""
ball,1,43.4,Nepal,Aarif Sheikh,RK Paudel,Zahoor Khan,0,0,"",""
ball,1,43.5,Nepal,Aarif Sheikh,RK Paudel,Zahoor Khan,4,0,"",""
ball,1,43.6,Nepal,Aarif Sheikh,RK Paudel,Zahoor Khan,1,0,"",""
ball,1,44.1,Nepal,Aarif Sheikh,RK Paudel,Imran Haider,1,0,"",""
ball,1,44.2,Nepal,RK Paudel,Aarif Sheikh,Imran Haider,1,0,"",""
ball,1,44.3,Nepal,Aarif Sheikh,RK Paudel,Imran Haider,0,0,lbw,Aarif Sheikh
ball,1,44.4,Nepal,Karan KC,RK Paudel,Imran Haider,1,0,"",""
ball,1,44.5,Nepal,RK Paudel,Karan KC,Imran Haider,2,0,"",""
ball,1,44.6,Nepal,RK Paudel,Karan KC,Imran Haider,4,0,"",""
ball,1,45.1,Nepal,Karan KC,RK Paudel,Mohammad Naveed,0,0,"",""
ball,1,45.2,Nepal,Karan KC,RK Paudel,Mohammad Naveed,4,0,"",""
ball,1,45.3,Nepal,Karan KC,RK Paudel,Mohammad Naveed,0,0,"",""
ball,1,45.4,Nepal,Karan KC,RK Paudel,Mohammad Naveed,1,0,"",""
ball,1,45.5,Nepal,RK Paudel,Karan KC,Mohammad Naveed,1,0,"",""
ball,1,45.6,Nepal,Karan KC,RK Paudel,Mohammad Naveed,0,0,"",""
ball,1,46.1,Nepal,RK Paudel,Karan KC,Amir Hayat,0,0,caught,RK Paudel
ball,1,46.2,Nepal,Karan KC,Sompal Kami,Amir Hayat,6,0,"",""
ball,1,46.3,Nepal,Karan KC,Sompal Kami,Amir Hayat,0,0,"",""
ball,1,46.4,Nepal,Karan KC,Sompal Kami,Amir Hayat,0,0,"",""
ball,1,46.5,Nepal,Karan KC,Sompal Kami,Amir Hayat,0,1,"",""
ball,1,46.6,Nepal,Karan KC,Sompal Kami,Amir Hayat,6,0,"",""
ball,1,46.7,Nepal,Karan KC,Sompal Kami,Amir Hayat,0,0,caught,Karan KC
ball,1,47.1,Nepal,S Lamichhane,Sompal Kami,Mohammad Naveed,1,0,"",""
ball,1,47.2,Nepal,Sompal Kami,S Lamichhane,Mohammad Naveed,0,0,"",""
ball,1,47.3,Nepal,Sompal Kami,S Lamichhane,Mohammad Naveed,2,0,"",""
ball,1,47.4,Nepal,Sompal Kami,S Lamichhane,Mohammad Naveed,0,1,"",""
ball,1,47.5,Nepal,Sompal Kami,S Lamichhane,Mohammad Naveed,0,0,caught,Sompal Kami
ball,1,47.6,Nepal,S Lamichhane,LN Rajbanshi,Mohammad Naveed,1,0,"",""
ball,1,47.7,Nepal,LN Rajbanshi,S Lamichhane,Mohammad Naveed,0,0,"",""
ball,1,48.1,Nepal,S Lamichhane,LN Rajbanshi,Amir Hayat,0,0,"",""
ball,1,48.2,Nepal,S Lamichhane,LN Rajbanshi,Amir Hayat,4,0,"",""
ball,1,48.3,Nepal,S Lamichhane,LN Rajbanshi,Amir Hayat,1,0,"",""
ball,1,48.4,Nepal,LN Rajbanshi,S Lamichhane,Amir Hayat,1,0,"",""
ball,1,48.5,Nepal,S Lamichhane,LN Rajbanshi,Amir Hayat,1,0,"",""
ball,1,48.6,Nepal,LN Rajbanshi,S Lamichhane,Amir Hayat,0,0,"",""
ball,1,49.1,Nepal,S Lamichhane,LN Rajbanshi,Zahoor Khan,1,0,"",""
ball,1,49.2,Nepal,LN Rajbanshi,S Lamichhane,Zahoor Khan,0,1,"",""
ball,1,49.3,Nepal,LN Rajbanshi,S Lamichhane,Zahoor Khan,1,0,"",""
ball,1,49.4,Nepal,S Lamichhane,LN Rajbanshi,Zahoor Khan,1,0,"",""
ball,1,49.5,Nepal,LN Rajbanshi,S Lamichhane,Zahoor Khan,1,0,"",""
ball,1,49.6,Nepal,S Lamichhane,LN Rajbanshi,Zahoor Khan,0,0,"",""
ball,1,49.7,Nepal,S Lamichhane,LN Rajbanshi,Zahoor Khan,4,0,"",""
ball,2,0.1,United Arab Emirates,Ashfaq Ahmed,Chirag Suri,Sompal Kami,0,0,"",""
ball,2,0.2,United Arab Emirates,Ashfaq Ahmed,Chirag Suri,Sompal Kami,4,0,"",""
ball,2,0.3,United Arab Emirates,Ashfaq Ahmed,Chirag Suri,Sompal Kami,0,0,"",""
ball,2,0.4,United Arab Emirates,Ashfaq Ahmed,Chirag Suri,Sompal Kami,4,0,"",""
ball,2,0.5,United Arab Emirates,Ashfaq Ahmed,Chirag Suri,Sompal Kami,0,1,"",""
ball,2,0.6,United Arab Emirates,Chirag Suri,Ashfaq Ahmed,Sompal Kami,0,0,bowled,Chirag Suri
ball,2,1.1,United Arab Emirates,Ashfaq Ahmed,Ghulam Shabber,Karan KC,4,0,"",""
ball,2,1.2,United Arab Emirates,Ashfaq Ahmed,Ghulam Shabber,Karan KC,0,0,"",""
ball,2,1.3,United Arab Emirates,Ashfaq Ahmed,Ghulam Shabber,Karan KC,0,0,"",""
ball,2,1.4,United Arab Emirates,Ashfaq Ahmed,Ghulam Shabber,Karan KC,0,0,"",""
ball,2,1.5,United Arab Emirates,Ashfaq Ahmed,Ghulam Shabber,Karan KC,4,0,"",""
ball,2,1.6,United Arab Emirates,Ashfaq Ahmed,Ghulam Shabber,Karan KC,0,0,"",""
ball,2,2.1,United Arab Emirates,Ghulam Shabber,Ashfaq Ahmed,Sompal Kami,0,0,"",""
ball,2,2.2,United Arab Emirates,Ghulam Shabber,Ashfaq Ahmed,Sompal Kami,0,0,"",""
ball,2,2.3,United Arab Emirates,Ghulam Shabber,Ashfaq Ahmed,Sompal Kami,0,0,"",""
ball,2,2.4,United Arab Emirates,Ghulam Shabber,Ashfaq Ahmed,Sompal Kami,2,0,"",""
ball,2,2.5,United Arab Emirates,Ghulam Shabber,Ashfaq Ahmed,Sompal Kami,0,0,caught,Ghulam Shabber
ball,2,2.6,United Arab Emirates,Shaiman Anwar,Ashfaq Ahmed,Sompal Kami,0,0,"",""
ball,2,3.1,United Arab Emirates,Ashfaq Ahmed,Shaiman Anwar,Karan KC,1,0,"",""
ball,2,3.2,United Arab Emirates,Shaiman Anwar,Ashfaq Ahmed,Karan KC,0,0,"",""
ball,2,3.3,United Arab Emirates,Shaiman Anwar,Ashfaq Ahmed,Karan KC,0,0,"",""
ball,2,3.4,United Arab Emirates,Shaiman Anwar,Ashfaq Ahmed,Karan KC,0,0,"",""
ball,2,3.5,United Arab Emirates,Shaiman Anwar,Ashfaq Ahmed,Karan KC,0,0,"",""
ball,2,3.6,United Arab Emirates,Shaiman Anwar,Ashfaq Ahmed,Karan KC,0,0,"",""
ball,2,4.1,United Arab Emirates,Ashfaq Ahmed,Shaiman Anwar,Sompal Kami,2,0,"",""
ball,2,4.2,United Arab Emirates,Ashfaq Ahmed,Shaiman Anwar,Sompal Kami,0,0,"",""
ball,2,4.3,United Arab Emirates,Ashfaq Ahmed,Shaiman Anwar,Sompal Kami,0,1,"",""
ball,2,4.4,United Arab Emirates,Shaiman Anwar,Ashfaq Ahmed,Sompal Kami,0,1,"",""
ball,2,4.5,United Arab Emirates,Shaiman Anwar,Ashfaq Ahmed,Sompal Kami,0,0,"",""
ball,2,4.6,United Arab Emirates,Shaiman Anwar,Ashfaq Ahmed,Sompal Kami,0,0,"",""
ball,2,4.7,United Arab Emirates,Shaiman Anwar,Ashfaq Ahmed,Sompal Kami,0,0,lbw,Shaiman Anwar
ball,2,5.1,United Arab Emirates,Ashfaq Ahmed,CP Rizwan,Karan KC,1,0,"",""
ball,2,5.2,United Arab Emirates,CP Rizwan,Ashfaq Ahmed,Karan KC,0,0,"",""
ball,2,5.3,United Arab Emirates,CP Rizwan,Ashfaq Ahmed,Karan KC,0,0,"",""
ball,2,5.4,United Arab Emirates,CP Rizwan,Ashfaq Ahmed,Karan KC,2,0,"",""
ball,2,5.5,United Arab Emirates,CP Rizwan,Ashfaq Ahmed,Karan KC,2,0,"",""
ball,2,5.6,United Arab Emirates,CP Rizwan,Ashfaq Ahmed,Karan KC,0,0,"",""
ball,2,6.1,United Arab Emirates,Ashfaq Ahmed,CP Rizwan,Sompal Kami,0,0,caught and bowled,Ashfaq Ahmed
ball,2,6.2,United Arab Emirates,Muhammad Usman,CP Rizwan,Sompal Kami,0,0,"",""
ball,2,6.3,United Arab Emirates,Muhammad Usman,CP Rizwan,Sompal Kami,0,0,"",""
ball,2,6.4,United Arab Emirates,Muhammad Usman,CP Rizwan,Sompal Kami,0,0,"",""
ball,2,6.5,United Arab Emirates,Muhammad Usman,CP Rizwan,Sompal Kami,0,0,"",""
ball,2,6.6,United Arab Emirates,Muhammad Usman,CP Rizwan,Sompal Kami,0,0,"",""
ball,2,7.1,United Arab Emirates,CP Rizwan,Muhammad Usman,Karan KC,0,0,"",""
ball,2,7.2,United Arab Emirates,CP Rizwan,Muhammad Usman,Karan KC,0,0,"",""
ball,2,7.3,United Arab Emirates,CP Rizwan,Muhammad Usman,Karan KC,0,0,"",""
ball,2,7.4,United Arab Emirates,CP Rizwan,Muhammad Usman,Karan KC,0,0,"",""
ball,2,7.5,United Arab Emirates,CP Rizwan,Muhammad Usman,Karan KC,0,0,"",""
ball,2,7.6,United Arab Emirates,CP Rizwan,Muhammad Usman,Karan KC,4,0,"",""
ball,2,8.1,United Arab Emirates,Muhammad Usman,CP Rizwan,Sompal Kami,4,0,"",""
ball,2,8.2,United Arab Emirates,Muhammad Usman,CP Rizwan,Sompal Kami,4,0,"",""
ball,2,8.3,United Arab Emirates,Muhammad Usman,CP Rizwan,Sompal Kami,0,0,"",""
ball,2,8.4,United Arab Emirates,Muhammad Usman,CP Rizwan,Sompal Kami,0,0,"",""
ball,2,8.5,United Arab Emirates,Muhammad Usman,CP Rizwan,Sompal Kami,0,0,"",""
ball,2,8.6,United Arab Emirates,Muhammad Usman,CP Rizwan,Sompal Kami,0,0,"",""
ball,2,9.1,United Arab Emirates,CP Rizwan,Muhammad Usman,P Khadka,1,0,"",""
ball,2,9.2,United Arab Emirates,Muhammad Usman,CP Rizwan,P Khadka,0,0,"",""
ball,2,9.3,United Arab Emirates,Muhammad Usman,CP Rizwan,P Khadka,0,0,"",""
ball,2,9.4,United Arab Emirates,Muhammad Usman,CP Rizwan,P Khadka,0,0,"",""
ball,2,9.5,United Arab Emirates,Muhammad Usman,CP Rizwan,P Khadka,0,0,"",""
ball,2,9.6,United Arab Emirates,Muhammad Usman,CP Rizwan,P Khadka,4,0,"",""
ball,2,10.1,United Arab Emirates,CP Rizwan,Muhammad Usman,Sompal Kami,4,0,"",""
ball,2,10.2,United Arab Emirates,CP Rizwan,Muhammad Usman,Sompal Kami,0,0,"",""
ball,2,10.3,United Arab Emirates,CP Rizwan,Muhammad Usman,Sompal Kami,0,0,"",""
ball,2,10.4,United Arab Emirates,CP Rizwan,Muhammad Usman,Sompal Kami,0,0,"",""
ball,2,10.5,United Arab Emirates,CP Rizwan,Muhammad Usman,Sompal Kami,0,0,"",""
ball,2,10.6,United Arab Emirates,CP Rizwan,Muhammad Usman,Sompal Kami,0,0,"",""
ball,2,11.1,United Arab Emirates,Muhammad Usman,CP Rizwan,P Khadka,1,0,"",""
ball,2,11.2,United Arab Emirates,CP Rizwan,Muhammad Usman,P Khadka,0,0,"",""
ball,2,11.3,United Arab Emirates,CP Rizwan,Muhammad Usman,P Khadka,0,1,"",""
ball,2,11.4,United Arab Emirates,CP Rizwan,Muhammad Usman,P Khadka,1,0,"",""
ball,2,11.5,United Arab Emirates,Muhammad Usman,CP Rizwan,P Khadka,0,0,"",""
ball,2,11.6,United Arab Emirates,Muhammad Usman,CP Rizwan,P Khadka,0,0,"",""
ball,2,11.7,United Arab Emirates,Muhammad Usman,CP Rizwan,P Khadka,0,0,"",""
ball,2,12.1,United Arab Emirates,CP Rizwan,Muhammad Usman,S Lamichhane,0,0,"",""
ball,2,12.2,United Arab Emirates,CP Rizwan,Muhammad Usman,S Lamichhane,1,0,"",""
ball,2,12.3,United Arab Emirates,Muhammad Usman,CP Rizwan,S Lamichhane,0,0,"",""
ball,2,12.4,United Arab Emirates,Muhammad Usman,CP Rizwan,S Lamichhane,0,0,"",""
ball,2,12.5,United Arab Emirates,Muhammad Usman,CP Rizwan,S Lamichhane,1,0,"",""
ball,2,12.6,United Arab Emirates,CP Rizwan,Muhammad Usman,S Lamichhane,0,0,"",""
ball,2,13.1,United Arab Emirates,Muhammad Usman,CP Rizwan,P Khadka,0,0,"",""
ball,2,13.2,United Arab Emirates,Muhammad Usman,CP Rizwan,P Khadka,1,0,"",""
ball,2,13.3,United Arab Emirates,CP Rizwan,Muhammad Usman,P Khadka,0,0,"",""
ball,2,13.4,United Arab Emirates,CP Rizwan,Muhammad Usman,P Khadka,1,0,"",""
ball,2,13.5,United Arab Emirates,Muhammad Usman,CP Rizwan,P Khadka,0,0,"",""
ball,2,13.6,United Arab Emirates,Muhammad Usman,CP Rizwan,P Khadka,0,0,"",""
ball,2,14.1,United Arab Emirates,CP Rizwan,Muhammad Usman,S Lamichhane,0,0,"",""
ball,2,14.2,United Arab Emirates,CP Rizwan,Muhammad Usman,S Lamichhane,0,0,lbw,CP Rizwan
ball,2,14.3,United Arab Emirates,Fahad Nawaz,Muhammad Usman,S Lamichhane,0,0,lbw,Fahad Nawaz
ball,2,14.4,United Arab Emirates,Amir Hayat,Muhammad Usman,S Lamichhane,0,0,"",""
ball,2,14.5,United Arab Emirates,Amir Hayat,Muhammad Usman,S Lamichhane,0,0,"",""
ball,2,14.6,United Arab Emirates,Amir Hayat,Muhammad Usman,S Lamichhane,0,0,caught,Amir Hayat
ball,2,15.1,United Arab Emirates,Muhammad Usman,Mohammad Naveed,P Khadka,0,0,"",""
ball,2,15.2,United Arab Emirates,Muhammad Usman,Mohammad Naveed,P Khadka,0,0,"",""
ball,2,15.3,United Arab Emirates,Muhammad Usman,Mohammad Naveed,P Khadka,0,0,"",""
ball,2,15.4,United Arab Emirates,Muhammad Usman,Mohammad Naveed,P Khadka,4,0,"",""
ball,2,15.5,United Arab Emirates,Muhammad Usman,Mohammad Naveed,P Khadka,0,0,"",""
ball,2,15.6,United Arab Emirates,Muhammad Usman,Mohammad Naveed,P Khadka,0,0,"",""
ball,2,16.1,United Arab Emirates,Mohammad Naveed,Muhammad Usman,S Lamichhane,6,0,"",""
ball,2,16.2,United Arab Emirates,Mohammad Naveed,Muhammad Usman,S Lamichhane,2,0,"",""
ball,2,16.3,United Arab Emirates,Mohammad Naveed,Muhammad Usman,S Lamichhane,0,0,"",""
ball,2,16.4,United Arab Emirates,Mohammad Naveed,Muhammad Usman,S Lamichhane,6,0,"",""
ball,2,16.5,United Arab Emirates,Mohammad Naveed,Muhammad Usman,S Lamichhane,2,0,"",""
ball,2,16.6,United Arab Emirates,Mohammad Naveed,Muhammad Usman,S Lamichhane,0,0,"",""
ball,2,17.1,United Arab Emirates,Muhammad Usman,Mohammad Naveed,Karan KC,1,0,"",""
ball,2,17.2,United Arab Emirates,Mohammad Naveed,Muhammad Usman,Karan KC,2,0,"",""
ball,2,17.3,United Arab Emirates,Mohammad Naveed,Muhammad Usman,Karan KC,0,0,"",""
ball,2,17.4,United Arab Emirates,Mohammad Naveed,Muhammad Usman,Karan KC,1,0,run out,Mohammad Naveed
ball,2,17.5,United Arab Emirates,Imran Haider,Muhammad Usman,Karan KC,0,0,"",""
ball,2,17.6,United Arab Emirates,Imran Haider,Muhammad Usman,Karan KC,0,1,"",""
ball,2,17.7,United Arab Emirates,Imran Haider,Muhammad Usman,Karan KC,0,0,"",""
ball,2,18.1,United Arab Emirates,Muhammad Usman,Imran Haider,S Lamichhane,0,0,"",""
ball,2,18.2,United Arab Emirates,Muhammad Usman,Imran Haider,S Lamichhane,0,0,"",""
ball,2,18.3,United Arab Emirates,Muhammad Usman,Imran Haider,S Lamichhane,0,0,"",""
ball,2,18.4,United Arab Emirates,Muhammad Usman,Imran Haider,S Lamichhane,6,0,"",""
ball,2,18.5,United Arab Emirates,Muhammad Usman,Imran Haider,S Lamichhane,0,0,caught,Muhammad Usman
ball,2,18.6,United Arab Emirates,Zahoor Khan,Imran Haider,S Lamichhane,0,1,"",""
ball,2,19.1,United Arab Emirates,Zahoor Khan,Imran Haider,Sompal Kami,4,0,"",""
ball,2,19.2,United Arab Emirates,Zahoor Khan,Imran Haider,Sompal Kami,4,0,"",""
ball,2,19.3,United Arab Emirates,Zahoor Khan,Imran Haider,Sompal Kami,0,0,caught,Zahoor Khan
