version,1.3.0
info,team,United Arab Emirates
info,team,Nepal
info,gender,male
info,season,2018/19
info,date,2019/01/28
info,series,Nepal tour of United Arab Emirates 2018/19
info,match_number,3
info,venue,ICC Academy
info,city,Dubai
info,toss_winner,Nepal
info,toss_decision,field
info,player_of_match,P Khadka
info,umpire,Iftikhar Ali
info,umpire,Nitin Menon
info,reserve_umpire,Akbar Ali
info,match_referee,Muhammad Javed
info,winner,Nepal
info,winner_wickets,4
ball,1,0.1,United Arab Emirates,Ashfaq Ahmed,Chirag Suri,Sompal Kami,0,0,"",""
ball,1,0.2,United Arab Emirates,Ashfaq Ahmed,Chirag Suri,Sompal Kami,0,0,"",""
ball,1,0.3,United Arab Emirates,Ashfaq Ahmed,Chirag Suri,Sompal Kami,0,0,"",""
ball,1,0.4,United Arab Emirates,Ashfaq Ahmed,Chirag Suri,Sompal Kami,0,0,"",""
ball,1,0.5,United Arab Emirates,Ashfaq Ahmed,Chirag Suri,Sompal Kami,0,0,"",""
ball,1,0.6,United Arab Emirates,Ashfaq Ahmed,Chirag Suri,Sompal Kami,0,0,"",""
ball,1,1.1,United Arab Emirates,Chirag Suri,Ashfaq Ahmed,Karan KC,0,0,"",""
ball,1,1.2,United Arab Emirates,Chirag Suri,Ashfaq Ahmed,Karan KC,0,0,"",""
ball,1,1.3,United Arab Emirates,Chirag Suri,Ashfaq Ahmed,Karan KC,0,0,"",""
ball,1,1.4,United Arab Emirates,Chirag Suri,Ashfaq Ahmed,Karan KC,0,0,"",""
ball,1,1.5,United Arab Emirates,Chirag Suri,Ashfaq Ahmed,Karan KC,0,0,"",""
ball,1,1.6,United Arab Emirates,Chirag Suri,Ashfaq Ahmed,Karan KC,0,0,"",""
ball,1,2.1,United Arab Emirates,Ashfaq Ahmed,Chirag Suri,Sompal Kami,0,0,"",""
ball,1,2.2,United Arab Emirates,Ashfaq Ahmed,Chirag Suri,Sompal Kami,0,0,"",""
ball,1,2.3,United Arab Emirates,Ashfaq Ahmed,Chirag Suri,Sompal Kami,0,0,"",""
ball,1,2.4,United Arab Emirates,Ashfaq Ahmed,Chirag Suri,Sompal Kami,0,0,"",""
ball,1,2.5,United Arab Emirates,Ashfaq Ahmed,Chirag Suri,Sompal Kami,0,0,caught,Ashfaq Ahmed
ball,1,2.6,United Arab Emirates,Ghulam Shabber,Chirag Suri,Sompal Kami,1,0,"",""
ball,1,3.1,United Arab Emirates,Ghulam Shabber,Chirag Suri,Karan KC,1,0,"",""
ball,1,3.2,United Arab Emirates,Chirag Suri,Ghulam Shabber,Karan KC,0,0,"",""
ball,1,3.3,United Arab Emirates,Chirag Suri,Ghulam Shabber,Karan KC,0,0,"",""
ball,1,3.4,United Arab Emirates,Chirag Suri,Ghulam Shabber,Karan KC,0,0,"",""
ball,1,3.5,United Arab Emirates,Chirag Suri,Ghulam Shabber,Karan KC,0,0,"",""
ball,1,3.6,United Arab Emirates,Chirag Suri,Ghulam Shabber,Karan KC,0,0,"",""
ball,1,4.1,United Arab Emirates,Ghulam Shabber,Chirag Suri,Sompal Kami,0,0,"",""
ball,1,4.2,United Arab Emirates,Ghulam Shabber,Chirag Suri,Sompal Kami,0,0,"",""
ball,1,4.3,United Arab Emirates,Ghulam Shabber,Chirag Suri,Sompal Kami,0,0,"",""
ball,1,4.4,United Arab Emirates,Ghulam Shabber,Chirag Suri,Sompal Kami,0,0,"",""
ball,1,4.5,United Arab Emirates,Ghulam Shabber,Chirag Suri,Sompal Kami,0,0,"",""
ball,1,4.6,United Arab Emirates,Ghulam Shabber,Chirag Suri,Sompal Kami,0,0,"",""
ball,1,5.1,United Arab Emirates,Chirag Suri,Ghulam Shabber,Karan KC,0,0,"",""
ball,1,5.2,United Arab Emirates,Chirag Suri,Ghulam Shabber,Karan KC,0,0,"",""
ball,1,5.3,United Arab Emirates,Chirag Suri,Ghulam Shabber,Karan KC,0,0,"",""
ball,1,5.4,United Arab Emirates,Chirag Suri,Ghulam Shabber,Karan KC,0,0,"",""
ball,1,5.5,United Arab Emirates,Chirag Suri,Ghulam Shabber,Karan KC,0,0,"",""
ball,1,5.6,United Arab Emirates,Chirag Suri,Ghulam Shabber,Karan KC,0,0,caught,Chirag Suri
ball,1,6.1,United Arab Emirates,Ghulam Shabber,Muhammad Usman,Sompal Kami,0,0,"",""
ball,1,6.2,United Arab Emirates,Ghulam Shabber,Muhammad Usman,Sompal Kami,0,0,"",""
ball,1,6.3,United Arab Emirates,Ghulam Shabber,Muhammad Usman,Sompal Kami,0,0,"",""
ball,1,6.4,United Arab Emirates,Ghulam Shabber,Muhammad Usman,Sompal Kami,0,0,"",""
ball,1,6.5,United Arab Emirates,Ghulam Shabber,Muhammad Usman,Sompal Kami,0,0,"",""
ball,1,6.6,United Arab Emirates,Ghulam Shabber,Muhammad Usman,Sompal Kami,0,0,"",""
ball,1,7.1,United Arab Emirates,Muhammad Usman,Ghulam Shabber,Karan KC,0,0,"",""
ball,1,7.2,United Arab Emirates,Muhammad Usman,Ghulam Shabber,Karan KC,0,0,"",""
ball,1,7.3,United Arab Emirates,Muhammad Usman,Ghulam Shabber,Karan KC,1,0,"",""
ball,1,7.4,United Arab Emirates,Ghulam Shabber,Muhammad Usman,Karan KC,0,0,"",""
ball,1,7.5,United Arab Emirates,Ghulam Shabber,Muhammad Usman,Karan KC,0,0,"",""
ball,1,7.6,United Arab Emirates,Ghulam Shabber,Muhammad Usman,Karan KC,0,0,"",""
ball,1,8.1,United Arab Emirates,Muhammad Usman,Ghulam Shabber,Sompal Kami,0,0,"",""
ball,1,8.2,United Arab Emirates,Muhammad Usman,Ghulam Shabber,Sompal Kami,0,0,"",""
ball,1,8.3,United Arab Emirates,Muhammad Usman,Ghulam Shabber,Sompal Kami,0,1,"",""
ball,1,8.4,United Arab Emirates,Muhammad Usman,Ghulam Shabber,Sompal Kami,0,0,"",""
ball,1,8.5,United Arab Emirates,Muhammad Usman,Ghulam Shabber,Sompal Kami,0,0,"",""
ball,1,8.6,United Arab Emirates,Muhammad Usman,Ghulam Shabber,Sompal Kami,0,1,"",""
ball,1,8.7,United Arab Emirates,Muhammad Usman,Ghulam Shabber,Sompal Kami,0,0,"",""
ball,1,8.8,United Arab Emirates,Muhammad Usman,Ghulam Shabber,Sompal Kami,4,0,"",""
ball,1,9.1,United Arab Emirates,Ghulam Shabber,Muhammad Usman,Karan KC,0,0,"",""
ball,1,9.2,United Arab Emirates,Ghulam Shabber,Muhammad Usman,Karan KC,1,0,"",""
ball,1,9.3,United Arab Emirates,Muhammad Usman,Ghulam Shabber,Karan KC,0,0,"",""
ball,1,9.4,United Arab Emirates,Muhammad Usman,Ghulam Shabber,Karan KC,1,0,"",""
ball,1,9.5,United Arab Emirates,Ghulam Shabber,Muhammad Usman,Karan KC,2,0,"",""
ball,1,9.6,United Arab Emirates,Ghulam Shabber,Muhammad Usman,Karan KC,1,0,"",""
ball,1,10.1,United Arab Emirates,Ghulam Shabber,Muhammad Usman,P Khadka,0,0,"",""
ball,1,10.2,United Arab Emirates,Ghulam Shabber,Muhammad Usman,P Khadka,1,0,"",""
ball,1,10.3,United Arab Emirates,Muhammad Usman,Ghulam Shabber,P Khadka,0,0,"",""
ball,1,10.4,United Arab Emirates,Muhammad Usman,Ghulam Shabber,P Khadka,1,0,"",""
ball,1,10.5,United Arab Emirates,Ghulam Shabber,Muhammad Usman,P Khadka,0,0,"",""
ball,1,10.6,United Arab Emirates,Ghulam Shabber,Muhammad Usman,P Khadka,1,0,"",""
ball,1,11.1,United Arab Emirates,Ghulam Shabber,Muhammad Usman,Karan KC,1,0,"",""
ball,1,11.2,United Arab Emirates,Muhammad Usman,Ghulam Shabber,Karan KC,0,0,"",""
ball,1,11.3,United Arab Emirates,Muhammad Usman,Ghulam Shabber,Karan KC,0,0,"",""
ball,1,11.4,United Arab Emirates,Muhammad Usman,Ghulam Shabber,Karan KC,4,0,"",""
ball,1,11.5,United Arab Emirates,Muhammad Usman,Ghulam Shabber,Karan KC,1,0,"",""
ball,1,11.6,United Arab Emirates,Ghulam Shabber,Muhammad Usman,Karan KC,0,0,"",""
ball,1,12.1,United Arab Emirates,Muhammad Usman,Ghulam Shabber,P Khadka,1,0,"",""
ball,1,12.2,United Arab Emirates,Ghulam Shabber,Muhammad Usman,P Khadka,0,0,"",""
ball,1,12.3,United Arab Emirates,Ghulam Shabber,Muhammad Usman,P Khadka,0,0,"",""
ball,1,12.4,United Arab Emirates,Ghulam Shabber,Muhammad Usman,P Khadka,0,0,"",""
ball,1,12.5,United Arab Emirates,Ghulam Shabber,Muhammad Usman,P Khadka,1,0,"",""
ball,1,12.6,United Arab Emirates,Muhammad Usman,Ghulam Shabber,P Khadka,0,0,"",""
ball,1,13.1,United Arab Emirates,Ghulam Shabber,Muhammad Usman,Aarif Sheikh,0,0,"",""
ball,1,13.2,United Arab Emirates,Ghulam Shabber,Muhammad Usman,Aarif Sheikh,0,0,"",""
ball,1,13.3,United Arab Emirates,Ghulam Shabber,Muhammad Usman,Aarif Sheikh,1,0,"",""
ball,1,13.4,United Arab Emirates,Muhammad Usman,Ghulam Shabber,Aarif Sheikh,0,0,"",""
ball,1,13.5,United Arab Emirates,Muhammad Usman,Ghulam Shabber,Aarif Sheikh,0,0,"",""
ball,1,13.6,United Arab Emirates,Muhammad Usman,Ghulam Shabber,Aarif Sheikh,0,0,"",""
ball,1,14.1,United Arab Emirates,Ghulam Shabber,Muhammad Usman,P Khadka,1,0,"",""
ball,1,14.2,United Arab Emirates,Muhammad Usman,Ghulam Shabber,P Khadka,0,0,"",""
ball,1,14.3,United Arab Emirates,Muhammad Usman,Ghulam Shabber,P Khadka,1,0,"",""
ball,1,14.4,United Arab Emirates,Ghulam Shabber,Muhammad Usman,P Khadka,1,0,"",""
ball,1,14.5,United Arab Emirates,Muhammad Usman,Ghulam Shabber,P Khadka,0,0,"",""
ball,1,14.6,United Arab Emirates,Muhammad Usman,Ghulam Shabber,P Khadka,1,0,"",""
ball,1,15.1,United Arab Emirates,Muhammad Usman,Ghulam Shabber,Aarif Sheikh,0,0,"",""
ball,1,15.2,United Arab Emirates,Muhammad Usman,Ghulam Shabber,Aarif Sheikh,4,0,"",""
ball,1,15.3,United Arab Emirates,Muhammad Usman,Ghulam Shabber,Aarif Sheikh,4,0,"",""
ball,1,15.4,United Arab Emirates,Muhammad Usman,Ghulam Shabber,Aarif Sheikh,0,0,"",""
ball,1,15.5,United Arab Emirates,Muhammad Usman,Ghulam Shabber,Aarif Sheikh,1,0,"",""
ball,1,15.6,United Arab Emirates,Ghulam Shabber,Muhammad Usman,Aarif Sheikh,0,0,"",""
ball,1,16.1,United Arab Emirates,Muhammad Usman,Ghulam Shabber,P Khadka,0,0,"",""
ball,1,16.2,United Arab Emirates,Muhammad Usman,Ghulam Shabber,P Khadka,0,1,"",""
ball,1,16.3,United Arab Emirates,Ghulam Shabber,Muhammad Usman,P Khadka,1,0,"",""
ball,1,16.4,United Arab Emirates,Muhammad Usman,Ghulam Shabber,P Khadka,0,0,"",""
ball,1,16.5,United Arab Emirates,Muhammad Usman,Ghulam Shabber,P Khadka,0,0,"",""
ball,1,16.6,United Arab Emirates,Muhammad Usman,Ghulam Shabber,P Khadka,0,0,"",""
ball,1,17.1,United Arab Emirates,Ghulam Shabber,Muhammad Usman,S Lamichhane,0,0,"",""
ball,1,17.2,United Arab Emirates,Ghulam Shabber,Muhammad Usman,S Lamichhane,2,0,"",""
ball,1,17.3,United Arab Emirates,Ghulam Shabber,Muhammad Usman,S Lamichhane,0,0,"",""
ball,1,17.4,United Arab Emirates,Ghulam Shabber,Muhammad Usman,S Lamichhane,1,0,"",""
ball,1,17.5,United Arab Emirates,Muhammad Usman,Ghulam Shabber,S Lamichhane,0,0,"",""
ball,1,17.6,United Arab Emirates,Muhammad Usman,Ghulam Shabber,S Lamichhane,0,0,"",""
ball,1,18.1,United Arab Emirates,Ghulam Shabber,Muhammad Usman,P Khadka,0,0,"",""
ball,1,18.2,United Arab Emirates,Ghulam Shabber,Muhammad Usman,P Khadka,0,0,"",""
ball,1,18.3,United Arab Emirates,Ghulam Shabber,Muhammad Usman,P Khadka,0,0,"",""
ball,1,18.4,United Arab Emirates,Ghulam Shabber,Muhammad Usman,P Khadka,0,0,"",""
ball,1,18.5,United Arab Emirates,Ghulam Shabber,Muhammad Usman,P Khadka,0,0,"",""
ball,1,18.6,United Arab Emirates,Ghulam Shabber,Muhammad Usman,P Khadka,0,0,"",""
ball,1,19.1,United Arab Emirates,Muhammad Usman,Ghulam Shabber,S Lamichhane,1,0,"",""
ball,1,19.2,United Arab Emirates,Ghulam Shabber,Muhammad Usman,S Lamichhane,1,0,"",""
ball,1,19.3,United Arab Emirates,Muhammad Usman,Ghulam Shabber,S Lamichhane,1,0,"",""
ball,1,19.4,United Arab Emirates,Ghulam Shabber,Muhammad Usman,S Lamichhane,0,0,lbw,Ghulam Shabber
ball,1,19.5,United Arab Emirates,CP Rizwan,Muhammad Usman,S Lamichhane,0,0,"",""
ball,1,19.6,United Arab Emirates,CP Rizwan,Muhammad Usman,S Lamichhane,0,0,"",""
ball,1,20.1,United Arab Emirates,Muhammad Usman,CP Rizwan,P Khadka,0,0,"",""
ball,1,20.2,United Arab Emirates,Muhammad Usman,CP Rizwan,P Khadka,0,0,caught,Muhammad Usman
ball,1,20.3,United Arab Emirates,CP Rizwan,Shaiman Anwar,P Khadka,0,0,"",""
ball,1,20.4,United Arab Emirates,CP Rizwan,Shaiman Anwar,P Khadka,0,0,"",""
ball,1,20.5,United Arab Emirates,CP Rizwan,Shaiman Anwar,P Khadka,1,0,"",""
ball,1,20.6,United Arab Emirates,Shaiman Anwar,CP Rizwan,P Khadka,0,0,"",""
ball,1,21.1,United Arab Emirates,CP Rizwan,Shaiman Anwar,S Lamichhane,0,0,"",""
ball,1,21.2,United Arab Emirates,CP Rizwan,Shaiman Anwar,S Lamichhane,0,0,"",""
ball,1,21.3,United Arab Emirates,CP Rizwan,Shaiman Anwar,S Lamichhane,0,0,"",""
ball,1,21.4,United Arab Emirates,CP Rizwan,Shaiman Anwar,S Lamichhane,1,0,"",""
ball,1,21.5,United Arab Emirates,Shaiman Anwar,CP Rizwan,S Lamichhane,0,0,"",""
ball,1,21.6,United Arab Emirates,Shaiman Anwar,CP Rizwan,S Lamichhane,0,0,"",""
ball,1,22.1,United Arab Emirates,CP Rizwan,Shaiman Anwar,P Khadka,0,0,"",""
ball,1,22.2,United Arab Emirates,CP Rizwan,Shaiman Anwar,P Khadka,0,0,"",""
ball,1,22.3,United Arab Emirates,CP Rizwan,Shaiman Anwar,P Khadka,0,0,"",""
ball,1,22.4,United Arab Emirates,CP Rizwan,Shaiman Anwar,P Khadka,0,0,"",""
ball,1,22.5,United Arab Emirates,CP Rizwan,Shaiman Anwar,P Khadka,0,0,"",""
ball,1,22.6,United Arab Emirates,CP Rizwan,Shaiman Anwar,P Khadka,1,0,"",""
ball,1,23.1,United Arab Emirates,CP Rizwan,Shaiman Anwar,S Lamichhane,0,0,"",""
ball,1,23.2,United Arab Emirates,CP Rizwan,Shaiman Anwar,S Lamichhane,0,0,"",""
ball,1,23.3,United Arab Emirates,CP Rizwan,Shaiman Anwar,S Lamichhane,4,0,"",""
ball,1,23.4,United Arab Emirates,CP Rizwan,Shaiman Anwar,S Lamichhane,0,0,"",""
ball,1,23.5,United Arab Emirates,CP Rizwan,Shaiman Anwar,S Lamichhane,1,0,"",""
ball,1,23.6,United Arab Emirates,Shaiman Anwar,CP Rizwan,S Lamichhane,4,0,"",""
ball,1,24.1,United Arab Emirates,CP Rizwan,Shaiman Anwar,P Khadka,0,0,"",""
ball,1,24.2,United Arab Emirates,CP Rizwan,Shaiman Anwar,P Khadka,1,0,"",""
ball,1,24.3,United Arab Emirates,Shaiman Anwar,CP Rizwan,P Khadka,1,0,"",""
ball,1,24.4,United Arab Emirates,CP Rizwan,Shaiman Anwar,P Khadka,0,0,"",""
ball,1,24.5,United Arab Emirates,CP Rizwan,Shaiman Anwar,P Khadka,1,0,"",""
ball,1,24.6,United Arab Emirates,Shaiman Anwar,CP Rizwan,P Khadka,1,0,"",""
ball,1,25.1,United Arab Emirates,Shaiman Anwar,CP Rizwan,S Lamichhane,0,0,"",""
ball,1,25.2,United Arab Emirates,Shaiman Anwar,CP Rizwan,S Lamichhane,1,0,"",""
ball,1,25.3,United Arab Emirates,CP Rizwan,Shaiman Anwar,S Lamichhane,0,0,"",""
ball,1,25.4,United Arab Emirates,CP Rizwan,Shaiman Anwar,S Lamichhane,1,0,"",""
ball,1,25.5,United Arab Emirates,Shaiman Anwar,CP Rizwan,S Lamichhane,0,0,"",""
ball,1,25.6,United Arab Emirates,Shaiman Anwar,CP Rizwan,S Lamichhane,1,0,"",""
ball,1,26.1,United Arab Emirates,Shaiman Anwar,CP Rizwan,Sompal Kami,0,0,"",""
ball,1,26.2,United Arab Emirates,Shaiman Anwar,CP Rizwan,Sompal Kami,1,0,"",""
ball,1,26.3,United Arab Emirates,CP Rizwan,Shaiman Anwar,Sompal Kami,1,0,"",""
ball,1,26.4,United Arab Emirates,Shaiman Anwar,CP Rizwan,Sompal Kami,0,0,"",""
ball,1,26.5,United Arab Emirates,Shaiman Anwar,CP Rizwan,Sompal Kami,0,0,"",""
ball,1,26.6,United Arab Emirates,Shaiman Anwar,CP Rizwan,Sompal Kami,3,0,"",""
ball,1,27.1,United Arab Emirates,Shaiman Anwar,CP Rizwan,LN Rajbanshi,0,0,"",""
ball,1,27.2,United Arab Emirates,Shaiman Anwar,CP Rizwan,LN Rajbanshi,1,0,"",""
ball,1,27.3,United Arab Emirates,CP Rizwan,Shaiman Anwar,LN Rajbanshi,0,0,"",""
ball,1,27.4,United Arab Emirates,CP Rizwan,Shaiman Anwar,LN Rajbanshi,0,1,"",""
ball,1,27.5,United Arab Emirates,CP Rizwan,Shaiman Anwar,LN Rajbanshi,0,0,"",""
ball,1,27.6,United Arab Emirates,CP Rizwan,Shaiman Anwar,LN Rajbanshi,0,0,"",""
ball,1,27.7,United Arab Emirates,CP Rizwan,Shaiman Anwar,LN Rajbanshi,0,0,"",""
ball,1,28.1,United Arab Emirates,Shaiman Anwar,CP Rizwan,Sompal Kami,2,0,"",""
ball,1,28.2,United Arab Emirates,Shaiman Anwar,CP Rizwan,Sompal Kami,4,0,"",""
ball,1,28.3,United Arab Emirates,Shaiman Anwar,CP Rizwan,Sompal Kami,1,0,"",""
ball,1,28.4,United Arab Emirates,CP Rizwan,Shaiman Anwar,Sompal Kami,0,0,"",""
ball,1,28.5,United Arab Emirates,CP Rizwan,Shaiman Anwar,Sompal Kami,0,0,"",""
ball,1,28.6,United Arab Emirates,CP Rizwan,Shaiman Anwar,Sompal Kami,0,0,"",""
ball,1,29.1,United Arab Emirates,Shaiman Anwar,CP Rizwan,LN Rajbanshi,1,0,"",""
ball,1,29.2,United Arab Emirates,CP Rizwan,Shaiman Anwar,LN Rajbanshi,0,0,"",""
ball,1,29.3,United Arab Emirates,CP Rizwan,Shaiman Anwar,LN Rajbanshi,1,0,"",""
ball,1,29.4,United Arab Emirates,Shaiman Anwar,CP Rizwan,LN Rajbanshi,0,0,"",""
ball,1,29.5,United Arab Emirates,Shaiman Anwar,CP Rizwan,LN Rajbanshi,1,0,"",""
ball,1,29.6,United Arab Emirates,CP Rizwan,Shaiman Anwar,LN Rajbanshi,0,0,"",""
ball,1,30.1,United Arab Emirates,Shaiman Anwar,CP Rizwan,DS Airee,0,0,"",""
ball,1,30.2,United Arab Emirates,Shaiman Anwar,CP Rizwan,DS Airee,1,0,"",""
ball,1,30.3,United Arab Emirates,CP Rizwan,Shaiman Anwar,DS Airee,0,0,"",""
ball,1,30.4,United Arab Emirates,CP Rizwan,Shaiman Anwar,DS Airee,1,0,"",""
ball,1,30.5,United Arab Emirates,Shaiman Anwar,CP Rizwan,DS Airee,1,0,"",""
ball,1,30.6,United Arab Emirates,CP Rizwan,Shaiman Anwar,DS Airee,0,0,"",""
ball,1,31.1,United Arab Emirates,Shaiman Anwar,CP Rizwan,LN Rajbanshi,0,0,"",""
ball,1,31.2,United Arab Emirates,Shaiman Anwar,CP Rizwan,LN Rajbanshi,0,0,"",""
ball,1,31.3,United Arab Emirates,Shaiman Anwar,CP Rizwan,LN Rajbanshi,1,0,"",""
ball,1,31.4,United Arab Emirates,CP Rizwan,Shaiman Anwar,LN Rajbanshi,1,0,"",""
ball,1,31.5,United Arab Emirates,Shaiman Anwar,CP Rizwan,LN Rajbanshi,1,0,"",""
ball,1,31.6,United Arab Emirates,CP Rizwan,Shaiman Anwar,LN Rajbanshi,4,0,"",""
ball,1,32.1,United Arab Emirates,Shaiman Anwar,CP Rizwan,DS Airee,1,0,"",""
ball,1,32.2,United Arab Emirates,CP Rizwan,Shaiman Anwar,DS Airee,0,0,"",""
ball,1,32.3,United Arab Emirates,CP Rizwan,Shaiman Anwar,DS Airee,0,0,"",""
ball,1,32.4,United Arab Emirates,CP Rizwan,Shaiman Anwar,DS Airee,1,0,"",""
ball,1,32.5,United Arab Emirates,Shaiman Anwar,CP Rizwan,DS Airee,0,0,"",""
ball,1,32.6,United Arab Emirates,Shaiman Anwar,CP Rizwan,DS Airee,1,0,"",""
ball,1,33.1,United Arab Emirates,Shaiman Anwar,CP Rizwan,LN Rajbanshi,1,0,"",""
ball,1,33.2,United Arab Emirates,CP Rizwan,Shaiman Anwar,LN Rajbanshi,2,0,"",""
ball,1,33.3,United Arab Emirates,CP Rizwan,Shaiman Anwar,LN Rajbanshi,0,0,"",""
ball,1,33.4,United Arab Emirates,CP Rizwan,Shaiman Anwar,LN Rajbanshi,0,0,"",""
ball,1,33.5,United Arab Emirates,CP Rizwan,Shaiman Anwar,LN Rajbanshi,0,0,"",""
ball,1,33.6,United Arab Emirates,CP Rizwan,Shaiman Anwar,LN Rajbanshi,1,0,"",""
ball,1,34.1,United Arab Emirates,CP Rizwan,Shaiman Anwar,S Lamichhane,1,0,"",""
ball,1,34.2,United Arab Emirates,Shaiman Anwar,CP Rizwan,S Lamichhane,4,0,"",""
ball,1,34.3,United Arab Emirates,Shaiman Anwar,CP Rizwan,S Lamichhane,0,0,"",""
ball,1,34.4,United Arab Emirates,Shaiman Anwar,CP Rizwan,S Lamichhane,4,0,"",""
ball,1,34.5,United Arab Emirates,Shaiman Anwar,CP Rizwan,S Lamichhane,1,0,"",""
ball,1,34.6,United Arab Emirates,CP Rizwan,Shaiman Anwar,S Lamichhane,0,0,"",""
ball,1,35.1,United Arab Emirates,Shaiman Anwar,CP Rizwan,LN Rajbanshi,0,0,"",""
ball,1,35.2,United Arab Emirates,Shaiman Anwar,CP Rizwan,LN Rajbanshi,0,0,"",""
ball,1,35.3,United Arab Emirates,Shaiman Anwar,CP Rizwan,LN Rajbanshi,1,0,"",""
ball,1,35.4,United Arab Emirates,CP Rizwan,Shaiman Anwar,LN Rajbanshi,1,0,"",""
ball,1,35.5,United Arab Emirates,Shaiman Anwar,CP Rizwan,LN Rajbanshi,0,0,"",""
ball,1,35.6,United Arab Emirates,Shaiman Anwar,CP Rizwan,LN Rajbanshi,0,0,"",""
ball,1,36.1,United Arab Emirates,CP Rizwan,Shaiman Anwar,S Lamichhane,0,0,"",""
ball,1,36.2,United Arab Emirates,CP Rizwan,Shaiman Anwar,S Lamichhane,0,0,"",""
ball,1,36.3,United Arab Emirates,CP Rizwan,Shaiman Anwar,S Lamichhane,0,0,"",""
ball,1,36.4,United Arab Emirates,CP Rizwan,Shaiman Anwar,S Lamichhane,0,0,"",""
ball,1,36.5,United Arab Emirates,CP Rizwan,Shaiman Anwar,S Lamichhane,1,0,"",""
ball,1,36.6,United Arab Emirates,Shaiman Anwar,CP Rizwan,S Lamichhane,1,0,"",""
ball,1,37.1,United Arab Emirates,Shaiman Anwar,CP Rizwan,LN Rajbanshi,1,0,"",""
ball,1,37.2,United Arab Emirates,CP Rizwan,Shaiman Anwar,LN Rajbanshi,1,0,"",""
ball,1,37.3,United Arab Emirates,Shaiman Anwar,CP Rizwan,LN Rajbanshi,1,0,"",""
ball,1,37.4,United Arab Emirates,CP Rizwan,Shaiman Anwar,LN Rajbanshi,1,0,"",""
ball,1,37.5,United Arab Emirates,Shaiman Anwar,CP Rizwan,LN Rajbanshi,4,0,"",""
ball,1,37.6,United Arab Emirates,Shaiman Anwar,CP Rizwan,LN Rajbanshi,0,0,"",""
ball,1,38.1,United Arab Emirates,CP Rizwan,Shaiman Anwar,S Lamichhane,0,0,"",""
ball,1,38.2,United Arab Emirates,CP Rizwan,Shaiman Anwar,S Lamichhane,0,0,"",""
ball,1,38.3,United Arab Emirates,CP Rizwan,Shaiman Anwar,S Lamichhane,0,0,"",""
ball,1,38.4,United Arab Emirates,CP Rizwan,Shaiman Anwar,S Lamichhane,4,0,"",""
ball,1,38.5,United Arab Emirates,CP Rizwan,Shaiman Anwar,S Lamichhane,0,1,"",""
ball,1,38.6,United Arab Emirates,CP Rizwan,Shaiman Anwar,S Lamichhane,2,0,"",""
ball,1,38.7,United Arab Emirates,CP Rizwan,Shaiman Anwar,S Lamichhane,0,0,"",""
ball,1,39.1,United Arab Emirates,Shaiman Anwar,CP Rizwan,Karan KC,0,1,"",""
ball,1,39.2,United Arab Emirates,Shaiman Anwar,CP Rizwan,Karan KC,1,0,"",""
ball,1,39.3,United Arab Emirates,CP Rizwan,Shaiman Anwar,Karan KC,4,0,"",""
ball,1,39.4,United Arab Emirates,CP Rizwan,Shaiman Anwar,Karan KC,0,0,"",""
ball,1,39.5,United Arab Emirates,CP Rizwan,Shaiman Anwar,Karan KC,1,0,"",""
ball,1,39.6,United Arab Emirates,Shaiman Anwar,CP Rizwan,Karan KC,4,0,"",""
ball,1,39.7,United Arab Emirates,Shaiman Anwar,CP Rizwan,Karan KC,0,0,"",""
ball,1,40.1,United Arab Emirates,CP Rizwan,Shaiman Anwar,LN Rajbanshi,0,0,"",""
ball,1,40.2,United Arab Emirates,CP Rizwan,Shaiman Anwar,LN Rajbanshi,1,0,"",""
ball,1,40.3,United Arab Emirates,Shaiman Anwar,CP Rizwan,LN Rajbanshi,1,0,"",""
ball,1,40.4,United Arab Emirates,CP Rizwan,Shaiman Anwar,LN Rajbanshi,4,0,"",""
ball,1,40.5,United Arab Emirates,CP Rizwan,Shaiman Anwar,LN Rajbanshi,0,0,"",""
ball,1,40.6,United Arab Emirates,CP Rizwan,Shaiman Anwar,LN Rajbanshi,1,0,"",""
ball,1,41.1,United Arab Emirates,CP Rizwan,Shaiman Anwar,Karan KC,0,0,"",""
ball,1,41.2,United Arab Emirates,CP Rizwan,Shaiman Anwar,Karan KC,0,0,caught,CP Rizwan
ball,1,41.3,United Arab Emirates,Mohammad Boota,Shaiman Anwar,Karan KC,2,0,"",""
ball,1,41.4,United Arab Emirates,Mohammad Boota,Shaiman Anwar,Karan KC,0,0,"",""
ball,1,41.5,United Arab Emirates,Mohammad Boota,Shaiman Anwar,Karan KC,0,0,"",""
ball,1,41.6,United Arab Emirates,Mohammad Boota,Shaiman Anwar,Karan KC,4,0,"",""
ball,1,42.1,United Arab Emirates,Shaiman Anwar,Mohammad Boota,S Lamichhane,4,0,"",""
ball,1,42.2,United Arab Emirates,Shaiman Anwar,Mohammad Boota,S Lamichhane,4,0,"",""
ball,1,42.3,United Arab Emirates,Shaiman Anwar,Mohammad Boota,S Lamichhane,1,0,"",""
ball,1,42.4,United Arab Emirates,Mohammad Boota,Shaiman Anwar,S Lamichhane,0,0,"",""
ball,1,42.5,United Arab Emirates,Mohammad Boota,Shaiman Anwar,S Lamichhane,1,0,"",""
ball,1,42.6,United Arab Emirates,Shaiman Anwar,Mohammad Boota,S Lamichhane,0,0,"",""
ball,1,43.1,United Arab Emirates,Mohammad Boota,Shaiman Anwar,Karan KC,1,0,"",""
ball,1,43.2,United Arab Emirates,Shaiman Anwar,Mohammad Boota,Karan KC,1,0,"",""
ball,1,43.3,United Arab Emirates,Mohammad Boota,Shaiman Anwar,Karan KC,0,0,"",""
ball,1,43.4,United Arab Emirates,Mohammad Boota,Shaiman Anwar,Karan KC,0,0,"",""
ball,1,43.5,United Arab Emirates,Mohammad Boota,Shaiman Anwar,Karan KC,1,0,"",""
ball,1,43.6,United Arab Emirates,Shaiman Anwar,Mohammad Boota,Karan KC,0,0,"",""
ball,1,44.1,United Arab Emirates,Mohammad Boota,Shaiman Anwar,S Lamichhane,1,0,"",""
ball,1,44.2,United Arab Emirates,Shaiman Anwar,Mohammad Boota,S Lamichhane,0,0,"",""
ball,1,44.3,United Arab Emirates,Shaiman Anwar,Mohammad Boota,S Lamichhane,1,0,"",""
ball,1,44.4,United Arab Emirates,Mohammad Boota,Shaiman Anwar,S Lamichhane,0,0,"",""
ball,1,44.5,United Arab Emirates,Mohammad Boota,Shaiman Anwar,S Lamichhane,1,0,"",""
ball,1,44.6,United Arab Emirates,Shaiman Anwar,Mohammad Boota,S Lamichhane,6,0,"",""
ball,1,45.1,United Arab Emirates,Mohammad Boota,Shaiman Anwar,Sompal Kami,0,1,"",""
ball,1,45.2,United Arab Emirates,Mohammad Boota,Shaiman Anwar,Sompal Kami,6,0,"",""
ball,1,45.3,United Arab Emirates,Mohammad Boota,Shaiman Anwar,Sompal Kami,0,0,"",""
ball,1,45.4,United Arab Emirates,Mohammad Boota,Shaiman Anwar,Sompal Kami,4,0,"",""
ball,1,45.5,United Arab Emirates,Mohammad Boota,Shaiman Anwar,Sompal Kami,1,0,"",""
ball,1,45.6,United Arab Emirates,Shaiman Anwar,Mohammad Boota,Sompal Kami,0,1,"",""
ball,1,45.7,United Arab Emirates,Shaiman Anwar,Mohammad Boota,Sompal Kami,1,0,"",""
ball,1,45.8,United Arab Emirates,Mohammad Boota,Shaiman Anwar,Sompal Kami,1,0,"",""
ball,1,46.1,United Arab Emirates,Mohammad Boota,Shaiman Anwar,P Khadka,0,0,"",""
ball,1,46.2,United Arab Emirates,Mohammad Boota,Shaiman Anwar,P Khadka,1,0,"",""
ball,1,46.3,United Arab Emirates,Shaiman Anwar,Mohammad Boota,P Khadka,4,0,"",""
ball,1,46.4,United Arab Emirates,Shaiman Anwar,Mohammad Boota,P Khadka,2,0,"",""
ball,1,46.5,United Arab Emirates,Shaiman Anwar,Mohammad Boota,P Khadka,0,0,"",""
ball,1,46.6,United Arab Emirates,Shaiman Anwar,Mohammad Boota,P Khadka,2,0,"",""
ball,1,47.1,United Arab Emirates,Mohammad Boota,Shaiman Anwar,Karan KC,1,0,"",""
ball,1,47.2,United Arab Emirates,Shaiman Anwar,Mohammad Boota,Karan KC,1,0,"",""
ball,1,47.3,United Arab Emirates,Mohammad Boota,Shaiman Anwar,Karan KC,6,0,"",""
ball,1,47.4,United Arab Emirates,Mohammad Boota,Shaiman Anwar,Karan KC,0,0,"",""
ball,1,47.5,United Arab Emirates,Mohammad Boota,Shaiman Anwar,Karan KC,4,0,"",""
ball,1,47.6,United Arab Emirates,Mohammad Boota,Shaiman Anwar,Karan KC,1,0,"",""
ball,1,48.1,United Arab Emirates,Mohammad Boota,Shaiman Anwar,P Khadka,6,0,"",""
ball,1,48.2,United Arab Emirates,Mohammad Boota,Shaiman Anwar,P Khadka,1,0,"",""
ball,1,48.3,United Arab Emirates,Shaiman Anwar,Mohammad Boota,P Khadka,6,0,"",""
ball,1,48.4,United Arab Emirates,Shaiman Anwar,Mohammad Boota,P Khadka,2,0,"",""
ball,1,48.5,United Arab Emirates,Shaiman Anwar,Mohammad Boota,P Khadka,0,0,caught,Shaiman Anwar
ball,1,48.6,United Arab Emirates,Mohammad Boota,Mohammad Naveed,P Khadka,4,0,"",""
ball,1,49.1,United Arab Emirates,Mohammad Naveed,Mohammad Boota,Sompal Kami,6,0,"",""
ball,1,49.2,United Arab Emirates,Mohammad Naveed,Mohammad Boota,Sompal Kami,4,0,"",""
ball,1,49.3,United Arab Emirates,Mohammad Naveed,Mohammad Boota,Sompal Kami,1,0,"",""
ball,1,49.4,United Arab Emirates,Mohammad Boota,Mohammad Naveed,Sompal Kami,4,0,"",""
ball,1,49.5,United Arab Emirates,Mohammad Boota,Mohammad Naveed,Sompal Kami,2,0,"",""
ball,1,49.6,United Arab Emirates,Mohammad Boota,Mohammad Naveed,Sompal Kami,6,0,"",""
ball,2,0.1,Nepal,G Malla,B Bhandari,Mohammad Naveed,0,0,"",""
ball,2,0.2,Nepal,G Malla,B Bhandari,Mohammad Naveed,0,0,"",""
ball,2,0.3,Nepal,G Malla,B Bhandari,Mohammad Naveed,1,0,"",""
ball,2,0.4,Nepal,B Bhandari,G Malla,Mohammad Naveed,2,0,"",""
ball,2,0.5,Nepal,B Bhandari,G Malla,Mohammad Naveed,0,0,"",""
ball,2,0.6,Nepal,B Bhandari,G Malla,Mohammad Naveed,1,0,"",""
ball,2,1.1,Nepal,B Bhandari,G Malla,Qadeer Ahmed,0,0,"",""
ball,2,1.2,Nepal,B Bhandari,G Malla,Qadeer Ahmed,0,0,"",""
ball,2,1.3,Nepal,B Bhandari,G Malla,Qadeer Ahmed,0,0,"",""
ball,2,1.4,Nepal,B Bhandari,G Malla,Qadeer Ahmed,1,0,"",""
ball,2,1.5,Nepal,G Malla,B Bhandari,Qadeer Ahmed,0,0,"",""
ball,2,1.6,Nepal,G Malla,B Bhandari,Qadeer Ahmed,2,0,"",""
ball,2,2.1,Nepal,B Bhandari,G Malla,Mohammad Naveed,0,0,"",""
ball,2,2.2,Nepal,B Bhandari,G Malla,Mohammad Naveed,0,0,"",""
ball,2,2.3,Nepal,B Bhandari,G Malla,Mohammad Naveed,0,0,"",""
ball,2,2.4,Nepal,B Bhandari,G Malla,Mohammad Naveed,1,0,"",""
ball,2,2.5,Nepal,G Malla,B Bhandari,Mohammad Naveed,0,1,"",""
ball,2,2.6,Nepal,B Bhandari,G Malla,Mohammad Naveed,1,0,"",""
ball,2,3.1,Nepal,B Bhandari,G Malla,Qadeer Ahmed,0,0,"",""
ball,2,3.2,Nepal,B Bhandari,G Malla,Qadeer Ahmed,3,0,"",""
ball,2,3.3,Nepal,G Malla,B Bhandari,Qadeer Ahmed,0,0,"",""
ball,2,3.4,Nepal,G Malla,B Bhandari,Qadeer Ahmed,2,0,"",""
ball,2,3.5,Nepal,G Malla,B Bhandari,Qadeer Ahmed,0,0,"",""
ball,2,3.6,Nepal,G Malla,B Bhandari,Qadeer Ahmed,4,0,"",""
ball,2,4.1,Nepal,B Bhandari,G Malla,Mohammad Naveed,0,0,"",""
ball,2,4.2,Nepal,B Bhandari,G Malla,Mohammad Naveed,0,0,"",""
ball,2,4.3,Nepal,B Bhandari,G Malla,Mohammad Naveed,0,0,caught,B Bhandari
ball,2,4.4,Nepal,P Khadka,G Malla,Mohammad Naveed,0,0,"",""
ball,2,4.5,Nepal,P Khadka,G Malla,Mohammad Naveed,0,0,"",""
ball,2,4.6,Nepal,P Khadka,G Malla,Mohammad Naveed,0,0,"",""
ball,2,5.1,Nepal,G Malla,P Khadka,Qadeer Ahmed,0,0,"",""
ball,2,5.2,Nepal,G Malla,P Khadka,Qadeer Ahmed,0,0,"",""
ball,2,5.3,Nepal,G Malla,P Khadka,Qadeer Ahmed,0,0,"",""
ball,2,5.4,Nepal,G Malla,P Khadka,Qadeer Ahmed,1,0,"",""
ball,2,5.5,Nepal,P Khadka,G Malla,Qadeer Ahmed,4,0,"",""
ball,2,5.6,Nepal,P Khadka,G Malla,Qadeer Ahmed,1,0,"",""
ball,2,6.1,Nepal,P Khadka,G Malla,Mohammad Naveed,0,0,"",""
ball,2,6.2,Nepal,P Khadka,G Malla,Mohammad Naveed,0,0,"",""
ball,2,6.3,Nepal,P Khadka,G Malla,Mohammad Naveed,0,0,"",""
ball,2,6.4,Nepal,P Khadka,G Malla,Mohammad Naveed,4,0,"",""
ball,2,6.5,Nepal,P Khadka,G Malla,Mohammad Naveed,0,0,"",""
ball,2,6.6,Nepal,P Khadka,G Malla,Mohammad Naveed,4,0,"",""
ball,2,7.1,Nepal,G Malla,P Khadka,Amir Hayat,1,0,"",""
ball,2,7.2,Nepal,P Khadka,G Malla,Amir Hayat,4,0,"",""
ball,2,7.3,Nepal,P Khadka,G Malla,Amir Hayat,0,0,"",""
ball,2,7.4,Nepal,P Khadka,G Malla,Amir Hayat,0,0,"",""
ball,2,7.5,Nepal,P Khadka,G Malla,Amir Hayat,4,0,"",""
ball,2,7.6,Nepal,P Khadka,G Malla,Amir Hayat,1,0,"",""
ball,2,8.1,Nepal,P Khadka,G Malla,Mohammad Naveed,0,0,"",""
ball,2,8.2,Nepal,P Khadka,G Malla,Mohammad Naveed,0,0,"",""
ball,2,8.3,Nepal,P Khadka,G Malla,Mohammad Naveed,4,0,"",""
ball,2,8.4,Nepal,P Khadka,G Malla,Mohammad Naveed,2,0,"",""
ball,2,8.5,Nepal,P Khadka,G Malla,Mohammad Naveed,0,0,"",""
ball,2,8.6,Nepal,P Khadka,G Malla,Mohammad Naveed,0,0,"",""
ball,2,9.1,Nepal,G Malla,P Khadka,Amir Hayat,2,0,"",""
ball,2,9.2,Nepal,G Malla,P Khadka,Amir Hayat,0,0,"",""
ball,2,9.3,Nepal,G Malla,P Khadka,Amir Hayat,1,0,"",""
ball,2,9.4,Nepal,P Khadka,G Malla,Amir Hayat,0,0,"",""
ball,2,9.5,Nepal,P Khadka,G Malla,Amir Hayat,0,0,"",""
ball,2,9.6,Nepal,P Khadka,G Malla,Amir Hayat,0,0,"",""
ball,2,10.1,Nepal,G Malla,P Khadka,Qadeer Ahmed,1,0,"",""
ball,2,10.2,Nepal,P Khadka,G Malla,Qadeer Ahmed,0,0,"",""
ball,2,10.3,Nepal,P Khadka,G Malla,Qadeer Ahmed,4,0,"",""
ball,2,10.4,Nepal,P Khadka,G Malla,Qadeer Ahmed,0,0,"",""
ball,2,10.5,Nepal,P Khadka,G Malla,Qadeer Ahmed,0,0,"",""
ball,2,10.6,Nepal,P Khadka,G Malla,Qadeer Ahmed,0,0,"",""
ball,2,11.1,Nepal,G Malla,P Khadka,Amir Hayat,0,0,"",""
ball,2,11.2,Nepal,G Malla,P Khadka,Amir Hayat,0,0,"",""
ball,2,11.3,Nepal,G Malla,P Khadka,Amir Hayat,4,0,"",""
ball,2,11.4,Nepal,G Malla,P Khadka,Amir Hayat,4,0,"",""
ball,2,11.5,Nepal,G Malla,P Khadka,Amir Hayat,0,0,"",""
ball,2,11.6,Nepal,G Malla,P Khadka,Amir Hayat,0,0,"",""
ball,2,12.1,Nepal,P Khadka,G Malla,Qadeer Ahmed,1,0,"",""
ball,2,12.2,Nepal,G Malla,P Khadka,Qadeer Ahmed,0,0,"",""
ball,2,12.3,Nepal,G Malla,P Khadka,Qadeer Ahmed,1,0,"",""
ball,2,12.4,Nepal,P Khadka,G Malla,Qadeer Ahmed,4,0,"",""
ball,2,12.5,Nepal,P Khadka,G Malla,Qadeer Ahmed,0,0,"",""
ball,2,12.6,Nepal,P Khadka,G Malla,Qadeer Ahmed,0,0,"",""
ball,2,13.1,Nepal,G Malla,P Khadka,Amir Hayat,0,0,"",""
ball,2,13.2,Nepal,G Malla,P Khadka,Amir Hayat,0,0,"",""
ball,2,13.3,Nepal,G Malla,P Khadka,Amir Hayat,0,1,"",""
ball,2,13.4,Nepal,G Malla,P Khadka,Amir Hayat,3,0,"",""
ball,2,13.5,Nepal,P Khadka,G Malla,Amir Hayat,1,0,"",""
ball,2,13.6,Nepal,G Malla,P Khadka,Amir Hayat,0,0,"",""
ball,2,13.7,Nepal,G Malla,P Khadka,Amir Hayat,4,0,"",""
ball,2,14.1,Nepal,P Khadka,G Malla,Imran Haider,1,0,"",""
ball,2,14.2,Nepal,G Malla,P Khadka,Imran Haider,0,0,"",""
ball,2,14.3,Nepal,G Malla,P Khadka,Imran Haider,0,0,"",""
ball,2,14.4,Nepal,G Malla,P Khadka,Imran Haider,0,0,lbw,G Malla
ball,2,14.5,Nepal,DS Airee,P Khadka,Imran Haider,0,0,"",""
ball,2,14.6,Nepal,DS Airee,P Khadka,Imran Haider,1,0,"",""
ball,2,15.1,Nepal,DS Airee,P Khadka,Amir Hayat,0,0,"",""
ball,2,15.2,Nepal,DS Airee,P Khadka,Amir Hayat,1,0,"",""
ball,2,15.3,Nepal,P Khadka,DS Airee,Amir Hayat,1,0,"",""
ball,2,15.4,Nepal,DS Airee,P Khadka,Amir Hayat,0,0,"",""
ball,2,15.5,Nepal,DS Airee,P Khadka,Amir Hayat,1,0,"",""
ball,2,15.6,Nepal,P Khadka,DS Airee,Amir Hayat,0,0,"",""
ball,2,16.1,Nepal,DS Airee,P Khadka,Imran Haider,0,0,"",""
ball,2,16.2,Nepal,DS Airee,P Khadka,Imran Haider,0,0,"",""
ball,2,16.3,Nepal,DS Airee,P Khadka,Imran Haider,0,0,"",""
ball,2,16.4,Nepal,DS Airee,P Khadka,Imran Haider,1,0,"",""
ball,2,16.5,Nepal,P Khadka,DS Airee,Imran Haider,0,0,"",""
ball,2,16.6,Nepal,P Khadka,DS Airee,Imran Haider,1,0,"",""
ball,2,17.1,Nepal,P Khadka,DS Airee,Amir Hayat,0,0,"",""
ball,2,17.2,Nepal,P Khadka,DS Airee,Amir Hayat,0,0,"",""
ball,2,17.3,Nepal,P Khadka,DS Airee,Amir Hayat,0,0,"",""
ball,2,17.4,Nepal,P Khadka,DS Airee,Amir Hayat,0,0,"",""
ball,2,17.5,Nepal,P Khadka,DS Airee,Amir Hayat,0,0,"",""
ball,2,17.6,Nepal,P Khadka,DS Airee,Amir Hayat,2,0,"",""
ball,2,18.1,Nepal,DS Airee,P Khadka,Imran Haider,1,0,"",""
ball,2,18.2,Nepal,P Khadka,DS Airee,Imran Haider,1,0,"",""
ball,2,18.3,Nepal,DS Airee,P Khadka,Imran Haider,0,0,"",""
ball,2,18.4,Nepal,DS Airee,P Khadka,Imran Haider,0,0,"",""
ball,2,18.5,Nepal,DS Airee,P Khadka,Imran Haider,1,0,"",""
ball,2,18.6,Nepal,P Khadka,DS Airee,Imran Haider,1,0,"",""
ball,2,19.1,Nepal,P Khadka,DS Airee,Ashfaq Ahmed,4,0,"",""
ball,2,19.2,Nepal,P Khadka,DS Airee,Ashfaq Ahmed,1,0,"",""
ball,2,19.3,Nepal,DS Airee,P Khadka,Ashfaq Ahmed,0,0,caught and bowled,DS Airee
ball,2,19.4,Nepal,S Jora,P Khadka,Ashfaq Ahmed,0,0,"",""
ball,2,19.5,Nepal,S Jora,P Khadka,Ashfaq Ahmed,1,0,"",""
ball,2,19.6,Nepal,P Khadka,S Jora,Ashfaq Ahmed,0,0,"",""
ball,2,20.1,Nepal,S Jora,P Khadka,Imran Haider,0,0,"",""
ball,2,20.2,Nepal,S Jora,P Khadka,Imran Haider,6,0,"",""
ball,2,20.3,Nepal,S Jora,P Khadka,Imran Haider,0,0,"",""
ball,2,20.4,Nepal,S Jora,P Khadka,Imran Haider,0,0,"",""
ball,2,20.5,Nepal,S Jora,P Khadka,Imran Haider,1,0,"",""
ball,2,20.6,Nepal,P Khadka,S Jora,Imran Haider,0,0,"",""
ball,2,21.1,Nepal,S Jora,P Khadka,Ashfaq Ahmed,1,0,"",""
ball,2,21.2,Nepal,P Khadka,S Jora,Ashfaq Ahmed,0,0,"",""
ball,2,21.3,Nepal,P Khadka,S Jora,Ashfaq Ahmed,1,0,"",""
ball,2,21.4,Nepal,S Jora,P Khadka,Ashfaq Ahmed,1,0,"",""
ball,2,21.5,Nepal,P Khadka,S Jora,Ashfaq Ahmed,1,0,"",""
ball,2,21.6,Nepal,S Jora,P Khadka,Ashfaq Ahmed,1,0,"",""
ball,2,22.1,Nepal,S Jora,P Khadka,Imran Haider,1,0,"",""
ball,2,22.2,Nepal,P Khadka,S Jora,Imran Haider,1,0,"",""
ball,2,22.3,Nepal,S Jora,P Khadka,Imran Haider,0,0,"",""
ball,2,22.4,Nepal,S Jora,P Khadka,Imran Haider,1,0,"",""
ball,2,22.5,Nepal,P Khadka,S Jora,Imran Haider,1,0,"",""
ball,2,22.6,Nepal,S Jora,P Khadka,Imran Haider,0,0,"",""
ball,2,23.1,Nepal,P Khadka,S Jora,Ashfaq Ahmed,1,0,"",""
ball,2,23.2,Nepal,S Jora,P Khadka,Ashfaq Ahmed,1,0,"",""
ball,2,23.3,Nepal,P Khadka,S Jora,Ashfaq Ahmed,0,0,"",""
ball,2,23.4,Nepal,P Khadka,S Jora,Ashfaq Ahmed,3,0,"",""
ball,2,23.5,Nepal,S Jora,P Khadka,Ashfaq Ahmed,0,0,"",""
ball,2,23.6,Nepal,S Jora,P Khadka,Ashfaq Ahmed,4,0,"",""
ball,2,24.1,Nepal,P Khadka,S Jora,Mohammad Naveed,1,0,"",""
ball,2,24.2,Nepal,S Jora,P Khadka,Mohammad Naveed,0,0,"",""
ball,2,24.3,Nepal,S Jora,P Khadka,Mohammad Naveed,1,0,"",""
ball,2,24.4,Nepal,P Khadka,S Jora,Mohammad Naveed,0,0,"",""
ball,2,24.5,Nepal,P Khadka,S Jora,Mohammad Naveed,0,0,"",""
ball,2,24.6,Nepal,P Khadka,S Jora,Mohammad Naveed,1,0,"",""
ball,2,25.1,Nepal,P Khadka,S Jora,Imran Haider,0,2,"",""
ball,2,25.2,Nepal,S Jora,P Khadka,Imran Haider,0,0,caught,S Jora
ball,2,25.3,Nepal,RK Paudel,P Khadka,Imran Haider,0,0,"",""
ball,2,25.4,Nepal,RK Paudel,P Khadka,Imran Haider,0,2,"",""
ball,2,25.5,Nepal,RK Paudel,P Khadka,Imran Haider,2,0,"",""
ball,2,25.6,Nepal,RK Paudel,P Khadka,Imran Haider,0,0,"",""
ball,2,25.7,Nepal,RK Paudel,P Khadka,Imran Haider,0,0,"",""
ball,2,26.1,Nepal,P Khadka,RK Paudel,Mohammad Naveed,0,0,"",""
ball,2,26.2,Nepal,P Khadka,RK Paudel,Mohammad Naveed,0,0,"",""
ball,2,26.3,Nepal,P Khadka,RK Paudel,Mohammad Naveed,2,0,"",""
ball,2,26.4,Nepal,P Khadka,RK Paudel,Mohammad Naveed,0,0,"",""
ball,2,26.5,Nepal,P Khadka,RK Paudel,Mohammad Naveed,4,0,"",""
ball,2,26.6,Nepal,P Khadka,RK Paudel,Mohammad Naveed,0,0,"",""
ball,2,27.1,Nepal,RK Paudel,P Khadka,Imran Haider,1,0,"",""
ball,2,27.2,Nepal,P Khadka,RK Paudel,Imran Haider,1,0,"",""
ball,2,27.3,Nepal,RK Paudel,P Khadka,Imran Haider,0,0,"",""
ball,2,27.4,Nepal,RK Paudel,P Khadka,Imran Haider,1,0,"",""
ball,2,27.5,Nepal,P Khadka,RK Paudel,Imran Haider,1,0,"",""
ball,2,27.6,Nepal,RK Paudel,P Khadka,Imran Haider,0,0,"",""
ball,2,28.1,Nepal,P Khadka,RK Paudel,Amir Hayat,0,0,"",""
ball,2,28.2,Nepal,P Khadka,RK Paudel,Amir Hayat,0,0,"",""
ball,2,28.3,Nepal,P Khadka,RK Paudel,Amir Hayat,0,0,"",""
ball,2,28.4,Nepal,P Khadka,RK Paudel,Amir Hayat,4,0,"",""
ball,2,28.5,Nepal,P Khadka,RK Paudel,Amir Hayat,2,0,"",""
ball,2,28.6,Nepal,P Khadka,RK Paudel,Amir Hayat,0,0,"",""
ball,2,29.1,Nepal,RK Paudel,P Khadka,Ashfaq Ahmed,0,0,"",""
ball,2,29.2,Nepal,RK Paudel,P Khadka,Ashfaq Ahmed,0,0,"",""
ball,2,29.3,Nepal,RK Paudel,P Khadka,Ashfaq Ahmed,4,0,"",""
ball,2,29.4,Nepal,RK Paudel,P Khadka,Ashfaq Ahmed,1,0,"",""
ball,2,29.5,Nepal,P Khadka,RK Paudel,Ashfaq Ahmed,4,0,"",""
ball,2,29.6,Nepal,P Khadka,RK Paudel,Ashfaq Ahmed,0,0,"",""
ball,2,30.1,Nepal,RK Paudel,P Khadka,Amir Hayat,0,0,"",""
ball,2,30.2,Nepal,RK Paudel,P Khadka,Amir Hayat,1,0,"",""
ball,2,30.3,Nepal,P Khadka,RK Paudel,Amir Hayat,0,0,"",""
ball,2,30.4,Nepal,P Khadka,RK Paudel,Amir Hayat,1,0,"",""
ball,2,30.5,Nepal,RK Paudel,P Khadka,Amir Hayat,0,0,"",""
ball,2,30.6,Nepal,RK Paudel,P Khadka,Amir Hayat,0,0,"",""
ball,2,31.1,Nepal,P Khadka,RK Paudel,Ashfaq Ahmed,1,0,"",""
ball,2,31.2,Nepal,RK Paudel,P Khadka,Ashfaq Ahmed,0,0,"",""
ball,2,31.3,Nepal,RK Paudel,P Khadka,Ashfaq Ahmed,1,0,"",""
ball,2,31.4,Nepal,P Khadka,RK Paudel,Ashfaq Ahmed,1,0,"",""
ball,2,31.5,Nepal,RK Paudel,P Khadka,Ashfaq Ahmed,1,0,"",""
ball,2,31.6,Nepal,P Khadka,RK Paudel,Ashfaq Ahmed,1,0,"",""
ball,2,32.1,Nepal,P Khadka,RK Paudel,Qadeer Ahmed,1,1,"",""
ball,2,32.2,Nepal,RK Paudel,P Khadka,Qadeer Ahmed,0,0,"",""
ball,2,32.3,Nepal,RK Paudel,P Khadka,Qadeer Ahmed,1,0,"",""
ball,2,32.4,Nepal,P Khadka,RK Paudel,Qadeer Ahmed,0,0,"",""
ball,2,32.5,Nepal,P Khadka,RK Paudel,Qadeer Ahmed,2,0,"",""
ball,2,32.6,Nepal,P Khadka,RK Paudel,Qadeer Ahmed,2,0,"",""
ball,2,32.7,Nepal,P Khadka,RK Paudel,Qadeer Ahmed,0,1,"",""
ball,2,32.8,Nepal,P Khadka,RK Paudel,Qadeer Ahmed,0,0,"",""
ball,2,33.1,Nepal,RK Paudel,P Khadka,Ashfaq Ahmed,3,0,"",""
ball,2,33.2,Nepal,P Khadka,RK Paudel,Ashfaq Ahmed,0,0,"",""
ball,2,33.3,Nepal,P Khadka,RK Paudel,Ashfaq Ahmed,6,0,"",""
ball,2,33.4,Nepal,P Khadka,RK Paudel,Ashfaq Ahmed,1,0,"",""
ball,2,33.5,Nepal,RK Paudel,P Khadka,Ashfaq Ahmed,0,0,caught,RK Paudel
ball,2,33.6,Nepal,Aarif Sheikh,P Khadka,Ashfaq Ahmed,4,0,"",""
ball,2,34.1,Nepal,P Khadka,Aarif Sheikh,Imran Haider,0,0,"",""
ball,2,34.2,Nepal,P Khadka,Aarif Sheikh,Imran Haider,2,0,"",""
ball,2,34.3,Nepal,P Khadka,Aarif Sheikh,Imran Haider,4,0,"",""
ball,2,34.4,Nepal,P Khadka,Aarif Sheikh,Imran Haider,4,0,"",""
ball,2,34.5,Nepal,P Khadka,Aarif Sheikh,Imran Haider,1,0,"",""
ball,2,34.6,Nepal,Aarif Sheikh,P Khadka,Imran Haider,1,0,"",""
ball,2,35.1,Nepal,Aarif Sheikh,P Khadka,Ashfaq Ahmed,0,0,"",""
ball,2,35.2,Nepal,Aarif Sheikh,P Khadka,Ashfaq Ahmed,1,0,"",""
ball,2,35.3,Nepal,P Khadka,Aarif Sheikh,Ashfaq Ahmed,0,0,"",""
ball,2,35.4,Nepal,P Khadka,Aarif Sheikh,Ashfaq Ahmed,4,0,"",""
ball,2,35.5,Nepal,P Khadka,Aarif Sheikh,Ashfaq Ahmed,1,0,"",""
ball,2,35.6,Nepal,Aarif Sheikh,P Khadka,Ashfaq Ahmed,1,0,"",""
ball,2,36.1,Nepal,Aarif Sheikh,P Khadka,Qadeer Ahmed,0,0,"",""
ball,2,36.2,Nepal,Aarif Sheikh,P Khadka,Qadeer Ahmed,1,0,"",""
ball,2,36.3,Nepal,P Khadka,Aarif Sheikh,Qadeer Ahmed,0,0,"",""
ball,2,36.4,Nepal,P Khadka,Aarif Sheikh,Qadeer Ahmed,1,0,"",""
ball,2,36.5,Nepal,Aarif Sheikh,P Khadka,Qadeer Ahmed,1,0,"",""
ball,2,36.6,Nepal,P Khadka,Aarif Sheikh,Qadeer Ahmed,0,0,"",""
ball,2,37.1,Nepal,Aarif Sheikh,P Khadka,Amir Hayat,1,0,"",""
ball,2,37.2,Nepal,P Khadka,Aarif Sheikh,Amir Hayat,1,0,"",""
ball,2,37.3,Nepal,Aarif Sheikh,P Khadka,Amir Hayat,0,0,"",""
ball,2,37.4,Nepal,Aarif Sheikh,P Khadka,Amir Hayat,0,0,"",""
ball,2,37.5,Nepal,Aarif Sheikh,P Khadka,Amir Hayat,0,0,"",""
ball,2,37.6,Nepal,Aarif Sheikh,P Khadka,Amir Hayat,0,0,"",""
ball,2,38.1,Nepal,P Khadka,Aarif Sheikh,Qadeer Ahmed,0,0,"",""
ball,2,38.2,Nepal,P Khadka,Aarif Sheikh,Qadeer Ahmed,1,0,"",""
ball,2,38.3,Nepal,Aarif Sheikh,P Khadka,Qadeer Ahmed,1,0,"",""
ball,2,38.4,Nepal,P Khadka,Aarif Sheikh,Qadeer Ahmed,2,0,"",""
ball,2,38.5,Nepal,P Khadka,Aarif Sheikh,Qadeer Ahmed,0,0,lbw,P Khadka
ball,2,38.6,Nepal,Sompal Kami,Aarif Sheikh,Qadeer Ahmed,0,0,"",""
ball,2,39.1,Nepal,Aarif Sheikh,Sompal Kami,Amir Hayat,1,0,"",""
ball,2,39.2,Nepal,Sompal Kami,Aarif Sheikh,Amir Hayat,0,0,"",""
ball,2,39.3,Nepal,Sompal Kami,Aarif Sheikh,Amir Hayat,2,0,"",""
ball,2,39.4,Nepal,Sompal Kami,Aarif Sheikh,Amir Hayat,1,0,"",""
ball,2,39.5,Nepal,Aarif Sheikh,Sompal Kami,Amir Hayat,1,0,"",""
ball,2,39.6,Nepal,Sompal Kami,Aarif Sheikh,Amir Hayat,1,0,"",""
ball,2,40.1,Nepal,Sompal Kami,Aarif Sheikh,Mohammad Naveed,4,0,"",""
ball,2,40.2,Nepal,Sompal Kami,Aarif Sheikh,Mohammad Naveed,0,0,"",""
ball,2,40.3,Nepal,Sompal Kami,Aarif Sheikh,Mohammad Naveed,0,0,"",""
ball,2,40.4,Nepal,Sompal Kami,Aarif Sheikh,Mohammad Naveed,0,0,"",""
ball,2,40.5,Nepal,Sompal Kami,Aarif Sheikh,Mohammad Naveed,4,0,"",""
ball,2,40.6,Nepal,Sompal Kami,Aarif Sheikh,Mohammad Naveed,0,0,"",""
ball,2,41.1,Nepal,Aarif Sheikh,Sompal Kami,Imran Haider,0,0,"",""
ball,2,41.2,Nepal,Aarif Sheikh,Sompal Kami,Imran Haider,2,0,"",""
ball,2,41.3,Nepal,Aarif Sheikh,Sompal Kami,Imran Haider,1,0,"",""
ball,2,41.4,Nepal,Sompal Kami,Aarif Sheikh,Imran Haider,0,0,"",""
ball,2,41.5,Nepal,Sompal Kami,Aarif Sheikh,Imran Haider,0,4,"",""
ball,2,41.6,Nepal,Sompal Kami,Aarif Sheikh,Imran Haider,1,0,"",""
ball,2,42.1,Nepal,Sompal Kami,Aarif Sheikh,Mohammad Naveed,0,0,"",""
ball,2,42.2,Nepal,Sompal Kami,Aarif Sheikh,Mohammad Naveed,0,0,"",""
ball,2,42.3,Nepal,Sompal Kami,Aarif Sheikh,Mohammad Naveed,0,0,"",""
ball,2,42.4,Nepal,Sompal Kami,Aarif Sheikh,Mohammad Naveed,0,0,"",""
ball,2,42.5,Nepal,Sompal Kami,Aarif Sheikh,Mohammad Naveed,1,0,"",""
ball,2,42.6,Nepal,Aarif Sheikh,Sompal Kami,Mohammad Naveed,0,0,"",""
ball,2,43.1,Nepal,Sompal Kami,Aarif Sheikh,Imran Haider,1,0,"",""
ball,2,43.2,Nepal,Aarif Sheikh,Sompal Kami,Imran Haider,4,0,"",""
ball,2,43.3,Nepal,Aarif Sheikh,Sompal Kami,Imran Haider,0,0,"",""
ball,2,43.4,Nepal,Aarif Sheikh,Sompal Kami,Imran Haider,1,0,"",""
ball,2,43.5,Nepal,Sompal Kami,Aarif Sheikh,Imran Haider,1,0,"",""
ball,2,43.6,Nepal,Aarif Sheikh,Sompal Kami,Imran Haider,0,0,"",""
ball,2,44.1,Nepal,Sompal Kami,Aarif Sheikh,CP Rizwan,0,0,"",""
ball,2,44.2,Nepal,Sompal Kami,Aarif Sheikh,CP Rizwan,4,0,"",""
ball,2,44.3,Nepal,Sompal Kami,Aarif Sheikh,CP Rizwan,0,0,"",""
ball,2,44.4,Nepal,Sompal Kami,Aarif Sheikh,CP Rizwan,6,0,"",""
