version,1.3.0
info,team,Papua New Guinea
info,team,United States of America
info,gender,male
info,season,2019
info,date,2019/04/27
info,competition,ICC World Cricket League Division Two
info,venue,Affies Park
info,city,Windhoek
info,toss_winner,Papua New Guinea
info,toss_decision,field
info,player_of_match,N Vanua
info,umpire,HKG Jansen
info,umpire,C Thorburn
info,tv_umpire,VR Angara
info,match_referee,S Wadvalla
info,winner,Papua New Guinea
info,winner_wickets,5
ball,1,0.1,United States of America,XM Marshall,MD Patel,N Pokana,4,0,"",""
ball,1,0.2,United States of America,XM Marshall,MD Patel,N Pokana,2,0,"",""
ball,1,0.3,United States of America,XM Marshall,MD Patel,N Pokana,1,0,"",""
ball,1,0.4,United States of America,MD Patel,XM Marshall,N Pokana,2,0,"",""
ball,1,0.5,United States of America,MD Patel,XM Marshall,N Pokana,4,0,"",""
ball,1,0.6,United States of America,MD Patel,XM Marshall,N Pokana,1,0,"",""
ball,1,1.1,United States of America,MD Patel,XM Marshall,D Ravu,0,0,"",""
ball,1,1.2,United States of America,MD Patel,XM Marshall,D Ravu,0,1,"",""
ball,1,1.3,United States of America,MD Patel,XM Marshall,D Ravu,0,0,"",""
ball,1,1.4,United States of America,MD Patel,XM Marshall,D Ravu,0,0,"",""
ball,1,1.5,United States of America,MD Patel,XM Marshall,D Ravu,0,0,"",""
ball,1,1.6,United States of America,MD Patel,XM Marshall,D Ravu,0,0,"",""
ball,1,1.7,United States of America,MD Patel,XM Marshall,D Ravu,0,1,"",""
ball,1,1.8,United States of America,MD Patel,XM Marshall,D Ravu,2,0,"",""
ball,1,2.1,United States of America,XM Marshall,MD Patel,N Pokana,0,0,"",""
ball,1,2.2,United States of America,XM Marshall,MD Patel,N Pokana,4,0,"",""
ball,1,2.3,United States of America,XM Marshall,MD Patel,N Pokana,0,0,"",""
ball,1,2.4,United States of America,XM Marshall,MD Patel,N Pokana,0,0,"",""
ball,1,2.5,United States of America,XM Marshall,MD Patel,N Pokana,0,0,"",""
ball,1,2.6,United States of America,XM Marshall,MD Patel,N Pokana,0,0,caught,XM Marshall
ball,1,3.1,United States of America,MD Patel,Steven Ryan Taylor,D Ravu,4,0,"",""
ball,1,3.2,United States of America,MD Patel,Steven Ryan Taylor,D Ravu,0,1,"",""
ball,1,3.3,United States of America,MD Patel,Steven Ryan Taylor,D Ravu,0,0,"",""
ball,1,3.4,United States of America,MD Patel,Steven Ryan Taylor,D Ravu,0,0,"",""
ball,1,3.5,United States of America,MD Patel,Steven Ryan Taylor,D Ravu,0,0,"",""
ball,1,3.6,United States of America,MD Patel,Steven Ryan Taylor,D Ravu,0,0,"",""
ball,1,3.7,United States of America,MD Patel,Steven Ryan Taylor,D Ravu,0,0,"",""
ball,1,4.1,United States of America,Steven Ryan Taylor,MD Patel,N Pokana,0,0,lbw,Steven Ryan Taylor
ball,1,4.2,United States of America,Aaron Jones,MD Patel,N Pokana,0,0,"",""
ball,1,4.3,United States of America,Aaron Jones,MD Patel,N Pokana,0,0,"",""
ball,1,4.4,United States of America,Aaron Jones,MD Patel,N Pokana,0,0,"",""
ball,1,4.5,United States of America,Aaron Jones,MD Patel,N Pokana,0,0,"",""
ball,1,4.6,United States of America,Aaron Jones,MD Patel,N Pokana,0,0,"",""
ball,1,5.1,United States of America,MD Patel,Aaron Jones,D Ravu,0,0,"",""
ball,1,5.2,United States of America,MD Patel,Aaron Jones,D Ravu,0,0,"",""
ball,1,5.3,United States of America,MD Patel,Aaron Jones,D Ravu,0,0,"",""
ball,1,5.4,United States of America,MD Patel,Aaron Jones,D Ravu,4,0,"",""
ball,1,5.5,United States of America,MD Patel,Aaron Jones,D Ravu,0,1,"",""
ball,1,5.6,United States of America,MD Patel,Aaron Jones,D Ravu,0,0,"",""
ball,1,5.7,United States of America,MD Patel,Aaron Jones,D Ravu,0,0,"",""
ball,1,6.1,United States of America,Aaron Jones,MD Patel,N Pokana,1,0,"",""
ball,1,6.2,United States of America,MD Patel,Aaron Jones,N Pokana,0,0,"",""
ball,1,6.3,United States of America,MD Patel,Aaron Jones,N Pokana,0,0,"",""
ball,1,6.4,United States of America,MD Patel,Aaron Jones,N Pokana,0,0,"",""
ball,1,6.5,United States of America,MD Patel,Aaron Jones,N Pokana,0,0,"",""
ball,1,6.6,United States of America,MD Patel,Aaron Jones,N Pokana,0,0,"",""
ball,1,7.1,United States of America,Aaron Jones,MD Patel,N Vanua,0,0,"",""
ball,1,7.2,United States of America,Aaron Jones,MD Patel,N Vanua,1,0,"",""
ball,1,7.3,United States of America,MD Patel,Aaron Jones,N Vanua,1,0,"",""
ball,1,7.4,United States of America,Aaron Jones,MD Patel,N Vanua,0,0,"",""
ball,1,7.5,United States of America,Aaron Jones,MD Patel,N Vanua,0,0,caught,Aaron Jones
ball,1,7.6,United States of America,JS Malhotra,MD Patel,N Vanua,0,0,bowled,JS Malhotra
ball,1,8.1,United States of America,MD Patel,HR Walsh,N Pokana,0,0,"",""
ball,1,8.2,United States of America,MD Patel,HR Walsh,N Pokana,0,0,"",""
ball,1,8.3,United States of America,MD Patel,HR Walsh,N Pokana,1,0,"",""
ball,1,8.4,United States of America,HR Walsh,MD Patel,N Pokana,0,0,"",""
ball,1,8.5,United States of America,HR Walsh,MD Patel,N Pokana,0,0,"",""
ball,1,8.6,United States of America,HR Walsh,MD Patel,N Pokana,0,0,"",""
ball,1,9.1,United States of America,MD Patel,HR Walsh,N Vanua,0,0,"",""
ball,1,9.2,United States of America,MD Patel,HR Walsh,N Vanua,0,0,"",""
ball,1,9.3,United States of America,MD Patel,HR Walsh,N Vanua,0,0,"",""
ball,1,9.4,United States of America,MD Patel,HR Walsh,N Vanua,0,0,"",""
ball,1,9.5,United States of America,MD Patel,HR Walsh,N Vanua,0,0,"",""
ball,1,9.6,United States of America,MD Patel,HR Walsh,N Vanua,0,0,"",""
ball,1,10.1,United States of America,HR Walsh,MD Patel,CA Soper,4,0,"",""
ball,1,10.2,United States of America,HR Walsh,MD Patel,CA Soper,0,0,"",""
ball,1,10.3,United States of America,HR Walsh,MD Patel,CA Soper,0,0,"",""
ball,1,10.4,United States of America,HR Walsh,MD Patel,CA Soper,0,0,"",""
ball,1,10.5,United States of America,HR Walsh,MD Patel,CA Soper,0,0,"",""
ball,1,10.6,United States of America,HR Walsh,MD Patel,CA Soper,0,0,"",""
ball,1,11.1,United States of America,MD Patel,HR Walsh,N Vanua,0,0,"",""
ball,1,11.2,United States of America,MD Patel,HR Walsh,N Vanua,1,0,"",""
ball,1,11.3,United States of America,HR Walsh,MD Patel,N Vanua,0,1,"",""
ball,1,11.4,United States of America,HR Walsh,MD Patel,N Vanua,4,0,"",""
ball,1,11.5,United States of America,HR Walsh,MD Patel,N Vanua,0,0,"",""
ball,1,11.6,United States of America,HR Walsh,MD Patel,N Vanua,0,0,"",""
ball,1,11.7,United States of America,HR Walsh,MD Patel,N Vanua,1,0,"",""
ball,1,12.1,United States of America,HR Walsh,MD Patel,CA Soper,0,1,"",""
ball,1,12.2,United States of America,HR Walsh,MD Patel,CA Soper,0,0,"",""
ball,1,12.3,United States of America,HR Walsh,MD Patel,CA Soper,0,0,"",""
ball,1,12.4,United States of America,HR Walsh,MD Patel,CA Soper,0,0,"",""
ball,1,12.5,United States of America,HR Walsh,MD Patel,CA Soper,0,0,"",""
ball,1,12.6,United States of America,HR Walsh,MD Patel,CA Soper,2,0,"",""
ball,1,12.7,United States of America,HR Walsh,MD Patel,CA Soper,1,0,"",""
ball,1,13.1,United States of America,HR Walsh,MD Patel,N Vanua,0,0,"",""
ball,1,13.2,United States of America,HR Walsh,MD Patel,N Vanua,0,0,"",""
ball,1,13.3,United States of America,HR Walsh,MD Patel,N Vanua,4,0,"",""
ball,1,13.4,United States of America,HR Walsh,MD Patel,N Vanua,0,0,"",""
ball,1,13.5,United States of America,HR Walsh,MD Patel,N Vanua,4,0,"",""
ball,1,13.6,United States of America,HR Walsh,MD Patel,N Vanua,0,0,"",""
ball,1,14.1,United States of America,MD Patel,HR Walsh,CA Soper,0,0,"",""
ball,1,14.2,United States of America,MD Patel,HR Walsh,CA Soper,0,1,"",""
ball,1,14.3,United States of America,HR Walsh,MD Patel,CA Soper,1,0,"",""
ball,1,14.4,United States of America,MD Patel,HR Walsh,CA Soper,0,0,"",""
ball,1,14.5,United States of America,MD Patel,HR Walsh,CA Soper,0,0,"",""
ball,1,14.6,United States of America,MD Patel,HR Walsh,CA Soper,1,0,"",""
ball,1,15.1,United States of America,MD Patel,HR Walsh,A Vala,1,0,"",""
ball,1,15.2,United States of America,HR Walsh,MD Patel,A Vala,1,0,"",""
ball,1,15.3,United States of America,MD Patel,HR Walsh,A Vala,0,0,"",""
ball,1,15.4,United States of America,MD Patel,HR Walsh,A Vala,1,0,"",""
ball,1,15.5,United States of America,HR Walsh,MD Patel,A Vala,1,0,"",""
ball,1,15.6,United States of America,MD Patel,HR Walsh,A Vala,1,0,"",""
ball,1,16.1,United States of America,MD Patel,HR Walsh,CA Soper,1,0,"",""
ball,1,16.2,United States of America,HR Walsh,MD Patel,CA Soper,0,2,"",""
ball,1,16.3,United States of America,MD Patel,HR Walsh,CA Soper,2,0,"",""
ball,1,16.4,United States of America,MD Patel,HR Walsh,CA Soper,1,0,"",""
ball,1,16.5,United States of America,HR Walsh,MD Patel,CA Soper,0,0,"",""
ball,1,16.6,United States of America,HR Walsh,MD Patel,CA Soper,0,0,"",""
ball,1,16.7,United States of America,HR Walsh,MD Patel,CA Soper,1,0,"",""
ball,1,17.1,United States of America,HR Walsh,MD Patel,A Vala,0,0,"",""
ball,1,17.2,United States of America,HR Walsh,MD Patel,A Vala,1,0,"",""
ball,1,17.3,United States of America,MD Patel,HR Walsh,A Vala,0,0,"",""
ball,1,17.4,United States of America,MD Patel,HR Walsh,A Vala,1,0,"",""
ball,1,17.5,United States of America,HR Walsh,MD Patel,A Vala,2,0,"",""
ball,1,17.6,United States of America,HR Walsh,MD Patel,A Vala,0,0,caught,HR Walsh
ball,1,18.1,United States of America,MD Patel,TK Patel,CJA Amini,0,0,"",""
ball,1,18.2,United States of America,MD Patel,TK Patel,CJA Amini,0,0,"",""
ball,1,18.3,United States of America,MD Patel,TK Patel,CJA Amini,0,0,"",""
ball,1,18.4,United States of America,MD Patel,TK Patel,CJA Amini,1,0,"",""
ball,1,18.5,United States of America,TK Patel,MD Patel,CJA Amini,0,0,"",""
ball,1,18.6,United States of America,TK Patel,MD Patel,CJA Amini,4,0,"",""
ball,1,19.1,United States of America,MD Patel,TK Patel,D Ravu,0,1,"",""
ball,1,19.2,United States of America,MD Patel,TK Patel,D Ravu,1,0,"",""
ball,1,19.3,United States of America,TK Patel,MD Patel,D Ravu,4,0,"",""
ball,1,19.4,United States of America,TK Patel,MD Patel,D Ravu,0,0,"",""
ball,1,19.5,United States of America,TK Patel,MD Patel,D Ravu,0,0,"",""
ball,1,19.6,United States of America,TK Patel,MD Patel,D Ravu,0,0,"",""
ball,1,19.7,United States of America,TK Patel,MD Patel,D Ravu,0,0,"",""
ball,1,20.1,United States of America,MD Patel,TK Patel,CJA Amini,0,0,"",""
ball,1,20.2,United States of America,MD Patel,TK Patel,CJA Amini,0,0,"",""
ball,1,20.3,United States of America,MD Patel,TK Patel,CJA Amini,1,0,"",""
ball,1,20.4,United States of America,TK Patel,MD Patel,CJA Amini,0,0,"",""
ball,1,20.5,United States of America,TK Patel,MD Patel,CJA Amini,0,0,"",""
ball,1,20.6,United States of America,TK Patel,MD Patel,CJA Amini,0,0,"",""
ball,1,21.1,United States of America,MD Patel,TK Patel,D Ravu,0,0,"",""
ball,1,21.2,United States of America,MD Patel,TK Patel,D Ravu,0,0,"",""
ball,1,21.3,United States of America,MD Patel,TK Patel,D Ravu,2,0,"",""
ball,1,21.4,United States of America,MD Patel,TK Patel,D Ravu,1,0,"",""
ball,1,21.5,United States of America,TK Patel,MD Patel,D Ravu,0,0,"",""
ball,1,21.6,United States of America,TK Patel,MD Patel,D Ravu,0,0,"",""
ball,1,22.1,United States of America,MD Patel,TK Patel,CJA Amini,4,0,"",""
ball,1,22.2,United States of America,MD Patel,TK Patel,CJA Amini,0,0,lbw,MD Patel
ball,1,22.3,United States of America,K Gore,TK Patel,CJA Amini,0,0,"",""
ball,1,22.4,United States of America,K Gore,TK Patel,CJA Amini,0,0,"",""
ball,1,22.5,United States of America,K Gore,TK Patel,CJA Amini,4,0,"",""
ball,1,22.6,United States of America,K Gore,TK Patel,CJA Amini,0,0,"",""
ball,1,23.1,United States of America,TK Patel,K Gore,N Vanua,0,0,"",""
ball,1,23.2,United States of America,TK Patel,K Gore,N Vanua,1,0,"",""
ball,1,23.3,United States of America,K Gore,TK Patel,N Vanua,0,0,"",""
ball,1,23.4,United States of America,K Gore,TK Patel,N Vanua,0,0,"",""
ball,1,23.5,United States of America,K Gore,TK Patel,N Vanua,0,0,"",""
ball,1,23.6,United States of America,K Gore,TK Patel,N Vanua,1,0,"",""
ball,1,24.1,United States of America,K Gore,TK Patel,CJA Amini,0,0,"",""
ball,1,24.2,United States of America,K Gore,TK Patel,CJA Amini,0,0,"",""
ball,1,24.3,United States of America,K Gore,TK Patel,CJA Amini,1,0,"",""
ball,1,24.4,United States of America,TK Patel,K Gore,CJA Amini,0,0,"",""
ball,1,24.5,United States of America,TK Patel,K Gore,CJA Amini,1,0,"",""
ball,1,24.6,United States of America,K Gore,TK Patel,CJA Amini,0,0,caught,K Gore
ball,1,25.1,United States of America,Jasdeep Singh,TK Patel,N Vanua,0,0,"",""
ball,1,25.2,United States of America,Jasdeep Singh,TK Patel,N Vanua,0,0,"",""
ball,1,25.3,United States of America,Jasdeep Singh,TK Patel,N Vanua,0,0,"",""
ball,1,25.4,United States of America,Jasdeep Singh,TK Patel,N Vanua,0,0,"",""
ball,1,25.5,United States of America,Jasdeep Singh,TK Patel,N Vanua,0,0,"",""
ball,1,25.6,United States of America,Jasdeep Singh,TK Patel,N Vanua,0,0,"",""
ball,1,26.1,United States of America,TK Patel,Jasdeep Singh,CJA Amini,0,0,"",""
ball,1,26.2,United States of America,TK Patel,Jasdeep Singh,CJA Amini,2,0,"",""
ball,1,26.3,United States of America,TK Patel,Jasdeep Singh,CJA Amini,0,0,"",""
ball,1,26.4,United States of America,TK Patel,Jasdeep Singh,CJA Amini,1,0,"",""
ball,1,26.5,United States of America,Jasdeep Singh,TK Patel,CJA Amini,0,0,"",""
ball,1,26.6,United States of America,Jasdeep Singh,TK Patel,CJA Amini,0,0,"",""
ball,1,27.1,United States of America,TK Patel,Jasdeep Singh,N Vanua,1,0,"",""
ball,1,27.2,United States of America,Jasdeep Singh,TK Patel,N Vanua,0,0,"",""
ball,1,27.3,United States of America,Jasdeep Singh,TK Patel,N Vanua,0,0,"",""
ball,1,27.4,United States of America,Jasdeep Singh,TK Patel,N Vanua,0,0,"",""
ball,1,27.5,United States of America,Jasdeep Singh,TK Patel,N Vanua,0,0,lbw,Jasdeep Singh
ball,1,27.6,United States of America,SN Netravalkar,TK Patel,N Vanua,1,0,"",""
ball,1,28.1,United States of America,SN Netravalkar,TK Patel,CJA Amini,4,0,"",""
ball,1,28.2,United States of America,SN Netravalkar,TK Patel,CJA Amini,0,0,"",""
ball,1,28.3,United States of America,SN Netravalkar,TK Patel,CJA Amini,0,0,"",""
ball,1,28.4,United States of America,SN Netravalkar,TK Patel,CJA Amini,0,0,"",""
ball,1,28.5,United States of America,SN Netravalkar,TK Patel,CJA Amini,0,0,"",""
ball,1,28.6,United States of America,SN Netravalkar,TK Patel,CJA Amini,0,0,"",""
ball,1,29.1,United States of America,TK Patel,SN Netravalkar,N Vanua,0,0,"",""
ball,1,29.2,United States of America,TK Patel,SN Netravalkar,N Vanua,1,0,"",""
ball,1,29.3,United States of America,SN Netravalkar,TK Patel,N Vanua,2,0,"",""
ball,1,29.4,United States of America,SN Netravalkar,TK Patel,N Vanua,0,0,"",""
ball,1,29.5,United States of America,SN Netravalkar,TK Patel,N Vanua,0,0,"",""
ball,1,29.6,United States of America,SN Netravalkar,TK Patel,N Vanua,0,0,"",""
ball,1,30.1,United States of America,TK Patel,SN Netravalkar,CJA Amini,0,0,"",""
ball,1,30.2,United States of America,TK Patel,SN Netravalkar,CJA Amini,0,0,"",""
ball,1,30.3,United States of America,TK Patel,SN Netravalkar,CJA Amini,0,0,"",""
ball,1,30.4,United States of America,TK Patel,SN Netravalkar,CJA Amini,0,0,"",""
ball,1,30.5,United States of America,TK Patel,SN Netravalkar,CJA Amini,4,0,"",""
ball,1,30.6,United States of America,TK Patel,SN Netravalkar,CJA Amini,2,0,"",""
ball,1,31.1,United States of America,SN Netravalkar,TK Patel,N Pokana,0,0,"",""
ball,1,31.2,United States of America,SN Netravalkar,TK Patel,N Pokana,0,0,"",""
ball,1,31.3,United States of America,SN Netravalkar,TK Patel,N Pokana,0,0,"",""
ball,1,31.4,United States of America,SN Netravalkar,TK Patel,N Pokana,0,0,"",""
ball,1,31.5,United States of America,SN Netravalkar,TK Patel,N Pokana,0,0,"",""
ball,1,31.6,United States of America,SN Netravalkar,TK Patel,N Pokana,0,0,"",""
ball,1,32.1,United States of America,TK Patel,SN Netravalkar,CA Soper,0,0,"",""
ball,1,32.2,United States of America,TK Patel,SN Netravalkar,CA Soper,0,0,"",""
ball,1,32.3,United States of America,TK Patel,SN Netravalkar,CA Soper,0,0,"",""
ball,1,32.4,United States of America,TK Patel,SN Netravalkar,CA Soper,0,4,"",""
ball,1,32.5,United States of America,TK Patel,SN Netravalkar,CA Soper,0,0,"",""
ball,1,32.6,United States of America,TK Patel,SN Netravalkar,CA Soper,0,0,"",""
ball,1,33.1,United States of America,SN Netravalkar,TK Patel,N Pokana,0,0,"",""
ball,1,33.2,United States of America,SN Netravalkar,TK Patel,N Pokana,0,0,"",""
ball,1,33.3,United States of America,SN Netravalkar,TK Patel,N Pokana,1,0,"",""
ball,1,33.4,United States of America,TK Patel,SN Netravalkar,N Pokana,0,0,"",""
ball,1,33.5,United States of America,TK Patel,SN Netravalkar,N Pokana,0,0,"",""
ball,1,33.6,United States of America,TK Patel,SN Netravalkar,N Pokana,0,0,"",""
ball,1,34.1,United States of America,SN Netravalkar,TK Patel,CA Soper,0,0,"",""
ball,1,34.2,United States of America,SN Netravalkar,TK Patel,CA Soper,0,0,"",""
ball,1,34.3,United States of America,SN Netravalkar,TK Patel,CA Soper,0,0,"",""
ball,1,34.4,United States of America,SN Netravalkar,TK Patel,CA Soper,0,0,"",""
ball,1,34.5,United States of America,SN Netravalkar,TK Patel,CA Soper,0,0,"",""
ball,1,34.6,United States of America,SN Netravalkar,TK Patel,CA Soper,0,0,"",""
ball,1,35.1,United States of America,TK Patel,SN Netravalkar,N Pokana,0,0,"",""
ball,1,35.2,United States of America,TK Patel,SN Netravalkar,N Pokana,4,0,"",""
ball,1,35.3,United States of America,TK Patel,SN Netravalkar,N Pokana,0,0,"",""
ball,1,35.4,United States of America,TK Patel,SN Netravalkar,N Pokana,0,0,"",""
ball,1,35.5,United States of America,TK Patel,SN Netravalkar,N Pokana,1,0,"",""
ball,1,35.6,United States of America,SN Netravalkar,TK Patel,N Pokana,1,0,"",""
ball,1,36.1,United States of America,SN Netravalkar,TK Patel,CA Soper,1,0,"",""
ball,1,36.2,United States of America,TK Patel,SN Netravalkar,CA Soper,0,0,"",""
ball,1,36.3,United States of America,TK Patel,SN Netravalkar,CA Soper,0,0,"",""
ball,1,36.4,United States of America,TK Patel,SN Netravalkar,CA Soper,0,0,"",""
ball,1,36.5,United States of America,TK Patel,SN Netravalkar,CA Soper,0,0,"",""
ball,1,36.6,United States of America,TK Patel,SN Netravalkar,CA Soper,1,0,"",""
ball,1,37.1,United States of America,TK Patel,SN Netravalkar,CJA Amini,0,0,"",""
ball,1,37.2,United States of America,TK Patel,SN Netravalkar,CJA Amini,1,0,"",""
ball,1,37.3,United States of America,SN Netravalkar,TK Patel,CJA Amini,1,0,"",""
ball,1,37.4,United States of America,TK Patel,SN Netravalkar,CJA Amini,0,0,"",""
ball,1,37.5,United States of America,TK Patel,SN Netravalkar,CJA Amini,0,0,"",""
ball,1,37.6,United States of America,TK Patel,SN Netravalkar,CJA Amini,1,0,"",""
ball,1,38.1,United States of America,TK Patel,SN Netravalkar,N Vanua,4,0,"",""
ball,1,38.2,United States of America,TK Patel,SN Netravalkar,N Vanua,0,0,"",""
ball,1,38.3,United States of America,TK Patel,SN Netravalkar,N Vanua,0,0,"",""
ball,1,38.4,United States of America,TK Patel,SN Netravalkar,N Vanua,2,0,"",""
ball,1,38.5,United States of America,TK Patel,SN Netravalkar,N Vanua,0,0,"",""
ball,1,38.6,United States of America,TK Patel,SN Netravalkar,N Vanua,1,0,"",""
ball,1,39.1,United States of America,TK Patel,SN Netravalkar,CJA Amini,0,0,"",""
ball,1,39.2,United States of America,TK Patel,SN Netravalkar,CJA Amini,0,0,"",""
ball,1,39.3,United States of America,TK Patel,SN Netravalkar,CJA Amini,0,0,"",""
ball,1,39.4,United States of America,TK Patel,SN Netravalkar,CJA Amini,0,0,"",""
ball,1,39.5,United States of America,TK Patel,SN Netravalkar,CJA Amini,1,0,"",""
ball,1,39.6,United States of America,SN Netravalkar,TK Patel,CJA Amini,0,0,"",""
ball,1,40.1,United States of America,TK Patel,SN Netravalkar,N Vanua,1,0,"",""
ball,1,40.2,United States of America,SN Netravalkar,TK Patel,N Vanua,0,0,caught,SN Netravalkar
ball,1,40.3,United States of America,Ali Khan,TK Patel,N Vanua,1,0,"",""
ball,1,40.4,United States of America,TK Patel,Ali Khan,N Vanua,0,0,"",""
ball,1,40.5,United States of America,TK Patel,Ali Khan,N Vanua,4,0,"",""
ball,1,40.6,United States of America,TK Patel,Ali Khan,N Vanua,0,0,"",""
ball,1,41.1,United States of America,Ali Khan,TK Patel,CJA Amini,1,0,"",""
ball,1,41.2,United States of America,TK Patel,Ali Khan,CJA Amini,0,0,"",""
ball,1,41.3,United States of America,TK Patel,Ali Khan,CJA Amini,4,0,"",""
ball,1,41.4,United States of America,TK Patel,Ali Khan,CJA Amini,1,0,"",""
ball,1,41.5,United States of America,Ali Khan,TK Patel,CJA Amini,0,0,"",""
ball,1,41.6,United States of America,Ali Khan,TK Patel,CJA Amini,0,0,"",""
ball,1,42.1,United States of America,TK Patel,Ali Khan,D Ravu,1,0,"",""
ball,1,42.2,United States of America,Ali Khan,TK Patel,D Ravu,0,0,"",""
ball,1,42.3,United States of America,Ali Khan,TK Patel,D Ravu,1,0,"",""
ball,1,42.4,United States of America,TK Patel,Ali Khan,D Ravu,0,1,"",""
ball,1,42.5,United States of America,TK Patel,Ali Khan,D Ravu,1,0,"",""
ball,1,42.6,United States of America,Ali Khan,TK Patel,D Ravu,0,0,"",""
ball,1,42.7,United States of America,Ali Khan,TK Patel,D Ravu,0,0,"",""
ball,1,43.1,United States of America,TK Patel,Ali Khan,N Pokana,1,0,"",""
ball,1,43.2,United States of America,Ali Khan,TK Patel,N Pokana,0,0,"",""
ball,1,43.3,United States of America,Ali Khan,TK Patel,N Pokana,0,0,"",""
ball,1,43.4,United States of America,Ali Khan,TK Patel,N Pokana,0,0,caught,Ali Khan
ball,2,0.1,Papua New Guinea,A Vala,TP Ura,SN Netravalkar,0,0,"",""
ball,2,0.2,Papua New Guinea,A Vala,TP Ura,SN Netravalkar,0,0,"",""
ball,2,0.3,Papua New Guinea,A Vala,TP Ura,SN Netravalkar,0,0,"",""
ball,2,0.4,Papua New Guinea,A Vala,TP Ura,SN Netravalkar,1,0,"",""
ball,2,0.5,Papua New Guinea,TP Ura,A Vala,SN Netravalkar,0,0,"",""
ball,2,0.6,Papua New Guinea,TP Ura,A Vala,SN Netravalkar,3,0,"",""
ball,2,1.1,Papua New Guinea,TP Ura,A Vala,Ali Khan,0,0,"",""
ball,2,1.2,Papua New Guinea,TP Ura,A Vala,Ali Khan,0,0,"",""
ball,2,1.3,Papua New Guinea,TP Ura,A Vala,Ali Khan,0,0,"",""
ball,2,1.4,Papua New Guinea,TP Ura,A Vala,Ali Khan,0,0,"",""
ball,2,1.5,Papua New Guinea,TP Ura,A Vala,Ali Khan,0,0,"",""
ball,2,1.6,Papua New Guinea,TP Ura,A Vala,Ali Khan,0,0,"",""
ball,2,2.1,Papua New Guinea,A Vala,TP Ura,SN Netravalkar,0,0,"",""
ball,2,2.2,Papua New Guinea,A Vala,TP Ura,SN Netravalkar,1,0,"",""
ball,2,2.3,Papua New Guinea,TP Ura,A Vala,SN Netravalkar,0,0,"",""
ball,2,2.4,Papua New Guinea,TP Ura,A Vala,SN Netravalkar,0,0,"",""
ball,2,2.5,Papua New Guinea,TP Ura,A Vala,SN Netravalkar,4,0,"",""
ball,2,2.6,Papua New Guinea,TP Ura,A Vala,SN Netravalkar,0,0,"",""
ball,2,3.1,Papua New Guinea,A Vala,TP Ura,Ali Khan,4,0,"",""
ball,2,3.2,Papua New Guinea,A Vala,TP Ura,Ali Khan,0,0,"",""
ball,2,3.3,Papua New Guinea,A Vala,TP Ura,Ali Khan,0,0,"",""
ball,2,3.4,Papua New Guinea,A Vala,TP Ura,Ali Khan,4,0,"",""
ball,2,3.5,Papua New Guinea,A Vala,TP Ura,Ali Khan,0,0,"",""
ball,2,3.6,Papua New Guinea,A Vala,TP Ura,Ali Khan,0,0,"",""
ball,2,4.1,Papua New Guinea,TP Ura,A Vala,SN Netravalkar,0,0,"",""
ball,2,4.2,Papua New Guinea,TP Ura,A Vala,SN Netravalkar,0,0,"",""
ball,2,4.3,Papua New Guinea,TP Ura,A Vala,SN Netravalkar,0,0,"",""
ball,2,4.4,Papua New Guinea,TP Ura,A Vala,SN Netravalkar,1,0,"",""
ball,2,4.5,Papua New Guinea,A Vala,TP Ura,SN Netravalkar,0,0,"",""
ball,2,4.6,Papua New Guinea,A Vala,TP Ura,SN Netravalkar,0,0,"",""
ball,2,5.1,Papua New Guinea,TP Ura,A Vala,Ali Khan,2,0,"",""
ball,2,5.2,Papua New Guinea,TP Ura,A Vala,Ali Khan,4,0,"",""
ball,2,5.3,Papua New Guinea,TP Ura,A Vala,Ali Khan,0,0,"",""
ball,2,5.4,Papua New Guinea,TP Ura,A Vala,Ali Khan,0,0,"",""
ball,2,5.5,Papua New Guinea,TP Ura,A Vala,Ali Khan,0,0,"",""
ball,2,5.6,Papua New Guinea,TP Ura,A Vala,Ali Khan,1,0,"",""
ball,2,6.1,Papua New Guinea,TP Ura,A Vala,SN Netravalkar,0,0,caught,TP Ura
ball,2,6.2,Papua New Guinea,CJA Amini,A Vala,SN Netravalkar,0,0,"",""
ball,2,6.3,Papua New Guinea,CJA Amini,A Vala,SN Netravalkar,0,0,"",""
ball,2,6.4,Papua New Guinea,CJA Amini,A Vala,SN Netravalkar,0,0,"",""
ball,2,6.5,Papua New Guinea,CJA Amini,A Vala,SN Netravalkar,0,0,"",""
ball,2,6.6,Papua New Guinea,CJA Amini,A Vala,SN Netravalkar,0,0,"",""
ball,2,7.1,Papua New Guinea,A Vala,CJA Amini,Ali Khan,0,0,bowled,A Vala
ball,2,7.2,Papua New Guinea,CA Soper,CJA Amini,Ali Khan,0,0,"",""
ball,2,7.3,Papua New Guinea,CA Soper,CJA Amini,Ali Khan,0,0,"",""
ball,2,7.4,Papua New Guinea,CA Soper,CJA Amini,Ali Khan,0,0,"",""
ball,2,7.5,Papua New Guinea,CA Soper,CJA Amini,Ali Khan,0,0,"",""
ball,2,7.6,Papua New Guinea,CA Soper,CJA Amini,Ali Khan,4,0,"",""
ball,2,8.1,Papua New Guinea,CJA Amini,CA Soper,SN Netravalkar,0,0,"",""
ball,2,8.2,Papua New Guinea,CJA Amini,CA Soper,SN Netravalkar,0,0,"",""
ball,2,8.3,Papua New Guinea,CJA Amini,CA Soper,SN Netravalkar,1,0,"",""
ball,2,8.4,Papua New Guinea,CA Soper,CJA Amini,SN Netravalkar,0,0,"",""
ball,2,8.5,Papua New Guinea,CA Soper,CJA Amini,SN Netravalkar,0,1,"",""
ball,2,8.6,Papua New Guinea,CA Soper,CJA Amini,SN Netravalkar,0,0,"",""
ball,2,8.7,Papua New Guinea,CA Soper,CJA Amini,SN Netravalkar,0,0,"",""
ball,2,9.1,Papua New Guinea,CJA Amini,CA Soper,Ali Khan,0,0,"",""
ball,2,9.2,Papua New Guinea,CJA Amini,CA Soper,Ali Khan,0,0,"",""
ball,2,9.3,Papua New Guinea,CJA Amini,CA Soper,Ali Khan,0,0,"",""
ball,2,9.4,Papua New Guinea,CJA Amini,CA Soper,Ali Khan,0,0,"",""
ball,2,9.5,Papua New Guinea,CJA Amini,CA Soper,Ali Khan,2,0,"",""
ball,2,9.6,Papua New Guinea,CJA Amini,CA Soper,Ali Khan,0,1,"",""
ball,2,9.7,Papua New Guinea,CJA Amini,CA Soper,Ali Khan,1,0,"",""
ball,2,10.1,Papua New Guinea,CJA Amini,CA Soper,SN Netravalkar,0,0,"",""
ball,2,10.2,Papua New Guinea,CJA Amini,CA Soper,SN Netravalkar,0,0,"",""
ball,2,10.3,Papua New Guinea,CJA Amini,CA Soper,SN Netravalkar,0,0,"",""
ball,2,10.4,Papua New Guinea,CJA Amini,CA Soper,SN Netravalkar,0,0,"",""
ball,2,10.5,Papua New Guinea,CJA Amini,CA Soper,SN Netravalkar,0,0,"",""
ball,2,10.6,Papua New Guinea,CJA Amini,CA Soper,SN Netravalkar,0,0,"",""
ball,2,11.1,Papua New Guinea,CA Soper,CJA Amini,Jasdeep Singh,0,0,"",""
ball,2,11.2,Papua New Guinea,CA Soper,CJA Amini,Jasdeep Singh,0,0,"",""
ball,2,11.3,Papua New Guinea,CA Soper,CJA Amini,Jasdeep Singh,0,0,"",""
ball,2,11.4,Papua New Guinea,CA Soper,CJA Amini,Jasdeep Singh,2,0,"",""
ball,2,11.5,Papua New Guinea,CA Soper,CJA Amini,Jasdeep Singh,0,0,"",""
ball,2,11.6,Papua New Guinea,CA Soper,CJA Amini,Jasdeep Singh,0,0,"",""
ball,2,12.1,Papua New Guinea,CJA Amini,CA Soper,K Gore,0,0,"",""
ball,2,12.2,Papua New Guinea,CJA Amini,CA Soper,K Gore,0,0,"",""
ball,2,12.3,Papua New Guinea,CJA Amini,CA Soper,K Gore,1,0,"",""
ball,2,12.4,Papua New Guinea,CA Soper,CJA Amini,K Gore,0,0,"",""
ball,2,12.5,Papua New Guinea,CA Soper,CJA Amini,K Gore,1,0,"",""
ball,2,12.6,Papua New Guinea,CJA Amini,CA Soper,K Gore,0,0,"",""
ball,2,13.1,Papua New Guinea,CA Soper,CJA Amini,Jasdeep Singh,0,0,"",""
ball,2,13.2,Papua New Guinea,CA Soper,CJA Amini,Jasdeep Singh,1,0,"",""
ball,2,13.3,Papua New Guinea,CJA Amini,CA Soper,Jasdeep Singh,0,0,caught,CJA Amini
ball,2,13.4,Papua New Guinea,L Siaka,CA Soper,Jasdeep Singh,0,0,"",""
ball,2,13.5,Papua New Guinea,L Siaka,CA Soper,Jasdeep Singh,4,0,"",""
ball,2,13.6,Papua New Guinea,L Siaka,CA Soper,Jasdeep Singh,0,0,"",""
ball,2,14.1,Papua New Guinea,CA Soper,L Siaka,K Gore,1,0,"",""
ball,2,14.2,Papua New Guinea,L Siaka,CA Soper,K Gore,1,0,"",""
ball,2,14.3,Papua New Guinea,CA Soper,L Siaka,K Gore,0,0,"",""
ball,2,14.4,Papua New Guinea,CA Soper,L Siaka,K Gore,0,0,"",""
ball,2,14.5,Papua New Guinea,CA Soper,L Siaka,K Gore,0,0,"",""
ball,2,14.6,Papua New Guinea,CA Soper,L Siaka,K Gore,0,0,"",""
ball,2,15.1,Papua New Guinea,L Siaka,CA Soper,Jasdeep Singh,0,0,"",""
ball,2,15.2,Papua New Guinea,L Siaka,CA Soper,Jasdeep Singh,1,0,"",""
ball,2,15.3,Papua New Guinea,CA Soper,L Siaka,Jasdeep Singh,1,0,"",""
ball,2,15.4,Papua New Guinea,L Siaka,CA Soper,Jasdeep Singh,0,0,"",""
ball,2,15.5,Papua New Guinea,L Siaka,CA Soper,Jasdeep Singh,0,0,"",""
ball,2,15.6,Papua New Guinea,L Siaka,CA Soper,Jasdeep Singh,0,0,"",""
ball,2,16.1,Papua New Guinea,CA Soper,L Siaka,K Gore,0,0,"",""
ball,2,16.2,Papua New Guinea,CA Soper,L Siaka,K Gore,1,0,"",""
ball,2,16.3,Papua New Guinea,L Siaka,CA Soper,K Gore,1,0,"",""
ball,2,16.4,Papua New Guinea,CA Soper,L Siaka,K Gore,2,0,"",""
ball,2,16.5,Papua New Guinea,CA Soper,L Siaka,K Gore,0,0,"",""
ball,2,16.6,Papua New Guinea,CA Soper,L Siaka,K Gore,0,0,"",""
ball,2,17.1,Papua New Guinea,L Siaka,CA Soper,Jasdeep Singh,0,0,"",""
ball,2,17.2,Papua New Guinea,L Siaka,CA Soper,Jasdeep Singh,0,0,"",""
ball,2,17.3,Papua New Guinea,L Siaka,CA Soper,Jasdeep Singh,4,0,"",""
ball,2,17.4,Papua New Guinea,L Siaka,CA Soper,Jasdeep Singh,4,0,"",""
ball,2,17.5,Papua New Guinea,L Siaka,CA Soper,Jasdeep Singh,6,0,"",""
ball,2,17.6,Papua New Guinea,L Siaka,CA Soper,Jasdeep Singh,0,0,"",""
ball,2,18.1,Papua New Guinea,CA Soper,L Siaka,K Gore,0,0,"",""
ball,2,18.2,Papua New Guinea,CA Soper,L Siaka,K Gore,1,0,"",""
ball,2,18.3,Papua New Guinea,L Siaka,CA Soper,K Gore,0,0,"",""
ball,2,18.4,Papua New Guinea,L Siaka,CA Soper,K Gore,4,0,"",""
ball,2,18.5,Papua New Guinea,L Siaka,CA Soper,K Gore,2,0,"",""
ball,2,18.6,Papua New Guinea,L Siaka,CA Soper,K Gore,0,0,"",""
ball,2,19.1,Papua New Guinea,CA Soper,L Siaka,TK Patel,1,0,"",""
ball,2,19.2,Papua New Guinea,L Siaka,CA Soper,TK Patel,1,0,"",""
ball,2,19.3,Papua New Guinea,CA Soper,L Siaka,TK Patel,0,0,"",""
ball,2,19.4,Papua New Guinea,CA Soper,L Siaka,TK Patel,0,0,bowled,CA Soper
ball,2,19.5,Papua New Guinea,S Bau,L Siaka,TK Patel,0,0,"",""
ball,2,19.6,Papua New Guinea,S Bau,L Siaka,TK Patel,1,0,"",""
ball,2,20.1,Papua New Guinea,S Bau,L Siaka,SN Netravalkar,1,0,"",""
ball,2,20.2,Papua New Guinea,L Siaka,S Bau,SN Netravalkar,0,0,"",""
ball,2,20.3,Papua New Guinea,L Siaka,S Bau,SN Netravalkar,0,0,"",""
ball,2,20.4,Papua New Guinea,L Siaka,S Bau,SN Netravalkar,4,0,"",""
ball,2,20.5,Papua New Guinea,L Siaka,S Bau,SN Netravalkar,4,0,"",""
ball,2,20.6,Papua New Guinea,L Siaka,S Bau,SN Netravalkar,0,0,"",""
ball,2,21.1,Papua New Guinea,S Bau,L Siaka,TK Patel,0,0,"",""
ball,2,21.2,Papua New Guinea,S Bau,L Siaka,TK Patel,0,0,"",""
ball,2,21.3,Papua New Guinea,S Bau,L Siaka,TK Patel,0,0,"",""
ball,2,21.4,Papua New Guinea,S Bau,L Siaka,TK Patel,0,0,"",""
ball,2,21.5,Papua New Guinea,S Bau,L Siaka,TK Patel,0,0,"",""
ball,2,21.6,Papua New Guinea,S Bau,L Siaka,TK Patel,0,0,"",""
ball,2,22.1,Papua New Guinea,L Siaka,S Bau,Steven Ryan Taylor,1,0,"",""
ball,2,22.2,Papua New Guinea,S Bau,L Siaka,Steven Ryan Taylor,0,0,"",""
ball,2,22.3,Papua New Guinea,S Bau,L Siaka,Steven Ryan Taylor,1,0,"",""
ball,2,22.4,Papua New Guinea,L Siaka,S Bau,Steven Ryan Taylor,1,0,"",""
ball,2,22.5,Papua New Guinea,S Bau,L Siaka,Steven Ryan Taylor,0,0,"",""
ball,2,22.6,Papua New Guinea,S Bau,L Siaka,Steven Ryan Taylor,0,0,"",""
ball,2,23.1,Papua New Guinea,L Siaka,S Bau,TK Patel,1,0,"",""
ball,2,23.2,Papua New Guinea,S Bau,L Siaka,TK Patel,2,0,"",""
ball,2,23.3,Papua New Guinea,S Bau,L Siaka,TK Patel,0,0,"",""
ball,2,23.4,Papua New Guinea,S Bau,L Siaka,TK Patel,1,0,"",""
ball,2,23.5,Papua New Guinea,L Siaka,S Bau,TK Patel,4,0,"",""
ball,2,23.6,Papua New Guinea,L Siaka,S Bau,TK Patel,0,0,"",""
ball,2,24.1,Papua New Guinea,S Bau,L Siaka,Steven Ryan Taylor,1,0,"",""
ball,2,24.2,Papua New Guinea,L Siaka,S Bau,Steven Ryan Taylor,0,0,"",""
ball,2,24.3,Papua New Guinea,L Siaka,S Bau,Steven Ryan Taylor,0,0,"",""
ball,2,24.4,Papua New Guinea,L Siaka,S Bau,Steven Ryan Taylor,1,0,"",""
ball,2,24.5,Papua New Guinea,S Bau,L Siaka,Steven Ryan Taylor,0,0,"",""
ball,2,24.6,Papua New Guinea,S Bau,L Siaka,Steven Ryan Taylor,0,0,"",""
ball,2,25.1,Papua New Guinea,L Siaka,S Bau,TK Patel,2,0,"",""
ball,2,25.2,Papua New Guinea,L Siaka,S Bau,TK Patel,1,0,"",""
ball,2,25.3,Papua New Guinea,S Bau,L Siaka,TK Patel,2,0,"",""
ball,2,25.4,Papua New Guinea,S Bau,L Siaka,TK Patel,2,0,"",""
ball,2,25.5,Papua New Guinea,S Bau,L Siaka,TK Patel,0,0,"",""
ball,2,25.6,Papua New Guinea,S Bau,L Siaka,TK Patel,0,1,"",""
ball,2,25.7,Papua New Guinea,S Bau,L Siaka,TK Patel,0,0,"",""
ball,2,26.1,Papua New Guinea,L Siaka,S Bau,Steven Ryan Taylor,0,0,"",""
ball,2,26.2,Papua New Guinea,L Siaka,S Bau,Steven Ryan Taylor,1,0,"",""
ball,2,26.3,Papua New Guinea,S Bau,L Siaka,Steven Ryan Taylor,0,0,"",""
ball,2,26.4,Papua New Guinea,S Bau,L Siaka,Steven Ryan Taylor,0,0,"",""
ball,2,26.5,Papua New Guinea,S Bau,L Siaka,Steven Ryan Taylor,1,0,"",""
ball,2,26.6,Papua New Guinea,L Siaka,S Bau,Steven Ryan Taylor,4,0,"",""
ball,2,27.1,Papua New Guinea,S Bau,L Siaka,TK Patel,1,0,"",""
ball,2,27.2,Papua New Guinea,L Siaka,S Bau,TK Patel,0,0,"",""
ball,2,27.3,Papua New Guinea,L Siaka,S Bau,TK Patel,0,0,"",""
ball,2,27.4,Papua New Guinea,L Siaka,S Bau,TK Patel,0,0,"",""
ball,2,27.5,Papua New Guinea,L Siaka,S Bau,TK Patel,2,0,"",""
ball,2,27.6,Papua New Guinea,L Siaka,S Bau,TK Patel,1,0,"",""
ball,2,28.1,Papua New Guinea,L Siaka,S Bau,HR Walsh,1,0,"",""
ball,2,28.2,Papua New Guinea,S Bau,L Siaka,HR Walsh,0,0,"",""
ball,2,28.3,Papua New Guinea,S Bau,L Siaka,HR Walsh,4,0,"",""
ball,2,28.4,Papua New Guinea,S Bau,L Siaka,HR Walsh,3,0,"",""
ball,2,28.5,Papua New Guinea,L Siaka,S Bau,HR Walsh,0,0,"",""
ball,2,28.6,Papua New Guinea,L Siaka,S Bau,HR Walsh,1,0,"",""
ball,2,29.1,Papua New Guinea,L Siaka,S Bau,TK Patel,1,0,"",""
ball,2,29.2,Papua New Guinea,S Bau,L Siaka,TK Patel,1,0,"",""
ball,2,29.3,Papua New Guinea,L Siaka,S Bau,TK Patel,4,0,"",""
ball,2,29.4,Papua New Guinea,L Siaka,S Bau,TK Patel,0,0,"",""
ball,2,29.5,Papua New Guinea,L Siaka,S Bau,TK Patel,0,0,caught,L Siaka
ball,2,29.6,Papua New Guinea,N Vanua,S Bau,TK Patel,0,0,"",""
ball,2,30.1,Papua New Guinea,S Bau,N Vanua,K Gore,0,0,"",""
ball,2,30.2,Papua New Guinea,S Bau,N Vanua,K Gore,2,0,"",""
ball,2,30.3,Papua New Guinea,S Bau,N Vanua,K Gore,4,0,"",""
ball,2,30.4,Papua New Guinea,S Bau,N Vanua,K Gore,0,0,"",""
ball,2,30.5,Papua New Guinea,S Bau,N Vanua,K Gore,0,0,"",""
ball,2,30.6,Papua New Guinea,S Bau,N Vanua,K Gore,0,0,"",""
ball,2,31.1,Papua New Guinea,N Vanua,S Bau,TK Patel,4,0,"",""
ball,2,31.2,Papua New Guinea,N Vanua,S Bau,TK Patel,0,0,"",""
ball,2,31.3,Papua New Guinea,N Vanua,S Bau,TK Patel,0,0,"",""
ball,2,31.4,Papua New Guinea,N Vanua,S Bau,TK Patel,0,0,"",""
ball,2,31.5,Papua New Guinea,N Vanua,S Bau,TK Patel,1,0,"",""
ball,2,31.6,Papua New Guinea,S Bau,N Vanua,TK Patel,0,0,"",""
ball,2,32.1,Papua New Guinea,N Vanua,S Bau,K Gore,4,0,"",""
ball,2,32.2,Papua New Guinea,N Vanua,S Bau,K Gore,6,0,"",""
ball,2,32.3,Papua New Guinea,N Vanua,S Bau,K Gore,0,0,"",""
ball,2,32.4,Papua New Guinea,N Vanua,S Bau,K Gore,6,0,"",""
ball,2,32.5,Papua New Guinea,N Vanua,S Bau,K Gore,6,0,"",""
ball,2,32.6,Papua New Guinea,N Vanua,S Bau,K Gore,1,0,"",""
