version,1.3.0
info,team,Namibia
info,team,Oman
info,gender,male
info,season,2019
info,date,2019/04/27
info,competition,ICC World Cricket League Division Two
info,venue,Wanderers Cricket Ground
info,city,Windhoek
info,toss_winner,Namibia
info,toss_decision,bat
info,player_of_match,JN Frylinck
info,umpire,CA Polosak
info,umpire,D Odhiambo
info,tv_umpire,DA Haggo
info,match_referee,GH Pienaar
info,winner,Namibia
info,winner_runs,145
ball,1,0.1,Namibia,SJ Baard,K Birkenstock,Bilal Khan,0,0,"",""
ball,1,0.2,Namibia,SJ Baard,K Birkenstock,Bilal Khan,0,0,"",""
ball,1,0.3,Namibia,SJ Baard,K Birkenstock,Bilal Khan,2,0,"",""
ball,1,0.4,Namibia,SJ Baard,K Birkenstock,Bilal Khan,0,0,"",""
ball,1,0.5,Namibia,SJ Baard,K Birkenstock,Bilal Khan,0,0,"",""
ball,1,0.6,Namibia,SJ Baard,K Birkenstock,Bilal Khan,0,0,"",""
ball,1,1.1,Namibia,K Birkenstock,SJ Baard,Kaleemullah,0,0,"",""
ball,1,1.2,Namibia,K Birkenstock,SJ Baard,Kaleemullah,0,0,"",""
ball,1,1.3,Namibia,K Birkenstock,SJ Baard,Kaleemullah,0,0,"",""
ball,1,1.4,Namibia,K Birkenstock,SJ Baard,Kaleemullah,1,0,"",""
ball,1,1.5,Namibia,SJ Baard,K Birkenstock,Kaleemullah,0,0,"",""
ball,1,1.6,Namibia,SJ Baard,K Birkenstock,Kaleemullah,0,0,"",""
ball,1,2.1,Namibia,K Birkenstock,SJ Baard,Bilal Khan,1,0,"",""
ball,1,2.2,Namibia,SJ Baard,K Birkenstock,Bilal Khan,0,0,"",""
ball,1,2.3,Namibia,SJ Baard,K Birkenstock,Bilal Khan,0,0,"",""
ball,1,2.4,Namibia,SJ Baard,K Birkenstock,Bilal Khan,2,0,"",""
ball,1,2.5,Namibia,SJ Baard,K Birkenstock,Bilal Khan,0,0,"",""
ball,1,2.6,Namibia,SJ Baard,K Birkenstock,Bilal Khan,0,0,"",""
ball,1,3.1,Namibia,K Birkenstock,SJ Baard,Kaleemullah,0,0,"",""
ball,1,3.2,Namibia,K Birkenstock,SJ Baard,Kaleemullah,2,0,"",""
ball,1,3.3,Namibia,K Birkenstock,SJ Baard,Kaleemullah,0,0,"",""
ball,1,3.4,Namibia,K Birkenstock,SJ Baard,Kaleemullah,0,0,"",""
ball,1,3.5,Namibia,K Birkenstock,SJ Baard,Kaleemullah,1,0,"",""
ball,1,3.6,Namibia,SJ Baard,K Birkenstock,Kaleemullah,0,0,"",""
ball,1,4.1,Namibia,K Birkenstock,SJ Baard,Bilal Khan,0,0,"",""
ball,1,4.2,Namibia,K Birkenstock,SJ Baard,Bilal Khan,0,0,"",""
ball,1,4.3,Namibia,K Birkenstock,SJ Baard,Bilal Khan,2,0,"",""
ball,1,4.4,Namibia,K Birkenstock,SJ Baard,Bilal Khan,0,0,"",""
ball,1,4.5,Namibia,K Birkenstock,SJ Baard,Bilal Khan,0,0,"",""
ball,1,4.6,Namibia,K Birkenstock,SJ Baard,Bilal Khan,0,0,"",""
ball,1,5.1,Namibia,SJ Baard,K Birkenstock,Kaleemullah,0,0,"",""
ball,1,5.2,Namibia,SJ Baard,K Birkenstock,Kaleemullah,1,0,"",""
ball,1,5.3,Namibia,K Birkenstock,SJ Baard,Kaleemullah,4,0,"",""
ball,1,5.4,Namibia,K Birkenstock,SJ Baard,Kaleemullah,0,0,"",""
ball,1,5.5,Namibia,K Birkenstock,SJ Baard,Kaleemullah,0,0,"",""
ball,1,5.6,Namibia,K Birkenstock,SJ Baard,Kaleemullah,0,0,"",""
ball,1,6.1,Namibia,SJ Baard,K Birkenstock,Bilal Khan,0,0,"",""
ball,1,6.2,Namibia,SJ Baard,K Birkenstock,Bilal Khan,0,0,"",""
ball,1,6.3,Namibia,SJ Baard,K Birkenstock,Bilal Khan,0,0,"",""
ball,1,6.4,Namibia,SJ Baard,K Birkenstock,Bilal Khan,0,0,"",""
ball,1,6.5,Namibia,SJ Baard,K Birkenstock,Bilal Khan,0,0,"",""
ball,1,6.6,Namibia,SJ Baard,K Birkenstock,Bilal Khan,0,0,"",""
ball,1,7.1,Namibia,K Birkenstock,SJ Baard,Kaleemullah,2,0,"",""
ball,1,7.2,Namibia,K Birkenstock,SJ Baard,Kaleemullah,0,0,"",""
ball,1,7.3,Namibia,K Birkenstock,SJ Baard,Kaleemullah,0,0,"",""
ball,1,7.4,Namibia,K Birkenstock,SJ Baard,Kaleemullah,1,0,"",""
ball,1,7.5,Namibia,SJ Baard,K Birkenstock,Kaleemullah,1,0,"",""
ball,1,7.6,Namibia,K Birkenstock,SJ Baard,Kaleemullah,0,0,"",""
ball,1,8.1,Namibia,SJ Baard,K Birkenstock,Bilal Khan,1,0,"",""
ball,1,8.2,Namibia,K Birkenstock,SJ Baard,Bilal Khan,0,0,"",""
ball,1,8.3,Namibia,K Birkenstock,SJ Baard,Bilal Khan,0,0,"",""
ball,1,8.4,Namibia,K Birkenstock,SJ Baard,Bilal Khan,0,1,"",""
ball,1,8.5,Namibia,K Birkenstock,SJ Baard,Bilal Khan,0,0,"",""
ball,1,8.6,Namibia,K Birkenstock,SJ Baard,Bilal Khan,4,0,"",""
ball,1,8.7,Namibia,K Birkenstock,SJ Baard,Bilal Khan,0,0,"",""
ball,1,9.1,Namibia,SJ Baard,K Birkenstock,Kaleemullah,1,0,"",""
ball,1,9.2,Namibia,K Birkenstock,SJ Baard,Kaleemullah,0,0,"",""
ball,1,9.3,Namibia,K Birkenstock,SJ Baard,Kaleemullah,1,0,"",""
ball,1,9.4,Namibia,SJ Baard,K Birkenstock,Kaleemullah,0,0,"",""
ball,1,9.5,Namibia,SJ Baard,K Birkenstock,Kaleemullah,2,0,"",""
ball,1,9.6,Namibia,SJ Baard,K Birkenstock,Kaleemullah,2,0,"",""
ball,1,10.1,Namibia,K Birkenstock,SJ Baard,Fayyaz Butt,0,0,"",""
ball,1,10.2,Namibia,K Birkenstock,SJ Baard,Fayyaz Butt,0,0,"",""
ball,1,10.3,Namibia,K Birkenstock,SJ Baard,Fayyaz Butt,0,0,"",""
ball,1,10.4,Namibia,K Birkenstock,SJ Baard,Fayyaz Butt,0,0,"",""
ball,1,10.5,Namibia,K Birkenstock,SJ Baard,Fayyaz Butt,0,0,"",""
ball,1,10.6,Namibia,K Birkenstock,SJ Baard,Fayyaz Butt,0,0,"",""
ball,1,11.1,Namibia,SJ Baard,K Birkenstock,Zeeshan Maqsood,1,0,"",""
ball,1,11.2,Namibia,K Birkenstock,SJ Baard,Zeeshan Maqsood,0,0,"",""
ball,1,11.3,Namibia,K Birkenstock,SJ Baard,Zeeshan Maqsood,0,0,"",""
ball,1,11.4,Namibia,K Birkenstock,SJ Baard,Zeeshan Maqsood,0,0,"",""
ball,1,11.5,Namibia,K Birkenstock,SJ Baard,Zeeshan Maqsood,0,0,"",""
ball,1,11.6,Namibia,K Birkenstock,SJ Baard,Zeeshan Maqsood,4,0,"",""
ball,1,12.1,Namibia,SJ Baard,K Birkenstock,Fayyaz Butt,0,0,"",""
ball,1,12.2,Namibia,SJ Baard,K Birkenstock,Fayyaz Butt,0,0,caught,SJ Baard
ball,1,12.3,Namibia,JP Kotze,K Birkenstock,Fayyaz Butt,2,0,"",""
ball,1,12.4,Namibia,JP Kotze,K Birkenstock,Fayyaz Butt,0,0,"",""
ball,1,12.5,Namibia,JP Kotze,K Birkenstock,Fayyaz Butt,0,0,"",""
ball,1,12.6,Namibia,JP Kotze,K Birkenstock,Fayyaz Butt,0,0,"",""
ball,1,13.1,Namibia,K Birkenstock,JP Kotze,Aqib Ilyas,0,0,"",""
ball,1,13.2,Namibia,K Birkenstock,JP Kotze,Aqib Ilyas,2,0,"",""
ball,1,13.3,Namibia,K Birkenstock,JP Kotze,Aqib Ilyas,0,0,"",""
ball,1,13.4,Namibia,K Birkenstock,JP Kotze,Aqib Ilyas,1,0,"",""
ball,1,13.5,Namibia,JP Kotze,K Birkenstock,Aqib Ilyas,0,0,"",""
ball,1,13.6,Namibia,JP Kotze,K Birkenstock,Aqib Ilyas,1,0,"",""
ball,1,14.1,Namibia,JP Kotze,K Birkenstock,Fayyaz Butt,1,0,"",""
ball,1,14.2,Namibia,K Birkenstock,JP Kotze,Fayyaz Butt,0,0,"",""
ball,1,14.3,Namibia,K Birkenstock,JP Kotze,Fayyaz Butt,0,0,"",""
ball,1,14.4,Namibia,K Birkenstock,JP Kotze,Fayyaz Butt,0,0,"",""
ball,1,14.5,Namibia,K Birkenstock,JP Kotze,Fayyaz Butt,0,0,"",""
ball,1,14.6,Namibia,K Birkenstock,JP Kotze,Fayyaz Butt,0,0,"",""
ball,1,15.1,Namibia,JP Kotze,K Birkenstock,Aqib Ilyas,1,0,"",""
ball,1,15.2,Namibia,K Birkenstock,JP Kotze,Aqib Ilyas,0,0,"",""
ball,1,15.3,Namibia,K Birkenstock,JP Kotze,Aqib Ilyas,1,0,"",""
ball,1,15.4,Namibia,JP Kotze,K Birkenstock,Aqib Ilyas,1,0,"",""
ball,1,15.5,Namibia,K Birkenstock,JP Kotze,Aqib Ilyas,1,0,"",""
ball,1,15.6,Namibia,JP Kotze,K Birkenstock,Aqib Ilyas,1,0,"",""
ball,1,16.1,Namibia,JP Kotze,K Birkenstock,Fayyaz Butt,2,0,"",""
ball,1,16.2,Namibia,JP Kotze,K Birkenstock,Fayyaz Butt,4,0,"",""
ball,1,16.3,Namibia,JP Kotze,K Birkenstock,Fayyaz Butt,0,0,"",""
ball,1,16.4,Namibia,JP Kotze,K Birkenstock,Fayyaz Butt,0,0,"",""
ball,1,16.5,Namibia,JP Kotze,K Birkenstock,Fayyaz Butt,0,0,"",""
ball,1,16.6,Namibia,JP Kotze,K Birkenstock,Fayyaz Butt,2,0,"",""
ball,1,17.1,Namibia,K Birkenstock,JP Kotze,Aqib Ilyas,1,0,"",""
ball,1,17.2,Namibia,JP Kotze,K Birkenstock,Aqib Ilyas,1,0,"",""
ball,1,17.3,Namibia,K Birkenstock,JP Kotze,Aqib Ilyas,1,0,"",""
ball,1,17.4,Namibia,JP Kotze,K Birkenstock,Aqib Ilyas,1,0,"",""
ball,1,17.5,Namibia,K Birkenstock,JP Kotze,Aqib Ilyas,0,0,"",""
ball,1,17.6,Namibia,K Birkenstock,JP Kotze,Aqib Ilyas,1,0,"",""
ball,1,18.1,Namibia,K Birkenstock,JP Kotze,Khawar Ali,0,0,"",""
ball,1,18.2,Namibia,K Birkenstock,JP Kotze,Khawar Ali,0,0,"",""
ball,1,18.3,Namibia,K Birkenstock,JP Kotze,Khawar Ali,1,0,"",""
ball,1,18.4,Namibia,JP Kotze,K Birkenstock,Khawar Ali,2,0,"",""
ball,1,18.5,Namibia,JP Kotze,K Birkenstock,Khawar Ali,0,0,"",""
ball,1,18.6,Namibia,JP Kotze,K Birkenstock,Khawar Ali,1,0,"",""
ball,1,19.1,Namibia,JP Kotze,K Birkenstock,Aqib Ilyas,0,0,"",""
ball,1,19.2,Namibia,JP Kotze,K Birkenstock,Aqib Ilyas,0,0,"",""
ball,1,19.3,Namibia,JP Kotze,K Birkenstock,Aqib Ilyas,1,0,"",""
ball,1,19.4,Namibia,K Birkenstock,JP Kotze,Aqib Ilyas,1,0,"",""
ball,1,19.5,Namibia,JP Kotze,K Birkenstock,Aqib Ilyas,1,0,"",""
ball,1,19.6,Namibia,K Birkenstock,JP Kotze,Aqib Ilyas,0,0,"",""
ball,1,20.1,Namibia,JP Kotze,K Birkenstock,Khawar Ali,0,0,"",""
ball,1,20.2,Namibia,JP Kotze,K Birkenstock,Khawar Ali,0,0,"",""
ball,1,20.3,Namibia,JP Kotze,K Birkenstock,Khawar Ali,0,0,"",""
ball,1,20.4,Namibia,JP Kotze,K Birkenstock,Khawar Ali,0,0,"",""
ball,1,20.5,Namibia,JP Kotze,K Birkenstock,Khawar Ali,1,0,"",""
ball,1,20.6,Namibia,K Birkenstock,JP Kotze,Khawar Ali,0,0,"",""
ball,1,21.1,Namibia,JP Kotze,K Birkenstock,Aqib Ilyas,0,0,"",""
ball,1,21.2,Namibia,JP Kotze,K Birkenstock,Aqib Ilyas,0,0,caught and bowled,JP Kotze
ball,1,21.3,Namibia,MG Erasmus,K Birkenstock,Aqib Ilyas,0,0,"",""
ball,1,21.4,Namibia,MG Erasmus,K Birkenstock,Aqib Ilyas,0,0,"",""
ball,1,21.5,Namibia,MG Erasmus,K Birkenstock,Aqib Ilyas,0,0,"",""
ball,1,21.6,Namibia,MG Erasmus,K Birkenstock,Aqib Ilyas,1,0,"",""
ball,1,22.1,Namibia,MG Erasmus,K Birkenstock,Khawar Ali,0,0,"",""
ball,1,22.2,Namibia,MG Erasmus,K Birkenstock,Khawar Ali,0,0,"",""
ball,1,22.3,Namibia,MG Erasmus,K Birkenstock,Khawar Ali,0,0,"",""
ball,1,22.4,Namibia,MG Erasmus,K Birkenstock,Khawar Ali,3,0,"",""
ball,1,22.5,Namibia,K Birkenstock,MG Erasmus,Khawar Ali,0,0,"",""
ball,1,22.6,Namibia,K Birkenstock,MG Erasmus,Khawar Ali,2,0,"",""
ball,1,23.1,Namibia,MG Erasmus,K Birkenstock,Aqib Ilyas,0,2,"",""
ball,1,23.2,Namibia,K Birkenstock,MG Erasmus,Aqib Ilyas,0,0,"",""
ball,1,23.3,Namibia,K Birkenstock,MG Erasmus,Aqib Ilyas,0,1,"",""
ball,1,23.4,Namibia,MG Erasmus,K Birkenstock,Aqib Ilyas,0,0,"",""
ball,1,23.5,Namibia,MG Erasmus,K Birkenstock,Aqib Ilyas,1,0,"",""
ball,1,23.6,Namibia,K Birkenstock,MG Erasmus,Aqib Ilyas,0,0,"",""
ball,1,23.7,Namibia,K Birkenstock,MG Erasmus,Aqib Ilyas,0,0,"",""
ball,1,24.1,Namibia,MG Erasmus,K Birkenstock,Khawar Ali,1,0,"",""
ball,1,24.2,Namibia,K Birkenstock,MG Erasmus,Khawar Ali,0,0,"",""
ball,1,24.3,Namibia,K Birkenstock,MG Erasmus,Khawar Ali,0,0,"",""
ball,1,24.4,Namibia,K Birkenstock,MG Erasmus,Khawar Ali,2,0,"",""
ball,1,24.5,Namibia,K Birkenstock,MG Erasmus,Khawar Ali,1,0,"",""
ball,1,24.6,Namibia,MG Erasmus,K Birkenstock,Khawar Ali,1,0,"",""
ball,1,25.1,Namibia,MG Erasmus,K Birkenstock,Aqib Ilyas,0,0,"",""
ball,1,25.2,Namibia,MG Erasmus,K Birkenstock,Aqib Ilyas,0,0,"",""
ball,1,25.3,Namibia,MG Erasmus,K Birkenstock,Aqib Ilyas,2,0,"",""
ball,1,25.4,Namibia,MG Erasmus,K Birkenstock,Aqib Ilyas,0,0,"",""
ball,1,25.5,Namibia,MG Erasmus,K Birkenstock,Aqib Ilyas,0,0,"",""
ball,1,25.6,Namibia,MG Erasmus,K Birkenstock,Aqib Ilyas,0,0,"",""
ball,1,26.1,Namibia,K Birkenstock,MG Erasmus,Khawar Ali,0,0,"",""
ball,1,26.2,Namibia,K Birkenstock,MG Erasmus,Khawar Ali,1,0,"",""
ball,1,26.3,Namibia,MG Erasmus,K Birkenstock,Khawar Ali,4,0,"",""
ball,1,26.4,Namibia,MG Erasmus,K Birkenstock,Khawar Ali,1,0,"",""
ball,1,26.5,Namibia,K Birkenstock,MG Erasmus,Khawar Ali,1,0,"",""
ball,1,26.6,Namibia,MG Erasmus,K Birkenstock,Khawar Ali,0,0,"",""
ball,1,27.1,Namibia,K Birkenstock,MG Erasmus,Aqib Ilyas,1,0,"",""
ball,1,27.2,Namibia,MG Erasmus,K Birkenstock,Aqib Ilyas,1,0,"",""
ball,1,27.3,Namibia,K Birkenstock,MG Erasmus,Aqib Ilyas,0,0,"",""
ball,1,27.4,Namibia,K Birkenstock,MG Erasmus,Aqib Ilyas,0,0,"",""
ball,1,27.5,Namibia,K Birkenstock,MG Erasmus,Aqib Ilyas,1,0,"",""
ball,1,27.6,Namibia,MG Erasmus,K Birkenstock,Aqib Ilyas,0,0,"",""
ball,1,28.1,Namibia,K Birkenstock,MG Erasmus,Zeeshan Maqsood,1,0,"",""
ball,1,28.2,Namibia,MG Erasmus,K Birkenstock,Zeeshan Maqsood,0,0,"",""
ball,1,28.3,Namibia,MG Erasmus,K Birkenstock,Zeeshan Maqsood,1,0,"",""
ball,1,28.4,Namibia,K Birkenstock,MG Erasmus,Zeeshan Maqsood,0,0,"",""
ball,1,28.5,Namibia,K Birkenstock,MG Erasmus,Zeeshan Maqsood,0,0,"",""
ball,1,28.6,Namibia,K Birkenstock,MG Erasmus,Zeeshan Maqsood,2,0,"",""
ball,1,29.1,Namibia,MG Erasmus,K Birkenstock,Aqib Ilyas,0,0,caught,MG Erasmus
ball,1,29.2,Namibia,K Birkenstock,CG Williams,Aqib Ilyas,1,0,"",""
ball,1,29.3,Namibia,CG Williams,K Birkenstock,Aqib Ilyas,0,0,"",""
ball,1,29.4,Namibia,CG Williams,K Birkenstock,Aqib Ilyas,2,0,"",""
ball,1,29.5,Namibia,CG Williams,K Birkenstock,Aqib Ilyas,0,0,"",""
ball,1,29.6,Namibia,CG Williams,K Birkenstock,Aqib Ilyas,0,0,"",""
ball,1,30.1,Namibia,K Birkenstock,CG Williams,Zeeshan Maqsood,1,0,"",""
ball,1,30.2,Namibia,CG Williams,K Birkenstock,Zeeshan Maqsood,0,0,"",""
ball,1,30.3,Namibia,CG Williams,K Birkenstock,Zeeshan Maqsood,0,0,"",""
ball,1,30.4,Namibia,CG Williams,K Birkenstock,Zeeshan Maqsood,0,0,"",""
ball,1,30.5,Namibia,CG Williams,K Birkenstock,Zeeshan Maqsood,1,0,"",""
ball,1,30.6,Namibia,K Birkenstock,CG Williams,Zeeshan Maqsood,1,0,"",""
ball,1,31.1,Namibia,K Birkenstock,CG Williams,Aqib Ilyas,0,0,"",""
ball,1,31.2,Namibia,K Birkenstock,CG Williams,Aqib Ilyas,2,0,"",""
ball,1,31.3,Namibia,K Birkenstock,CG Williams,Aqib Ilyas,0,0,"",""
ball,1,31.4,Namibia,K Birkenstock,CG Williams,Aqib Ilyas,0,0,"",""
ball,1,31.5,Namibia,K Birkenstock,CG Williams,Aqib Ilyas,0,0,"",""
ball,1,31.6,Namibia,K Birkenstock,CG Williams,Aqib Ilyas,1,0,"",""
ball,1,32.1,Namibia,K Birkenstock,CG Williams,Zeeshan Maqsood,1,0,"",""
ball,1,32.2,Namibia,CG Williams,K Birkenstock,Zeeshan Maqsood,1,0,"",""
ball,1,32.3,Namibia,K Birkenstock,CG Williams,Zeeshan Maqsood,0,0,"",""
ball,1,32.4,Namibia,K Birkenstock,CG Williams,Zeeshan Maqsood,0,0,"",""
ball,1,32.5,Namibia,K Birkenstock,CG Williams,Zeeshan Maqsood,0,0,"",""
ball,1,32.6,Namibia,K Birkenstock,CG Williams,Zeeshan Maqsood,0,0,"",""
ball,1,33.1,Namibia,CG Williams,K Birkenstock,Khawar Ali,0,0,"",""
ball,1,33.2,Namibia,CG Williams,K Birkenstock,Khawar Ali,2,0,"",""
ball,1,33.3,Namibia,CG Williams,K Birkenstock,Khawar Ali,1,0,"",""
ball,1,33.4,Namibia,K Birkenstock,CG Williams,Khawar Ali,4,0,"",""
ball,1,33.5,Namibia,K Birkenstock,CG Williams,Khawar Ali,1,0,"",""
ball,1,33.6,Namibia,CG Williams,K Birkenstock,Khawar Ali,0,0,"",""
ball,1,34.1,Namibia,K Birkenstock,CG Williams,Zeeshan Maqsood,4,0,"",""
ball,1,34.2,Namibia,K Birkenstock,CG Williams,Zeeshan Maqsood,0,0,"",""
ball,1,34.3,Namibia,K Birkenstock,CG Williams,Zeeshan Maqsood,0,0,"",""
ball,1,34.4,Namibia,K Birkenstock,CG Williams,Zeeshan Maqsood,0,0,"",""
ball,1,34.5,Namibia,K Birkenstock,CG Williams,Zeeshan Maqsood,0,0,"",""
ball,1,34.6,Namibia,K Birkenstock,CG Williams,Zeeshan Maqsood,0,0,caught,K Birkenstock
ball,1,35.1,Namibia,CG Williams,JJ Smit,Khawar Ali,1,0,"",""
ball,1,35.2,Namibia,JJ Smit,CG Williams,Khawar Ali,1,0,"",""
ball,1,35.3,Namibia,CG Williams,JJ Smit,Khawar Ali,0,0,"",""
ball,1,35.4,Namibia,CG Williams,JJ Smit,Khawar Ali,0,0,bowled,CG Williams
ball,1,35.5,Namibia,ZE Green,JJ Smit,Khawar Ali,1,0,"",""
ball,1,35.6,Namibia,JJ Smit,ZE Green,Khawar Ali,0,0,"",""
ball,1,36.1,Namibia,ZE Green,JJ Smit,Zeeshan Maqsood,0,0,"",""
ball,1,36.2,Namibia,ZE Green,JJ Smit,Zeeshan Maqsood,0,0,"",""
ball,1,36.3,Namibia,ZE Green,JJ Smit,Zeeshan Maqsood,0,0,"",""
ball,1,36.4,Namibia,ZE Green,JJ Smit,Zeeshan Maqsood,0,0,"",""
ball,1,36.5,Namibia,ZE Green,JJ Smit,Zeeshan Maqsood,0,0,"",""
ball,1,36.6,Namibia,ZE Green,JJ Smit,Zeeshan Maqsood,0,0,"",""
ball,1,37.1,Namibia,JJ Smit,ZE Green,Khawar Ali,1,0,"",""
ball,1,37.2,Namibia,ZE Green,JJ Smit,Khawar Ali,0,0,"",""
ball,1,37.3,Namibia,ZE Green,JJ Smit,Khawar Ali,0,0,"",""
ball,1,37.4,Namibia,ZE Green,JJ Smit,Khawar Ali,3,0,"",""
ball,1,37.5,Namibia,JJ Smit,ZE Green,Khawar Ali,0,0,"",""
ball,1,37.6,Namibia,JJ Smit,ZE Green,Khawar Ali,0,0,"",""
ball,1,38.1,Namibia,ZE Green,JJ Smit,Zeeshan Maqsood,1,0,"",""
ball,1,38.2,Namibia,JJ Smit,ZE Green,Zeeshan Maqsood,1,0,"",""
ball,1,38.3,Namibia,ZE Green,JJ Smit,Zeeshan Maqsood,1,0,"",""
ball,1,38.4,Namibia,JJ Smit,ZE Green,Zeeshan Maqsood,1,0,"",""
ball,1,38.5,Namibia,ZE Green,JJ Smit,Zeeshan Maqsood,0,0,"",""
ball,1,38.6,Namibia,ZE Green,JJ Smit,Zeeshan Maqsood,1,0,"",""
ball,1,39.1,Namibia,ZE Green,JJ Smit,Bilal Khan,0,0,"",""
ball,1,39.2,Namibia,ZE Green,JJ Smit,Bilal Khan,0,0,"",""
ball,1,39.3,Namibia,ZE Green,JJ Smit,Bilal Khan,0,0,"",""
ball,1,39.4,Namibia,ZE Green,JJ Smit,Bilal Khan,1,0,"",""
ball,1,39.5,Namibia,JJ Smit,ZE Green,Bilal Khan,0,0,"",""
ball,1,39.6,Namibia,JJ Smit,ZE Green,Bilal Khan,0,0,"",""
ball,1,40.1,Namibia,ZE Green,JJ Smit,Zeeshan Maqsood,0,0,"",""
ball,1,40.2,Namibia,ZE Green,JJ Smit,Zeeshan Maqsood,0,0,"",""
ball,1,40.3,Namibia,ZE Green,JJ Smit,Zeeshan Maqsood,1,0,"",""
ball,1,40.4,Namibia,JJ Smit,ZE Green,Zeeshan Maqsood,1,0,"",""
ball,1,40.5,Namibia,ZE Green,JJ Smit,Zeeshan Maqsood,6,0,"",""
ball,1,40.6,Namibia,ZE Green,JJ Smit,Zeeshan Maqsood,1,0,"",""
ball,1,41.1,Namibia,ZE Green,JJ Smit,Bilal Khan,1,0,"",""
ball,1,41.2,Namibia,JJ Smit,ZE Green,Bilal Khan,0,0,"",""
ball,1,41.3,Namibia,JJ Smit,ZE Green,Bilal Khan,4,0,"",""
ball,1,41.4,Namibia,JJ Smit,ZE Green,Bilal Khan,1,0,"",""
ball,1,41.5,Namibia,ZE Green,JJ Smit,Bilal Khan,1,0,"",""
ball,1,41.6,Namibia,JJ Smit,ZE Green,Bilal Khan,0,0,"",""
ball,1,42.1,Namibia,ZE Green,JJ Smit,Khawar Ali,4,0,"",""
ball,1,42.2,Namibia,ZE Green,JJ Smit,Khawar Ali,2,0,"",""
ball,1,42.3,Namibia,ZE Green,JJ Smit,Khawar Ali,0,0,"",""
ball,1,42.4,Namibia,ZE Green,JJ Smit,Khawar Ali,0,0,"",""
ball,1,42.5,Namibia,ZE Green,JJ Smit,Khawar Ali,2,0,"",""
ball,1,42.6,Namibia,ZE Green,JJ Smit,Khawar Ali,0,0,"",""
ball,1,43.1,Namibia,JJ Smit,ZE Green,Bilal Khan,1,0,"",""
ball,1,43.2,Namibia,ZE Green,JJ Smit,Bilal Khan,1,0,"",""
ball,1,43.3,Namibia,JJ Smit,ZE Green,Bilal Khan,1,0,"",""
ball,1,43.4,Namibia,ZE Green,JJ Smit,Bilal Khan,2,0,"",""
ball,1,43.5,Namibia,ZE Green,JJ Smit,Bilal Khan,0,0,"",""
ball,1,43.6,Namibia,ZE Green,JJ Smit,Bilal Khan,1,0,"",""
ball,1,44.1,Namibia,ZE Green,JJ Smit,Khawar Ali,2,0,"",""
ball,1,44.2,Namibia,ZE Green,JJ Smit,Khawar Ali,4,0,"",""
ball,1,44.3,Namibia,ZE Green,JJ Smit,Khawar Ali,0,0,"",""
ball,1,44.4,Namibia,ZE Green,JJ Smit,Khawar Ali,1,0,"",""
ball,1,44.5,Namibia,JJ Smit,ZE Green,Khawar Ali,0,0,"",""
ball,1,44.6,Namibia,JJ Smit,ZE Green,Khawar Ali,2,0,"",""
ball,1,45.1,Namibia,ZE Green,JJ Smit,Bilal Khan,1,0,"",""
ball,1,45.2,Namibia,JJ Smit,ZE Green,Bilal Khan,0,0,"",""
ball,1,45.3,Namibia,JJ Smit,ZE Green,Bilal Khan,0,0,"",""
ball,1,45.4,Namibia,JJ Smit,ZE Green,Bilal Khan,4,0,"",""
ball,1,45.5,Namibia,JJ Smit,ZE Green,Bilal Khan,0,0,"",""
ball,1,45.6,Namibia,JJ Smit,ZE Green,Bilal Khan,0,1,"",""
ball,1,45.7,Namibia,JJ Smit,ZE Green,Bilal Khan,1,0,"",""
ball,1,46.1,Namibia,JJ Smit,ZE Green,Fayyaz Butt,0,0,run out,ZE Green
ball,1,46.2,Namibia,JJ Smit,C Viljoen,Fayyaz Butt,0,0,"",""
ball,1,46.3,Namibia,JJ Smit,C Viljoen,Fayyaz Butt,1,0,"",""
ball,1,46.4,Namibia,C Viljoen,JJ Smit,Fayyaz Butt,4,0,"",""
ball,1,46.5,Namibia,C Viljoen,JJ Smit,Fayyaz Butt,1,0,"",""
ball,1,46.6,Namibia,JJ Smit,C Viljoen,Fayyaz Butt,2,0,"",""
ball,1,47.1,Namibia,C Viljoen,JJ Smit,Bilal Khan,2,0,"",""
ball,1,47.2,Namibia,C Viljoen,JJ Smit,Bilal Khan,0,0,"",""
ball,1,47.3,Namibia,C Viljoen,JJ Smit,Bilal Khan,1,0,"",""
ball,1,47.4,Namibia,JJ Smit,C Viljoen,Bilal Khan,1,0,"",""
ball,1,47.5,Namibia,C Viljoen,JJ Smit,Bilal Khan,2,0,"",""
ball,1,47.6,Namibia,C Viljoen,JJ Smit,Bilal Khan,1,0,"",""
ball,1,48.1,Namibia,C Viljoen,JJ Smit,Fayyaz Butt,0,0,"",""
ball,1,48.2,Namibia,C Viljoen,JJ Smit,Fayyaz Butt,1,0,"",""
ball,1,48.3,Namibia,JJ Smit,C Viljoen,Fayyaz Butt,6,0,"",""
ball,1,48.4,Namibia,JJ Smit,C Viljoen,Fayyaz Butt,0,0,caught,JJ Smit
ball,1,48.5,Namibia,C Viljoen,JN Frylinck,Fayyaz Butt,1,0,"",""
ball,1,48.6,Namibia,JN Frylinck,C Viljoen,Fayyaz Butt,1,0,"",""
ball,1,49.1,Namibia,JN Frylinck,C Viljoen,Kaleemullah,2,0,"",""
ball,1,49.2,Namibia,JN Frylinck,C Viljoen,Kaleemullah,6,0,"",""
ball,1,49.3,Namibia,JN Frylinck,C Viljoen,Kaleemullah,6,0,"",""
ball,1,49.4,Namibia,JN Frylinck,C Viljoen,Kaleemullah,0,0,"",""
ball,1,49.5,Namibia,JN Frylinck,C Viljoen,Kaleemullah,1,0,"",""
ball,1,49.6,Namibia,C Viljoen,JN Frylinck,Kaleemullah,4,0,"",""
ball,2,0.1,Oman,Khawar Ali,Jatinder Singh,JJ Smit,0,0,"",""
ball,2,0.2,Oman,Khawar Ali,Jatinder Singh,JJ Smit,0,0,"",""
ball,2,0.3,Oman,Khawar Ali,Jatinder Singh,JJ Smit,2,0,"",""
ball,2,0.4,Oman,Khawar Ali,Jatinder Singh,JJ Smit,0,0,"",""
ball,2,0.5,Oman,Khawar Ali,Jatinder Singh,JJ Smit,1,0,"",""
ball,2,0.6,Oman,Jatinder Singh,Khawar Ali,JJ Smit,0,0,"",""
ball,2,1.1,Oman,Khawar Ali,Jatinder Singh,JN Frylinck,0,0,"",""
ball,2,1.2,Oman,Khawar Ali,Jatinder Singh,JN Frylinck,0,0,caught,Khawar Ali
ball,2,1.3,Oman,Aqib Ilyas,Jatinder Singh,JN Frylinck,0,0,"",""
ball,2,1.4,Oman,Aqib Ilyas,Jatinder Singh,JN Frylinck,2,0,"",""
ball,2,1.5,Oman,Aqib Ilyas,Jatinder Singh,JN Frylinck,0,0,"",""
ball,2,1.6,Oman,Aqib Ilyas,Jatinder Singh,JN Frylinck,1,0,"",""
ball,2,2.1,Oman,Aqib Ilyas,Jatinder Singh,JJ Smit,4,0,"",""
ball,2,2.2,Oman,Aqib Ilyas,Jatinder Singh,JJ Smit,1,0,"",""
ball,2,2.3,Oman,Jatinder Singh,Aqib Ilyas,JJ Smit,0,0,caught,Jatinder Singh
ball,2,2.4,Oman,Zeeshan Maqsood,Aqib Ilyas,JJ Smit,0,0,"",""
ball,2,2.5,Oman,Zeeshan Maqsood,Aqib Ilyas,JJ Smit,4,0,"",""
ball,2,2.6,Oman,Zeeshan Maqsood,Aqib Ilyas,JJ Smit,0,0,"",""
ball,2,3.1,Oman,Aqib Ilyas,Zeeshan Maqsood,JN Frylinck,0,0,"",""
ball,2,3.2,Oman,Aqib Ilyas,Zeeshan Maqsood,JN Frylinck,1,0,"",""
ball,2,3.3,Oman,Zeeshan Maqsood,Aqib Ilyas,JN Frylinck,0,0,"",""
ball,2,3.4,Oman,Zeeshan Maqsood,Aqib Ilyas,JN Frylinck,0,0,"",""
ball,2,3.5,Oman,Zeeshan Maqsood,Aqib Ilyas,JN Frylinck,0,0,"",""
ball,2,3.6,Oman,Zeeshan Maqsood,Aqib Ilyas,JN Frylinck,0,0,"",""
ball,2,4.1,Oman,Aqib Ilyas,Zeeshan Maqsood,JJ Smit,0,0,"",""
ball,2,4.2,Oman,Aqib Ilyas,Zeeshan Maqsood,JJ Smit,0,0,"",""
ball,2,4.3,Oman,Aqib Ilyas,Zeeshan Maqsood,JJ Smit,0,0,"",""
ball,2,4.4,Oman,Aqib Ilyas,Zeeshan Maqsood,JJ Smit,1,0,"",""
ball,2,4.5,Oman,Zeeshan Maqsood,Aqib Ilyas,JJ Smit,6,0,"",""
ball,2,4.6,Oman,Zeeshan Maqsood,Aqib Ilyas,JJ Smit,0,0,"",""
ball,2,5.1,Oman,Aqib Ilyas,Zeeshan Maqsood,JN Frylinck,1,0,"",""
ball,2,5.2,Oman,Zeeshan Maqsood,Aqib Ilyas,JN Frylinck,0,0,"",""
ball,2,5.3,Oman,Zeeshan Maqsood,Aqib Ilyas,JN Frylinck,1,0,"",""
ball,2,5.4,Oman,Aqib Ilyas,Zeeshan Maqsood,JN Frylinck,0,0,"",""
ball,2,5.5,Oman,Aqib Ilyas,Zeeshan Maqsood,JN Frylinck,0,0,lbw,Aqib Ilyas
ball,2,5.6,Oman,Mohammad Nadeem,Zeeshan Maqsood,JN Frylinck,0,0,"",""
ball,2,6.1,Oman,Zeeshan Maqsood,Mohammad Nadeem,JJ Smit,0,0,"",""
ball,2,6.2,Oman,Zeeshan Maqsood,Mohammad Nadeem,JJ Smit,0,0,"",""
ball,2,6.3,Oman,Zeeshan Maqsood,Mohammad Nadeem,JJ Smit,0,0,"",""
ball,2,6.4,Oman,Zeeshan Maqsood,Mohammad Nadeem,JJ Smit,0,0,"",""
ball,2,6.5,Oman,Zeeshan Maqsood,Mohammad Nadeem,JJ Smit,0,0,"",""
ball,2,6.6,Oman,Zeeshan Maqsood,Mohammad Nadeem,JJ Smit,1,0,"",""
ball,2,7.1,Oman,Zeeshan Maqsood,Mohammad Nadeem,JN Frylinck,0,0,"",""
ball,2,7.2,Oman,Zeeshan Maqsood,Mohammad Nadeem,JN Frylinck,0,0,"",""
ball,2,7.3,Oman,Zeeshan Maqsood,Mohammad Nadeem,JN Frylinck,0,0,"",""
ball,2,7.4,Oman,Zeeshan Maqsood,Mohammad Nadeem,JN Frylinck,0,0,"",""
ball,2,7.5,Oman,Zeeshan Maqsood,Mohammad Nadeem,JN Frylinck,0,0,caught,Zeeshan Maqsood
ball,2,7.6,Oman,Suraj Kumar,Mohammad Nadeem,JN Frylinck,0,1,"",""
ball,2,7.7,Oman,Suraj Kumar,Mohammad Nadeem,JN Frylinck,0,0,"",""
ball,2,8.1,Oman,Mohammad Nadeem,Suraj Kumar,CG Williams,1,0,"",""
ball,2,8.2,Oman,Suraj Kumar,Mohammad Nadeem,CG Williams,0,0,"",""
ball,2,8.3,Oman,Suraj Kumar,Mohammad Nadeem,CG Williams,0,0,"",""
ball,2,8.4,Oman,Suraj Kumar,Mohammad Nadeem,CG Williams,0,0,"",""
ball,2,8.5,Oman,Suraj Kumar,Mohammad Nadeem,CG Williams,0,0,"",""
ball,2,8.6,Oman,Suraj Kumar,Mohammad Nadeem,CG Williams,0,0,"",""
ball,2,9.1,Oman,Mohammad Nadeem,Suraj Kumar,JN Frylinck,0,1,"",""
ball,2,9.2,Oman,Suraj Kumar,Mohammad Nadeem,JN Frylinck,0,1,"",""
ball,2,9.3,Oman,Suraj Kumar,Mohammad Nadeem,JN Frylinck,0,0,"",""
ball,2,9.4,Oman,Suraj Kumar,Mohammad Nadeem,JN Frylinck,0,1,"",""
ball,2,9.5,Oman,Suraj Kumar,Mohammad Nadeem,JN Frylinck,0,0,"",""
ball,2,9.6,Oman,Suraj Kumar,Mohammad Nadeem,JN Frylinck,0,0,"",""
ball,2,9.7,Oman,Suraj Kumar,Mohammad Nadeem,JN Frylinck,1,0,"",""
ball,2,9.8,Oman,Mohammad Nadeem,Suraj Kumar,JN Frylinck,0,0,"",""
ball,2,10.1,Oman,Suraj Kumar,Mohammad Nadeem,CG Williams,0,0,"",""
ball,2,10.2,Oman,Suraj Kumar,Mohammad Nadeem,CG Williams,0,0,"",""
ball,2,10.3,Oman,Suraj Kumar,Mohammad Nadeem,CG Williams,0,0,"",""
ball,2,10.4,Oman,Suraj Kumar,Mohammad Nadeem,CG Williams,4,0,"",""
ball,2,10.5,Oman,Suraj Kumar,Mohammad Nadeem,CG Williams,1,0,"",""
ball,2,10.6,Oman,Mohammad Nadeem,Suraj Kumar,CG Williams,0,0,"",""
ball,2,11.1,Oman,Suraj Kumar,Mohammad Nadeem,C Viljoen,0,0,"",""
ball,2,11.2,Oman,Suraj Kumar,Mohammad Nadeem,C Viljoen,0,0,"",""
ball,2,11.3,Oman,Suraj Kumar,Mohammad Nadeem,C Viljoen,0,0,"",""
ball,2,11.4,Oman,Suraj Kumar,Mohammad Nadeem,C Viljoen,0,1,"",""
ball,2,11.5,Oman,Suraj Kumar,Mohammad Nadeem,C Viljoen,0,0,"",""
ball,2,11.6,Oman,Suraj Kumar,Mohammad Nadeem,C Viljoen,0,0,"",""
ball,2,11.7,Oman,Suraj Kumar,Mohammad Nadeem,C Viljoen,0,0,"",""
ball,2,12.1,Oman,Mohammad Nadeem,Suraj Kumar,CG Williams,0,0,"",""
ball,2,12.2,Oman,Mohammad Nadeem,Suraj Kumar,CG Williams,1,0,"",""
ball,2,12.3,Oman,Suraj Kumar,Mohammad Nadeem,CG Williams,1,0,"",""
ball,2,12.4,Oman,Mohammad Nadeem,Suraj Kumar,CG Williams,0,0,"",""
ball,2,12.5,Oman,Mohammad Nadeem,Suraj Kumar,CG Williams,0,0,"",""
ball,2,12.6,Oman,Mohammad Nadeem,Suraj Kumar,CG Williams,0,0,"",""
ball,2,13.1,Oman,Suraj Kumar,Mohammad Nadeem,C Viljoen,1,0,"",""
ball,2,13.2,Oman,Mohammad Nadeem,Suraj Kumar,C Viljoen,0,0,"",""
ball,2,13.3,Oman,Mohammad Nadeem,Suraj Kumar,C Viljoen,0,0,"",""
ball,2,13.4,Oman,Mohammad Nadeem,Suraj Kumar,C Viljoen,0,0,"",""
ball,2,13.5,Oman,Mohammad Nadeem,Suraj Kumar,C Viljoen,1,0,"",""
ball,2,13.6,Oman,Suraj Kumar,Mohammad Nadeem,C Viljoen,0,0,"",""
ball,2,14.1,Oman,Mohammad Nadeem,Suraj Kumar,CG Williams,1,0,"",""
ball,2,14.2,Oman,Suraj Kumar,Mohammad Nadeem,CG Williams,0,0,"",""
ball,2,14.3,Oman,Suraj Kumar,Mohammad Nadeem,CG Williams,0,0,"",""
ball,2,14.4,Oman,Suraj Kumar,Mohammad Nadeem,CG Williams,0,0,"",""
ball,2,14.5,Oman,Suraj Kumar,Mohammad Nadeem,CG Williams,1,0,"",""
ball,2,14.6,Oman,Mohammad Nadeem,Suraj Kumar,CG Williams,1,0,"",""
ball,2,15.1,Oman,Mohammad Nadeem,Suraj Kumar,C Viljoen,0,0,caught,Mohammad Nadeem
ball,2,15.2,Oman,Sandeep Goud,Suraj Kumar,C Viljoen,0,0,"",""
ball,2,15.3,Oman,Sandeep Goud,Suraj Kumar,C Viljoen,0,0,caught,Sandeep Goud
ball,2,15.4,Oman,Khurram Nawaz,Suraj Kumar,C Viljoen,1,0,"",""
ball,2,15.5,Oman,Suraj Kumar,Khurram Nawaz,C Viljoen,0,0,"",""
ball,2,15.6,Oman,Suraj Kumar,Khurram Nawaz,C Viljoen,0,0,"",""
ball,2,16.1,Oman,Khurram Nawaz,Suraj Kumar,BM Scholtz,1,0,"",""
ball,2,16.2,Oman,Suraj Kumar,Khurram Nawaz,BM Scholtz,0,0,"",""
ball,2,16.3,Oman,Suraj Kumar,Khurram Nawaz,BM Scholtz,0,0,"",""
ball,2,16.4,Oman,Suraj Kumar,Khurram Nawaz,BM Scholtz,0,0,"",""
ball,2,16.5,Oman,Suraj Kumar,Khurram Nawaz,BM Scholtz,0,0,"",""
ball,2,16.6,Oman,Suraj Kumar,Khurram Nawaz,BM Scholtz,0,0,"",""
ball,2,17.1,Oman,Khurram Nawaz,Suraj Kumar,C Viljoen,0,0,"",""
ball,2,17.2,Oman,Khurram Nawaz,Suraj Kumar,C Viljoen,0,0,"",""
ball,2,17.3,Oman,Khurram Nawaz,Suraj Kumar,C Viljoen,0,0,"",""
ball,2,17.4,Oman,Khurram Nawaz,Suraj Kumar,C Viljoen,1,0,"",""
ball,2,17.5,Oman,Suraj Kumar,Khurram Nawaz,C Viljoen,0,0,"",""
ball,2,17.6,Oman,Suraj Kumar,Khurram Nawaz,C Viljoen,1,0,"",""
ball,2,18.1,Oman,Suraj Kumar,Khurram Nawaz,BM Scholtz,4,0,"",""
ball,2,18.2,Oman,Suraj Kumar,Khurram Nawaz,BM Scholtz,0,0,"",""
ball,2,18.3,Oman,Suraj Kumar,Khurram Nawaz,BM Scholtz,0,0,"",""
ball,2,18.4,Oman,Suraj Kumar,Khurram Nawaz,BM Scholtz,1,0,"",""
ball,2,18.5,Oman,Khurram Nawaz,Suraj Kumar,BM Scholtz,0,0,"",""
ball,2,18.6,Oman,Khurram Nawaz,Suraj Kumar,BM Scholtz,1,0,"",""
ball,2,19.1,Oman,Khurram Nawaz,Suraj Kumar,HN Ya France,0,0,"",""
ball,2,19.2,Oman,Khurram Nawaz,Suraj Kumar,HN Ya France,1,0,"",""
ball,2,19.3,Oman,Suraj Kumar,Khurram Nawaz,HN Ya France,1,0,"",""
ball,2,19.4,Oman,Khurram Nawaz,Suraj Kumar,HN Ya France,4,0,"",""
ball,2,19.5,Oman,Khurram Nawaz,Suraj Kumar,HN Ya France,0,0,"",""
ball,2,19.6,Oman,Khurram Nawaz,Suraj Kumar,HN Ya France,0,0,"",""
ball,2,20.1,Oman,Suraj Kumar,Khurram Nawaz,BM Scholtz,0,0,"",""
ball,2,20.2,Oman,Suraj Kumar,Khurram Nawaz,BM Scholtz,0,0,"",""
ball,2,20.3,Oman,Suraj Kumar,Khurram Nawaz,BM Scholtz,0,0,"",""
ball,2,20.4,Oman,Suraj Kumar,Khurram Nawaz,BM Scholtz,0,0,"",""
ball,2,20.5,Oman,Suraj Kumar,Khurram Nawaz,BM Scholtz,1,0,"",""
ball,2,20.6,Oman,Khurram Nawaz,Suraj Kumar,BM Scholtz,0,0,"",""
ball,2,21.1,Oman,Suraj Kumar,Khurram Nawaz,HN Ya France,0,0,"",""
ball,2,21.2,Oman,Suraj Kumar,Khurram Nawaz,HN Ya France,2,0,"",""
ball,2,21.3,Oman,Suraj Kumar,Khurram Nawaz,HN Ya France,2,0,"",""
ball,2,21.4,Oman,Suraj Kumar,Khurram Nawaz,HN Ya France,1,0,"",""
ball,2,21.5,Oman,Khurram Nawaz,Suraj Kumar,HN Ya France,1,0,"",""
ball,2,21.6,Oman,Suraj Kumar,Khurram Nawaz,HN Ya France,1,0,"",""
ball,2,22.1,Oman,Suraj Kumar,Khurram Nawaz,BM Scholtz,2,0,"",""
ball,2,22.2,Oman,Suraj Kumar,Khurram Nawaz,BM Scholtz,1,0,"",""
ball,2,22.3,Oman,Khurram Nawaz,Suraj Kumar,BM Scholtz,0,0,"",""
ball,2,22.4,Oman,Khurram Nawaz,Suraj Kumar,BM Scholtz,2,0,"",""
ball,2,22.5,Oman,Khurram Nawaz,Suraj Kumar,BM Scholtz,0,0,"",""
ball,2,22.6,Oman,Khurram Nawaz,Suraj Kumar,BM Scholtz,0,0,"",""
ball,2,23.1,Oman,Suraj Kumar,Khurram Nawaz,JN Frylinck,0,0,"",""
ball,2,23.2,Oman,Suraj Kumar,Khurram Nawaz,JN Frylinck,0,0,"",""
ball,2,23.3,Oman,Suraj Kumar,Khurram Nawaz,JN Frylinck,1,0,"",""
ball,2,23.4,Oman,Khurram Nawaz,Suraj Kumar,JN Frylinck,0,0,"",""
ball,2,23.5,Oman,Khurram Nawaz,Suraj Kumar,JN Frylinck,0,0,"",""
ball,2,23.6,Oman,Khurram Nawaz,Suraj Kumar,JN Frylinck,1,0,"",""
ball,2,24.1,Oman,Khurram Nawaz,Suraj Kumar,BM Scholtz,0,0,"",""
ball,2,24.2,Oman,Khurram Nawaz,Suraj Kumar,BM Scholtz,0,0,"",""
ball,2,24.3,Oman,Khurram Nawaz,Suraj Kumar,BM Scholtz,0,0,"",""
ball,2,24.4,Oman,Khurram Nawaz,Suraj Kumar,BM Scholtz,0,0,"",""
ball,2,24.5,Oman,Khurram Nawaz,Suraj Kumar,BM Scholtz,1,0,"",""
ball,2,24.6,Oman,Suraj Kumar,Khurram Nawaz,BM Scholtz,0,0,"",""
ball,2,25.1,Oman,Khurram Nawaz,Suraj Kumar,JN Frylinck,0,0,"",""
ball,2,25.2,Oman,Khurram Nawaz,Suraj Kumar,JN Frylinck,1,0,"",""
ball,2,25.3,Oman,Suraj Kumar,Khurram Nawaz,JN Frylinck,0,0,"",""
ball,2,25.4,Oman,Suraj Kumar,Khurram Nawaz,JN Frylinck,0,0,"",""
ball,2,25.5,Oman,Suraj Kumar,Khurram Nawaz,JN Frylinck,0,0,caught,Suraj Kumar
ball,2,25.6,Oman,Fayyaz Butt,Khurram Nawaz,JN Frylinck,0,0,"",""
ball,2,26.1,Oman,Khurram Nawaz,Fayyaz Butt,BM Scholtz,1,0,"",""
ball,2,26.2,Oman,Fayyaz Butt,Khurram Nawaz,BM Scholtz,0,0,"",""
ball,2,26.3,Oman,Fayyaz Butt,Khurram Nawaz,BM Scholtz,1,0,"",""
ball,2,26.4,Oman,Khurram Nawaz,Fayyaz Butt,BM Scholtz,0,0,"",""
ball,2,26.5,Oman,Khurram Nawaz,Fayyaz Butt,BM Scholtz,0,0,"",""
ball,2,26.6,Oman,Khurram Nawaz,Fayyaz Butt,BM Scholtz,0,0,"",""
ball,2,27.1,Oman,Fayyaz Butt,Khurram Nawaz,JN Frylinck,0,0,"",""
ball,2,27.2,Oman,Fayyaz Butt,Khurram Nawaz,JN Frylinck,0,0,"",""
ball,2,27.3,Oman,Fayyaz Butt,Khurram Nawaz,JN Frylinck,0,0,"",""
ball,2,27.4,Oman,Fayyaz Butt,Khurram Nawaz,JN Frylinck,0,0,"",""
ball,2,27.5,Oman,Fayyaz Butt,Khurram Nawaz,JN Frylinck,0,0,"",""
ball,2,27.6,Oman,Fayyaz Butt,Khurram Nawaz,JN Frylinck,0,0,caught,Fayyaz Butt
ball,2,28.1,Oman,Khurram Nawaz,Kaleemullah,JJ Smit,1,0,"",""
ball,2,28.2,Oman,Kaleemullah,Khurram Nawaz,JJ Smit,0,0,"",""
ball,2,28.3,Oman,Kaleemullah,Khurram Nawaz,JJ Smit,0,0,caught,Kaleemullah
ball,2,28.4,Oman,Bilal Khan,Khurram Nawaz,JJ Smit,0,0,"",""
ball,2,28.5,Oman,Bilal Khan,Khurram Nawaz,JJ Smit,0,0,"",""
ball,2,28.6,Oman,Bilal Khan,Khurram Nawaz,JJ Smit,0,0,caught,Bilal Khan
