version,1.3.0
info,team,Australia
info,team,New Zealand
info,gender,male
info,season,2019/20
info,date,2020/03/13
info,series,New Zealand tour of Australia 2019/20
info,match_number,1
info,venue,Sydney Cricket Ground
info,city,Sydney
info,toss_winner,Australia
info,toss_decision,bat
info,player_of_match,MR Marsh
info,umpire,P Wilson
info,umpire,M Erasmus
info,reserve_umpire,SJ Nogajski
info,tv_umpire,RK Illingworth
info,match_referee,RS Madugalle
info,winner,Australia
info,winner_runs,71
ball,1,0.1,Australia,DA Warner,AJ Finch,TA Boult,0,0,"",""
ball,1,0.2,Australia,DA Warner,AJ Finch,TA Boult,0,1,"",""
ball,1,0.3,Australia,AJ Finch,DA Warner,TA Boult,0,0,"",""
ball,1,0.4,Australia,AJ Finch,DA Warner,TA Boult,0,0,"",""
ball,1,0.5,Australia,AJ Finch,DA Warner,TA Boult,0,0,"",""
ball,1,0.6,Australia,AJ Finch,DA Warner,TA Boult,2,0,"",""
ball,1,1.1,Australia,DA Warner,AJ Finch,LH Ferguson,2,0,"",""
ball,1,1.2,Australia,DA Warner,AJ Finch,LH Ferguson,0,1,"",""
ball,1,1.3,Australia,AJ Finch,DA Warner,LH Ferguson,1,0,"",""
ball,1,1.4,Australia,DA Warner,AJ Finch,LH Ferguson,2,0,"",""
ball,1,1.5,Australia,DA Warner,AJ Finch,LH Ferguson,0,0,"",""
ball,1,1.6,Australia,DA Warner,AJ Finch,LH Ferguson,0,0,"",""
ball,1,2.1,Australia,AJ Finch,DA Warner,TA Boult,0,0,"",""
ball,1,2.2,Australia,AJ Finch,DA Warner,TA Boult,0,0,"",""
ball,1,2.3,Australia,AJ Finch,DA Warner,TA Boult,1,0,"",""
ball,1,2.4,Australia,DA Warner,AJ Finch,TA Boult,0,0,"",""
ball,1,2.5,Australia,DA Warner,AJ Finch,TA Boult,0,0,"",""
ball,1,2.6,Australia,DA Warner,AJ Finch,TA Boult,4,0,"",""
ball,1,3.1,Australia,AJ Finch,DA Warner,LH Ferguson,4,0,"",""
ball,1,3.2,Australia,AJ Finch,DA Warner,LH Ferguson,1,0,"",""
ball,1,3.3,Australia,DA Warner,AJ Finch,LH Ferguson,4,0,"",""
ball,1,3.4,Australia,DA Warner,AJ Finch,LH Ferguson,0,0,"",""
ball,1,3.5,Australia,DA Warner,AJ Finch,LH Ferguson,0,0,"",""
ball,1,3.6,Australia,DA Warner,AJ Finch,LH Ferguson,0,0,"",""
ball,1,4.1,Australia,AJ Finch,DA Warner,TA Boult,0,0,"",""
ball,1,4.2,Australia,AJ Finch,DA Warner,TA Boult,1,0,"",""
ball,1,4.3,Australia,DA Warner,AJ Finch,TA Boult,0,0,"",""
ball,1,4.4,Australia,DA Warner,AJ Finch,TA Boult,0,0,"",""
ball,1,4.5,Australia,DA Warner,AJ Finch,TA Boult,0,0,"",""
ball,1,4.6,Australia,DA Warner,AJ Finch,TA Boult,1,0,"",""
ball,1,5.1,Australia,DA Warner,AJ Finch,LH Ferguson,0,0,"",""
ball,1,5.2,Australia,DA Warner,AJ Finch,LH Ferguson,0,0,"",""
ball,1,5.3,Australia,DA Warner,AJ Finch,LH Ferguson,1,0,"",""
ball,1,5.4,Australia,AJ Finch,DA Warner,LH Ferguson,0,0,"",""
ball,1,5.5,Australia,AJ Finch,DA Warner,LH Ferguson,0,0,"",""
ball,1,5.6,Australia,AJ Finch,DA Warner,LH Ferguson,0,0,"",""
ball,1,6.1,Australia,DA Warner,AJ Finch,TA Boult,0,0,"",""
ball,1,6.2,Australia,DA Warner,AJ Finch,TA Boult,1,0,"",""
ball,1,6.3,Australia,AJ Finch,DA Warner,TA Boult,0,0,"",""
ball,1,6.4,Australia,AJ Finch,DA Warner,TA Boult,0,0,"",""
ball,1,6.5,Australia,AJ Finch,DA Warner,TA Boult,0,1,"",""
ball,1,6.6,Australia,DA Warner,AJ Finch,TA Boult,1,0,"",""
ball,1,7.1,Australia,DA Warner,AJ Finch,JDS Neesham,0,0,"",""
ball,1,7.2,Australia,DA Warner,AJ Finch,JDS Neesham,0,0,"",""
ball,1,7.3,Australia,DA Warner,AJ Finch,JDS Neesham,0,0,"",""
ball,1,7.4,Australia,DA Warner,AJ Finch,JDS Neesham,4,0,"",""
ball,1,7.5,Australia,DA Warner,AJ Finch,JDS Neesham,1,0,"",""
ball,1,7.6,Australia,AJ Finch,DA Warner,JDS Neesham,0,0,"",""
ball,1,8.1,Australia,DA Warner,AJ Finch,MJ Santner,0,0,"",""
ball,1,8.2,Australia,DA Warner,AJ Finch,MJ Santner,1,0,"",""
ball,1,8.3,Australia,AJ Finch,DA Warner,MJ Santner,1,0,"",""
ball,1,8.4,Australia,DA Warner,AJ Finch,MJ Santner,0,0,"",""
ball,1,8.5,Australia,DA Warner,AJ Finch,MJ Santner,0,0,"",""
ball,1,8.6,Australia,DA Warner,AJ Finch,MJ Santner,0,0,"",""
ball,1,9.1,Australia,AJ Finch,DA Warner,JDS Neesham,6,0,"",""
ball,1,9.2,Australia,AJ Finch,DA Warner,JDS Neesham,1,0,"",""
ball,1,9.3,Australia,DA Warner,AJ Finch,JDS Neesham,4,0,"",""
ball,1,9.4,Australia,DA Warner,AJ Finch,JDS Neesham,0,0,"",""
ball,1,9.5,Australia,DA Warner,AJ Finch,JDS Neesham,0,0,"",""
ball,1,9.6,Australia,DA Warner,AJ Finch,JDS Neesham,4,0,"",""
ball,1,10.1,Australia,AJ Finch,DA Warner,MJ Santner,1,0,"",""
ball,1,10.2,Australia,DA Warner,AJ Finch,MJ Santner,0,0,"",""
ball,1,10.3,Australia,DA Warner,AJ Finch,MJ Santner,0,0,"",""
ball,1,10.4,Australia,DA Warner,AJ Finch,MJ Santner,0,0,"",""
ball,1,10.5,Australia,DA Warner,AJ Finch,MJ Santner,0,0,"",""
ball,1,10.6,Australia,DA Warner,AJ Finch,MJ Santner,0,0,"",""
ball,1,11.1,Australia,AJ Finch,DA Warner,C de Grandhomme,0,0,"",""
ball,1,11.2,Australia,AJ Finch,DA Warner,C de Grandhomme,2,0,"",""
ball,1,11.3,Australia,AJ Finch,DA Warner,C de Grandhomme,0,0,"",""
ball,1,11.4,Australia,AJ Finch,DA Warner,C de Grandhomme,1,0,"",""
ball,1,11.5,Australia,DA Warner,AJ Finch,C de Grandhomme,1,0,"",""
ball,1,11.6,Australia,AJ Finch,DA Warner,C de Grandhomme,1,0,"",""
ball,1,12.1,Australia,AJ Finch,DA Warner,MJ Santner,0,0,"",""
ball,1,12.2,Australia,AJ Finch,DA Warner,MJ Santner,0,0,"",""
ball,1,12.3,Australia,AJ Finch,DA Warner,MJ Santner,0,0,"",""
ball,1,12.4,Australia,AJ Finch,DA Warner,MJ Santner,3,0,"",""
ball,1,12.5,Australia,DA Warner,AJ Finch,MJ Santner,0,0,"",""
ball,1,12.6,Australia,DA Warner,AJ Finch,MJ Santner,1,0,"",""
ball,1,13.1,Australia,DA Warner,AJ Finch,C de Grandhomme,0,0,"",""
ball,1,13.2,Australia,DA Warner,AJ Finch,C de Grandhomme,2,0,"",""
ball,1,13.3,Australia,DA Warner,AJ Finch,C de Grandhomme,0,0,"",""
ball,1,13.4,Australia,DA Warner,AJ Finch,C de Grandhomme,0,1,"",""
ball,1,13.5,Australia,DA Warner,AJ Finch,C de Grandhomme,0,0,"",""
ball,1,13.6,Australia,DA Warner,AJ Finch,C de Grandhomme,0,0,"",""
ball,1,13.7,Australia,DA Warner,AJ Finch,C de Grandhomme,0,0,"",""
ball,1,14.1,Australia,AJ Finch,DA Warner,MJ Santner,4,0,"",""
ball,1,14.2,Australia,AJ Finch,DA Warner,MJ Santner,1,0,"",""
ball,1,14.3,Australia,DA Warner,AJ Finch,MJ Santner,2,1,"",""
ball,1,14.4,Australia,DA Warner,AJ Finch,MJ Santner,0,0,"",""
ball,1,14.5,Australia,DA Warner,AJ Finch,MJ Santner,1,0,"",""
ball,1,14.6,Australia,AJ Finch,DA Warner,MJ Santner,0,0,"",""
ball,1,14.7,Australia,AJ Finch,DA Warner,MJ Santner,0,0,"",""
ball,1,15.1,Australia,DA Warner,AJ Finch,C de Grandhomme,0,0,"",""
ball,1,15.2,Australia,DA Warner,AJ Finch,C de Grandhomme,0,0,"",""
ball,1,15.3,Australia,DA Warner,AJ Finch,C de Grandhomme,1,0,"",""
ball,1,15.4,Australia,AJ Finch,DA Warner,C de Grandhomme,1,0,"",""
ball,1,15.5,Australia,DA Warner,AJ Finch,C de Grandhomme,4,0,"",""
ball,1,15.6,Australia,DA Warner,AJ Finch,C de Grandhomme,0,0,"",""
ball,1,16.1,Australia,AJ Finch,DA Warner,IS Sodhi,3,0,"",""
ball,1,16.2,Australia,DA Warner,AJ Finch,IS Sodhi,0,0,"",""
ball,1,16.3,Australia,DA Warner,AJ Finch,IS Sodhi,0,0,"",""
ball,1,16.4,Australia,DA Warner,AJ Finch,IS Sodhi,4,0,"",""
ball,1,16.5,Australia,DA Warner,AJ Finch,IS Sodhi,1,0,"",""
ball,1,16.6,Australia,AJ Finch,DA Warner,IS Sodhi,0,0,"",""
ball,1,17.1,Australia,DA Warner,AJ Finch,C de Grandhomme,0,0,"",""
ball,1,17.2,Australia,DA Warner,AJ Finch,C de Grandhomme,1,0,"",""
ball,1,17.3,Australia,AJ Finch,DA Warner,C de Grandhomme,0,0,"",""
ball,1,17.4,Australia,AJ Finch,DA Warner,C de Grandhomme,1,0,"",""
ball,1,17.5,Australia,DA Warner,AJ Finch,C de Grandhomme,1,0,"",""
ball,1,17.6,Australia,AJ Finch,DA Warner,C de Grandhomme,1,0,"",""
ball,1,18.1,Australia,AJ Finch,DA Warner,IS Sodhi,6,0,"",""
ball,1,18.2,Australia,AJ Finch,DA Warner,IS Sodhi,1,0,"",""
ball,1,18.3,Australia,DA Warner,AJ Finch,IS Sodhi,1,0,"",""
ball,1,18.4,Australia,AJ Finch,DA Warner,IS Sodhi,0,0,"",""
ball,1,18.5,Australia,AJ Finch,DA Warner,IS Sodhi,1,0,"",""
ball,1,18.6,Australia,DA Warner,AJ Finch,IS Sodhi,0,0,"",""
ball,1,19.1,Australia,AJ Finch,DA Warner,C de Grandhomme,0,0,"",""
ball,1,19.2,Australia,AJ Finch,DA Warner,C de Grandhomme,0,0,"",""
ball,1,19.3,Australia,AJ Finch,DA Warner,C de Grandhomme,1,0,"",""
ball,1,19.4,Australia,DA Warner,AJ Finch,C de Grandhomme,4,0,"",""
ball,1,19.5,Australia,DA Warner,AJ Finch,C de Grandhomme,1,0,"",""
ball,1,19.6,Australia,AJ Finch,DA Warner,C de Grandhomme,1,0,"",""
ball,1,20.1,Australia,AJ Finch,DA Warner,IS Sodhi,1,0,"",""
ball,1,20.2,Australia,DA Warner,AJ Finch,IS Sodhi,0,0,"",""
ball,1,20.3,Australia,DA Warner,AJ Finch,IS Sodhi,1,0,"",""
ball,1,20.4,Australia,AJ Finch,DA Warner,IS Sodhi,1,0,"",""
ball,1,20.5,Australia,DA Warner,AJ Finch,IS Sodhi,0,0,"",""
ball,1,20.6,Australia,DA Warner,AJ Finch,IS Sodhi,1,0,"",""
ball,1,21.1,Australia,DA Warner,AJ Finch,JDS Neesham,1,0,"",""
ball,1,21.2,Australia,AJ Finch,DA Warner,JDS Neesham,0,0,"",""
ball,1,21.3,Australia,AJ Finch,DA Warner,JDS Neesham,0,0,"",""
ball,1,21.4,Australia,AJ Finch,DA Warner,JDS Neesham,1,0,"",""
ball,1,21.5,Australia,DA Warner,AJ Finch,JDS Neesham,1,0,"",""
ball,1,21.6,Australia,AJ Finch,DA Warner,JDS Neesham,0,0,"",""
ball,1,22.1,Australia,DA Warner,AJ Finch,LH Ferguson,1,0,"",""
ball,1,22.2,Australia,AJ Finch,DA Warner,LH Ferguson,1,0,"",""
ball,1,22.3,Australia,DA Warner,AJ Finch,LH Ferguson,0,0,"",""
ball,1,22.4,Australia,DA Warner,AJ Finch,LH Ferguson,1,0,"",""
ball,1,22.5,Australia,AJ Finch,DA Warner,LH Ferguson,1,0,"",""
ball,1,22.6,Australia,DA Warner,AJ Finch,LH Ferguson,1,0,"",""
ball,1,23.1,Australia,DA Warner,AJ Finch,JDS Neesham,4,0,"",""
ball,1,23.2,Australia,DA Warner,AJ Finch,JDS Neesham,0,0,"",""
ball,1,23.3,Australia,DA Warner,AJ Finch,JDS Neesham,0,0,"",""
ball,1,23.4,Australia,DA Warner,AJ Finch,JDS Neesham,0,0,"",""
ball,1,23.5,Australia,DA Warner,AJ Finch,JDS Neesham,1,0,"",""
ball,1,23.6,Australia,AJ Finch,DA Warner,JDS Neesham,0,0,"",""
ball,1,24.1,Australia,DA Warner,AJ Finch,LH Ferguson,0,0,caught,DA Warner
ball,1,24.2,Australia,SPD Smith,AJ Finch,LH Ferguson,1,0,"",""
ball,1,24.3,Australia,AJ Finch,SPD Smith,LH Ferguson,0,0,"",""
ball,1,24.4,Australia,AJ Finch,SPD Smith,LH Ferguson,1,0,"",""
ball,1,24.5,Australia,SPD Smith,AJ Finch,LH Ferguson,0,0,"",""
ball,1,24.6,Australia,SPD Smith,AJ Finch,LH Ferguson,1,0,"",""
ball,1,25.1,Australia,SPD Smith,AJ Finch,JDS Neesham,1,0,"",""
ball,1,25.2,Australia,AJ Finch,SPD Smith,JDS Neesham,0,0,"",""
ball,1,25.3,Australia,AJ Finch,SPD Smith,JDS Neesham,4,0,"",""
ball,1,25.4,Australia,AJ Finch,SPD Smith,JDS Neesham,0,0,"",""
ball,1,25.5,Australia,AJ Finch,SPD Smith,JDS Neesham,0,0,"",""
ball,1,25.6,Australia,AJ Finch,SPD Smith,JDS Neesham,0,0,"",""
ball,1,26.1,Australia,SPD Smith,AJ Finch,LH Ferguson,6,0,"",""
ball,1,26.2,Australia,SPD Smith,AJ Finch,LH Ferguson,1,0,"",""
ball,1,26.3,Australia,AJ Finch,SPD Smith,LH Ferguson,0,0,"",""
ball,1,26.4,Australia,AJ Finch,SPD Smith,LH Ferguson,0,0,"",""
ball,1,26.5,Australia,AJ Finch,SPD Smith,LH Ferguson,1,0,"",""
ball,1,26.6,Australia,SPD Smith,AJ Finch,LH Ferguson,1,0,"",""
ball,1,27.1,Australia,SPD Smith,AJ Finch,TA Boult,1,0,"",""
ball,1,27.2,Australia,AJ Finch,SPD Smith,TA Boult,0,0,"",""
ball,1,27.3,Australia,AJ Finch,SPD Smith,TA Boult,0,0,"",""
ball,1,27.4,Australia,AJ Finch,SPD Smith,TA Boult,1,0,"",""
ball,1,27.5,Australia,SPD Smith,AJ Finch,TA Boult,0,0,"",""
ball,1,27.6,Australia,SPD Smith,AJ Finch,TA Boult,0,0,"",""
ball,1,28.1,Australia,AJ Finch,SPD Smith,MJ Santner,1,0,"",""
ball,1,28.2,Australia,SPD Smith,AJ Finch,MJ Santner,1,0,"",""
ball,1,28.3,Australia,AJ Finch,SPD Smith,MJ Santner,0,0,"",""
ball,1,28.4,Australia,AJ Finch,SPD Smith,MJ Santner,0,0,caught,AJ Finch
ball,1,28.5,Australia,DJM Short,SPD Smith,MJ Santner,0,0,"",""
ball,1,28.6,Australia,DJM Short,SPD Smith,MJ Santner,0,0,"",""
ball,1,29.1,Australia,SPD Smith,DJM Short,TA Boult,0,0,"",""
ball,1,29.2,Australia,SPD Smith,DJM Short,TA Boult,1,0,"",""
ball,1,29.3,Australia,DJM Short,SPD Smith,TA Boult,0,0,"",""
ball,1,29.4,Australia,DJM Short,SPD Smith,TA Boult,0,0,"",""
ball,1,29.5,Australia,DJM Short,SPD Smith,TA Boult,0,0,"",""
ball,1,29.6,Australia,DJM Short,SPD Smith,TA Boult,0,0,"",""
ball,1,30.1,Australia,SPD Smith,DJM Short,MJ Santner,0,0,"",""
ball,1,30.2,Australia,SPD Smith,DJM Short,MJ Santner,0,0,"",""
ball,1,30.3,Australia,SPD Smith,DJM Short,MJ Santner,0,0,"",""
ball,1,30.4,Australia,SPD Smith,DJM Short,MJ Santner,0,0,bowled,SPD Smith
ball,1,30.5,Australia,M Labuschagne,DJM Short,MJ Santner,0,0,"",""
ball,1,30.6,Australia,M Labuschagne,DJM Short,MJ Santner,2,0,"",""
ball,1,31.1,Australia,DJM Short,M Labuschagne,C de Grandhomme,0,0,"",""
ball,1,31.2,Australia,DJM Short,M Labuschagne,C de Grandhomme,1,0,"",""
ball,1,31.3,Australia,M Labuschagne,DJM Short,C de Grandhomme,1,0,"",""
ball,1,31.4,Australia,DJM Short,M Labuschagne,C de Grandhomme,0,0,"",""
ball,1,31.5,Australia,DJM Short,M Labuschagne,C de Grandhomme,1,0,"",""
ball,1,31.6,Australia,M Labuschagne,DJM Short,C de Grandhomme,1,0,"",""
ball,1,32.1,Australia,M Labuschagne,DJM Short,MJ Santner,1,0,"",""
ball,1,32.2,Australia,DJM Short,M Labuschagne,MJ Santner,0,0,"",""
ball,1,32.3,Australia,DJM Short,M Labuschagne,MJ Santner,0,0,"",""
ball,1,32.4,Australia,DJM Short,M Labuschagne,MJ Santner,0,0,"",""
ball,1,32.5,Australia,DJM Short,M Labuschagne,MJ Santner,0,0,"",""
ball,1,32.6,Australia,DJM Short,M Labuschagne,MJ Santner,0,0,"",""
ball,1,33.1,Australia,M Labuschagne,DJM Short,LH Ferguson,1,0,"",""
ball,1,33.2,Australia,DJM Short,M Labuschagne,LH Ferguson,3,0,"",""
ball,1,33.3,Australia,M Labuschagne,DJM Short,LH Ferguson,2,0,"",""
ball,1,33.4,Australia,M Labuschagne,DJM Short,LH Ferguson,1,0,"",""
ball,1,33.5,Australia,DJM Short,M Labuschagne,LH Ferguson,0,0,"",""
ball,1,33.6,Australia,DJM Short,M Labuschagne,LH Ferguson,0,0,"",""
ball,1,34.1,Australia,M Labuschagne,DJM Short,IS Sodhi,4,0,"",""
ball,1,34.2,Australia,M Labuschagne,DJM Short,IS Sodhi,1,0,"",""
ball,1,34.3,Australia,DJM Short,M Labuschagne,IS Sodhi,0,0,caught,DJM Short
ball,1,34.4,Australia,MR Marsh,M Labuschagne,IS Sodhi,1,0,"",""
ball,1,34.5,Australia,M Labuschagne,MR Marsh,IS Sodhi,0,0,"",""
ball,1,34.6,Australia,M Labuschagne,MR Marsh,IS Sodhi,1,0,"",""
ball,1,35.1,Australia,M Labuschagne,MR Marsh,LH Ferguson,4,0,"",""
ball,1,35.2,Australia,M Labuschagne,MR Marsh,LH Ferguson,2,0,"",""
ball,1,35.3,Australia,M Labuschagne,MR Marsh,LH Ferguson,1,0,"",""
ball,1,35.4,Australia,MR Marsh,M Labuschagne,LH Ferguson,0,0,"",""
ball,1,35.5,Australia,MR Marsh,M Labuschagne,LH Ferguson,0,0,"",""
ball,1,35.6,Australia,MR Marsh,M Labuschagne,LH Ferguson,4,0,"",""
ball,1,36.1,Australia,M Labuschagne,MR Marsh,TA Boult,1,0,"",""
ball,1,36.2,Australia,MR Marsh,M Labuschagne,TA Boult,0,0,"",""
ball,1,36.3,Australia,MR Marsh,M Labuschagne,TA Boult,2,0,"",""
ball,1,36.4,Australia,MR Marsh,M Labuschagne,TA Boult,0,0,"",""
ball,1,36.5,Australia,MR Marsh,M Labuschagne,TA Boult,0,0,"",""
ball,1,36.6,Australia,MR Marsh,M Labuschagne,TA Boult,0,0,"",""
ball,1,37.1,Australia,M Labuschagne,MR Marsh,MJ Santner,1,0,"",""
ball,1,37.2,Australia,MR Marsh,M Labuschagne,MJ Santner,0,0,"",""
ball,1,37.3,Australia,MR Marsh,M Labuschagne,MJ Santner,0,0,"",""
ball,1,37.4,Australia,MR Marsh,M Labuschagne,MJ Santner,1,0,"",""
ball,1,37.5,Australia,M Labuschagne,MR Marsh,MJ Santner,0,0,"",""
ball,1,37.6,Australia,M Labuschagne,MR Marsh,MJ Santner,1,0,"",""
ball,1,38.1,Australia,M Labuschagne,MR Marsh,TA Boult,1,0,"",""
ball,1,38.2,Australia,MR Marsh,M Labuschagne,TA Boult,4,0,"",""
ball,1,38.3,Australia,MR Marsh,M Labuschagne,TA Boult,0,0,"",""
ball,1,38.4,Australia,MR Marsh,M Labuschagne,TA Boult,1,0,"",""
ball,1,38.5,Australia,M Labuschagne,MR Marsh,TA Boult,0,0,"",""
ball,1,38.6,Australia,M Labuschagne,MR Marsh,TA Boult,1,0,"",""
ball,1,39.1,Australia,M Labuschagne,MR Marsh,MJ Santner,1,0,"",""
ball,1,39.2,Australia,MR Marsh,M Labuschagne,MJ Santner,1,0,"",""
ball,1,39.3,Australia,M Labuschagne,MR Marsh,MJ Santner,0,0,"",""
ball,1,39.4,Australia,M Labuschagne,MR Marsh,MJ Santner,1,0,"",""
ball,1,39.5,Australia,MR Marsh,M Labuschagne,MJ Santner,0,0,"",""
ball,1,39.6,Australia,MR Marsh,M Labuschagne,MJ Santner,0,0,"",""
ball,1,40.1,Australia,M Labuschagne,MR Marsh,JDS Neesham,1,0,"",""
ball,1,40.2,Australia,MR Marsh,M Labuschagne,JDS Neesham,2,0,"",""
ball,1,40.3,Australia,MR Marsh,M Labuschagne,JDS Neesham,0,0,"",""
ball,1,40.4,Australia,MR Marsh,M Labuschagne,JDS Neesham,0,0,"",""
ball,1,40.5,Australia,MR Marsh,M Labuschagne,JDS Neesham,2,0,"",""
ball,1,40.6,Australia,MR Marsh,M Labuschagne,JDS Neesham,0,0,"",""
ball,1,41.1,Australia,M Labuschagne,MR Marsh,IS Sodhi,1,0,"",""
ball,1,41.2,Australia,MR Marsh,M Labuschagne,IS Sodhi,1,0,"",""
ball,1,41.3,Australia,M Labuschagne,MR Marsh,IS Sodhi,1,0,"",""
ball,1,41.4,Australia,MR Marsh,M Labuschagne,IS Sodhi,1,0,"",""
ball,1,41.5,Australia,M Labuschagne,MR Marsh,IS Sodhi,0,0,"",""
ball,1,41.6,Australia,M Labuschagne,MR Marsh,IS Sodhi,0,0,"",""
ball,1,42.1,Australia,MR Marsh,M Labuschagne,JDS Neesham,1,0,"",""
ball,1,42.2,Australia,M Labuschagne,MR Marsh,JDS Neesham,0,0,"",""
ball,1,42.3,Australia,M Labuschagne,MR Marsh,JDS Neesham,2,0,"",""
ball,1,42.4,Australia,M Labuschagne,MR Marsh,JDS Neesham,1,0,"",""
ball,1,42.5,Australia,MR Marsh,M Labuschagne,JDS Neesham,1,0,"",""
ball,1,42.6,Australia,M Labuschagne,MR Marsh,JDS Neesham,1,0,"",""
ball,1,43.1,Australia,M Labuschagne,MR Marsh,IS Sodhi,0,0,"",""
ball,1,43.2,Australia,M Labuschagne,MR Marsh,IS Sodhi,1,0,"",""
ball,1,43.3,Australia,MR Marsh,M Labuschagne,IS Sodhi,1,0,"",""
ball,1,43.4,Australia,M Labuschagne,MR Marsh,IS Sodhi,1,0,"",""
ball,1,43.5,Australia,MR Marsh,M Labuschagne,IS Sodhi,1,0,"",""
ball,1,43.6,Australia,M Labuschagne,MR Marsh,IS Sodhi,1,0,"",""
ball,1,44.1,Australia,M Labuschagne,MR Marsh,MJ Santner,3,0,"",""
ball,1,44.2,Australia,MR Marsh,M Labuschagne,MJ Santner,2,0,"",""
ball,1,44.3,Australia,MR Marsh,M Labuschagne,MJ Santner,0,0,"",""
ball,1,44.4,Australia,MR Marsh,M Labuschagne,MJ Santner,1,0,"",""
ball,1,44.5,Australia,M Labuschagne,MR Marsh,MJ Santner,1,0,"",""
ball,1,44.6,Australia,MR Marsh,M Labuschagne,MJ Santner,0,0,"",""
ball,1,45.1,Australia,M Labuschagne,MR Marsh,IS Sodhi,2,0,"",""
ball,1,45.2,Australia,M Labuschagne,MR Marsh,IS Sodhi,1,0,"",""
ball,1,45.3,Australia,MR Marsh,M Labuschagne,IS Sodhi,0,0,caught,MR Marsh
ball,1,45.4,Australia,AT Carey,M Labuschagne,IS Sodhi,1,0,"",""
ball,1,45.5,Australia,M Labuschagne,AT Carey,IS Sodhi,1,0,"",""
ball,1,45.6,Australia,AT Carey,M Labuschagne,IS Sodhi,0,0,caught,AT Carey
ball,1,46.1,Australia,PJ Cummins,M Labuschagne,TA Boult,1,0,"",""
ball,1,46.2,Australia,M Labuschagne,PJ Cummins,TA Boult,1,0,"",""
ball,1,46.3,Australia,PJ Cummins,M Labuschagne,TA Boult,0,0,"",""
ball,1,46.4,Australia,PJ Cummins,M Labuschagne,TA Boult,0,0,"",""
ball,1,46.5,Australia,PJ Cummins,M Labuschagne,TA Boult,1,0,"",""
ball,1,46.6,Australia,M Labuschagne,PJ Cummins,TA Boult,1,0,"",""
ball,1,47.1,Australia,M Labuschagne,PJ Cummins,IS Sodhi,1,0,"",""
ball,1,47.2,Australia,PJ Cummins,M Labuschagne,IS Sodhi,2,0,"",""
ball,1,47.3,Australia,PJ Cummins,M Labuschagne,IS Sodhi,0,0,"",""
ball,1,47.4,Australia,PJ Cummins,M Labuschagne,IS Sodhi,0,0,"",""
ball,1,47.5,Australia,PJ Cummins,M Labuschagne,IS Sodhi,0,0,"",""
ball,1,47.6,Australia,PJ Cummins,M Labuschagne,IS Sodhi,6,0,"",""
ball,1,48.1,Australia,M Labuschagne,PJ Cummins,TA Boult,0,0,"",""
ball,1,48.2,Australia,M Labuschagne,PJ Cummins,TA Boult,2,0,"",""
ball,1,48.3,Australia,M Labuschagne,PJ Cummins,TA Boult,1,0,"",""
ball,1,48.4,Australia,PJ Cummins,M Labuschagne,TA Boult,3,0,"",""
ball,1,48.5,Australia,M Labuschagne,PJ Cummins,TA Boult,2,0,"",""
ball,1,48.6,Australia,M Labuschagne,PJ Cummins,TA Boult,1,0,"",""
ball,1,49.1,Australia,M Labuschagne,PJ Cummins,LH Ferguson,0,0,caught,M Labuschagne
ball,1,49.2,Australia,MA Starc,PJ Cummins,LH Ferguson,1,0,"",""
ball,1,49.3,Australia,PJ Cummins,MA Starc,LH Ferguson,1,0,"",""
ball,1,49.4,Australia,MA Starc,PJ Cummins,LH Ferguson,2,0,"",""
ball,1,49.5,Australia,MA Starc,PJ Cummins,LH Ferguson,4,0,"",""
ball,1,49.6,Australia,MA Starc,PJ Cummins,LH Ferguson,2,0,"",""
ball,2,0.1,New Zealand,MJ Guptill,HM Nicholls,MA Starc,0,0,"",""
ball,2,0.2,New Zealand,MJ Guptill,HM Nicholls,MA Starc,0,0,"",""
ball,2,0.3,New Zealand,MJ Guptill,HM Nicholls,MA Starc,0,0,"",""
ball,2,0.4,New Zealand,MJ Guptill,HM Nicholls,MA Starc,0,0,"",""
ball,2,0.5,New Zealand,MJ Guptill,HM Nicholls,MA Starc,1,0,"",""
ball,2,0.6,New Zealand,HM Nicholls,MJ Guptill,MA Starc,0,0,"",""
ball,2,1.1,New Zealand,MJ Guptill,HM Nicholls,JR Hazlewood,0,0,"",""
ball,2,1.2,New Zealand,MJ Guptill,HM Nicholls,JR Hazlewood,0,0,"",""
ball,2,1.3,New Zealand,MJ Guptill,HM Nicholls,JR Hazlewood,3,0,"",""
ball,2,1.4,New Zealand,HM Nicholls,MJ Guptill,JR Hazlewood,0,0,"",""
ball,2,1.5,New Zealand,HM Nicholls,MJ Guptill,JR Hazlewood,0,0,"",""
ball,2,1.6,New Zealand,HM Nicholls,MJ Guptill,JR Hazlewood,0,0,"",""
ball,2,2.1,New Zealand,MJ Guptill,HM Nicholls,MA Starc,1,0,"",""
ball,2,2.2,New Zealand,HM Nicholls,MJ Guptill,MA Starc,0,0,"",""
ball,2,2.3,New Zealand,HM Nicholls,MJ Guptill,MA Starc,0,0,"",""
ball,2,2.4,New Zealand,HM Nicholls,MJ Guptill,MA Starc,0,0,"",""
ball,2,2.5,New Zealand,HM Nicholls,MJ Guptill,MA Starc,4,0,"",""
ball,2,2.6,New Zealand,HM Nicholls,MJ Guptill,MA Starc,0,0,"",""
ball,2,3.1,New Zealand,MJ Guptill,HM Nicholls,JR Hazlewood,0,0,"",""
ball,2,3.2,New Zealand,MJ Guptill,HM Nicholls,JR Hazlewood,1,0,"",""
ball,2,3.3,New Zealand,HM Nicholls,MJ Guptill,JR Hazlewood,1,0,"",""
ball,2,3.4,New Zealand,MJ Guptill,HM Nicholls,JR Hazlewood,0,0,"",""
ball,2,3.5,New Zealand,MJ Guptill,HM Nicholls,JR Hazlewood,0,0,"",""
ball,2,3.6,New Zealand,MJ Guptill,HM Nicholls,JR Hazlewood,3,0,"",""
ball,2,4.1,New Zealand,MJ Guptill,HM Nicholls,PJ Cummins,0,0,"",""
ball,2,4.2,New Zealand,MJ Guptill,HM Nicholls,PJ Cummins,0,0,"",""
ball,2,4.3,New Zealand,MJ Guptill,HM Nicholls,PJ Cummins,0,0,"",""
ball,2,4.4,New Zealand,MJ Guptill,HM Nicholls,PJ Cummins,1,0,"",""
ball,2,4.5,New Zealand,HM Nicholls,MJ Guptill,PJ Cummins,0,0,"",""
ball,2,4.6,New Zealand,HM Nicholls,MJ Guptill,PJ Cummins,2,0,"",""
ball,2,5.1,New Zealand,MJ Guptill,HM Nicholls,JR Hazlewood,0,0,"",""
ball,2,5.2,New Zealand,MJ Guptill,HM Nicholls,JR Hazlewood,0,0,"",""
ball,2,5.3,New Zealand,MJ Guptill,HM Nicholls,JR Hazlewood,0,0,"",""
ball,2,5.4,New Zealand,MJ Guptill,HM Nicholls,JR Hazlewood,0,0,"",""
ball,2,5.5,New Zealand,MJ Guptill,HM Nicholls,JR Hazlewood,0,0,"",""
ball,2,5.6,New Zealand,MJ Guptill,HM Nicholls,JR Hazlewood,1,0,"",""
ball,2,6.1,New Zealand,MJ Guptill,HM Nicholls,PJ Cummins,1,0,"",""
ball,2,6.2,New Zealand,HM Nicholls,MJ Guptill,PJ Cummins,0,0,"",""
ball,2,6.3,New Zealand,HM Nicholls,MJ Guptill,PJ Cummins,0,0,"",""
ball,2,6.4,New Zealand,HM Nicholls,MJ Guptill,PJ Cummins,1,0,"",""
ball,2,6.5,New Zealand,MJ Guptill,HM Nicholls,PJ Cummins,0,0,"",""
ball,2,6.6,New Zealand,MJ Guptill,HM Nicholls,PJ Cummins,1,0,"",""
ball,2,7.1,New Zealand,MJ Guptill,HM Nicholls,JR Hazlewood,0,0,"",""
ball,2,7.2,New Zealand,MJ Guptill,HM Nicholls,JR Hazlewood,3,0,"",""
ball,2,7.3,New Zealand,HM Nicholls,MJ Guptill,JR Hazlewood,1,0,"",""
ball,2,7.4,New Zealand,MJ Guptill,HM Nicholls,JR Hazlewood,0,0,"",""
ball,2,7.5,New Zealand,MJ Guptill,HM Nicholls,JR Hazlewood,0,0,"",""
ball,2,7.6,New Zealand,MJ Guptill,HM Nicholls,JR Hazlewood,0,0,"",""
ball,2,8.1,New Zealand,HM Nicholls,MJ Guptill,PJ Cummins,0,0,"",""
ball,2,8.2,New Zealand,HM Nicholls,MJ Guptill,PJ Cummins,0,0,"",""
ball,2,8.3,New Zealand,HM Nicholls,MJ Guptill,PJ Cummins,0,0,"",""
ball,2,8.4,New Zealand,HM Nicholls,MJ Guptill,PJ Cummins,1,0,"",""
ball,2,8.5,New Zealand,MJ Guptill,HM Nicholls,PJ Cummins,1,0,"",""
ball,2,8.6,New Zealand,HM Nicholls,MJ Guptill,PJ Cummins,0,0,"",""
ball,2,9.1,New Zealand,MJ Guptill,HM Nicholls,JR Hazlewood,0,0,"",""
ball,2,9.2,New Zealand,MJ Guptill,HM Nicholls,JR Hazlewood,0,0,"",""
ball,2,9.3,New Zealand,MJ Guptill,HM Nicholls,JR Hazlewood,1,0,"",""
ball,2,9.4,New Zealand,HM Nicholls,MJ Guptill,JR Hazlewood,0,0,caught,HM Nicholls
ball,2,9.5,New Zealand,KS Williamson,MJ Guptill,JR Hazlewood,0,0,"",""
ball,2,9.6,New Zealand,KS Williamson,MJ Guptill,JR Hazlewood,0,0,"",""
ball,2,10.1,New Zealand,MJ Guptill,KS Williamson,PJ Cummins,0,0,"",""
ball,2,10.2,New Zealand,MJ Guptill,KS Williamson,PJ Cummins,0,0,"",""
ball,2,10.3,New Zealand,MJ Guptill,KS Williamson,PJ Cummins,0,0,"",""
ball,2,10.4,New Zealand,MJ Guptill,KS Williamson,PJ Cummins,0,0,"",""
ball,2,10.5,New Zealand,MJ Guptill,KS Williamson,PJ Cummins,0,0,"",""
ball,2,10.6,New Zealand,MJ Guptill,KS Williamson,PJ Cummins,0,0,"",""
ball,2,11.1,New Zealand,KS Williamson,MJ Guptill,MA Starc,4,0,"",""
ball,2,11.2,New Zealand,KS Williamson,MJ Guptill,MA Starc,0,0,"",""
ball,2,11.3,New Zealand,KS Williamson,MJ Guptill,MA Starc,0,0,"",""
ball,2,11.4,New Zealand,KS Williamson,MJ Guptill,MA Starc,1,0,"",""
ball,2,11.5,New Zealand,MJ Guptill,KS Williamson,MA Starc,1,0,"",""
ball,2,11.6,New Zealand,KS Williamson,MJ Guptill,MA Starc,0,0,"",""
ball,2,12.1,New Zealand,MJ Guptill,KS Williamson,MR Marsh,0,0,"",""
ball,2,12.2,New Zealand,MJ Guptill,KS Williamson,MR Marsh,0,0,"",""
ball,2,12.3,New Zealand,MJ Guptill,KS Williamson,MR Marsh,0,0,"",""
ball,2,12.4,New Zealand,MJ Guptill,KS Williamson,MR Marsh,0,0,"",""
ball,2,12.5,New Zealand,MJ Guptill,KS Williamson,MR Marsh,0,0,"",""
ball,2,12.6,New Zealand,MJ Guptill,KS Williamson,MR Marsh,1,0,"",""
ball,2,13.1,New Zealand,MJ Guptill,KS Williamson,MA Starc,0,0,"",""
ball,2,13.2,New Zealand,MJ Guptill,KS Williamson,MA Starc,0,0,"",""
ball,2,13.3,New Zealand,MJ Guptill,KS Williamson,MA Starc,1,0,"",""
ball,2,13.4,New Zealand,KS Williamson,MJ Guptill,MA Starc,0,0,"",""
ball,2,13.5,New Zealand,KS Williamson,MJ Guptill,MA Starc,0,0,"",""
ball,2,13.6,New Zealand,KS Williamson,MJ Guptill,MA Starc,0,0,"",""
ball,2,14.1,New Zealand,MJ Guptill,KS Williamson,MR Marsh,0,1,"",""
ball,2,14.2,New Zealand,KS Williamson,MJ Guptill,MR Marsh,0,0,"",""
ball,2,14.3,New Zealand,KS Williamson,MJ Guptill,MR Marsh,4,0,"",""
ball,2,14.4,New Zealand,KS Williamson,MJ Guptill,MR Marsh,1,0,"",""
ball,2,14.5,New Zealand,MJ Guptill,KS Williamson,MR Marsh,0,0,"",""
ball,2,14.6,New Zealand,MJ Guptill,KS Williamson,MR Marsh,1,0,"",""
ball,2,15.1,New Zealand,MJ Guptill,KS Williamson,A Zampa,1,0,"",""
ball,2,15.2,New Zealand,KS Williamson,MJ Guptill,A Zampa,1,0,"",""
ball,2,15.3,New Zealand,MJ Guptill,KS Williamson,A Zampa,1,0,"",""
ball,2,15.4,New Zealand,KS Williamson,MJ Guptill,A Zampa,0,0,"",""
ball,2,15.5,New Zealand,KS Williamson,MJ Guptill,A Zampa,0,0,"",""
ball,2,15.6,New Zealand,KS Williamson,MJ Guptill,A Zampa,0,0,"",""
ball,2,16.1,New Zealand,MJ Guptill,KS Williamson,MR Marsh,1,0,"",""
ball,2,16.2,New Zealand,KS Williamson,MJ Guptill,MR Marsh,1,0,"",""
ball,2,16.3,New Zealand,MJ Guptill,KS Williamson,MR Marsh,0,0,"",""
ball,2,16.4,New Zealand,MJ Guptill,KS Williamson,MR Marsh,1,0,"",""
ball,2,16.5,New Zealand,KS Williamson,MJ Guptill,MR Marsh,1,0,"",""
ball,2,16.6,New Zealand,MJ Guptill,KS Williamson,MR Marsh,0,0,"",""
ball,2,17.1,New Zealand,KS Williamson,MJ Guptill,A Zampa,1,0,"",""
ball,2,17.2,New Zealand,MJ Guptill,KS Williamson,A Zampa,0,0,"",""
ball,2,17.3,New Zealand,MJ Guptill,KS Williamson,A Zampa,6,0,"",""
ball,2,17.4,New Zealand,MJ Guptill,KS Williamson,A Zampa,0,0,"",""
ball,2,17.5,New Zealand,MJ Guptill,KS Williamson,A Zampa,0,0,"",""
ball,2,17.6,New Zealand,MJ Guptill,KS Williamson,A Zampa,0,0,"",""
ball,2,18.1,New Zealand,KS Williamson,MJ Guptill,MR Marsh,1,0,"",""
ball,2,18.2,New Zealand,MJ Guptill,KS Williamson,MR Marsh,1,0,"",""
ball,2,18.3,New Zealand,KS Williamson,MJ Guptill,MR Marsh,1,0,"",""
ball,2,18.4,New Zealand,MJ Guptill,KS Williamson,MR Marsh,1,0,"",""
ball,2,18.5,New Zealand,KS Williamson,MJ Guptill,MR Marsh,0,0,"",""
ball,2,18.6,New Zealand,KS Williamson,MJ Guptill,MR Marsh,1,0,"",""
ball,2,19.1,New Zealand,KS Williamson,MJ Guptill,A Zampa,2,0,"",""
ball,2,19.2,New Zealand,KS Williamson,MJ Guptill,A Zampa,0,0,bowled,KS Williamson
ball,2,19.3,New Zealand,LRPL Taylor,MJ Guptill,A Zampa,0,0,"",""
ball,2,19.4,New Zealand,LRPL Taylor,MJ Guptill,A Zampa,1,0,"",""
ball,2,19.5,New Zealand,MJ Guptill,LRPL Taylor,A Zampa,1,0,"",""
ball,2,19.6,New Zealand,LRPL Taylor,MJ Guptill,A Zampa,1,0,"",""
ball,2,20.1,New Zealand,LRPL Taylor,MJ Guptill,MR Marsh,2,0,"",""
ball,2,20.2,New Zealand,LRPL Taylor,MJ Guptill,MR Marsh,0,0,"",""
ball,2,20.3,New Zealand,LRPL Taylor,MJ Guptill,MR Marsh,0,0,caught,LRPL Taylor
ball,2,20.4,New Zealand,TWM Latham,MJ Guptill,MR Marsh,0,0,"",""
ball,2,20.5,New Zealand,TWM Latham,MJ Guptill,MR Marsh,0,0,"",""
ball,2,20.6,New Zealand,TWM Latham,MJ Guptill,MR Marsh,0,1,"",""
ball,2,21.1,New Zealand,TWM Latham,MJ Guptill,A Zampa,2,0,"",""
ball,2,21.2,New Zealand,TWM Latham,MJ Guptill,A Zampa,1,0,"",""
ball,2,21.3,New Zealand,MJ Guptill,TWM Latham,A Zampa,1,0,"",""
ball,2,21.4,New Zealand,TWM Latham,MJ Guptill,A Zampa,3,0,"",""
ball,2,21.5,New Zealand,MJ Guptill,TWM Latham,A Zampa,0,1,"",""
ball,2,21.6,New Zealand,TWM Latham,MJ Guptill,A Zampa,0,0,"",""
ball,2,22.1,New Zealand,MJ Guptill,TWM Latham,PJ Cummins,4,0,"",""
ball,2,22.2,New Zealand,MJ Guptill,TWM Latham,PJ Cummins,0,0,caught,MJ Guptill
ball,2,22.3,New Zealand,JDS Neesham,TWM Latham,PJ Cummins,0,0,"",""
ball,2,22.4,New Zealand,JDS Neesham,TWM Latham,PJ Cummins,0,0,"",""
ball,2,22.5,New Zealand,JDS Neesham,TWM Latham,PJ Cummins,1,0,"",""
ball,2,22.6,New Zealand,TWM Latham,JDS Neesham,PJ Cummins,0,0,"",""
ball,2,23.1,New Zealand,JDS Neesham,TWM Latham,SPD Smith,0,0,"",""
ball,2,23.2,New Zealand,JDS Neesham,TWM Latham,SPD Smith,0,0,"",""
ball,2,23.3,New Zealand,JDS Neesham,TWM Latham,SPD Smith,6,0,"",""
ball,2,23.4,New Zealand,JDS Neesham,TWM Latham,SPD Smith,1,0,"",""
ball,2,23.5,New Zealand,TWM Latham,JDS Neesham,SPD Smith,0,0,"",""
ball,2,23.6,New Zealand,TWM Latham,JDS Neesham,SPD Smith,1,0,"",""
ball,2,24.1,New Zealand,TWM Latham,JDS Neesham,PJ Cummins,4,0,"",""
ball,2,24.2,New Zealand,TWM Latham,JDS Neesham,PJ Cummins,0,0,"",""
ball,2,24.3,New Zealand,TWM Latham,JDS Neesham,PJ Cummins,1,0,"",""
ball,2,24.4,New Zealand,JDS Neesham,TWM Latham,PJ Cummins,0,0,"",""
ball,2,24.5,New Zealand,JDS Neesham,TWM Latham,PJ Cummins,0,0,"",""
ball,2,24.6,New Zealand,JDS Neesham,TWM Latham,PJ Cummins,0,0,caught,JDS Neesham
ball,2,25.1,New Zealand,TWM Latham,C de Grandhomme,MA Starc,0,0,"",""
ball,2,25.2,New Zealand,TWM Latham,C de Grandhomme,MA Starc,2,0,"",""
ball,2,25.3,New Zealand,TWM Latham,C de Grandhomme,MA Starc,0,0,"",""
ball,2,25.4,New Zealand,TWM Latham,C de Grandhomme,MA Starc,0,0,"",""
ball,2,25.5,New Zealand,TWM Latham,C de Grandhomme,MA Starc,2,0,"",""
ball,2,25.6,New Zealand,TWM Latham,C de Grandhomme,MA Starc,0,0,"",""
ball,2,26.1,New Zealand,C de Grandhomme,TWM Latham,PJ Cummins,0,0,"",""
ball,2,26.2,New Zealand,C de Grandhomme,TWM Latham,PJ Cummins,0,0,"",""
ball,2,26.3,New Zealand,C de Grandhomme,TWM Latham,PJ Cummins,0,0,"",""
ball,2,26.4,New Zealand,C de Grandhomme,TWM Latham,PJ Cummins,0,0,"",""
ball,2,26.5,New Zealand,C de Grandhomme,TWM Latham,PJ Cummins,0,0,"",""
ball,2,26.6,New Zealand,C de Grandhomme,TWM Latham,PJ Cummins,0,0,"",""
ball,2,27.1,New Zealand,TWM Latham,C de Grandhomme,MA Starc,1,0,"",""
ball,2,27.2,New Zealand,C de Grandhomme,TWM Latham,MA Starc,0,0,"",""
ball,2,27.3,New Zealand,C de Grandhomme,TWM Latham,MA Starc,1,0,"",""
ball,2,27.4,New Zealand,TWM Latham,C de Grandhomme,MA Starc,0,0,"",""
ball,2,27.5,New Zealand,TWM Latham,C de Grandhomme,MA Starc,0,1,"",""
ball,2,27.6,New Zealand,TWM Latham,C de Grandhomme,MA Starc,1,0,"",""
ball,2,27.7,New Zealand,C de Grandhomme,TWM Latham,MA Starc,4,0,"",""
ball,2,28.1,New Zealand,TWM Latham,C de Grandhomme,A Zampa,1,0,"",""
ball,2,28.2,New Zealand,C de Grandhomme,TWM Latham,A Zampa,1,0,"",""
ball,2,28.3,New Zealand,TWM Latham,C de Grandhomme,A Zampa,0,1,"",""
ball,2,28.4,New Zealand,TWM Latham,C de Grandhomme,A Zampa,0,0,"",""
ball,2,28.5,New Zealand,TWM Latham,C de Grandhomme,A Zampa,0,0,"",""
ball,2,28.6,New Zealand,TWM Latham,C de Grandhomme,A Zampa,1,0,"",""
ball,2,28.7,New Zealand,C de Grandhomme,TWM Latham,A Zampa,3,0,"",""
ball,2,29.1,New Zealand,C de Grandhomme,TWM Latham,MA Starc,1,0,"",""
ball,2,29.2,New Zealand,TWM Latham,C de Grandhomme,MA Starc,0,2,"",""
ball,2,29.3,New Zealand,TWM Latham,C de Grandhomme,MA Starc,1,0,"",""
ball,2,29.4,New Zealand,C de Grandhomme,TWM Latham,MA Starc,1,0,"",""
ball,2,29.5,New Zealand,TWM Latham,C de Grandhomme,MA Starc,1,0,"",""
ball,2,29.6,New Zealand,C de Grandhomme,TWM Latham,MA Starc,4,0,"",""
ball,2,30.1,New Zealand,TWM Latham,C de Grandhomme,JR Hazlewood,0,0,"",""
ball,2,30.2,New Zealand,TWM Latham,C de Grandhomme,JR Hazlewood,4,0,"",""
ball,2,30.3,New Zealand,TWM Latham,C de Grandhomme,JR Hazlewood,0,0,"",""
ball,2,30.4,New Zealand,TWM Latham,C de Grandhomme,JR Hazlewood,2,0,"",""
ball,2,30.5,New Zealand,TWM Latham,C de Grandhomme,JR Hazlewood,1,0,"",""
ball,2,30.6,New Zealand,C de Grandhomme,TWM Latham,JR Hazlewood,1,0,"",""
ball,2,31.1,New Zealand,C de Grandhomme,TWM Latham,A Zampa,0,0,"",""
ball,2,31.2,New Zealand,C de Grandhomme,TWM Latham,A Zampa,4,0,"",""
ball,2,31.3,New Zealand,C de Grandhomme,TWM Latham,A Zampa,1,0,"",""
ball,2,31.4,New Zealand,TWM Latham,C de Grandhomme,A Zampa,4,0,"",""
ball,2,31.5,New Zealand,TWM Latham,C de Grandhomme,A Zampa,4,0,"",""
ball,2,31.6,New Zealand,TWM Latham,C de Grandhomme,A Zampa,1,0,"",""
ball,2,32.1,New Zealand,TWM Latham,C de Grandhomme,JR Hazlewood,0,0,"",""
ball,2,32.2,New Zealand,TWM Latham,C de Grandhomme,JR Hazlewood,0,0,"",""
ball,2,32.3,New Zealand,TWM Latham,C de Grandhomme,JR Hazlewood,0,0,caught,TWM Latham
ball,2,32.4,New Zealand,MJ Santner,C de Grandhomme,JR Hazlewood,0,0,"",""
ball,2,32.5,New Zealand,MJ Santner,C de Grandhomme,JR Hazlewood,0,0,"",""
ball,2,32.6,New Zealand,MJ Santner,C de Grandhomme,JR Hazlewood,1,0,"",""
ball,2,33.1,New Zealand,MJ Santner,C de Grandhomme,A Zampa,1,0,"",""
ball,2,33.2,New Zealand,C de Grandhomme,MJ Santner,A Zampa,1,0,"",""
ball,2,33.3,New Zealand,MJ Santner,C de Grandhomme,A Zampa,1,0,"",""
ball,2,33.4,New Zealand,C de Grandhomme,MJ Santner,A Zampa,0,0,"",""
ball,2,33.5,New Zealand,C de Grandhomme,MJ Santner,A Zampa,0,0,"",""
ball,2,33.6,New Zealand,C de Grandhomme,MJ Santner,A Zampa,0,0,"",""
ball,2,34.1,New Zealand,MJ Santner,C de Grandhomme,JR Hazlewood,0,0,"",""
ball,2,34.2,New Zealand,MJ Santner,C de Grandhomme,JR Hazlewood,2,0,"",""
ball,2,34.3,New Zealand,MJ Santner,C de Grandhomme,JR Hazlewood,2,0,"",""
ball,2,34.4,New Zealand,MJ Santner,C de Grandhomme,JR Hazlewood,0,0,"",""
ball,2,34.5,New Zealand,MJ Santner,C de Grandhomme,JR Hazlewood,1,0,"",""
ball,2,34.6,New Zealand,C de Grandhomme,MJ Santner,JR Hazlewood,0,1,"",""
ball,2,34.7,New Zealand,C de Grandhomme,MJ Santner,JR Hazlewood,1,0,"",""
ball,2,35.1,New Zealand,C de Grandhomme,MJ Santner,A Zampa,2,0,"",""
ball,2,35.2,New Zealand,C de Grandhomme,MJ Santner,A Zampa,0,0,"",""
ball,2,35.3,New Zealand,C de Grandhomme,MJ Santner,A Zampa,0,0,caught,C de Grandhomme
ball,2,35.4,New Zealand,MJ Santner,IS Sodhi,A Zampa,0,0,"",""
ball,2,35.5,New Zealand,MJ Santner,IS Sodhi,A Zampa,1,0,"",""
ball,2,35.6,New Zealand,IS Sodhi,MJ Santner,A Zampa,1,0,"",""
ball,2,36.1,New Zealand,IS Sodhi,MJ Santner,JR Hazlewood,0,0,"",""
ball,2,36.2,New Zealand,IS Sodhi,MJ Santner,JR Hazlewood,0,0,"",""
ball,2,36.3,New Zealand,IS Sodhi,MJ Santner,JR Hazlewood,0,0,"",""
ball,2,36.4,New Zealand,IS Sodhi,MJ Santner,JR Hazlewood,1,0,"",""
ball,2,36.5,New Zealand,MJ Santner,IS Sodhi,JR Hazlewood,0,0,"",""
ball,2,36.6,New Zealand,MJ Santner,IS Sodhi,JR Hazlewood,4,0,"",""
ball,2,37.1,New Zealand,IS Sodhi,MJ Santner,MR Marsh,0,0,"",""
ball,2,37.2,New Zealand,IS Sodhi,MJ Santner,MR Marsh,1,0,"",""
ball,2,37.3,New Zealand,MJ Santner,IS Sodhi,MR Marsh,1,0,"",""
ball,2,37.4,New Zealand,IS Sodhi,MJ Santner,MR Marsh,1,0,"",""
ball,2,37.5,New Zealand,MJ Santner,IS Sodhi,MR Marsh,0,0,caught,MJ Santner
ball,2,37.6,New Zealand,IS Sodhi,LH Ferguson,MR Marsh,1,0,"",""
ball,2,38.1,New Zealand,IS Sodhi,LH Ferguson,JR Hazlewood,0,1,"",""
ball,2,38.2,New Zealand,IS Sodhi,LH Ferguson,JR Hazlewood,1,0,"",""
ball,2,38.3,New Zealand,LH Ferguson,IS Sodhi,JR Hazlewood,0,0,"",""
ball,2,38.4,New Zealand,LH Ferguson,IS Sodhi,JR Hazlewood,0,0,"",""
ball,2,38.5,New Zealand,LH Ferguson,IS Sodhi,JR Hazlewood,0,0,"",""
ball,2,38.6,New Zealand,LH Ferguson,IS Sodhi,JR Hazlewood,0,0,"",""
ball,2,38.7,New Zealand,LH Ferguson,IS Sodhi,JR Hazlewood,0,0,"",""
ball,2,39.1,New Zealand,IS Sodhi,LH Ferguson,MR Marsh,1,0,"",""
ball,2,39.2,New Zealand,LH Ferguson,IS Sodhi,MR Marsh,1,0,"",""
ball,2,39.3,New Zealand,IS Sodhi,LH Ferguson,MR Marsh,0,0,"",""
ball,2,39.4,New Zealand,IS Sodhi,LH Ferguson,MR Marsh,4,0,"",""
ball,2,39.5,New Zealand,IS Sodhi,LH Ferguson,MR Marsh,1,0,"",""
ball,2,39.6,New Zealand,LH Ferguson,IS Sodhi,MR Marsh,0,0,bowled,LH Ferguson
ball,2,40.1,New Zealand,IS Sodhi,TA Boult,PJ Cummins,1,0,"",""
ball,2,40.2,New Zealand,TA Boult,IS Sodhi,PJ Cummins,4,0,"",""
ball,2,40.3,New Zealand,TA Boult,IS Sodhi,PJ Cummins,1,0,"",""
ball,2,40.4,New Zealand,IS Sodhi,TA Boult,PJ Cummins,1,0,"",""
ball,2,40.5,New Zealand,TA Boult,IS Sodhi,PJ Cummins,0,0,"",""
ball,2,40.6,New Zealand,TA Boult,IS Sodhi,PJ Cummins,0,0,caught and bowled,TA Boult
