version,1.3.0
info,team,South Africa
info,team,England
info,gender,male
info,season,2019/20
info,date,2020/02/04
info,series,England tour of South Africa 2019/20
info,match_number,1
info,venue,Newlands
info,city,Cape Town
info,toss_winner,South Africa
info,toss_decision,field
info,player_of_match,Q de Kock
info,umpire,S George
info,umpire,GO Brathwaite
info,reserve_umpire,A Paleker
info,tv_umpire,Aleem Dar
info,match_referee,DC Boon
info,winner,South Africa
info,winner_wickets,7
ball,1,0.1,England,JJ Roy,JM Bairstow,BE Hendricks,0,0,"",""
ball,1,0.2,England,JJ Roy,JM Bairstow,BE Hendricks,0,0,"",""
ball,1,0.3,England,JJ Roy,JM Bairstow,BE Hendricks,0,0,"",""
ball,1,0.4,England,JJ Roy,JM Bairstow,BE Hendricks,0,0,"",""
ball,1,0.5,England,JJ Roy,JM Bairstow,BE Hendricks,1,0,"",""
ball,1,0.6,England,JM Bairstow,JJ Roy,BE Hendricks,0,0,"",""
ball,1,1.1,England,JJ Roy,JM Bairstow,L Ngidi,2,0,"",""
ball,1,1.2,England,JJ Roy,JM Bairstow,L Ngidi,1,0,"",""
ball,1,1.3,England,JM Bairstow,JJ Roy,L Ngidi,1,0,"",""
ball,1,1.4,England,JJ Roy,JM Bairstow,L Ngidi,0,0,"",""
ball,1,1.5,England,JJ Roy,JM Bairstow,L Ngidi,0,0,"",""
ball,1,1.6,England,JJ Roy,JM Bairstow,L Ngidi,1,0,"",""
ball,1,2.1,England,JJ Roy,JM Bairstow,BE Hendricks,4,0,"",""
ball,1,2.2,England,JJ Roy,JM Bairstow,BE Hendricks,4,0,"",""
ball,1,2.3,England,JJ Roy,JM Bairstow,BE Hendricks,4,0,"",""
ball,1,2.4,England,JJ Roy,JM Bairstow,BE Hendricks,1,0,"",""
ball,1,2.5,England,JM Bairstow,JJ Roy,BE Hendricks,0,0,"",""
ball,1,2.6,England,JM Bairstow,JJ Roy,BE Hendricks,0,0,"",""
ball,1,3.1,England,JJ Roy,JM Bairstow,L Ngidi,0,0,"",""
ball,1,3.2,England,JJ Roy,JM Bairstow,L Ngidi,4,0,"",""
ball,1,3.3,England,JJ Roy,JM Bairstow,L Ngidi,0,0,"",""
ball,1,3.4,England,JJ Roy,JM Bairstow,L Ngidi,2,0,"",""
ball,1,3.5,England,JJ Roy,JM Bairstow,L Ngidi,0,0,"",""
ball,1,3.6,England,JJ Roy,JM Bairstow,L Ngidi,0,0,"",""
ball,1,4.1,England,JM Bairstow,JJ Roy,BE Hendricks,0,0,"",""
ball,1,4.2,England,JM Bairstow,JJ Roy,BE Hendricks,0,0,"",""
ball,1,4.3,England,JM Bairstow,JJ Roy,BE Hendricks,0,0,"",""
ball,1,4.4,England,JM Bairstow,JJ Roy,BE Hendricks,0,0,"",""
ball,1,4.5,England,JM Bairstow,JJ Roy,BE Hendricks,2,0,"",""
ball,1,4.6,England,JM Bairstow,JJ Roy,BE Hendricks,0,0,"",""
ball,1,5.1,England,JJ Roy,JM Bairstow,L Ngidi,1,0,"",""
ball,1,5.2,England,JM Bairstow,JJ Roy,L Ngidi,2,0,"",""
ball,1,5.3,England,JM Bairstow,JJ Roy,L Ngidi,4,0,"",""
ball,1,5.4,England,JM Bairstow,JJ Roy,L Ngidi,0,0,"",""
ball,1,5.5,England,JM Bairstow,JJ Roy,L Ngidi,0,0,"",""
ball,1,5.6,England,JM Bairstow,JJ Roy,L Ngidi,0,0,"",""
ball,1,6.1,England,JJ Roy,JM Bairstow,BE Hendricks,0,0,"",""
ball,1,6.2,England,JJ Roy,JM Bairstow,BE Hendricks,4,0,"",""
ball,1,6.3,England,JJ Roy,JM Bairstow,BE Hendricks,1,0,"",""
ball,1,6.4,England,JM Bairstow,JJ Roy,BE Hendricks,0,0,"",""
ball,1,6.5,England,JM Bairstow,JJ Roy,BE Hendricks,0,0,"",""
ball,1,6.6,England,JM Bairstow,JJ Roy,BE Hendricks,2,0,"",""
ball,1,7.1,England,JJ Roy,JM Bairstow,JT Smuts,0,0,"",""
ball,1,7.2,England,JJ Roy,JM Bairstow,JT Smuts,0,0,"",""
ball,1,7.3,England,JJ Roy,JM Bairstow,JT Smuts,1,0,"",""
ball,1,7.4,England,JM Bairstow,JJ Roy,JT Smuts,0,0,"",""
ball,1,7.5,England,JM Bairstow,JJ Roy,JT Smuts,0,0,"",""
ball,1,7.6,England,JM Bairstow,JJ Roy,JT Smuts,0,0,"",""
ball,1,8.1,England,JJ Roy,JM Bairstow,AL Phehlukwayo,0,0,"",""
ball,1,8.2,England,JJ Roy,JM Bairstow,AL Phehlukwayo,0,0,"",""
ball,1,8.3,England,JJ Roy,JM Bairstow,AL Phehlukwayo,1,0,"",""
ball,1,8.4,England,JM Bairstow,JJ Roy,AL Phehlukwayo,4,0,"",""
ball,1,8.5,England,JM Bairstow,JJ Roy,AL Phehlukwayo,0,0,"",""
ball,1,8.6,England,JM Bairstow,JJ Roy,AL Phehlukwayo,4,0,"",""
ball,1,9.1,England,JJ Roy,JM Bairstow,JT Smuts,0,0,"",""
ball,1,9.2,England,JJ Roy,JM Bairstow,JT Smuts,0,0,caught,JJ Roy
ball,1,9.3,England,JE Root,JM Bairstow,JT Smuts,0,0,"",""
ball,1,9.4,England,JE Root,JM Bairstow,JT Smuts,0,0,"",""
ball,1,9.5,England,JE Root,JM Bairstow,JT Smuts,0,0,"",""
ball,1,9.6,England,JE Root,JM Bairstow,JT Smuts,1,0,"",""
ball,1,10.1,England,JE Root,JM Bairstow,AL Phehlukwayo,1,0,"",""
ball,1,10.2,England,JM Bairstow,JE Root,AL Phehlukwayo,0,0,caught,JM Bairstow
ball,1,10.3,England,EJG Morgan,JE Root,AL Phehlukwayo,0,0,"",""
ball,1,10.4,England,EJG Morgan,JE Root,AL Phehlukwayo,0,0,"",""
ball,1,10.5,England,EJG Morgan,JE Root,AL Phehlukwayo,1,0,"",""
ball,1,10.6,England,JE Root,EJG Morgan,AL Phehlukwayo,0,1,"",""
ball,1,10.7,England,JE Root,EJG Morgan,AL Phehlukwayo,1,0,"",""
ball,1,11.1,England,JE Root,EJG Morgan,JT Smuts,1,0,"",""
ball,1,11.2,England,EJG Morgan,JE Root,JT Smuts,1,0,"",""
ball,1,11.3,England,JE Root,EJG Morgan,JT Smuts,1,0,"",""
ball,1,11.4,England,EJG Morgan,JE Root,JT Smuts,1,0,"",""
ball,1,11.5,England,JE Root,EJG Morgan,JT Smuts,1,0,"",""
ball,1,11.6,England,EJG Morgan,JE Root,JT Smuts,0,0,"",""
ball,1,12.1,England,JE Root,EJG Morgan,AL Phehlukwayo,1,0,"",""
ball,1,12.2,England,EJG Morgan,JE Root,AL Phehlukwayo,0,1,"",""
ball,1,12.3,England,JE Root,EJG Morgan,AL Phehlukwayo,0,1,"",""
ball,1,12.4,England,JE Root,EJG Morgan,AL Phehlukwayo,0,0,"",""
ball,1,12.5,England,JE Root,EJG Morgan,AL Phehlukwayo,0,0,"",""
ball,1,12.6,England,JE Root,EJG Morgan,AL Phehlukwayo,2,0,"",""
ball,1,12.7,England,JE Root,EJG Morgan,AL Phehlukwayo,0,0,"",""
ball,1,13.1,England,EJG Morgan,JE Root,JT Smuts,1,0,"",""
ball,1,13.2,England,JE Root,EJG Morgan,JT Smuts,1,0,"",""
ball,1,13.3,England,EJG Morgan,JE Root,JT Smuts,4,0,"",""
ball,1,13.4,England,EJG Morgan,JE Root,JT Smuts,1,0,"",""
ball,1,13.5,England,JE Root,EJG Morgan,JT Smuts,0,0,"",""
ball,1,13.6,England,JE Root,EJG Morgan,JT Smuts,1,0,"",""
ball,1,14.1,England,JE Root,EJG Morgan,AL Phehlukwayo,0,0,"",""
ball,1,14.2,England,JE Root,EJG Morgan,AL Phehlukwayo,2,0,"",""
ball,1,14.3,England,JE Root,EJG Morgan,AL Phehlukwayo,3,0,"",""
ball,1,14.4,England,EJG Morgan,JE Root,AL Phehlukwayo,2,0,"",""
ball,1,14.5,England,EJG Morgan,JE Root,AL Phehlukwayo,0,1,"",""
ball,1,14.6,England,EJG Morgan,JE Root,AL Phehlukwayo,0,0,"",""
ball,1,14.7,England,EJG Morgan,JE Root,AL Phehlukwayo,0,0,"",""
ball,1,15.1,England,JE Root,EJG Morgan,T Shamsi,1,0,"",""
ball,1,15.2,England,EJG Morgan,JE Root,T Shamsi,0,0,"",""
ball,1,15.3,England,EJG Morgan,JE Root,T Shamsi,0,0,run out,JE Root
ball,1,15.4,England,EJG Morgan,JL Denly,T Shamsi,0,0,"",""
ball,1,15.5,England,EJG Morgan,JL Denly,T Shamsi,0,0,"",""
ball,1,15.6,England,EJG Morgan,JL Denly,T Shamsi,0,0,caught,EJG Morgan
ball,1,16.1,England,JL Denly,T Banton,AL Phehlukwayo,1,0,"",""
ball,1,16.2,England,T Banton,JL Denly,AL Phehlukwayo,0,0,"",""
ball,1,16.3,England,T Banton,JL Denly,AL Phehlukwayo,0,0,"",""
ball,1,16.4,England,T Banton,JL Denly,AL Phehlukwayo,0,0,"",""
ball,1,16.5,England,T Banton,JL Denly,AL Phehlukwayo,0,0,"",""
ball,1,16.6,England,T Banton,JL Denly,AL Phehlukwayo,0,0,"",""
ball,1,17.1,England,JL Denly,T Banton,T Shamsi,1,0,"",""
ball,1,17.2,England,T Banton,JL Denly,T Shamsi,0,0,"",""
ball,1,17.3,England,T Banton,JL Denly,T Shamsi,0,0,"",""
ball,1,17.4,England,T Banton,JL Denly,T Shamsi,1,0,"",""
ball,1,17.5,England,JL Denly,T Banton,T Shamsi,0,1,"",""
ball,1,17.6,England,JL Denly,T Banton,T Shamsi,1,0,"",""
ball,1,17.7,England,T Banton,JL Denly,T Shamsi,1,0,"",""
ball,1,18.1,England,T Banton,JL Denly,AL Phehlukwayo,4,0,"",""
ball,1,18.2,England,T Banton,JL Denly,AL Phehlukwayo,0,0,"",""
ball,1,18.3,England,T Banton,JL Denly,AL Phehlukwayo,0,0,"",""
ball,1,18.4,England,T Banton,JL Denly,AL Phehlukwayo,0,0,"",""
ball,1,18.5,England,T Banton,JL Denly,AL Phehlukwayo,1,0,"",""
ball,1,18.6,England,JL Denly,T Banton,AL Phehlukwayo,0,0,"",""
ball,1,19.1,England,T Banton,JL Denly,T Shamsi,0,0,"",""
ball,1,19.2,England,T Banton,JL Denly,T Shamsi,4,0,"",""
ball,1,19.3,England,T Banton,JL Denly,T Shamsi,1,0,"",""
ball,1,19.4,England,JL Denly,T Banton,T Shamsi,0,0,"",""
ball,1,19.5,England,JL Denly,T Banton,T Shamsi,0,0,"",""
ball,1,19.6,England,JL Denly,T Banton,T Shamsi,1,0,"",""
ball,1,20.1,England,JL Denly,T Banton,AL Phehlukwayo,0,0,"",""
ball,1,20.2,England,JL Denly,T Banton,AL Phehlukwayo,0,0,"",""
ball,1,20.3,England,JL Denly,T Banton,AL Phehlukwayo,1,0,"",""
ball,1,20.4,England,T Banton,JL Denly,AL Phehlukwayo,0,0,"",""
ball,1,20.5,England,T Banton,JL Denly,AL Phehlukwayo,4,0,"",""
ball,1,20.6,England,T Banton,JL Denly,AL Phehlukwayo,1,0,"",""
ball,1,21.1,England,T Banton,JL Denly,T Shamsi,1,0,"",""
ball,1,21.2,England,JL Denly,T Banton,T Shamsi,0,0,"",""
ball,1,21.3,England,JL Denly,T Banton,T Shamsi,1,0,"",""
ball,1,21.4,England,T Banton,JL Denly,T Shamsi,0,0,"",""
ball,1,21.5,England,T Banton,JL Denly,T Shamsi,0,0,lbw,T Banton
ball,1,21.6,England,SM Curran,JL Denly,T Shamsi,0,0,"",""
ball,1,22.1,England,JL Denly,SM Curran,L Ngidi,1,0,"",""
ball,1,22.2,England,SM Curran,JL Denly,L Ngidi,0,0,"",""
ball,1,22.3,England,SM Curran,JL Denly,L Ngidi,0,0,"",""
ball,1,22.4,England,SM Curran,JL Denly,L Ngidi,0,0,"",""
ball,1,22.5,England,SM Curran,JL Denly,L Ngidi,1,0,"",""
ball,1,22.6,England,JL Denly,SM Curran,L Ngidi,1,0,"",""
ball,1,23.1,England,JL Denly,SM Curran,T Shamsi,1,0,"",""
ball,1,23.2,England,SM Curran,JL Denly,T Shamsi,0,0,"",""
ball,1,23.3,England,SM Curran,JL Denly,T Shamsi,0,0,"",""
ball,1,23.4,England,SM Curran,JL Denly,T Shamsi,0,0,"",""
ball,1,23.5,England,SM Curran,JL Denly,T Shamsi,1,0,"",""
ball,1,23.6,England,JL Denly,SM Curran,T Shamsi,0,1,"",""
ball,1,23.7,England,JL Denly,SM Curran,T Shamsi,1,0,"",""
ball,1,24.1,England,JL Denly,SM Curran,L Ngidi,0,0,"",""
ball,1,24.2,England,JL Denly,SM Curran,L Ngidi,1,0,"",""
ball,1,24.3,England,SM Curran,JL Denly,L Ngidi,0,0,"",""
ball,1,24.4,England,SM Curran,JL Denly,L Ngidi,1,0,"",""
ball,1,24.5,England,JL Denly,SM Curran,L Ngidi,0,0,"",""
ball,1,24.6,England,JL Denly,SM Curran,L Ngidi,1,0,"",""
ball,1,25.1,England,JL Denly,SM Curran,T Shamsi,0,0,"",""
ball,1,25.2,England,JL Denly,SM Curran,T Shamsi,1,0,"",""
ball,1,25.3,England,SM Curran,JL Denly,T Shamsi,0,0,"",""
ball,1,25.4,England,SM Curran,JL Denly,T Shamsi,0,0,"",""
ball,1,25.5,England,SM Curran,JL Denly,T Shamsi,1,0,"",""
ball,1,25.6,England,JL Denly,SM Curran,T Shamsi,1,0,"",""
ball,1,26.1,England,JL Denly,SM Curran,L Sipamla,1,0,"",""
ball,1,26.2,England,SM Curran,JL Denly,L Sipamla,1,0,"",""
ball,1,26.3,England,JL Denly,SM Curran,L Sipamla,0,0,"",""
ball,1,26.4,England,JL Denly,SM Curran,L Sipamla,0,0,"",""
ball,1,26.5,England,JL Denly,SM Curran,L Sipamla,0,0,"",""
ball,1,26.6,England,JL Denly,SM Curran,L Sipamla,4,0,"",""
ball,1,27.1,England,SM Curran,JL Denly,T Shamsi,1,0,"",""
ball,1,27.2,England,JL Denly,SM Curran,T Shamsi,0,1,"",""
ball,1,27.3,England,SM Curran,JL Denly,T Shamsi,1,0,"",""
ball,1,27.4,England,JL Denly,SM Curran,T Shamsi,1,0,"",""
ball,1,27.5,England,SM Curran,JL Denly,T Shamsi,0,0,bowled,SM Curran
ball,1,27.6,England,CR Woakes,JL Denly,T Shamsi,0,0,"",""
ball,1,28.1,England,JL Denly,CR Woakes,L Sipamla,2,0,"",""
ball,1,28.2,England,JL Denly,CR Woakes,L Sipamla,0,0,"",""
ball,1,28.3,England,JL Denly,CR Woakes,L Sipamla,0,0,"",""
ball,1,28.4,England,JL Denly,CR Woakes,L Sipamla,1,0,"",""
ball,1,28.5,England,CR Woakes,JL Denly,L Sipamla,0,0,"",""
ball,1,28.6,England,CR Woakes,JL Denly,L Sipamla,1,0,"",""
ball,1,29.1,England,CR Woakes,JL Denly,T Shamsi,0,0,"",""
ball,1,29.2,England,CR Woakes,JL Denly,T Shamsi,0,0,"",""
ball,1,29.3,England,CR Woakes,JL Denly,T Shamsi,1,0,"",""
ball,1,29.4,England,JL Denly,CR Woakes,T Shamsi,0,0,"",""
ball,1,29.5,England,JL Denly,CR Woakes,T Shamsi,1,0,"",""
ball,1,29.6,England,CR Woakes,JL Denly,T Shamsi,0,0,"",""
ball,1,30.1,England,JL Denly,CR Woakes,L Sipamla,0,0,"",""
ball,1,30.2,England,JL Denly,CR Woakes,L Sipamla,0,0,"",""
ball,1,30.3,England,JL Denly,CR Woakes,L Sipamla,0,0,"",""
ball,1,30.4,England,JL Denly,CR Woakes,L Sipamla,0,0,"",""
ball,1,30.5,England,JL Denly,CR Woakes,L Sipamla,0,0,"",""
ball,1,30.6,England,JL Denly,CR Woakes,L Sipamla,1,0,"",""
ball,1,31.1,England,JL Denly,CR Woakes,JT Smuts,0,0,"",""
ball,1,31.2,England,JL Denly,CR Woakes,JT Smuts,0,0,"",""
ball,1,31.3,England,JL Denly,CR Woakes,JT Smuts,1,0,"",""
ball,1,31.4,England,CR Woakes,JL Denly,JT Smuts,0,0,"",""
ball,1,31.5,England,CR Woakes,JL Denly,JT Smuts,1,0,"",""
ball,1,31.6,England,JL Denly,CR Woakes,JT Smuts,0,0,"",""
ball,1,32.1,England,CR Woakes,JL Denly,L Sipamla,0,1,"",""
ball,1,32.2,England,CR Woakes,JL Denly,L Sipamla,1,0,"",""
ball,1,32.3,England,JL Denly,CR Woakes,L Sipamla,0,0,"",""
ball,1,32.4,England,JL Denly,CR Woakes,L Sipamla,0,0,"",""
ball,1,32.5,England,JL Denly,CR Woakes,L Sipamla,4,0,"",""
ball,1,32.6,England,JL Denly,CR Woakes,L Sipamla,1,0,"",""
ball,1,32.7,England,CR Woakes,JL Denly,L Sipamla,2,0,"",""
ball,1,33.1,England,JL Denly,CR Woakes,JT Smuts,0,0,"",""
ball,1,33.2,England,JL Denly,CR Woakes,JT Smuts,0,0,"",""
ball,1,33.3,England,JL Denly,CR Woakes,JT Smuts,1,0,"",""
ball,1,33.4,England,CR Woakes,JL Denly,JT Smuts,0,0,"",""
ball,1,33.5,England,CR Woakes,JL Denly,JT Smuts,1,0,"",""
ball,1,33.6,England,JL Denly,CR Woakes,JT Smuts,0,0,"",""
ball,1,34.1,England,CR Woakes,JL Denly,BE Hendricks,0,0,"",""
ball,1,34.2,England,CR Woakes,JL Denly,BE Hendricks,1,0,"",""
ball,1,34.3,England,JL Denly,CR Woakes,BE Hendricks,0,0,"",""
ball,1,34.4,England,JL Denly,CR Woakes,BE Hendricks,0,0,"",""
ball,1,34.5,England,JL Denly,CR Woakes,BE Hendricks,1,0,"",""
ball,1,34.6,England,CR Woakes,JL Denly,BE Hendricks,1,0,"",""
ball,1,35.1,England,CR Woakes,JL Denly,JT Smuts,2,0,"",""
ball,1,35.2,England,CR Woakes,JL Denly,JT Smuts,1,0,"",""
ball,1,35.3,England,JL Denly,CR Woakes,JT Smuts,0,0,"",""
ball,1,35.4,England,JL Denly,CR Woakes,JT Smuts,0,0,"",""
ball,1,35.5,England,JL Denly,CR Woakes,JT Smuts,1,0,"",""
ball,1,35.6,England,CR Woakes,JL Denly,JT Smuts,4,0,"",""
ball,1,36.1,England,JL Denly,CR Woakes,BE Hendricks,1,0,"",""
ball,1,36.2,England,CR Woakes,JL Denly,BE Hendricks,4,0,"",""
ball,1,36.3,England,CR Woakes,JL Denly,BE Hendricks,0,0,"",""
ball,1,36.4,England,CR Woakes,JL Denly,BE Hendricks,2,0,"",""
ball,1,36.5,England,CR Woakes,JL Denly,BE Hendricks,0,1,"",""
ball,1,36.6,England,CR Woakes,JL Denly,BE Hendricks,2,0,"",""
ball,1,36.7,England,CR Woakes,JL Denly,BE Hendricks,1,0,"",""
ball,1,37.1,England,CR Woakes,JL Denly,JT Smuts,0,0,"",""
ball,1,37.2,England,CR Woakes,JL Denly,JT Smuts,0,0,"",""
ball,1,37.3,England,CR Woakes,JL Denly,JT Smuts,1,0,"",""
ball,1,37.4,England,JL Denly,CR Woakes,JT Smuts,1,0,"",""
ball,1,37.5,England,CR Woakes,JL Denly,JT Smuts,0,0,"",""
ball,1,37.6,England,CR Woakes,JL Denly,JT Smuts,1,0,"",""
ball,1,38.1,England,CR Woakes,JL Denly,AL Phehlukwayo,1,0,"",""
ball,1,38.2,England,JL Denly,CR Woakes,AL Phehlukwayo,0,0,"",""
ball,1,38.3,England,JL Denly,CR Woakes,AL Phehlukwayo,0,0,"",""
ball,1,38.4,England,JL Denly,CR Woakes,AL Phehlukwayo,4,0,"",""
ball,1,38.5,England,JL Denly,CR Woakes,AL Phehlukwayo,4,0,"",""
ball,1,38.6,England,JL Denly,CR Woakes,AL Phehlukwayo,1,0,"",""
ball,1,39.1,England,JL Denly,CR Woakes,JT Smuts,0,0,"",""
ball,1,39.2,England,JL Denly,CR Woakes,JT Smuts,1,0,"",""
ball,1,39.3,England,CR Woakes,JL Denly,JT Smuts,1,0,"",""
ball,1,39.4,England,JL Denly,CR Woakes,JT Smuts,1,0,"",""
ball,1,39.5,England,CR Woakes,JL Denly,JT Smuts,1,0,"",""
ball,1,39.6,England,JL Denly,CR Woakes,JT Smuts,1,0,"",""
ball,1,40.1,England,JL Denly,CR Woakes,L Sipamla,2,0,"",""
ball,1,40.2,England,JL Denly,CR Woakes,L Sipamla,0,0,"",""
ball,1,40.3,England,JL Denly,CR Woakes,L Sipamla,1,0,"",""
ball,1,40.4,England,CR Woakes,JL Denly,L Sipamla,1,0,"",""
ball,1,40.5,England,JL Denly,CR Woakes,L Sipamla,2,0,"",""
ball,1,40.6,England,JL Denly,CR Woakes,L Sipamla,0,0,"",""
ball,1,41.1,England,CR Woakes,JL Denly,JT Smuts,2,0,"",""
ball,1,41.2,England,CR Woakes,JL Denly,JT Smuts,1,0,"",""
ball,1,41.3,England,JL Denly,CR Woakes,JT Smuts,1,0,"",""
ball,1,41.4,England,CR Woakes,JL Denly,JT Smuts,2,0,"",""
ball,1,41.5,England,CR Woakes,JL Denly,JT Smuts,1,0,"",""
ball,1,41.6,England,JL Denly,CR Woakes,JT Smuts,1,0,"",""
ball,1,42.1,England,JL Denly,CR Woakes,L Sipamla,1,0,"",""
ball,1,42.2,England,CR Woakes,JL Denly,L Sipamla,1,0,"",""
ball,1,42.3,England,JL Denly,CR Woakes,L Sipamla,0,0,"",""
ball,1,42.4,England,JL Denly,CR Woakes,L Sipamla,2,0,"",""
ball,1,42.5,England,JL Denly,CR Woakes,L Sipamla,4,0,"",""
ball,1,42.6,England,JL Denly,CR Woakes,L Sipamla,0,1,"",""
ball,1,42.7,England,JL Denly,CR Woakes,L Sipamla,0,0,"",""
ball,1,43.1,England,CR Woakes,JL Denly,T Shamsi,1,0,"",""
ball,1,43.2,England,JL Denly,CR Woakes,T Shamsi,1,0,"",""
ball,1,43.3,England,CR Woakes,JL Denly,T Shamsi,1,0,"",""
ball,1,43.4,England,JL Denly,CR Woakes,T Shamsi,0,0,"",""
ball,1,43.5,England,JL Denly,CR Woakes,T Shamsi,0,0,"",""
ball,1,43.6,England,JL Denly,CR Woakes,T Shamsi,4,0,"",""
ball,1,44.1,England,CR Woakes,JL Denly,L Sipamla,0,1,"",""
ball,1,44.2,England,CR Woakes,JL Denly,L Sipamla,0,0,caught,CR Woakes
ball,1,44.3,England,TK Curran,JL Denly,L Sipamla,0,0,"",""
ball,1,44.4,England,TK Curran,JL Denly,L Sipamla,0,0,"",""
ball,1,44.5,England,TK Curran,JL Denly,L Sipamla,2,0,"",""
ball,1,44.6,England,TK Curran,JL Denly,L Sipamla,1,0,"",""
ball,1,44.7,England,JL Denly,TK Curran,L Sipamla,1,0,"",""
ball,1,45.1,England,JL Denly,TK Curran,T Shamsi,1,0,"",""
ball,1,45.2,England,TK Curran,JL Denly,T Shamsi,1,0,"",""
ball,1,45.3,England,JL Denly,TK Curran,T Shamsi,1,0,"",""
ball,1,45.4,England,TK Curran,JL Denly,T Shamsi,0,0,"",""
ball,1,45.5,England,TK Curran,JL Denly,T Shamsi,2,0,"",""
ball,1,45.6,England,TK Curran,JL Denly,T Shamsi,0,0,"",""
ball,1,46.1,England,JL Denly,TK Curran,L Ngidi,1,0,"",""
ball,1,46.2,England,TK Curran,JL Denly,L Ngidi,0,0,"",""
ball,1,46.3,England,TK Curran,JL Denly,L Ngidi,1,0,"",""
ball,1,46.4,England,JL Denly,TK Curran,L Ngidi,6,0,"",""
ball,1,46.5,England,JL Denly,TK Curran,L Ngidi,0,0,"",""
ball,1,46.6,England,JL Denly,TK Curran,L Ngidi,0,0,"",""
ball,1,47.1,England,TK Curran,JL Denly,BE Hendricks,1,0,"",""
ball,1,47.2,England,JL Denly,TK Curran,BE Hendricks,1,0,"",""
ball,1,47.3,England,TK Curran,JL Denly,BE Hendricks,1,0,"",""
ball,1,47.4,England,JL Denly,TK Curran,BE Hendricks,0,0,"",""
ball,1,47.5,England,JL Denly,TK Curran,BE Hendricks,0,0,"",""
ball,1,47.6,England,JL Denly,TK Curran,BE Hendricks,1,0,"",""
ball,1,48.1,England,JL Denly,TK Curran,L Ngidi,0,0,"",""
ball,1,48.2,England,JL Denly,TK Curran,L Ngidi,1,0,"",""
ball,1,48.3,England,TK Curran,JL Denly,L Ngidi,1,0,"",""
ball,1,48.4,England,JL Denly,TK Curran,L Ngidi,1,0,"",""
ball,1,48.5,England,TK Curran,JL Denly,L Ngidi,1,0,"",""
ball,1,48.6,England,JL Denly,TK Curran,L Ngidi,6,0,"",""
ball,1,49.1,England,TK Curran,JL Denly,BE Hendricks,1,0,"",""
ball,1,49.2,England,JL Denly,TK Curran,BE Hendricks,0,0,caught,JL Denly
ball,1,49.3,England,TK Curran,CJ Jordan,BE Hendricks,1,0,"",""
ball,1,49.4,England,CJ Jordan,TK Curran,BE Hendricks,1,0,"",""
ball,1,49.5,England,TK Curran,CJ Jordan,BE Hendricks,0,0,"",""
ball,1,49.6,England,TK Curran,CJ Jordan,BE Hendricks,2,0,"",""
ball,2,0.1,South Africa,Q de Kock,RR Hendricks,CR Woakes,0,0,"",""
ball,2,0.2,South Africa,Q de Kock,RR Hendricks,CR Woakes,0,0,"",""
ball,2,0.3,South Africa,Q de Kock,RR Hendricks,CR Woakes,0,0,"",""
ball,2,0.4,South Africa,Q de Kock,RR Hendricks,CR Woakes,1,0,"",""
ball,2,0.5,South Africa,RR Hendricks,Q de Kock,CR Woakes,0,0,"",""
ball,2,0.6,South Africa,RR Hendricks,Q de Kock,CR Woakes,0,0,"",""
ball,2,1.1,South Africa,Q de Kock,RR Hendricks,SM Curran,4,0,"",""
ball,2,1.2,South Africa,Q de Kock,RR Hendricks,SM Curran,0,0,"",""
ball,2,1.3,South Africa,Q de Kock,RR Hendricks,SM Curran,1,0,"",""
ball,2,1.4,South Africa,RR Hendricks,Q de Kock,SM Curran,1,0,"",""
ball,2,1.5,South Africa,Q de Kock,RR Hendricks,SM Curran,0,0,"",""
ball,2,1.6,South Africa,Q de Kock,RR Hendricks,SM Curran,1,0,"",""
ball,2,2.1,South Africa,Q de Kock,RR Hendricks,CR Woakes,0,0,"",""
ball,2,2.2,South Africa,Q de Kock,RR Hendricks,CR Woakes,0,0,"",""
ball,2,2.3,South Africa,Q de Kock,RR Hendricks,CR Woakes,0,0,"",""
ball,2,2.4,South Africa,Q de Kock,RR Hendricks,CR Woakes,2,0,"",""
ball,2,2.5,South Africa,Q de Kock,RR Hendricks,CR Woakes,0,0,"",""
ball,2,2.6,South Africa,Q de Kock,RR Hendricks,CR Woakes,1,0,"",""
ball,2,3.1,South Africa,Q de Kock,RR Hendricks,SM Curran,0,0,"",""
ball,2,3.2,South Africa,Q de Kock,RR Hendricks,SM Curran,0,0,"",""
ball,2,3.3,South Africa,Q de Kock,RR Hendricks,SM Curran,0,0,"",""
ball,2,3.4,South Africa,Q de Kock,RR Hendricks,SM Curran,1,0,"",""
ball,2,3.5,South Africa,RR Hendricks,Q de Kock,SM Curran,4,0,"",""
ball,2,3.6,South Africa,RR Hendricks,Q de Kock,SM Curran,0,0,"",""
ball,2,4.1,South Africa,Q de Kock,RR Hendricks,CR Woakes,1,0,"",""
ball,2,4.2,South Africa,RR Hendricks,Q de Kock,CR Woakes,1,0,"",""
ball,2,4.3,South Africa,Q de Kock,RR Hendricks,CR Woakes,0,0,"",""
ball,2,4.4,South Africa,Q de Kock,RR Hendricks,CR Woakes,0,0,"",""
ball,2,4.5,South Africa,Q de Kock,RR Hendricks,CR Woakes,0,0,"",""
ball,2,4.6,South Africa,Q de Kock,RR Hendricks,CR Woakes,1,0,"",""
ball,2,5.1,South Africa,Q de Kock,RR Hendricks,SM Curran,4,0,"",""
ball,2,5.2,South Africa,Q de Kock,RR Hendricks,SM Curran,0,0,"",""
ball,2,5.3,South Africa,Q de Kock,RR Hendricks,SM Curran,1,0,"",""
ball,2,5.4,South Africa,RR Hendricks,Q de Kock,SM Curran,0,0,"",""
ball,2,5.5,South Africa,RR Hendricks,Q de Kock,SM Curran,0,0,"",""
ball,2,5.6,South Africa,RR Hendricks,Q de Kock,SM Curran,0,0,"",""
ball,2,6.1,South Africa,Q de Kock,RR Hendricks,CR Woakes,1,0,"",""
ball,2,6.2,South Africa,RR Hendricks,Q de Kock,CR Woakes,0,0,"",""
ball,2,6.3,South Africa,RR Hendricks,Q de Kock,CR Woakes,0,0,"",""
ball,2,6.4,South Africa,RR Hendricks,Q de Kock,CR Woakes,0,0,"",""
ball,2,6.5,South Africa,RR Hendricks,Q de Kock,CR Woakes,0,0,"",""
ball,2,6.6,South Africa,RR Hendricks,Q de Kock,CR Woakes,0,0,caught,RR Hendricks
ball,2,7.1,South Africa,Q de Kock,T Bavuma,JE Root,1,0,"",""
ball,2,7.2,South Africa,T Bavuma,Q de Kock,JE Root,0,0,"",""
ball,2,7.3,South Africa,T Bavuma,Q de Kock,JE Root,0,0,"",""
ball,2,7.4,South Africa,T Bavuma,Q de Kock,JE Root,0,0,"",""
ball,2,7.5,South Africa,T Bavuma,Q de Kock,JE Root,4,0,"",""
ball,2,7.6,South Africa,T Bavuma,Q de Kock,JE Root,0,0,"",""
ball,2,8.1,South Africa,Q de Kock,T Bavuma,CR Woakes,0,0,"",""
ball,2,8.2,South Africa,Q de Kock,T Bavuma,CR Woakes,0,0,"",""
ball,2,8.3,South Africa,Q de Kock,T Bavuma,CR Woakes,1,0,"",""
ball,2,8.4,South Africa,T Bavuma,Q de Kock,CR Woakes,1,0,"",""
ball,2,8.5,South Africa,Q de Kock,T Bavuma,CR Woakes,1,0,"",""
ball,2,8.6,South Africa,T Bavuma,Q de Kock,CR Woakes,2,0,"",""
ball,2,9.1,South Africa,Q de Kock,T Bavuma,JE Root,1,0,"",""
ball,2,9.2,South Africa,T Bavuma,Q de Kock,JE Root,1,0,"",""
ball,2,9.3,South Africa,Q de Kock,T Bavuma,JE Root,1,0,"",""
ball,2,9.4,South Africa,T Bavuma,Q de Kock,JE Root,1,0,"",""
ball,2,9.5,South Africa,Q de Kock,T Bavuma,JE Root,1,0,"",""
ball,2,9.6,South Africa,T Bavuma,Q de Kock,JE Root,1,0,"",""
ball,2,10.1,South Africa,T Bavuma,Q de Kock,TK Curran,0,0,"",""
ball,2,10.2,South Africa,T Bavuma,Q de Kock,TK Curran,0,0,"",""
ball,2,10.3,South Africa,T Bavuma,Q de Kock,TK Curran,0,0,"",""
ball,2,10.4,South Africa,T Bavuma,Q de Kock,TK Curran,1,0,"",""
ball,2,10.5,South Africa,Q de Kock,T Bavuma,TK Curran,0,0,"",""
ball,2,10.6,South Africa,Q de Kock,T Bavuma,TK Curran,4,0,"",""
ball,2,11.1,South Africa,T Bavuma,Q de Kock,JE Root,4,0,"",""
ball,2,11.2,South Africa,T Bavuma,Q de Kock,JE Root,0,0,"",""
ball,2,11.3,South Africa,T Bavuma,Q de Kock,JE Root,1,0,"",""
ball,2,11.4,South Africa,Q de Kock,T Bavuma,JE Root,1,0,"",""
ball,2,11.5,South Africa,T Bavuma,Q de Kock,JE Root,0,0,"",""
ball,2,11.6,South Africa,T Bavuma,Q de Kock,JE Root,0,0,"",""
ball,2,12.1,South Africa,Q de Kock,T Bavuma,TK Curran,0,0,"",""
ball,2,12.2,South Africa,Q de Kock,T Bavuma,TK Curran,0,0,"",""
ball,2,12.3,South Africa,Q de Kock,T Bavuma,TK Curran,1,0,"",""
ball,2,12.4,South Africa,T Bavuma,Q de Kock,TK Curran,0,1,"",""
ball,2,12.5,South Africa,T Bavuma,Q de Kock,TK Curran,0,0,"",""
ball,2,12.6,South Africa,T Bavuma,Q de Kock,TK Curran,1,0,"",""
ball,2,12.7,South Africa,Q de Kock,T Bavuma,TK Curran,1,0,"",""
ball,2,13.1,South Africa,Q de Kock,T Bavuma,MW Parkinson,1,0,"",""
ball,2,13.2,South Africa,T Bavuma,Q de Kock,MW Parkinson,2,0,"",""
ball,2,13.3,South Africa,T Bavuma,Q de Kock,MW Parkinson,0,0,"",""
ball,2,13.4,South Africa,T Bavuma,Q de Kock,MW Parkinson,0,0,"",""
ball,2,13.5,South Africa,T Bavuma,Q de Kock,MW Parkinson,1,0,"",""
ball,2,13.6,South Africa,Q de Kock,T Bavuma,MW Parkinson,4,0,"",""
ball,2,14.1,South Africa,T Bavuma,Q de Kock,TK Curran,1,0,"",""
ball,2,14.2,South Africa,Q de Kock,T Bavuma,TK Curran,2,0,"",""
ball,2,14.3,South Africa,Q de Kock,T Bavuma,TK Curran,0,0,"",""
ball,2,14.4,South Africa,Q de Kock,T Bavuma,TK Curran,1,0,"",""
ball,2,14.5,South Africa,T Bavuma,Q de Kock,TK Curran,1,0,"",""
ball,2,14.6,South Africa,Q de Kock,T Bavuma,TK Curran,0,0,"",""
ball,2,15.1,South Africa,T Bavuma,Q de Kock,MW Parkinson,0,0,"",""
ball,2,15.2,South Africa,T Bavuma,Q de Kock,MW Parkinson,2,0,"",""
ball,2,15.3,South Africa,T Bavuma,Q de Kock,MW Parkinson,1,0,"",""
ball,2,15.4,South Africa,Q de Kock,T Bavuma,MW Parkinson,2,0,"",""
ball,2,15.5,South Africa,Q de Kock,T Bavuma,MW Parkinson,1,0,"",""
ball,2,15.6,South Africa,T Bavuma,Q de Kock,MW Parkinson,1,0,"",""
ball,2,16.1,South Africa,T Bavuma,Q de Kock,CJ Jordan,2,0,"",""
ball,2,16.2,South Africa,T Bavuma,Q de Kock,CJ Jordan,1,0,"",""
ball,2,16.3,South Africa,Q de Kock,T Bavuma,CJ Jordan,1,0,"",""
ball,2,16.4,South Africa,T Bavuma,Q de Kock,CJ Jordan,1,0,"",""
ball,2,16.5,South Africa,Q de Kock,T Bavuma,CJ Jordan,1,0,"",""
ball,2,16.6,South Africa,T Bavuma,Q de Kock,CJ Jordan,4,0,"",""
ball,2,17.1,South Africa,Q de Kock,T Bavuma,MW Parkinson,1,0,"",""
ball,2,17.2,South Africa,T Bavuma,Q de Kock,MW Parkinson,0,0,"",""
ball,2,17.3,South Africa,T Bavuma,Q de Kock,MW Parkinson,0,0,"",""
ball,2,17.4,South Africa,T Bavuma,Q de Kock,MW Parkinson,0,0,"",""
ball,2,17.5,South Africa,T Bavuma,Q de Kock,MW Parkinson,1,0,"",""
ball,2,17.6,South Africa,Q de Kock,T Bavuma,MW Parkinson,0,0,"",""
ball,2,18.1,South Africa,T Bavuma,Q de Kock,CJ Jordan,1,0,"",""
ball,2,18.2,South Africa,Q de Kock,T Bavuma,CJ Jordan,1,0,"",""
ball,2,18.3,South Africa,T Bavuma,Q de Kock,CJ Jordan,4,0,"",""
ball,2,18.4,South Africa,T Bavuma,Q de Kock,CJ Jordan,1,0,"",""
ball,2,18.5,South Africa,Q de Kock,T Bavuma,CJ Jordan,0,0,"",""
ball,2,18.6,South Africa,Q de Kock,T Bavuma,CJ Jordan,1,0,"",""
ball,2,19.1,South Africa,Q de Kock,T Bavuma,MW Parkinson,1,0,"",""
ball,2,19.2,South Africa,T Bavuma,Q de Kock,MW Parkinson,1,0,"",""
ball,2,19.3,South Africa,Q de Kock,T Bavuma,MW Parkinson,0,0,"",""
ball,2,19.4,South Africa,Q de Kock,T Bavuma,MW Parkinson,1,0,"",""
ball,2,19.5,South Africa,T Bavuma,Q de Kock,MW Parkinson,0,0,"",""
ball,2,19.6,South Africa,T Bavuma,Q de Kock,MW Parkinson,1,0,"",""
ball,2,20.1,South Africa,T Bavuma,Q de Kock,SM Curran,2,0,"",""
ball,2,20.2,South Africa,T Bavuma,Q de Kock,SM Curran,0,0,"",""
ball,2,20.3,South Africa,T Bavuma,Q de Kock,SM Curran,1,0,"",""
ball,2,20.4,South Africa,Q de Kock,T Bavuma,SM Curran,0,0,"",""
ball,2,20.5,South Africa,Q de Kock,T Bavuma,SM Curran,0,0,"",""
ball,2,20.6,South Africa,Q de Kock,T Bavuma,SM Curran,1,0,"",""
ball,2,21.1,South Africa,Q de Kock,T Bavuma,JL Denly,1,0,"",""
ball,2,21.2,South Africa,T Bavuma,Q de Kock,JL Denly,1,0,"",""
ball,2,21.3,South Africa,Q de Kock,T Bavuma,JL Denly,2,0,"",""
ball,2,21.4,South Africa,Q de Kock,T Bavuma,JL Denly,4,0,"",""
ball,2,21.5,South Africa,Q de Kock,T Bavuma,JL Denly,1,0,"",""
ball,2,21.6,South Africa,T Bavuma,Q de Kock,JL Denly,1,0,"",""
ball,2,22.1,South Africa,T Bavuma,Q de Kock,SM Curran,1,0,"",""
ball,2,22.2,South Africa,Q de Kock,T Bavuma,SM Curran,0,0,"",""
ball,2,22.3,South Africa,Q de Kock,T Bavuma,SM Curran,1,0,"",""
ball,2,22.4,South Africa,T Bavuma,Q de Kock,SM Curran,0,0,"",""
ball,2,22.5,South Africa,T Bavuma,Q de Kock,SM Curran,1,0,"",""
ball,2,22.6,South Africa,Q de Kock,T Bavuma,SM Curran,4,0,"",""
ball,2,23.1,South Africa,T Bavuma,Q de Kock,JL Denly,0,0,"",""
ball,2,23.2,South Africa,T Bavuma,Q de Kock,JL Denly,1,0,"",""
ball,2,23.3,South Africa,Q de Kock,T Bavuma,JL Denly,0,0,"",""
ball,2,23.4,South Africa,Q de Kock,T Bavuma,JL Denly,1,0,"",""
ball,2,23.5,South Africa,T Bavuma,Q de Kock,JL Denly,1,0,"",""
ball,2,23.6,South Africa,Q de Kock,T Bavuma,JL Denly,1,0,"",""
ball,2,24.1,South Africa,Q de Kock,T Bavuma,TK Curran,0,0,"",""
ball,2,24.2,South Africa,Q de Kock,T Bavuma,TK Curran,1,0,"",""
ball,2,24.3,South Africa,T Bavuma,Q de Kock,TK Curran,1,0,"",""
ball,2,24.4,South Africa,Q de Kock,T Bavuma,TK Curran,6,0,"",""
ball,2,24.5,South Africa,Q de Kock,T Bavuma,TK Curran,0,0,"",""
ball,2,24.6,South Africa,Q de Kock,T Bavuma,TK Curran,0,0,"",""
ball,2,25.1,South Africa,T Bavuma,Q de Kock,JL Denly,0,0,"",""
ball,2,25.2,South Africa,T Bavuma,Q de Kock,JL Denly,1,0,"",""
ball,2,25.3,South Africa,Q de Kock,T Bavuma,JL Denly,1,0,"",""
ball,2,25.4,South Africa,T Bavuma,Q de Kock,JL Denly,0,0,"",""
ball,2,25.5,South Africa,T Bavuma,Q de Kock,JL Denly,6,0,"",""
ball,2,25.6,South Africa,T Bavuma,Q de Kock,JL Denly,2,0,"",""
ball,2,26.1,South Africa,Q de Kock,T Bavuma,TK Curran,0,0,"",""
ball,2,26.2,South Africa,Q de Kock,T Bavuma,TK Curran,1,0,"",""
ball,2,26.3,South Africa,T Bavuma,Q de Kock,TK Curran,2,0,"",""
ball,2,26.4,South Africa,T Bavuma,Q de Kock,TK Curran,0,0,"",""
ball,2,26.5,South Africa,T Bavuma,Q de Kock,TK Curran,1,0,"",""
ball,2,26.6,South Africa,Q de Kock,T Bavuma,TK Curran,0,0,"",""
ball,2,27.1,South Africa,T Bavuma,Q de Kock,CR Woakes,0,0,"",""
ball,2,27.2,South Africa,T Bavuma,Q de Kock,CR Woakes,0,0,"",""
ball,2,27.3,South Africa,T Bavuma,Q de Kock,CR Woakes,6,0,"",""
ball,2,27.4,South Africa,T Bavuma,Q de Kock,CR Woakes,1,0,"",""
ball,2,27.5,South Africa,Q de Kock,T Bavuma,CR Woakes,1,0,"",""
ball,2,27.6,South Africa,T Bavuma,Q de Kock,CR Woakes,0,0,"",""
ball,2,28.1,South Africa,Q de Kock,T Bavuma,TK Curran,4,0,"",""
ball,2,28.2,South Africa,Q de Kock,T Bavuma,TK Curran,0,2,"",""
ball,2,28.3,South Africa,Q de Kock,T Bavuma,TK Curran,0,0,"",""
ball,2,28.4,South Africa,Q de Kock,T Bavuma,TK Curran,0,0,"",""
ball,2,28.5,South Africa,Q de Kock,T Bavuma,TK Curran,0,0,"",""
ball,2,28.6,South Africa,Q de Kock,T Bavuma,TK Curran,1,0,"",""
ball,2,29.1,South Africa,Q de Kock,T Bavuma,CR Woakes,0,0,"",""
ball,2,29.2,South Africa,Q de Kock,T Bavuma,CR Woakes,1,0,"",""
ball,2,29.3,South Africa,T Bavuma,Q de Kock,CR Woakes,0,0,"",""
ball,2,29.4,South Africa,T Bavuma,Q de Kock,CR Woakes,1,0,"",""
ball,2,29.5,South Africa,Q de Kock,T Bavuma,CR Woakes,0,0,"",""
ball,2,29.6,South Africa,Q de Kock,T Bavuma,CR Woakes,1,0,"",""
ball,2,30.1,South Africa,Q de Kock,T Bavuma,TK Curran,1,0,"",""
ball,2,30.2,South Africa,T Bavuma,Q de Kock,TK Curran,0,0,"",""
ball,2,30.3,South Africa,T Bavuma,Q de Kock,TK Curran,0,0,"",""
ball,2,30.4,South Africa,T Bavuma,Q de Kock,TK Curran,1,0,"",""
ball,2,30.5,South Africa,Q de Kock,T Bavuma,TK Curran,4,0,"",""
ball,2,30.6,South Africa,Q de Kock,T Bavuma,TK Curran,1,0,"",""
ball,2,31.1,South Africa,Q de Kock,T Bavuma,MW Parkinson,0,0,"",""
ball,2,31.2,South Africa,Q de Kock,T Bavuma,MW Parkinson,1,0,"",""
ball,2,31.3,South Africa,T Bavuma,Q de Kock,MW Parkinson,4,0,"",""
ball,2,31.4,South Africa,T Bavuma,Q de Kock,MW Parkinson,0,0,"",""
ball,2,31.5,South Africa,T Bavuma,Q de Kock,MW Parkinson,0,0,"",""
ball,2,31.6,South Africa,T Bavuma,Q de Kock,MW Parkinson,0,0,"",""
ball,2,32.1,South Africa,Q de Kock,T Bavuma,CR Woakes,4,0,"",""
ball,2,32.2,South Africa,Q de Kock,T Bavuma,CR Woakes,1,0,"",""
ball,2,32.3,South Africa,T Bavuma,Q de Kock,CR Woakes,1,0,"",""
ball,2,32.4,South Africa,Q de Kock,T Bavuma,CR Woakes,2,0,"",""
ball,2,32.5,South Africa,Q de Kock,T Bavuma,CR Woakes,0,0,"",""
ball,2,32.6,South Africa,Q de Kock,T Bavuma,CR Woakes,0,0,"",""
ball,2,33.1,South Africa,T Bavuma,Q de Kock,MW Parkinson,0,0,"",""
ball,2,33.2,South Africa,T Bavuma,Q de Kock,MW Parkinson,1,0,"",""
ball,2,33.3,South Africa,Q de Kock,T Bavuma,MW Parkinson,0,0,"",""
ball,2,33.4,South Africa,Q de Kock,T Bavuma,MW Parkinson,4,0,"",""
ball,2,33.5,South Africa,Q de Kock,T Bavuma,MW Parkinson,4,0,"",""
ball,2,33.6,South Africa,Q de Kock,T Bavuma,MW Parkinson,0,0,"",""
ball,2,34.1,South Africa,T Bavuma,Q de Kock,CR Woakes,1,0,"",""
ball,2,34.2,South Africa,Q de Kock,T Bavuma,CR Woakes,0,0,"",""
ball,2,34.3,South Africa,Q de Kock,T Bavuma,CR Woakes,1,0,"",""
ball,2,34.4,South Africa,T Bavuma,Q de Kock,CR Woakes,1,0,"",""
ball,2,34.5,South Africa,Q de Kock,T Bavuma,CR Woakes,0,0,"",""
ball,2,34.6,South Africa,Q de Kock,T Bavuma,CR Woakes,1,0,"",""
ball,2,35.1,South Africa,Q de Kock,T Bavuma,JE Root,0,0,bowled,Q de Kock
ball,2,35.2,South Africa,HE van der Dussen,T Bavuma,JE Root,2,0,"",""
ball,2,35.3,South Africa,HE van der Dussen,T Bavuma,JE Root,0,0,"",""
ball,2,35.4,South Africa,HE van der Dussen,T Bavuma,JE Root,1,0,"",""
ball,2,35.5,South Africa,T Bavuma,HE van der Dussen,JE Root,0,0,"",""
ball,2,35.6,South Africa,T Bavuma,HE van der Dussen,JE Root,1,0,"",""
ball,2,36.1,South Africa,T Bavuma,HE van der Dussen,JL Denly,1,0,"",""
ball,2,36.2,South Africa,HE van der Dussen,T Bavuma,JL Denly,0,0,"",""
ball,2,36.3,South Africa,HE van der Dussen,T Bavuma,JL Denly,1,0,"",""
ball,2,36.4,South Africa,T Bavuma,HE van der Dussen,JL Denly,0,0,"",""
ball,2,36.5,South Africa,T Bavuma,HE van der Dussen,JL Denly,1,0,"",""
ball,2,36.6,South Africa,HE van der Dussen,T Bavuma,JL Denly,1,0,"",""
ball,2,37.1,South Africa,HE van der Dussen,T Bavuma,JE Root,0,0,"",""
ball,2,37.2,South Africa,HE van der Dussen,T Bavuma,JE Root,0,0,"",""
ball,2,37.3,South Africa,HE van der Dussen,T Bavuma,JE Root,1,0,"",""
ball,2,37.4,South Africa,T Bavuma,HE van der Dussen,JE Root,1,0,"",""
ball,2,37.5,South Africa,HE van der Dussen,T Bavuma,JE Root,0,0,"",""
ball,2,37.6,South Africa,HE van der Dussen,T Bavuma,JE Root,0,0,"",""
ball,2,38.1,South Africa,T Bavuma,HE van der Dussen,JL Denly,3,0,"",""
ball,2,38.2,South Africa,HE van der Dussen,T Bavuma,JL Denly,0,0,"",""
ball,2,38.3,South Africa,HE van der Dussen,T Bavuma,JL Denly,0,0,"",""
ball,2,38.4,South Africa,HE van der Dussen,T Bavuma,JL Denly,0,0,"",""
ball,2,38.5,South Africa,HE van der Dussen,T Bavuma,JL Denly,1,0,"",""
ball,2,38.6,South Africa,T Bavuma,HE van der Dussen,JL Denly,2,0,"",""
ball,2,39.1,South Africa,HE van der Dussen,T Bavuma,JE Root,1,0,"",""
ball,2,39.2,South Africa,T Bavuma,HE van der Dussen,JE Root,1,0,"",""
ball,2,39.3,South Africa,HE van der Dussen,T Bavuma,JE Root,2,0,"",""
ball,2,39.4,South Africa,HE van der Dussen,T Bavuma,JE Root,0,0,"",""
ball,2,39.5,South Africa,HE van der Dussen,T Bavuma,JE Root,0,0,"",""
ball,2,39.6,South Africa,HE van der Dussen,T Bavuma,JE Root,0,0,"",""
ball,2,40.1,South Africa,T Bavuma,HE van der Dussen,JL Denly,2,0,"",""
ball,2,40.2,South Africa,T Bavuma,HE van der Dussen,JL Denly,0,0,"",""
ball,2,40.3,South Africa,T Bavuma,HE van der Dussen,JL Denly,0,0,"",""
ball,2,40.4,South Africa,T Bavuma,HE van der Dussen,JL Denly,1,0,"",""
ball,2,40.5,South Africa,HE van der Dussen,T Bavuma,JL Denly,4,0,"",""
ball,2,40.6,South Africa,HE van der Dussen,T Bavuma,JL Denly,0,0,"",""
ball,2,41.1,South Africa,T Bavuma,HE van der Dussen,JE Root,0,0,"",""
ball,2,41.2,South Africa,T Bavuma,HE van der Dussen,JE Root,2,0,"",""
ball,2,41.3,South Africa,T Bavuma,HE van der Dussen,JE Root,1,0,"",""
ball,2,41.4,South Africa,HE van der Dussen,T Bavuma,JE Root,4,0,"",""
ball,2,41.5,South Africa,HE van der Dussen,T Bavuma,JE Root,1,0,"",""
ball,2,41.6,South Africa,T Bavuma,HE van der Dussen,JE Root,0,0,"",""
ball,2,42.1,South Africa,HE van der Dussen,T Bavuma,CJ Jordan,0,0,"",""
ball,2,42.2,South Africa,HE van der Dussen,T Bavuma,CJ Jordan,1,0,"",""
ball,2,42.3,South Africa,T Bavuma,HE van der Dussen,CJ Jordan,0,0,"",""
ball,2,42.4,South Africa,T Bavuma,HE van der Dussen,CJ Jordan,0,0,lbw,T Bavuma
ball,2,42.5,South Africa,JT Smuts,HE van der Dussen,CJ Jordan,0,0,"",""
ball,2,42.6,South Africa,JT Smuts,HE van der Dussen,CJ Jordan,0,0,"",""
ball,2,43.1,South Africa,HE van der Dussen,JT Smuts,MW Parkinson,2,0,"",""
ball,2,43.2,South Africa,HE van der Dussen,JT Smuts,MW Parkinson,0,0,"",""
ball,2,43.3,South Africa,HE van der Dussen,JT Smuts,MW Parkinson,0,0,"",""
ball,2,43.4,South Africa,HE van der Dussen,JT Smuts,MW Parkinson,0,0,"",""
ball,2,43.5,South Africa,HE van der Dussen,JT Smuts,MW Parkinson,0,0,"",""
ball,2,43.6,South Africa,HE van der Dussen,JT Smuts,MW Parkinson,1,0,"",""
ball,2,44.1,South Africa,HE van der Dussen,JT Smuts,CJ Jordan,0,0,"",""
ball,2,44.2,South Africa,HE van der Dussen,JT Smuts,CJ Jordan,1,0,"",""
ball,2,44.3,South Africa,JT Smuts,HE van der Dussen,CJ Jordan,0,0,"",""
ball,2,44.4,South Africa,JT Smuts,HE van der Dussen,CJ Jordan,0,0,"",""
ball,2,44.5,South Africa,JT Smuts,HE van der Dussen,CJ Jordan,1,0,"",""
ball,2,44.6,South Africa,HE van der Dussen,JT Smuts,CJ Jordan,1,0,"",""
ball,2,45.1,South Africa,HE van der Dussen,JT Smuts,MW Parkinson,0,0,"",""
ball,2,45.2,South Africa,HE van der Dussen,JT Smuts,MW Parkinson,1,0,"",""
ball,2,45.3,South Africa,JT Smuts,HE van der Dussen,MW Parkinson,0,0,"",""
ball,2,45.4,South Africa,JT Smuts,HE van der Dussen,MW Parkinson,0,0,"",""
ball,2,45.5,South Africa,JT Smuts,HE van der Dussen,MW Parkinson,1,0,"",""
ball,2,45.6,South Africa,HE van der Dussen,JT Smuts,MW Parkinson,3,0,"",""
ball,2,46.1,South Africa,HE van der Dussen,JT Smuts,CJ Jordan,1,0,"",""
ball,2,46.2,South Africa,JT Smuts,HE van der Dussen,CJ Jordan,1,0,"",""
ball,2,46.3,South Africa,HE van der Dussen,JT Smuts,CJ Jordan,2,0,"",""
ball,2,46.4,South Africa,HE van der Dussen,JT Smuts,CJ Jordan,4,0,"",""
ball,2,46.5,South Africa,HE van der Dussen,JT Smuts,CJ Jordan,0,0,"",""
ball,2,46.6,South Africa,HE van der Dussen,JT Smuts,CJ Jordan,1,0,"",""
ball,2,47.1,South Africa,HE van der Dussen,JT Smuts,MW Parkinson,0,0,"",""
ball,2,47.2,South Africa,HE van der Dussen,JT Smuts,MW Parkinson,1,0,"",""
ball,2,47.3,South Africa,JT Smuts,HE van der Dussen,MW Parkinson,0,0,"",""
ball,2,47.4,South Africa,JT Smuts,HE van der Dussen,MW Parkinson,4,0,"",""
