version,1.3.0
info,team,New Zealand
info,team,India
info,gender,male
info,season,2019/20
info,date,2020/02/08
info,series,India tour of New Zealand 2019/20
info,match_number,2
info,venue,Eden Park
info,city,Auckland
info,toss_winner,India
info,toss_decision,field
info,player_of_match,KA Jamieson
info,umpire,CM Brown
info,umpire,BNJ Oxenford
info,reserve_umpire,JM Dempsey
info,tv_umpire,L Rusere
info,match_referee,BC Broad
info,winner,New Zealand
info,winner_runs,22
ball,1,0.1,New Zealand,MJ Guptill,HM Nicholls,SN Thakur,0,1,"",""
ball,1,0.2,New Zealand,HM Nicholls,MJ Guptill,SN Thakur,0,0,"",""
ball,1,0.3,New Zealand,HM Nicholls,MJ Guptill,SN Thakur,0,0,"",""
ball,1,0.4,New Zealand,HM Nicholls,MJ Guptill,SN Thakur,0,0,"",""
ball,1,0.5,New Zealand,HM Nicholls,MJ Guptill,SN Thakur,0,0,"",""
ball,1,0.6,New Zealand,HM Nicholls,MJ Guptill,SN Thakur,0,0,"",""
ball,1,1.1,New Zealand,MJ Guptill,HM Nicholls,JJ Bumrah,0,0,"",""
ball,1,1.2,New Zealand,MJ Guptill,HM Nicholls,JJ Bumrah,0,0,"",""
ball,1,1.3,New Zealand,MJ Guptill,HM Nicholls,JJ Bumrah,1,0,"",""
ball,1,1.4,New Zealand,HM Nicholls,MJ Guptill,JJ Bumrah,0,0,"",""
ball,1,1.5,New Zealand,HM Nicholls,MJ Guptill,JJ Bumrah,1,0,"",""
ball,1,1.6,New Zealand,MJ Guptill,HM Nicholls,JJ Bumrah,0,0,"",""
ball,1,2.1,New Zealand,HM Nicholls,MJ Guptill,SN Thakur,0,0,"",""
ball,1,2.2,New Zealand,HM Nicholls,MJ Guptill,SN Thakur,0,0,"",""
ball,1,2.3,New Zealand,HM Nicholls,MJ Guptill,SN Thakur,0,0,"",""
ball,1,2.4,New Zealand,HM Nicholls,MJ Guptill,SN Thakur,1,0,"",""
ball,1,2.5,New Zealand,MJ Guptill,HM Nicholls,SN Thakur,0,0,"",""
ball,1,2.6,New Zealand,MJ Guptill,HM Nicholls,SN Thakur,0,0,"",""
ball,1,3.1,New Zealand,HM Nicholls,MJ Guptill,JJ Bumrah,0,0,"",""
ball,1,3.2,New Zealand,HM Nicholls,MJ Guptill,JJ Bumrah,1,0,"",""
ball,1,3.3,New Zealand,MJ Guptill,HM Nicholls,JJ Bumrah,1,0,"",""
ball,1,3.4,New Zealand,HM Nicholls,MJ Guptill,JJ Bumrah,0,0,"",""
ball,1,3.5,New Zealand,HM Nicholls,MJ Guptill,JJ Bumrah,0,0,"",""
ball,1,3.6,New Zealand,HM Nicholls,MJ Guptill,JJ Bumrah,1,0,"",""
ball,1,4.1,New Zealand,HM Nicholls,MJ Guptill,SN Thakur,3,0,"",""
ball,1,4.2,New Zealand,MJ Guptill,HM Nicholls,SN Thakur,1,0,"",""
ball,1,4.3,New Zealand,HM Nicholls,MJ Guptill,SN Thakur,4,0,"",""
ball,1,4.4,New Zealand,HM Nicholls,MJ Guptill,SN Thakur,1,0,"",""
ball,1,4.5,New Zealand,MJ Guptill,HM Nicholls,SN Thakur,0,0,"",""
ball,1,4.6,New Zealand,MJ Guptill,HM Nicholls,SN Thakur,1,0,"",""
ball,1,5.1,New Zealand,MJ Guptill,HM Nicholls,JJ Bumrah,0,0,"",""
ball,1,5.2,New Zealand,MJ Guptill,HM Nicholls,JJ Bumrah,0,0,"",""
ball,1,5.3,New Zealand,MJ Guptill,HM Nicholls,JJ Bumrah,4,0,"",""
ball,1,5.4,New Zealand,MJ Guptill,HM Nicholls,JJ Bumrah,4,0,"",""
ball,1,5.5,New Zealand,MJ Guptill,HM Nicholls,JJ Bumrah,0,0,"",""
ball,1,5.6,New Zealand,MJ Guptill,HM Nicholls,JJ Bumrah,1,0,"",""
ball,1,6.1,New Zealand,MJ Guptill,HM Nicholls,NA Saini,0,0,"",""
ball,1,6.2,New Zealand,MJ Guptill,HM Nicholls,NA Saini,1,0,"",""
ball,1,6.3,New Zealand,HM Nicholls,MJ Guptill,NA Saini,0,0,"",""
ball,1,6.4,New Zealand,HM Nicholls,MJ Guptill,NA Saini,0,1,"",""
ball,1,6.5,New Zealand,MJ Guptill,HM Nicholls,NA Saini,0,0,"",""
ball,1,6.6,New Zealand,MJ Guptill,HM Nicholls,NA Saini,0,0,"",""
ball,1,7.1,New Zealand,HM Nicholls,MJ Guptill,JJ Bumrah,0,0,"",""
ball,1,7.2,New Zealand,HM Nicholls,MJ Guptill,JJ Bumrah,1,0,"",""
ball,1,7.3,New Zealand,MJ Guptill,HM Nicholls,JJ Bumrah,4,0,"",""
ball,1,7.4,New Zealand,MJ Guptill,HM Nicholls,JJ Bumrah,4,0,"",""
ball,1,7.5,New Zealand,MJ Guptill,HM Nicholls,JJ Bumrah,0,0,"",""
ball,1,7.6,New Zealand,MJ Guptill,HM Nicholls,JJ Bumrah,6,0,"",""
ball,1,8.1,New Zealand,HM Nicholls,MJ Guptill,NA Saini,0,0,"",""
ball,1,8.2,New Zealand,HM Nicholls,MJ Guptill,NA Saini,0,0,"",""
ball,1,8.3,New Zealand,HM Nicholls,MJ Guptill,NA Saini,0,0,"",""
ball,1,8.4,New Zealand,HM Nicholls,MJ Guptill,NA Saini,0,0,"",""
ball,1,8.5,New Zealand,HM Nicholls,MJ Guptill,NA Saini,0,0,"",""
ball,1,8.6,New Zealand,HM Nicholls,MJ Guptill,NA Saini,4,0,"",""
ball,1,9.1,New Zealand,MJ Guptill,HM Nicholls,SN Thakur,1,0,"",""
ball,1,9.2,New Zealand,HM Nicholls,MJ Guptill,SN Thakur,0,0,"",""
ball,1,9.3,New Zealand,HM Nicholls,MJ Guptill,SN Thakur,4,0,"",""
ball,1,9.4,New Zealand,HM Nicholls,MJ Guptill,SN Thakur,0,0,"",""
ball,1,9.5,New Zealand,HM Nicholls,MJ Guptill,SN Thakur,0,0,"",""
ball,1,9.6,New Zealand,HM Nicholls,MJ Guptill,SN Thakur,0,0,"",""
ball,1,10.1,New Zealand,MJ Guptill,HM Nicholls,YS Chahal,0,0,"",""
ball,1,10.2,New Zealand,MJ Guptill,HM Nicholls,YS Chahal,1,0,"",""
ball,1,10.3,New Zealand,HM Nicholls,MJ Guptill,YS Chahal,0,0,"",""
ball,1,10.4,New Zealand,HM Nicholls,MJ Guptill,YS Chahal,1,0,"",""
ball,1,10.5,New Zealand,MJ Guptill,HM Nicholls,YS Chahal,1,0,"",""
ball,1,10.6,New Zealand,HM Nicholls,MJ Guptill,YS Chahal,1,0,"",""
ball,1,11.1,New Zealand,HM Nicholls,MJ Guptill,NA Saini,1,0,"",""
ball,1,11.2,New Zealand,MJ Guptill,HM Nicholls,NA Saini,1,0,"",""
ball,1,11.3,New Zealand,HM Nicholls,MJ Guptill,NA Saini,2,0,"",""
ball,1,11.4,New Zealand,HM Nicholls,MJ Guptill,NA Saini,4,0,"",""
ball,1,11.5,New Zealand,HM Nicholls,MJ Guptill,NA Saini,0,0,"",""
ball,1,11.6,New Zealand,HM Nicholls,MJ Guptill,NA Saini,0,0,"",""
ball,1,12.1,New Zealand,MJ Guptill,HM Nicholls,YS Chahal,0,0,"",""
ball,1,12.2,New Zealand,MJ Guptill,HM Nicholls,YS Chahal,4,0,"",""
ball,1,12.3,New Zealand,MJ Guptill,HM Nicholls,YS Chahal,0,0,"",""
ball,1,12.4,New Zealand,MJ Guptill,HM Nicholls,YS Chahal,0,0,"",""
ball,1,12.5,New Zealand,MJ Guptill,HM Nicholls,YS Chahal,1,0,"",""
ball,1,12.6,New Zealand,HM Nicholls,MJ Guptill,YS Chahal,1,0,"",""
ball,1,13.1,New Zealand,HM Nicholls,MJ Guptill,NA Saini,1,0,"",""
ball,1,13.2,New Zealand,MJ Guptill,HM Nicholls,NA Saini,0,1,"",""
ball,1,13.3,New Zealand,MJ Guptill,HM Nicholls,NA Saini,1,0,"",""
ball,1,13.4,New Zealand,HM Nicholls,MJ Guptill,NA Saini,0,0,"",""
ball,1,13.5,New Zealand,HM Nicholls,MJ Guptill,NA Saini,0,0,"",""
ball,1,13.6,New Zealand,HM Nicholls,MJ Guptill,NA Saini,0,0,"",""
ball,1,13.7,New Zealand,HM Nicholls,MJ Guptill,NA Saini,1,0,"",""
ball,1,14.1,New Zealand,HM Nicholls,MJ Guptill,YS Chahal,1,0,"",""
ball,1,14.2,New Zealand,MJ Guptill,HM Nicholls,YS Chahal,6,0,"",""
ball,1,14.3,New Zealand,MJ Guptill,HM Nicholls,YS Chahal,1,0,"",""
ball,1,14.4,New Zealand,HM Nicholls,MJ Guptill,YS Chahal,0,0,"",""
ball,1,14.5,New Zealand,HM Nicholls,MJ Guptill,YS Chahal,0,0,"",""
ball,1,14.6,New Zealand,HM Nicholls,MJ Guptill,YS Chahal,1,0,"",""
ball,1,15.1,New Zealand,HM Nicholls,MJ Guptill,RA Jadeja,0,0,"",""
ball,1,15.2,New Zealand,HM Nicholls,MJ Guptill,RA Jadeja,1,0,"",""
ball,1,15.3,New Zealand,MJ Guptill,HM Nicholls,RA Jadeja,0,0,"",""
ball,1,15.4,New Zealand,MJ Guptill,HM Nicholls,RA Jadeja,1,0,"",""
ball,1,15.5,New Zealand,HM Nicholls,MJ Guptill,RA Jadeja,0,0,"",""
ball,1,15.6,New Zealand,HM Nicholls,MJ Guptill,RA Jadeja,0,0,"",""
ball,1,16.1,New Zealand,MJ Guptill,HM Nicholls,YS Chahal,0,1,"",""
ball,1,16.2,New Zealand,MJ Guptill,HM Nicholls,YS Chahal,1,0,"",""
ball,1,16.3,New Zealand,HM Nicholls,MJ Guptill,YS Chahal,1,0,"",""
ball,1,16.4,New Zealand,MJ Guptill,HM Nicholls,YS Chahal,1,0,"",""
ball,1,16.5,New Zealand,HM Nicholls,MJ Guptill,YS Chahal,4,0,"",""
ball,1,16.6,New Zealand,HM Nicholls,MJ Guptill,YS Chahal,0,0,lbw,HM Nicholls
ball,1,16.7,New Zealand,TA Blundell,MJ Guptill,YS Chahal,1,0,"",""
ball,1,17.1,New Zealand,TA Blundell,MJ Guptill,RA Jadeja,0,0,"",""
ball,1,17.2,New Zealand,TA Blundell,MJ Guptill,RA Jadeja,1,0,"",""
ball,1,17.3,New Zealand,MJ Guptill,TA Blundell,RA Jadeja,0,0,"",""
ball,1,17.4,New Zealand,MJ Guptill,TA Blundell,RA Jadeja,0,0,"",""
ball,1,17.5,New Zealand,MJ Guptill,TA Blundell,RA Jadeja,1,0,"",""
ball,1,17.6,New Zealand,TA Blundell,MJ Guptill,RA Jadeja,0,0,"",""
ball,1,18.1,New Zealand,MJ Guptill,TA Blundell,YS Chahal,0,0,"",""
ball,1,18.2,New Zealand,MJ Guptill,TA Blundell,YS Chahal,0,0,"",""
ball,1,18.3,New Zealand,MJ Guptill,TA Blundell,YS Chahal,0,0,"",""
ball,1,18.4,New Zealand,MJ Guptill,TA Blundell,YS Chahal,2,0,"",""
ball,1,18.5,New Zealand,MJ Guptill,TA Blundell,YS Chahal,0,0,"",""
ball,1,18.6,New Zealand,MJ Guptill,TA Blundell,YS Chahal,6,0,"",""
ball,1,19.1,New Zealand,TA Blundell,MJ Guptill,RA Jadeja,0,0,"",""
ball,1,19.2,New Zealand,TA Blundell,MJ Guptill,RA Jadeja,1,0,"",""
ball,1,19.3,New Zealand,MJ Guptill,TA Blundell,RA Jadeja,1,0,"",""
ball,1,19.4,New Zealand,TA Blundell,MJ Guptill,RA Jadeja,0,0,"",""
ball,1,19.5,New Zealand,TA Blundell,MJ Guptill,RA Jadeja,1,0,"",""
ball,1,19.6,New Zealand,MJ Guptill,TA Blundell,RA Jadeja,1,0,"",""
ball,1,20.1,New Zealand,MJ Guptill,TA Blundell,NA Saini,1,0,"",""
ball,1,20.2,New Zealand,TA Blundell,MJ Guptill,NA Saini,0,0,"",""
ball,1,20.3,New Zealand,TA Blundell,MJ Guptill,NA Saini,0,1,"",""
ball,1,20.4,New Zealand,TA Blundell,MJ Guptill,NA Saini,0,0,"",""
ball,1,20.5,New Zealand,TA Blundell,MJ Guptill,NA Saini,4,0,"",""
ball,1,20.6,New Zealand,TA Blundell,MJ Guptill,NA Saini,0,0,"",""
ball,1,20.7,New Zealand,TA Blundell,MJ Guptill,NA Saini,4,0,"",""
ball,1,21.1,New Zealand,MJ Guptill,TA Blundell,RA Jadeja,0,0,"",""
ball,1,21.2,New Zealand,MJ Guptill,TA Blundell,RA Jadeja,0,0,"",""
ball,1,21.3,New Zealand,MJ Guptill,TA Blundell,RA Jadeja,4,0,"",""
ball,1,21.4,New Zealand,MJ Guptill,TA Blundell,RA Jadeja,0,0,"",""
ball,1,21.5,New Zealand,MJ Guptill,TA Blundell,RA Jadeja,0,0,"",""
ball,1,21.6,New Zealand,MJ Guptill,TA Blundell,RA Jadeja,1,0,"",""
ball,1,22.1,New Zealand,MJ Guptill,TA Blundell,NA Saini,0,0,"",""
ball,1,22.2,New Zealand,MJ Guptill,TA Blundell,NA Saini,1,0,"",""
ball,1,22.3,New Zealand,TA Blundell,MJ Guptill,NA Saini,0,0,"",""
ball,1,22.4,New Zealand,TA Blundell,MJ Guptill,NA Saini,0,0,"",""
ball,1,22.5,New Zealand,TA Blundell,MJ Guptill,NA Saini,1,0,"",""
ball,1,22.6,New Zealand,MJ Guptill,TA Blundell,NA Saini,0,0,"",""
ball,1,23.1,New Zealand,TA Blundell,MJ Guptill,YS Chahal,1,0,"",""
ball,1,23.2,New Zealand,MJ Guptill,TA Blundell,YS Chahal,1,0,"",""
ball,1,23.3,New Zealand,TA Blundell,MJ Guptill,YS Chahal,0,0,"",""
ball,1,23.4,New Zealand,TA Blundell,MJ Guptill,YS Chahal,1,0,"",""
ball,1,23.5,New Zealand,MJ Guptill,TA Blundell,YS Chahal,0,0,"",""
ball,1,23.6,New Zealand,MJ Guptill,TA Blundell,YS Chahal,0,0,"",""
ball,1,24.1,New Zealand,TA Blundell,MJ Guptill,SN Thakur,0,0,"",""
ball,1,24.2,New Zealand,TA Blundell,MJ Guptill,SN Thakur,1,0,"",""
ball,1,24.3,New Zealand,MJ Guptill,TA Blundell,SN Thakur,0,0,"",""
ball,1,24.4,New Zealand,MJ Guptill,TA Blundell,SN Thakur,4,0,"",""
ball,1,24.5,New Zealand,MJ Guptill,TA Blundell,SN Thakur,0,0,"",""
ball,1,24.6,New Zealand,MJ Guptill,TA Blundell,SN Thakur,0,0,"",""
ball,1,25.1,New Zealand,TA Blundell,MJ Guptill,RA Jadeja,1,0,"",""
ball,1,25.2,New Zealand,MJ Guptill,TA Blundell,RA Jadeja,1,0,"",""
ball,1,25.3,New Zealand,TA Blundell,MJ Guptill,RA Jadeja,1,0,"",""
ball,1,25.4,New Zealand,MJ Guptill,TA Blundell,RA Jadeja,0,0,"",""
ball,1,25.5,New Zealand,MJ Guptill,TA Blundell,RA Jadeja,0,0,"",""
ball,1,25.6,New Zealand,MJ Guptill,TA Blundell,RA Jadeja,1,0,"",""
ball,1,26.1,New Zealand,MJ Guptill,TA Blundell,SN Thakur,1,0,"",""
ball,1,26.2,New Zealand,TA Blundell,MJ Guptill,SN Thakur,4,0,"",""
ball,1,26.3,New Zealand,TA Blundell,MJ Guptill,SN Thakur,0,0,caught,TA Blundell
ball,1,26.4,New Zealand,LRPL Taylor,MJ Guptill,SN Thakur,0,0,"",""
ball,1,26.5,New Zealand,LRPL Taylor,MJ Guptill,SN Thakur,0,0,"",""
ball,1,26.6,New Zealand,LRPL Taylor,MJ Guptill,SN Thakur,1,0,"",""
ball,1,27.1,New Zealand,LRPL Taylor,MJ Guptill,RA Jadeja,0,0,"",""
ball,1,27.2,New Zealand,LRPL Taylor,MJ Guptill,RA Jadeja,1,0,"",""
ball,1,27.3,New Zealand,MJ Guptill,LRPL Taylor,RA Jadeja,1,0,"",""
ball,1,27.4,New Zealand,LRPL Taylor,MJ Guptill,RA Jadeja,4,0,"",""
ball,1,27.5,New Zealand,LRPL Taylor,MJ Guptill,RA Jadeja,1,0,"",""
ball,1,27.6,New Zealand,MJ Guptill,LRPL Taylor,RA Jadeja,0,0,"",""
ball,1,28.1,New Zealand,LRPL Taylor,MJ Guptill,SN Thakur,2,0,"",""
ball,1,28.2,New Zealand,LRPL Taylor,MJ Guptill,SN Thakur,0,0,"",""
ball,1,28.3,New Zealand,LRPL Taylor,MJ Guptill,SN Thakur,0,0,"",""
ball,1,28.4,New Zealand,LRPL Taylor,MJ Guptill,SN Thakur,1,0,"",""
ball,1,28.5,New Zealand,MJ Guptill,LRPL Taylor,SN Thakur,0,0,"",""
ball,1,28.6,New Zealand,MJ Guptill,LRPL Taylor,SN Thakur,4,0,"",""
ball,1,29.1,New Zealand,LRPL Taylor,MJ Guptill,RA Jadeja,0,0,"",""
ball,1,29.2,New Zealand,LRPL Taylor,MJ Guptill,RA Jadeja,0,0,run out,MJ Guptill
ball,1,29.3,New Zealand,TWM Latham,LRPL Taylor,RA Jadeja,0,0,"",""
ball,1,29.4,New Zealand,TWM Latham,LRPL Taylor,RA Jadeja,1,0,"",""
ball,1,29.5,New Zealand,LRPL Taylor,TWM Latham,RA Jadeja,1,0,"",""
ball,1,29.6,New Zealand,TWM Latham,LRPL Taylor,RA Jadeja,0,0,"",""
ball,1,30.1,New Zealand,LRPL Taylor,TWM Latham,JJ Bumrah,0,0,"",""
ball,1,30.2,New Zealand,LRPL Taylor,TWM Latham,JJ Bumrah,0,0,"",""
ball,1,30.3,New Zealand,LRPL Taylor,TWM Latham,JJ Bumrah,0,0,"",""
ball,1,30.4,New Zealand,LRPL Taylor,TWM Latham,JJ Bumrah,1,0,"",""
ball,1,30.5,New Zealand,TWM Latham,LRPL Taylor,JJ Bumrah,2,0,"",""
ball,1,30.6,New Zealand,TWM Latham,LRPL Taylor,JJ Bumrah,1,0,"",""
ball,1,31.1,New Zealand,TWM Latham,LRPL Taylor,RA Jadeja,0,0,"",""
ball,1,31.2,New Zealand,TWM Latham,LRPL Taylor,RA Jadeja,0,1,"",""
ball,1,31.3,New Zealand,LRPL Taylor,TWM Latham,RA Jadeja,1,0,"",""
ball,1,31.4,New Zealand,TWM Latham,LRPL Taylor,RA Jadeja,0,0,"",""
ball,1,31.5,New Zealand,TWM Latham,LRPL Taylor,RA Jadeja,1,0,"",""
ball,1,31.6,New Zealand,LRPL Taylor,TWM Latham,RA Jadeja,0,1,"",""
ball,1,32.1,New Zealand,LRPL Taylor,TWM Latham,JJ Bumrah,1,0,"",""
ball,1,32.2,New Zealand,TWM Latham,LRPL Taylor,JJ Bumrah,0,0,"",""
ball,1,32.3,New Zealand,TWM Latham,LRPL Taylor,JJ Bumrah,0,0,"",""
ball,1,32.4,New Zealand,TWM Latham,LRPL Taylor,JJ Bumrah,1,0,"",""
ball,1,32.5,New Zealand,LRPL Taylor,TWM Latham,JJ Bumrah,1,0,"",""
ball,1,32.6,New Zealand,TWM Latham,LRPL Taylor,JJ Bumrah,1,0,"",""
ball,1,33.1,New Zealand,TWM Latham,LRPL Taylor,RA Jadeja,0,0,lbw,TWM Latham
ball,1,33.2,New Zealand,JDS Neesham,LRPL Taylor,RA Jadeja,1,0,"",""
ball,1,33.3,New Zealand,LRPL Taylor,JDS Neesham,RA Jadeja,1,0,"",""
ball,1,33.4,New Zealand,JDS Neesham,LRPL Taylor,RA Jadeja,0,0,"",""
ball,1,33.5,New Zealand,JDS Neesham,LRPL Taylor,RA Jadeja,0,0,"",""
ball,1,33.6,New Zealand,JDS Neesham,LRPL Taylor,RA Jadeja,1,0,"",""
ball,1,34.1,New Zealand,JDS Neesham,LRPL Taylor,NA Saini,1,0,"",""
ball,1,34.2,New Zealand,LRPL Taylor,JDS Neesham,NA Saini,0,0,run out,JDS Neesham
ball,1,34.3,New Zealand,C de Grandhomme,LRPL Taylor,NA Saini,1,0,"",""
ball,1,34.4,New Zealand,LRPL Taylor,C de Grandhomme,NA Saini,0,0,"",""
ball,1,34.5,New Zealand,LRPL Taylor,C de Grandhomme,NA Saini,0,0,"",""
ball,1,34.6,New Zealand,LRPL Taylor,C de Grandhomme,NA Saini,0,0,"",""
ball,1,35.1,New Zealand,C de Grandhomme,LRPL Taylor,RA Jadeja,0,0,"",""
ball,1,35.2,New Zealand,C de Grandhomme,LRPL Taylor,RA Jadeja,0,0,"",""
ball,1,35.3,New Zealand,C de Grandhomme,LRPL Taylor,RA Jadeja,0,0,"",""
ball,1,35.4,New Zealand,C de Grandhomme,LRPL Taylor,RA Jadeja,4,0,"",""
ball,1,35.5,New Zealand,C de Grandhomme,LRPL Taylor,RA Jadeja,0,0,"",""
ball,1,35.6,New Zealand,C de Grandhomme,LRPL Taylor,RA Jadeja,0,0,"",""
ball,1,36.1,New Zealand,LRPL Taylor,C de Grandhomme,SN Thakur,0,0,"",""
ball,1,36.2,New Zealand,LRPL Taylor,C de Grandhomme,SN Thakur,0,0,"",""
ball,1,36.3,New Zealand,LRPL Taylor,C de Grandhomme,SN Thakur,0,0,"",""
ball,1,36.4,New Zealand,LRPL Taylor,C de Grandhomme,SN Thakur,4,0,"",""
ball,1,36.5,New Zealand,LRPL Taylor,C de Grandhomme,SN Thakur,1,0,"",""
ball,1,36.6,New Zealand,C de Grandhomme,LRPL Taylor,SN Thakur,0,0,caught,C de Grandhomme
ball,1,37.1,New Zealand,MS Chapman,LRPL Taylor,YS Chahal,1,0,"",""
ball,1,37.2,New Zealand,LRPL Taylor,MS Chapman,YS Chahal,0,0,"",""
ball,1,37.3,New Zealand,LRPL Taylor,MS Chapman,YS Chahal,1,0,"",""
ball,1,37.4,New Zealand,MS Chapman,LRPL Taylor,YS Chahal,0,0,caught and bowled,MS Chapman
ball,1,37.5,New Zealand,TG Southee,LRPL Taylor,YS Chahal,0,0,"",""
ball,1,37.6,New Zealand,TG Southee,LRPL Taylor,YS Chahal,0,0,"",""
ball,1,38.1,New Zealand,LRPL Taylor,TG Southee,JJ Bumrah,1,0,"",""
ball,1,38.2,New Zealand,TG Southee,LRPL Taylor,JJ Bumrah,1,0,"",""
ball,1,38.3,New Zealand,LRPL Taylor,TG Southee,JJ Bumrah,0,0,"",""
ball,1,38.4,New Zealand,LRPL Taylor,TG Southee,JJ Bumrah,0,0,"",""
ball,1,38.5,New Zealand,LRPL Taylor,TG Southee,JJ Bumrah,1,0,"",""
ball,1,38.6,New Zealand,TG Southee,LRPL Taylor,JJ Bumrah,1,0,"",""
ball,1,39.1,New Zealand,TG Southee,LRPL Taylor,YS Chahal,1,0,"",""
ball,1,39.2,New Zealand,LRPL Taylor,TG Southee,YS Chahal,0,0,"",""
ball,1,39.3,New Zealand,LRPL Taylor,TG Southee,YS Chahal,0,0,"",""
ball,1,39.4,New Zealand,LRPL Taylor,TG Southee,YS Chahal,0,0,"",""
ball,1,39.5,New Zealand,LRPL Taylor,TG Southee,YS Chahal,2,0,"",""
ball,1,39.6,New Zealand,LRPL Taylor,TG Southee,YS Chahal,1,0,"",""
ball,1,40.1,New Zealand,LRPL Taylor,TG Southee,NA Saini,0,0,"",""
ball,1,40.2,New Zealand,LRPL Taylor,TG Southee,NA Saini,0,0,"",""
ball,1,40.3,New Zealand,LRPL Taylor,TG Southee,NA Saini,1,0,"",""
ball,1,40.4,New Zealand,TG Southee,LRPL Taylor,NA Saini,0,0,"",""
ball,1,40.5,New Zealand,TG Southee,LRPL Taylor,NA Saini,0,0,"",""
ball,1,40.6,New Zealand,TG Southee,LRPL Taylor,NA Saini,0,0,"",""
ball,1,41.1,New Zealand,LRPL Taylor,TG Southee,YS Chahal,1,0,"",""
ball,1,41.2,New Zealand,TG Southee,LRPL Taylor,YS Chahal,0,0,"",""
ball,1,41.3,New Zealand,TG Southee,LRPL Taylor,YS Chahal,0,0,caught,TG Southee
ball,1,41.4,New Zealand,LRPL Taylor,KA Jamieson,YS Chahal,4,0,"",""
ball,1,41.5,New Zealand,LRPL Taylor,KA Jamieson,YS Chahal,0,0,"",""
ball,1,41.6,New Zealand,LRPL Taylor,KA Jamieson,YS Chahal,1,0,"",""
ball,1,42.1,New Zealand,LRPL Taylor,KA Jamieson,SN Thakur,1,0,"",""
ball,1,42.2,New Zealand,KA Jamieson,LRPL Taylor,SN Thakur,0,0,"",""
ball,1,42.3,New Zealand,KA Jamieson,LRPL Taylor,SN Thakur,0,0,"",""
ball,1,42.4,New Zealand,KA Jamieson,LRPL Taylor,SN Thakur,1,0,"",""
ball,1,42.5,New Zealand,LRPL Taylor,KA Jamieson,SN Thakur,0,0,"",""
ball,1,42.6,New Zealand,LRPL Taylor,KA Jamieson,SN Thakur,0,1,"",""
ball,1,42.7,New Zealand,LRPL Taylor,KA Jamieson,SN Thakur,1,0,"",""
ball,1,43.1,New Zealand,LRPL Taylor,KA Jamieson,YS Chahal,0,0,"",""
ball,1,43.2,New Zealand,LRPL Taylor,KA Jamieson,YS Chahal,0,0,"",""
ball,1,43.3,New Zealand,LRPL Taylor,KA Jamieson,YS Chahal,4,0,"",""
ball,1,43.4,New Zealand,LRPL Taylor,KA Jamieson,YS Chahal,1,0,"",""
ball,1,43.5,New Zealand,KA Jamieson,LRPL Taylor,YS Chahal,1,0,"",""
ball,1,43.6,New Zealand,LRPL Taylor,KA Jamieson,YS Chahal,1,0,"",""
ball,1,44.1,New Zealand,LRPL Taylor,KA Jamieson,NA Saini,6,0,"",""
ball,1,44.2,New Zealand,LRPL Taylor,KA Jamieson,NA Saini,1,0,"",""
ball,1,44.3,New Zealand,KA Jamieson,LRPL Taylor,NA Saini,0,0,"",""
ball,1,44.4,New Zealand,KA Jamieson,LRPL Taylor,NA Saini,0,0,"",""
ball,1,44.5,New Zealand,KA Jamieson,LRPL Taylor,NA Saini,0,0,"",""
ball,1,44.6,New Zealand,KA Jamieson,LRPL Taylor,NA Saini,0,0,"",""
ball,1,45.1,New Zealand,LRPL Taylor,KA Jamieson,JJ Bumrah,1,0,"",""
ball,1,45.2,New Zealand,KA Jamieson,LRPL Taylor,JJ Bumrah,0,0,"",""
ball,1,45.3,New Zealand,KA Jamieson,LRPL Taylor,JJ Bumrah,0,0,"",""
ball,1,45.4,New Zealand,KA Jamieson,LRPL Taylor,JJ Bumrah,0,4,"",""
ball,1,45.5,New Zealand,KA Jamieson,LRPL Taylor,JJ Bumrah,0,0,"",""
ball,1,45.6,New Zealand,KA Jamieson,LRPL Taylor,JJ Bumrah,0,0,"",""
ball,1,46.1,New Zealand,LRPL Taylor,KA Jamieson,SN Thakur,0,0,"",""
ball,1,46.2,New Zealand,LRPL Taylor,KA Jamieson,SN Thakur,6,0,"",""
ball,1,46.3,New Zealand,LRPL Taylor,KA Jamieson,SN Thakur,1,0,"",""
ball,1,46.4,New Zealand,KA Jamieson,LRPL Taylor,SN Thakur,6,0,"",""
ball,1,46.5,New Zealand,KA Jamieson,LRPL Taylor,SN Thakur,1,0,"",""
ball,1,46.6,New Zealand,LRPL Taylor,KA Jamieson,SN Thakur,0,1,"",""
ball,1,46.7,New Zealand,LRPL Taylor,KA Jamieson,SN Thakur,0,1,"",""
ball,1,46.8,New Zealand,LRPL Taylor,KA Jamieson,SN Thakur,1,0,"",""
ball,1,47.1,New Zealand,LRPL Taylor,KA Jamieson,JJ Bumrah,1,0,"",""
ball,1,47.2,New Zealand,KA Jamieson,LRPL Taylor,JJ Bumrah,4,0,"",""
ball,1,47.3,New Zealand,KA Jamieson,LRPL Taylor,JJ Bumrah,1,0,"",""
ball,1,47.4,New Zealand,LRPL Taylor,KA Jamieson,JJ Bumrah,1,0,"",""
ball,1,47.5,New Zealand,KA Jamieson,LRPL Taylor,JJ Bumrah,0,0,"",""
ball,1,47.6,New Zealand,KA Jamieson,LRPL Taylor,JJ Bumrah,1,0,"",""
ball,1,48.1,New Zealand,KA Jamieson,LRPL Taylor,NA Saini,1,0,"",""
ball,1,48.2,New Zealand,LRPL Taylor,KA Jamieson,NA Saini,4,0,"",""
ball,1,48.3,New Zealand,LRPL Taylor,KA Jamieson,NA Saini,2,0,"",""
ball,1,48.4,New Zealand,LRPL Taylor,KA Jamieson,NA Saini,1,0,"",""
ball,1,48.5,New Zealand,KA Jamieson,LRPL Taylor,NA Saini,1,0,"",""
ball,1,48.6,New Zealand,LRPL Taylor,KA Jamieson,NA Saini,0,0,"",""
ball,1,49.1,New Zealand,KA Jamieson,LRPL Taylor,JJ Bumrah,1,0,"",""
ball,1,49.2,New Zealand,LRPL Taylor,KA Jamieson,JJ Bumrah,4,0,"",""
ball,1,49.3,New Zealand,LRPL Taylor,KA Jamieson,JJ Bumrah,1,0,"",""
ball,1,49.4,New Zealand,KA Jamieson,LRPL Taylor,JJ Bumrah,6,0,"",""
ball,1,49.5,New Zealand,KA Jamieson,LRPL Taylor,JJ Bumrah,1,0,"",""
ball,1,49.6,New Zealand,LRPL Taylor,KA Jamieson,JJ Bumrah,1,0,"",""
ball,2,0.1,India,PP Shaw,MA Agarwal,HK Bennett,4,0,"",""
ball,2,0.2,India,PP Shaw,MA Agarwal,HK Bennett,4,0,"",""
ball,2,0.3,India,PP Shaw,MA Agarwal,HK Bennett,0,0,"",""
ball,2,0.4,India,PP Shaw,MA Agarwal,HK Bennett,4,0,"",""
ball,2,0.5,India,PP Shaw,MA Agarwal,HK Bennett,0,0,"",""
ball,2,0.6,India,PP Shaw,MA Agarwal,HK Bennett,0,0,"",""
ball,2,1.1,India,MA Agarwal,PP Shaw,TG Southee,0,0,"",""
ball,2,1.2,India,MA Agarwal,PP Shaw,TG Southee,1,0,"",""
ball,2,1.3,India,PP Shaw,MA Agarwal,TG Southee,0,0,"",""
ball,2,1.4,India,PP Shaw,MA Agarwal,TG Southee,0,0,"",""
ball,2,1.5,India,PP Shaw,MA Agarwal,TG Southee,0,0,"",""
ball,2,1.6,India,PP Shaw,MA Agarwal,TG Southee,4,0,"",""
ball,2,2.1,India,MA Agarwal,PP Shaw,HK Bennett,0,1,"",""
ball,2,2.2,India,MA Agarwal,PP Shaw,HK Bennett,0,0,"",""
ball,2,2.3,India,MA Agarwal,PP Shaw,HK Bennett,0,1,"",""
ball,2,2.4,India,MA Agarwal,PP Shaw,HK Bennett,2,0,"",""
ball,2,2.5,India,MA Agarwal,PP Shaw,HK Bennett,0,0,caught,MA Agarwal
ball,2,2.6,India,V Kohli,PP Shaw,HK Bennett,3,0,"",""
ball,2,2.7,India,PP Shaw,V Kohli,HK Bennett,0,0,"",""
ball,2,2.8,India,PP Shaw,V Kohli,HK Bennett,4,0,"",""
ball,2,3.1,India,V Kohli,PP Shaw,TG Southee,0,0,"",""
ball,2,3.2,India,V Kohli,PP Shaw,TG Southee,1,0,"",""
ball,2,3.3,India,PP Shaw,V Kohli,TG Southee,4,0,"",""
ball,2,3.4,India,PP Shaw,V Kohli,TG Southee,0,0,"",""
ball,2,3.5,India,PP Shaw,V Kohli,TG Southee,0,0,"",""
ball,2,3.6,India,PP Shaw,V Kohli,TG Southee,0,0,"",""
ball,2,4.1,India,V Kohli,PP Shaw,KA Jamieson,0,0,"",""
ball,2,4.2,India,V Kohli,PP Shaw,KA Jamieson,0,0,"",""
ball,2,4.3,India,V Kohli,PP Shaw,KA Jamieson,1,0,"",""
ball,2,4.4,India,PP Shaw,V Kohli,KA Jamieson,0,0,"",""
ball,2,4.5,India,PP Shaw,V Kohli,KA Jamieson,0,0,"",""
ball,2,4.6,India,PP Shaw,V Kohli,KA Jamieson,0,0,bowled,PP Shaw
ball,2,5.1,India,V Kohli,SS Iyer,TG Southee,0,0,"",""
ball,2,5.2,India,V Kohli,SS Iyer,TG Southee,1,0,"",""
ball,2,5.3,India,SS Iyer,V Kohli,TG Southee,4,0,"",""
ball,2,5.4,India,SS Iyer,V Kohli,TG Southee,0,0,"",""
ball,2,5.5,India,SS Iyer,V Kohli,TG Southee,0,0,"",""
ball,2,5.6,India,SS Iyer,V Kohli,TG Southee,4,0,"",""
ball,2,6.1,India,V Kohli,SS Iyer,KA Jamieson,0,0,"",""
ball,2,6.2,India,V Kohli,SS Iyer,KA Jamieson,0,0,"",""
ball,2,6.3,India,V Kohli,SS Iyer,KA Jamieson,0,0,"",""
ball,2,6.4,India,V Kohli,SS Iyer,KA Jamieson,0,0,"",""
ball,2,6.5,India,V Kohli,SS Iyer,KA Jamieson,0,0,"",""
ball,2,6.6,India,V Kohli,SS Iyer,KA Jamieson,0,0,"",""
ball,2,7.1,India,SS Iyer,V Kohli,TG Southee,0,0,"",""
ball,2,7.2,India,SS Iyer,V Kohli,TG Southee,1,0,"",""
ball,2,7.3,India,V Kohli,SS Iyer,TG Southee,2,0,"",""
ball,2,7.4,India,V Kohli,SS Iyer,TG Southee,0,1,"",""
ball,2,7.5,India,V Kohli,SS Iyer,TG Southee,0,0,"",""
ball,2,7.6,India,V Kohli,SS Iyer,TG Southee,0,0,"",""
ball,2,7.7,India,V Kohli,SS Iyer,TG Southee,0,0,"",""
ball,2,8.1,India,SS Iyer,V Kohli,KA Jamieson,1,0,"",""
ball,2,8.2,India,V Kohli,SS Iyer,KA Jamieson,1,0,"",""
ball,2,8.3,India,SS Iyer,V Kohli,KA Jamieson,1,0,"",""
ball,2,8.4,India,V Kohli,SS Iyer,KA Jamieson,0,0,"",""
ball,2,8.5,India,V Kohli,SS Iyer,KA Jamieson,4,0,"",""
ball,2,8.6,India,V Kohli,SS Iyer,KA Jamieson,1,0,"",""
ball,2,9.1,India,V Kohli,SS Iyer,TG Southee,0,0,"",""
ball,2,9.2,India,V Kohli,SS Iyer,TG Southee,1,0,"",""
ball,2,9.3,India,SS Iyer,V Kohli,TG Southee,1,0,"",""
ball,2,9.4,India,V Kohli,SS Iyer,TG Southee,0,0,bowled,V Kohli
ball,2,9.5,India,KL Rahul,SS Iyer,TG Southee,2,0,"",""
ball,2,9.6,India,KL Rahul,SS Iyer,TG Southee,0,0,"",""
ball,2,10.1,India,SS Iyer,KL Rahul,KA Jamieson,0,0,"",""
ball,2,10.2,India,SS Iyer,KL Rahul,KA Jamieson,0,0,"",""
ball,2,10.3,India,SS Iyer,KL Rahul,KA Jamieson,4,0,"",""
ball,2,10.4,India,SS Iyer,KL Rahul,KA Jamieson,0,0,"",""
ball,2,10.5,India,SS Iyer,KL Rahul,KA Jamieson,0,0,"",""
ball,2,10.6,India,SS Iyer,KL Rahul,KA Jamieson,0,0,"",""
ball,2,11.1,India,KL Rahul,SS Iyer,TG Southee,1,0,"",""
ball,2,11.2,India,SS Iyer,KL Rahul,TG Southee,0,0,"",""
ball,2,11.3,India,SS Iyer,KL Rahul,TG Southee,0,0,"",""
ball,2,11.4,India,SS Iyer,KL Rahul,TG Southee,4,0,"",""
ball,2,11.5,India,SS Iyer,KL Rahul,TG Southee,0,0,"",""
ball,2,11.6,India,SS Iyer,KL Rahul,TG Southee,1,0,"",""
ball,2,12.1,India,SS Iyer,KL Rahul,KA Jamieson,1,0,"",""
ball,2,12.2,India,KL Rahul,SS Iyer,KA Jamieson,0,0,"",""
ball,2,12.3,India,KL Rahul,SS Iyer,KA Jamieson,0,0,"",""
ball,2,12.4,India,KL Rahul,SS Iyer,KA Jamieson,1,0,"",""
ball,2,12.5,India,SS Iyer,KL Rahul,KA Jamieson,0,0,"",""
ball,2,12.6,India,SS Iyer,KL Rahul,KA Jamieson,0,0,"",""
ball,2,13.1,India,KL Rahul,SS Iyer,C de Grandhomme,0,0,"",""
ball,2,13.2,India,KL Rahul,SS Iyer,C de Grandhomme,0,0,bowled,KL Rahul
ball,2,13.3,India,KM Jadhav,SS Iyer,C de Grandhomme,0,0,"",""
ball,2,13.4,India,KM Jadhav,SS Iyer,C de Grandhomme,0,0,"",""
ball,2,13.5,India,KM Jadhav,SS Iyer,C de Grandhomme,0,0,"",""
ball,2,13.6,India,KM Jadhav,SS Iyer,C de Grandhomme,0,0,"",""
ball,2,14.1,India,SS Iyer,KM Jadhav,KA Jamieson,0,0,"",""
ball,2,14.2,India,SS Iyer,KM Jadhav,KA Jamieson,0,0,"",""
ball,2,14.3,India,SS Iyer,KM Jadhav,KA Jamieson,4,0,"",""
ball,2,14.4,India,SS Iyer,KM Jadhav,KA Jamieson,0,0,"",""
ball,2,14.5,India,SS Iyer,KM Jadhav,KA Jamieson,0,0,"",""
ball,2,14.6,India,SS Iyer,KM Jadhav,KA Jamieson,0,0,"",""
ball,2,15.1,India,KM Jadhav,SS Iyer,C de Grandhomme,0,0,"",""
ball,2,15.2,India,KM Jadhav,SS Iyer,C de Grandhomme,1,0,"",""
ball,2,15.3,India,SS Iyer,KM Jadhav,C de Grandhomme,0,0,"",""
ball,2,15.4,India,SS Iyer,KM Jadhav,C de Grandhomme,0,0,"",""
ball,2,15.5,India,SS Iyer,KM Jadhav,C de Grandhomme,0,0,"",""
ball,2,15.6,India,SS Iyer,KM Jadhav,C de Grandhomme,0,0,"",""
ball,2,16.1,India,KM Jadhav,SS Iyer,JDS Neesham,0,0,"",""
ball,2,16.2,India,KM Jadhav,SS Iyer,JDS Neesham,1,0,"",""
ball,2,16.3,India,SS Iyer,KM Jadhav,JDS Neesham,1,0,"",""
ball,2,16.4,India,KM Jadhav,SS Iyer,JDS Neesham,0,0,"",""
ball,2,16.5,India,KM Jadhav,SS Iyer,JDS Neesham,0,0,"",""
ball,2,16.6,India,KM Jadhav,SS Iyer,JDS Neesham,0,0,"",""
ball,2,17.1,India,SS Iyer,KM Jadhav,C de Grandhomme,1,0,"",""
ball,2,17.2,India,KM Jadhav,SS Iyer,C de Grandhomme,0,0,"",""
ball,2,17.3,India,KM Jadhav,SS Iyer,C de Grandhomme,4,0,"",""
ball,2,17.4,India,KM Jadhav,SS Iyer,C de Grandhomme,0,0,"",""
ball,2,17.5,India,KM Jadhav,SS Iyer,C de Grandhomme,0,0,"",""
ball,2,17.6,India,KM Jadhav,SS Iyer,C de Grandhomme,0,0,"",""
ball,2,18.1,India,SS Iyer,KM Jadhav,TG Southee,1,0,"",""
ball,2,18.2,India,KM Jadhav,SS Iyer,TG Southee,0,0,"",""
ball,2,18.3,India,KM Jadhav,SS Iyer,TG Southee,0,0,"",""
ball,2,18.4,India,KM Jadhav,SS Iyer,TG Southee,0,0,"",""
ball,2,18.5,India,KM Jadhav,SS Iyer,TG Southee,1,0,"",""
ball,2,18.6,India,SS Iyer,KM Jadhav,TG Southee,1,0,"",""
ball,2,19.1,India,SS Iyer,KM Jadhav,C de Grandhomme,1,0,"",""
ball,2,19.2,India,KM Jadhav,SS Iyer,C de Grandhomme,1,0,"",""
ball,2,19.3,India,SS Iyer,KM Jadhav,C de Grandhomme,1,0,"",""
ball,2,19.4,India,KM Jadhav,SS Iyer,C de Grandhomme,1,0,"",""
ball,2,19.5,India,SS Iyer,KM Jadhav,C de Grandhomme,0,0,"",""
ball,2,19.6,India,SS Iyer,KM Jadhav,C de Grandhomme,6,0,"",""
ball,2,20.1,India,KM Jadhav,SS Iyer,TG Southee,0,0,"",""
ball,2,20.2,India,KM Jadhav,SS Iyer,TG Southee,0,0,"",""
ball,2,20.3,India,KM Jadhav,SS Iyer,TG Southee,0,0,"",""
ball,2,20.4,India,KM Jadhav,SS Iyer,TG Southee,0,0,"",""
ball,2,20.5,India,KM Jadhav,SS Iyer,TG Southee,0,0,caught,KM Jadhav
ball,2,20.6,India,RA Jadeja,SS Iyer,TG Southee,0,0,"",""
ball,2,21.1,India,SS Iyer,RA Jadeja,C de Grandhomme,0,0,"",""
ball,2,21.2,India,SS Iyer,RA Jadeja,C de Grandhomme,0,0,"",""
ball,2,21.3,India,SS Iyer,RA Jadeja,C de Grandhomme,4,0,"",""
ball,2,21.4,India,SS Iyer,RA Jadeja,C de Grandhomme,0,0,"",""
ball,2,21.5,India,SS Iyer,RA Jadeja,C de Grandhomme,1,0,"",""
ball,2,21.6,India,RA Jadeja,SS Iyer,C de Grandhomme,0,0,"",""
ball,2,22.1,India,SS Iyer,RA Jadeja,TG Southee,0,0,"",""
ball,2,22.2,India,SS Iyer,RA Jadeja,TG Southee,1,0,"",""
ball,2,22.3,India,RA Jadeja,SS Iyer,TG Southee,0,0,"",""
ball,2,22.4,India,RA Jadeja,SS Iyer,TG Southee,0,0,"",""
ball,2,22.5,India,RA Jadeja,SS Iyer,TG Southee,0,0,"",""
ball,2,22.6,India,RA Jadeja,SS Iyer,TG Southee,0,0,"",""
ball,2,23.1,India,SS Iyer,RA Jadeja,HK Bennett,1,0,"",""
ball,2,23.2,India,RA Jadeja,SS Iyer,HK Bennett,0,0,"",""
ball,2,23.3,India,RA Jadeja,SS Iyer,HK Bennett,0,0,"",""
ball,2,23.4,India,RA Jadeja,SS Iyer,HK Bennett,0,0,"",""
ball,2,23.5,India,RA Jadeja,SS Iyer,HK Bennett,0,0,"",""
ball,2,23.6,India,RA Jadeja,SS Iyer,HK Bennett,1,0,"",""
ball,2,24.1,India,RA Jadeja,SS Iyer,TG Southee,0,0,"",""
ball,2,24.2,India,RA Jadeja,SS Iyer,TG Southee,0,0,"",""
ball,2,24.3,India,RA Jadeja,SS Iyer,TG Southee,0,0,"",""
ball,2,24.4,India,RA Jadeja,SS Iyer,TG Southee,0,0,"",""
ball,2,24.5,India,RA Jadeja,SS Iyer,TG Southee,4,0,"",""
ball,2,24.6,India,RA Jadeja,SS Iyer,TG Southee,0,0,"",""
ball,2,25.1,India,SS Iyer,RA Jadeja,HK Bennett,0,0,"",""
ball,2,25.2,India,SS Iyer,RA Jadeja,HK Bennett,1,0,"",""
ball,2,25.3,India,RA Jadeja,SS Iyer,HK Bennett,1,0,"",""
ball,2,25.4,India,SS Iyer,RA Jadeja,HK Bennett,0,0,"",""
ball,2,25.5,India,SS Iyer,RA Jadeja,HK Bennett,1,0,"",""
ball,2,25.6,India,RA Jadeja,SS Iyer,HK Bennett,0,0,"",""
ball,2,26.1,India,SS Iyer,RA Jadeja,JDS Neesham,1,0,"",""
ball,2,26.2,India,RA Jadeja,SS Iyer,JDS Neesham,4,0,"",""
ball,2,26.3,India,RA Jadeja,SS Iyer,JDS Neesham,0,2,"",""
ball,2,26.4,India,RA Jadeja,SS Iyer,JDS Neesham,0,5,"",""
ball,2,26.5,India,RA Jadeja,SS Iyer,JDS Neesham,0,0,"",""
ball,2,26.6,India,RA Jadeja,SS Iyer,JDS Neesham,2,0,"",""
ball,2,26.7,India,RA Jadeja,SS Iyer,JDS Neesham,0,0,"",""
ball,2,27.1,India,SS Iyer,RA Jadeja,HK Bennett,0,0,"",""
ball,2,27.2,India,SS Iyer,RA Jadeja,HK Bennett,4,0,"",""
ball,2,27.3,India,SS Iyer,RA Jadeja,HK Bennett,0,0,caught,SS Iyer
ball,2,27.4,India,SN Thakur,RA Jadeja,HK Bennett,0,0,"",""
ball,2,27.5,India,SN Thakur,RA Jadeja,HK Bennett,2,0,"",""
ball,2,27.6,India,SN Thakur,RA Jadeja,HK Bennett,0,0,"",""
ball,2,28.1,India,RA Jadeja,SN Thakur,JDS Neesham,0,0,"",""
ball,2,28.2,India,RA Jadeja,SN Thakur,JDS Neesham,1,0,"",""
ball,2,28.3,India,SN Thakur,RA Jadeja,JDS Neesham,0,0,"",""
ball,2,28.4,India,SN Thakur,RA Jadeja,JDS Neesham,4,0,"",""
ball,2,28.5,India,SN Thakur,RA Jadeja,JDS Neesham,0,0,"",""
ball,2,28.6,India,SN Thakur,RA Jadeja,JDS Neesham,0,0,"",""
ball,2,29.1,India,RA Jadeja,SN Thakur,HK Bennett,3,0,"",""
ball,2,29.2,India,SN Thakur,RA Jadeja,HK Bennett,0,0,"",""
ball,2,29.3,India,SN Thakur,RA Jadeja,HK Bennett,1,0,"",""
ball,2,29.4,India,RA Jadeja,SN Thakur,HK Bennett,1,0,"",""
ball,2,29.5,India,SN Thakur,RA Jadeja,HK Bennett,2,0,"",""
ball,2,29.6,India,SN Thakur,RA Jadeja,HK Bennett,0,0,"",""
ball,2,30.1,India,RA Jadeja,SN Thakur,JDS Neesham,0,0,"",""
ball,2,30.2,India,RA Jadeja,SN Thakur,JDS Neesham,0,0,"",""
ball,2,30.3,India,RA Jadeja,SN Thakur,JDS Neesham,1,0,"",""
ball,2,30.4,India,SN Thakur,RA Jadeja,JDS Neesham,4,0,"",""
ball,2,30.5,India,SN Thakur,RA Jadeja,JDS Neesham,4,0,"",""
ball,2,30.6,India,SN Thakur,RA Jadeja,JDS Neesham,1,0,"",""
ball,2,31.1,India,SN Thakur,RA Jadeja,C de Grandhomme,0,0,bowled,SN Thakur
ball,2,31.2,India,NA Saini,RA Jadeja,C de Grandhomme,0,0,"",""
ball,2,31.3,India,NA Saini,RA Jadeja,C de Grandhomme,0,0,"",""
ball,2,31.4,India,NA Saini,RA Jadeja,C de Grandhomme,0,0,"",""
ball,2,31.5,India,NA Saini,RA Jadeja,C de Grandhomme,0,0,"",""
ball,2,31.6,India,NA Saini,RA Jadeja,C de Grandhomme,4,0,"",""
ball,2,32.1,India,RA Jadeja,NA Saini,JDS Neesham,0,0,"",""
ball,2,32.2,India,RA Jadeja,NA Saini,JDS Neesham,0,0,"",""
ball,2,32.3,India,RA Jadeja,NA Saini,JDS Neesham,0,0,"",""
ball,2,32.4,India,RA Jadeja,NA Saini,JDS Neesham,0,0,"",""
ball,2,32.5,India,RA Jadeja,NA Saini,JDS Neesham,1,0,"",""
ball,2,32.6,India,NA Saini,RA Jadeja,JDS Neesham,1,0,"",""
ball,2,33.1,India,NA Saini,RA Jadeja,C de Grandhomme,0,0,"",""
ball,2,33.2,India,NA Saini,RA Jadeja,C de Grandhomme,1,0,"",""
ball,2,33.3,India,RA Jadeja,NA Saini,C de Grandhomme,1,0,"",""
ball,2,33.4,India,NA Saini,RA Jadeja,C de Grandhomme,1,0,"",""
ball,2,33.5,India,RA Jadeja,NA Saini,C de Grandhomme,0,0,"",""
ball,2,33.6,India,RA Jadeja,NA Saini,C de Grandhomme,0,0,"",""
ball,2,34.1,India,NA Saini,RA Jadeja,JDS Neesham,4,0,"",""
ball,2,34.2,India,NA Saini,RA Jadeja,JDS Neesham,0,0,"",""
ball,2,34.3,India,NA Saini,RA Jadeja,JDS Neesham,0,1,"",""
ball,2,34.4,India,NA Saini,RA Jadeja,JDS Neesham,0,0,"",""
ball,2,34.5,India,NA Saini,RA Jadeja,JDS Neesham,0,0,"",""
ball,2,34.6,India,NA Saini,RA Jadeja,JDS Neesham,0,0,"",""
ball,2,34.7,India,NA Saini,RA Jadeja,JDS Neesham,0,0,"",""
ball,2,35.1,India,RA Jadeja,NA Saini,C de Grandhomme,0,0,"",""
ball,2,35.2,India,RA Jadeja,NA Saini,C de Grandhomme,1,0,"",""
ball,2,35.3,India,NA Saini,RA Jadeja,C de Grandhomme,1,0,"",""
ball,2,35.4,India,RA Jadeja,NA Saini,C de Grandhomme,0,0,"",""
ball,2,35.5,India,RA Jadeja,NA Saini,C de Grandhomme,0,1,"",""
ball,2,35.6,India,RA Jadeja,NA Saini,C de Grandhomme,1,0,"",""
ball,2,35.7,India,NA Saini,RA Jadeja,C de Grandhomme,0,0,"",""
ball,2,36.1,India,RA Jadeja,NA Saini,KA Jamieson,0,0,"",""
ball,2,36.2,India,RA Jadeja,NA Saini,KA Jamieson,1,0,"",""
ball,2,36.3,India,NA Saini,RA Jadeja,KA Jamieson,0,0,"",""
ball,2,36.4,India,NA Saini,RA Jadeja,KA Jamieson,0,0,"",""
ball,2,36.5,India,NA Saini,RA Jadeja,KA Jamieson,0,0,"",""
ball,2,36.6,India,NA Saini,RA Jadeja,KA Jamieson,0,0,"",""
ball,2,37.1,India,RA Jadeja,NA Saini,JDS Neesham,1,0,"",""
ball,2,37.2,India,NA Saini,RA Jadeja,JDS Neesham,0,1,"",""
ball,2,37.3,India,RA Jadeja,NA Saini,JDS Neesham,2,0,"",""
ball,2,37.4,India,RA Jadeja,NA Saini,JDS Neesham,1,0,"",""
ball,2,37.5,India,NA Saini,RA Jadeja,JDS Neesham,1,0,"",""
ball,2,37.6,India,RA Jadeja,NA Saini,JDS Neesham,1,0,"",""
ball,2,38.1,India,RA Jadeja,NA Saini,KA Jamieson,1,0,"",""
ball,2,38.2,India,NA Saini,RA Jadeja,KA Jamieson,1,0,"",""
ball,2,38.3,India,RA Jadeja,NA Saini,KA Jamieson,1,0,"",""
ball,2,38.4,India,NA Saini,RA Jadeja,KA Jamieson,0,0,"",""
ball,2,38.5,India,NA Saini,RA Jadeja,KA Jamieson,0,0,"",""
ball,2,38.6,India,NA Saini,RA Jadeja,KA Jamieson,0,0,"",""
ball,2,39.1,India,RA Jadeja,NA Saini,HK Bennett,6,0,"",""
ball,2,39.2,India,RA Jadeja,NA Saini,HK Bennett,1,0,"",""
ball,2,39.3,India,NA Saini,RA Jadeja,HK Bennett,0,0,"",""
ball,2,39.4,India,NA Saini,RA Jadeja,HK Bennett,0,0,"",""
ball,2,39.5,India,NA Saini,RA Jadeja,HK Bennett,0,0,"",""
ball,2,39.6,India,NA Saini,RA Jadeja,HK Bennett,0,0,"",""
ball,2,40.1,India,RA Jadeja,NA Saini,JDS Neesham,0,0,"",""
ball,2,40.2,India,RA Jadeja,NA Saini,JDS Neesham,1,0,"",""
ball,2,40.3,India,NA Saini,RA Jadeja,JDS Neesham,0,0,"",""
ball,2,40.4,India,NA Saini,RA Jadeja,JDS Neesham,6,0,"",""
ball,2,40.5,India,NA Saini,RA Jadeja,JDS Neesham,0,0,"",""
ball,2,40.6,India,NA Saini,RA Jadeja,JDS Neesham,1,0,"",""
ball,2,41.1,India,NA Saini,RA Jadeja,C de Grandhomme,2,0,"",""
ball,2,41.2,India,NA Saini,RA Jadeja,C de Grandhomme,1,0,"",""
ball,2,41.3,India,RA Jadeja,NA Saini,C de Grandhomme,2,0,"",""
ball,2,41.4,India,RA Jadeja,NA Saini,C de Grandhomme,0,0,"",""
ball,2,41.5,India,RA Jadeja,NA Saini,C de Grandhomme,1,0,"",""
ball,2,41.6,India,NA Saini,RA Jadeja,C de Grandhomme,1,0,"",""
ball,2,42.1,India,NA Saini,RA Jadeja,JDS Neesham,1,0,"",""
ball,2,42.2,India,RA Jadeja,NA Saini,JDS Neesham,1,0,"",""
ball,2,42.3,India,NA Saini,RA Jadeja,JDS Neesham,0,0,"",""
ball,2,42.4,India,NA Saini,RA Jadeja,JDS Neesham,0,0,"",""
ball,2,42.5,India,NA Saini,RA Jadeja,JDS Neesham,0,0,"",""
ball,2,42.6,India,NA Saini,RA Jadeja,JDS Neesham,0,0,"",""
ball,2,43.1,India,RA Jadeja,NA Saini,C de Grandhomme,1,0,"",""
ball,2,43.2,India,NA Saini,RA Jadeja,C de Grandhomme,4,0,"",""
ball,2,43.3,India,NA Saini,RA Jadeja,C de Grandhomme,0,1,"",""
ball,2,43.4,India,NA Saini,RA Jadeja,C de Grandhomme,4,0,"",""
ball,2,43.5,India,NA Saini,RA Jadeja,C de Grandhomme,4,0,"",""
ball,2,43.6,India,NA Saini,RA Jadeja,C de Grandhomme,1,0,"",""
ball,2,43.7,India,RA Jadeja,NA Saini,C de Grandhomme,0,1,"",""
ball,2,44.1,India,RA Jadeja,NA Saini,KA Jamieson,1,0,"",""
ball,2,44.2,India,NA Saini,RA Jadeja,KA Jamieson,6,0,"",""
ball,2,44.3,India,NA Saini,RA Jadeja,KA Jamieson,0,0,bowled,NA Saini
ball,2,44.4,India,YS Chahal,RA Jadeja,KA Jamieson,0,0,"",""
ball,2,44.5,India,YS Chahal,RA Jadeja,KA Jamieson,0,0,"",""
ball,2,44.6,India,YS Chahal,RA Jadeja,KA Jamieson,0,0,"",""
ball,2,45.1,India,RA Jadeja,YS Chahal,HK Bennett,1,0,"",""
ball,2,45.2,India,YS Chahal,RA Jadeja,HK Bennett,0,0,"",""
ball,2,45.3,India,YS Chahal,RA Jadeja,HK Bennett,1,0,"",""
ball,2,45.4,India,RA Jadeja,YS Chahal,HK Bennett,1,0,"",""
ball,2,45.5,India,YS Chahal,RA Jadeja,HK Bennett,1,0,"",""
ball,2,45.6,India,RA Jadeja,YS Chahal,HK Bennett,1,0,"",""
ball,2,46.1,India,RA Jadeja,YS Chahal,KA Jamieson,2,0,"",""
ball,2,46.2,India,RA Jadeja,YS Chahal,KA Jamieson,2,0,"",""
ball,2,46.3,India,RA Jadeja,YS Chahal,KA Jamieson,1,0,"",""
ball,2,46.4,India,YS Chahal,RA Jadeja,KA Jamieson,2,0,"",""
ball,2,46.5,India,YS Chahal,RA Jadeja,KA Jamieson,4,0,"",""
ball,2,46.6,India,YS Chahal,RA Jadeja,KA Jamieson,1,0,"",""
ball,2,47.1,India,YS Chahal,RA Jadeja,HK Bennett,0,0,"",""
ball,2,47.2,India,YS Chahal,RA Jadeja,HK Bennett,0,0,"",""
ball,2,47.3,India,YS Chahal,RA Jadeja,HK Bennett,1,0,"",""
ball,2,47.4,India,RA Jadeja,YS Chahal,HK Bennett,0,1,"",""
ball,2,47.5,India,RA Jadeja,YS Chahal,HK Bennett,2,0,"",""
ball,2,47.6,India,RA Jadeja,YS Chahal,HK Bennett,1,0,run out,YS Chahal
ball,2,47.7,India,JJ Bumrah,RA Jadeja,HK Bennett,0,0,"",""
ball,2,48.1,India,RA Jadeja,JJ Bumrah,JDS Neesham,0,0,"",""
ball,2,48.2,India,RA Jadeja,JJ Bumrah,JDS Neesham,0,0,"",""
ball,2,48.3,India,RA Jadeja,JJ Bumrah,JDS Neesham,0,0,caught,RA Jadeja
