version,1.3.0
info,team,India
info,team,Australia
info,gender,male
info,season,2019/20
info,date,2020/01/14
info,series,Australia tour of India 2019/20
info,match_number,1
info,venue,Wankhede Stadium
info,city,Mumbai
info,toss_winner,Australia
info,toss_decision,field
info,player_of_match,DA Warner
info,umpire,C Shamshuddin
info,umpire,MA Gough
info,reserve_umpire,VK Sharma
info,tv_umpire,RA Kettleborough
info,match_referee,RS Madugalle
info,winner,Australia
info,winner_wickets,10
ball,1,0.1,India,RG Sharma,S Dhawan,MA Starc,4,0,"",""
ball,1,0.2,India,RG Sharma,S Dhawan,MA Starc,0,0,"",""
ball,1,0.3,India,RG Sharma,S Dhawan,MA Starc,0,0,"",""
ball,1,0.4,India,RG Sharma,S Dhawan,MA Starc,0,0,"",""
ball,1,0.5,India,RG Sharma,S Dhawan,MA Starc,4,0,"",""
ball,1,0.6,India,RG Sharma,S Dhawan,MA Starc,0,0,"",""
ball,1,1.1,India,S Dhawan,RG Sharma,PJ Cummins,0,0,"",""
ball,1,1.2,India,S Dhawan,RG Sharma,PJ Cummins,1,0,"",""
ball,1,1.3,India,RG Sharma,S Dhawan,PJ Cummins,0,0,"",""
ball,1,1.4,India,RG Sharma,S Dhawan,PJ Cummins,0,0,"",""
ball,1,1.5,India,RG Sharma,S Dhawan,PJ Cummins,0,1,"",""
ball,1,1.6,India,RG Sharma,S Dhawan,PJ Cummins,1,0,"",""
ball,1,1.7,India,S Dhawan,RG Sharma,PJ Cummins,0,0,"",""
ball,1,2.1,India,RG Sharma,S Dhawan,MA Starc,0,0,"",""
ball,1,2.2,India,RG Sharma,S Dhawan,MA Starc,1,0,"",""
ball,1,2.3,India,S Dhawan,RG Sharma,MA Starc,0,0,"",""
ball,1,2.4,India,S Dhawan,RG Sharma,MA Starc,0,0,"",""
ball,1,2.5,India,S Dhawan,RG Sharma,MA Starc,0,1,"",""
ball,1,2.6,India,RG Sharma,S Dhawan,MA Starc,0,0,"",""
ball,1,3.1,India,S Dhawan,RG Sharma,PJ Cummins,0,0,"",""
ball,1,3.2,India,S Dhawan,RG Sharma,PJ Cummins,0,0,"",""
ball,1,3.3,India,S Dhawan,RG Sharma,PJ Cummins,0,0,"",""
ball,1,3.4,India,S Dhawan,RG Sharma,PJ Cummins,0,0,"",""
ball,1,3.5,India,S Dhawan,RG Sharma,PJ Cummins,0,0,"",""
ball,1,3.6,India,S Dhawan,RG Sharma,PJ Cummins,0,0,"",""
ball,1,4.1,India,RG Sharma,S Dhawan,MA Starc,0,0,"",""
ball,1,4.2,India,RG Sharma,S Dhawan,MA Starc,0,0,"",""
ball,1,4.3,India,RG Sharma,S Dhawan,MA Starc,0,0,caught,RG Sharma
ball,1,4.4,India,KL Rahul,S Dhawan,MA Starc,0,0,"",""
ball,1,4.5,India,KL Rahul,S Dhawan,MA Starc,0,0,"",""
ball,1,4.6,India,KL Rahul,S Dhawan,MA Starc,4,0,"",""
ball,1,5.1,India,S Dhawan,KL Rahul,PJ Cummins,1,0,"",""
ball,1,5.2,India,KL Rahul,S Dhawan,PJ Cummins,1,0,"",""
ball,1,5.3,India,S Dhawan,KL Rahul,PJ Cummins,0,0,"",""
ball,1,5.4,India,S Dhawan,KL Rahul,PJ Cummins,0,0,"",""
ball,1,5.5,India,S Dhawan,KL Rahul,PJ Cummins,0,0,"",""
ball,1,5.6,India,S Dhawan,KL Rahul,PJ Cummins,0,0,"",""
ball,1,6.1,India,KL Rahul,S Dhawan,KW Richardson,1,0,"",""
ball,1,6.2,India,S Dhawan,KL Rahul,KW Richardson,0,0,"",""
ball,1,6.3,India,S Dhawan,KL Rahul,KW Richardson,0,0,"",""
ball,1,6.4,India,S Dhawan,KL Rahul,KW Richardson,1,0,"",""
ball,1,6.5,India,KL Rahul,S Dhawan,KW Richardson,0,0,"",""
ball,1,6.6,India,KL Rahul,S Dhawan,KW Richardson,0,0,"",""
ball,1,7.1,India,S Dhawan,KL Rahul,MA Starc,0,0,"",""
ball,1,7.2,India,S Dhawan,KL Rahul,MA Starc,0,0,"",""
ball,1,7.3,India,S Dhawan,KL Rahul,MA Starc,4,0,"",""
ball,1,7.4,India,S Dhawan,KL Rahul,MA Starc,4,0,"",""
ball,1,7.5,India,S Dhawan,KL Rahul,MA Starc,1,0,"",""
ball,1,7.6,India,KL Rahul,S Dhawan,MA Starc,0,0,"",""
ball,1,8.1,India,S Dhawan,KL Rahul,KW Richardson,4,0,"",""
ball,1,8.2,India,S Dhawan,KL Rahul,KW Richardson,0,0,"",""
ball,1,8.3,India,S Dhawan,KL Rahul,KW Richardson,0,0,"",""
ball,1,8.4,India,S Dhawan,KL Rahul,KW Richardson,4,0,"",""
ball,1,8.5,India,S Dhawan,KL Rahul,KW Richardson,0,0,"",""
ball,1,8.6,India,S Dhawan,KL Rahul,KW Richardson,0,0,"",""
ball,1,9.1,India,KL Rahul,S Dhawan,PJ Cummins,0,0,"",""
ball,1,9.2,India,KL Rahul,S Dhawan,PJ Cummins,1,0,"",""
ball,1,9.3,India,S Dhawan,KL Rahul,PJ Cummins,4,0,"",""
ball,1,9.4,India,S Dhawan,KL Rahul,PJ Cummins,0,0,"",""
ball,1,9.5,India,S Dhawan,KL Rahul,PJ Cummins,1,0,"",""
ball,1,9.6,India,KL Rahul,S Dhawan,PJ Cummins,1,0,"",""
ball,1,10.1,India,KL Rahul,S Dhawan,KW Richardson,0,0,"",""
ball,1,10.2,India,KL Rahul,S Dhawan,KW Richardson,0,0,"",""
ball,1,10.3,India,KL Rahul,S Dhawan,KW Richardson,1,0,"",""
ball,1,10.4,India,S Dhawan,KL Rahul,KW Richardson,0,0,"",""
ball,1,10.5,India,S Dhawan,KL Rahul,KW Richardson,1,0,"",""
ball,1,10.6,India,KL Rahul,S Dhawan,KW Richardson,0,0,"",""
ball,1,11.1,India,S Dhawan,KL Rahul,PJ Cummins,0,0,"",""
ball,1,11.2,India,S Dhawan,KL Rahul,PJ Cummins,0,0,"",""
ball,1,11.3,India,S Dhawan,KL Rahul,PJ Cummins,0,0,"",""
ball,1,11.4,India,S Dhawan,KL Rahul,PJ Cummins,0,0,"",""
ball,1,11.5,India,S Dhawan,KL Rahul,PJ Cummins,4,0,"",""
ball,1,11.6,India,S Dhawan,KL Rahul,PJ Cummins,4,0,"",""
ball,1,12.1,India,KL Rahul,S Dhawan,A Zampa,1,0,"",""
ball,1,12.2,India,S Dhawan,KL Rahul,A Zampa,1,0,"",""
ball,1,12.3,India,KL Rahul,S Dhawan,A Zampa,1,0,"",""
ball,1,12.4,India,S Dhawan,KL Rahul,A Zampa,1,0,"",""
ball,1,12.5,India,KL Rahul,S Dhawan,A Zampa,0,0,"",""
ball,1,12.6,India,KL Rahul,S Dhawan,A Zampa,0,0,"",""
ball,1,13.1,India,S Dhawan,KL Rahul,KW Richardson,0,1,"",""
ball,1,13.2,India,S Dhawan,KL Rahul,KW Richardson,1,0,"",""
ball,1,13.3,India,KL Rahul,S Dhawan,KW Richardson,4,0,"",""
ball,1,13.4,India,KL Rahul,S Dhawan,KW Richardson,0,0,"",""
ball,1,13.5,India,KL Rahul,S Dhawan,KW Richardson,0,0,"",""
ball,1,13.6,India,KL Rahul,S Dhawan,KW Richardson,0,0,"",""
ball,1,13.7,India,KL Rahul,S Dhawan,KW Richardson,1,0,"",""
ball,1,14.1,India,KL Rahul,S Dhawan,A Zampa,4,0,"",""
ball,1,14.2,India,KL Rahul,S Dhawan,A Zampa,0,1,"",""
ball,1,14.3,India,KL Rahul,S Dhawan,A Zampa,1,0,"",""
ball,1,14.4,India,S Dhawan,KL Rahul,A Zampa,0,0,"",""
ball,1,14.5,India,S Dhawan,KL Rahul,A Zampa,0,0,"",""
ball,1,14.6,India,S Dhawan,KL Rahul,A Zampa,0,0,"",""
ball,1,14.7,India,S Dhawan,KL Rahul,A Zampa,0,0,"",""
ball,1,15.1,India,KL Rahul,S Dhawan,KW Richardson,1,0,"",""
ball,1,15.2,India,S Dhawan,KL Rahul,KW Richardson,1,0,"",""
ball,1,15.3,India,KL Rahul,S Dhawan,KW Richardson,0,0,"",""
ball,1,15.4,India,KL Rahul,S Dhawan,KW Richardson,4,0,"",""
ball,1,15.5,India,KL Rahul,S Dhawan,KW Richardson,1,0,"",""
ball,1,15.6,India,S Dhawan,KL Rahul,KW Richardson,1,0,"",""
ball,1,16.1,India,S Dhawan,KL Rahul,AC Agar,0,0,"",""
ball,1,16.2,India,S Dhawan,KL Rahul,AC Agar,0,0,"",""
ball,1,16.3,India,S Dhawan,KL Rahul,AC Agar,0,0,"",""
ball,1,16.4,India,S Dhawan,KL Rahul,AC Agar,4,0,"",""
ball,1,16.5,India,S Dhawan,KL Rahul,AC Agar,2,0,"",""
ball,1,16.6,India,S Dhawan,KL Rahul,AC Agar,0,0,"",""
ball,1,17.1,India,KL Rahul,S Dhawan,A Zampa,2,0,"",""
ball,1,17.2,India,KL Rahul,S Dhawan,A Zampa,0,0,"",""
ball,1,17.3,India,KL Rahul,S Dhawan,A Zampa,1,0,"",""
ball,1,17.4,India,S Dhawan,KL Rahul,A Zampa,0,0,"",""
ball,1,17.5,India,S Dhawan,KL Rahul,A Zampa,0,0,"",""
ball,1,17.6,India,S Dhawan,KL Rahul,A Zampa,1,0,"",""
ball,1,18.1,India,S Dhawan,KL Rahul,AC Agar,0,0,"",""
ball,1,18.2,India,S Dhawan,KL Rahul,AC Agar,2,0,"",""
ball,1,18.3,India,S Dhawan,KL Rahul,AC Agar,0,0,"",""
ball,1,18.4,India,S Dhawan,KL Rahul,AC Agar,0,0,"",""
ball,1,18.5,India,S Dhawan,KL Rahul,AC Agar,1,0,"",""
ball,1,18.6,India,KL Rahul,S Dhawan,AC Agar,0,0,"",""
ball,1,19.1,India,S Dhawan,KL Rahul,A Zampa,1,0,"",""
ball,1,19.2,India,KL Rahul,S Dhawan,A Zampa,1,0,"",""
ball,1,19.3,India,S Dhawan,KL Rahul,A Zampa,0,0,"",""
ball,1,19.4,India,S Dhawan,KL Rahul,A Zampa,4,0,"",""
ball,1,19.5,India,S Dhawan,KL Rahul,A Zampa,1,0,"",""
ball,1,19.6,India,KL Rahul,S Dhawan,A Zampa,0,0,"",""
ball,1,20.1,India,S Dhawan,KL Rahul,AC Agar,0,0,"",""
ball,1,20.2,India,S Dhawan,KL Rahul,AC Agar,1,0,"",""
ball,1,20.3,India,KL Rahul,S Dhawan,AC Agar,1,0,"",""
ball,1,20.4,India,S Dhawan,KL Rahul,AC Agar,1,0,"",""
ball,1,20.5,India,KL Rahul,S Dhawan,AC Agar,1,0,"",""
ball,1,20.6,India,S Dhawan,KL Rahul,AC Agar,1,0,"",""
ball,1,21.1,India,S Dhawan,KL Rahul,A Zampa,1,0,"",""
ball,1,21.2,India,KL Rahul,S Dhawan,A Zampa,1,0,"",""
ball,1,21.3,India,S Dhawan,KL Rahul,A Zampa,0,0,"",""
ball,1,21.4,India,S Dhawan,KL Rahul,A Zampa,0,0,"",""
ball,1,21.5,India,S Dhawan,KL Rahul,A Zampa,1,0,"",""
ball,1,21.6,India,KL Rahul,S Dhawan,A Zampa,1,0,"",""
ball,1,22.1,India,KL Rahul,S Dhawan,AC Agar,0,0,"",""
ball,1,22.2,India,KL Rahul,S Dhawan,AC Agar,0,0,"",""
ball,1,22.3,India,KL Rahul,S Dhawan,AC Agar,1,0,"",""
ball,1,22.4,India,S Dhawan,KL Rahul,AC Agar,1,0,"",""
ball,1,22.5,India,KL Rahul,S Dhawan,AC Agar,0,0,"",""
ball,1,22.6,India,KL Rahul,S Dhawan,AC Agar,0,0,"",""
ball,1,23.1,India,S Dhawan,KL Rahul,A Zampa,1,0,"",""
ball,1,23.2,India,KL Rahul,S Dhawan,A Zampa,1,0,"",""
ball,1,23.3,India,S Dhawan,KL Rahul,A Zampa,1,0,"",""
ball,1,23.4,India,KL Rahul,S Dhawan,A Zampa,0,0,"",""
ball,1,23.5,India,KL Rahul,S Dhawan,A Zampa,2,0,"",""
ball,1,23.6,India,KL Rahul,S Dhawan,A Zampa,1,0,"",""
ball,1,24.1,India,KL Rahul,S Dhawan,AC Agar,0,0,"",""
ball,1,24.2,India,KL Rahul,S Dhawan,AC Agar,1,0,"",""
ball,1,24.3,India,S Dhawan,KL Rahul,AC Agar,6,0,"",""
ball,1,24.4,India,S Dhawan,KL Rahul,AC Agar,1,0,"",""
ball,1,24.5,India,KL Rahul,S Dhawan,AC Agar,1,0,"",""
ball,1,24.6,India,S Dhawan,KL Rahul,AC Agar,0,0,"",""
ball,1,25.1,India,KL Rahul,S Dhawan,A Zampa,1,0,"",""
ball,1,25.2,India,S Dhawan,KL Rahul,A Zampa,1,0,"",""
ball,1,25.3,India,KL Rahul,S Dhawan,A Zampa,0,0,"",""
ball,1,25.4,India,KL Rahul,S Dhawan,A Zampa,0,0,"",""
ball,1,25.5,India,KL Rahul,S Dhawan,A Zampa,0,0,"",""
ball,1,25.6,India,KL Rahul,S Dhawan,A Zampa,1,0,"",""
ball,1,26.1,India,KL Rahul,S Dhawan,KW Richardson,1,0,"",""
ball,1,26.2,India,S Dhawan,KL Rahul,KW Richardson,1,0,"",""
ball,1,26.3,India,KL Rahul,S Dhawan,KW Richardson,1,0,"",""
ball,1,26.4,India,S Dhawan,KL Rahul,KW Richardson,0,0,"",""
ball,1,26.5,India,S Dhawan,KL Rahul,KW Richardson,1,0,"",""
ball,1,26.6,India,KL Rahul,S Dhawan,KW Richardson,1,0,"",""
ball,1,27.1,India,KL Rahul,S Dhawan,AC Agar,0,0,caught,KL Rahul
ball,1,27.2,India,V Kohli,S Dhawan,AC Agar,1,0,"",""
ball,1,27.3,India,S Dhawan,V Kohli,AC Agar,0,0,"",""
ball,1,27.4,India,S Dhawan,V Kohli,AC Agar,0,1,"",""
ball,1,27.5,India,V Kohli,S Dhawan,AC Agar,0,0,"",""
ball,1,27.6,India,V Kohli,S Dhawan,AC Agar,1,0,"",""
ball,1,28.1,India,V Kohli,S Dhawan,PJ Cummins,1,0,"",""
ball,1,28.2,India,S Dhawan,V Kohli,PJ Cummins,1,0,"",""
ball,1,28.3,India,V Kohli,S Dhawan,PJ Cummins,0,0,"",""
ball,1,28.4,India,V Kohli,S Dhawan,PJ Cummins,1,0,"",""
ball,1,28.5,India,S Dhawan,V Kohli,PJ Cummins,0,0,caught,S Dhawan
ball,1,28.6,India,V Kohli,SS Iyer,PJ Cummins,1,0,"",""
ball,1,29.1,India,V Kohli,SS Iyer,A Zampa,2,0,"",""
ball,1,29.2,India,V Kohli,SS Iyer,A Zampa,0,0,"",""
ball,1,29.3,India,V Kohli,SS Iyer,A Zampa,1,0,"",""
ball,1,29.4,India,SS Iyer,V Kohli,A Zampa,1,0,"",""
ball,1,29.5,India,V Kohli,SS Iyer,A Zampa,1,0,"",""
ball,1,29.6,India,SS Iyer,V Kohli,A Zampa,1,0,"",""
ball,1,30.1,India,SS Iyer,V Kohli,PJ Cummins,0,1,"",""
ball,1,30.2,India,SS Iyer,V Kohli,PJ Cummins,0,0,"",""
ball,1,30.3,India,SS Iyer,V Kohli,PJ Cummins,0,0,"",""
ball,1,30.4,India,SS Iyer,V Kohli,PJ Cummins,0,0,"",""
ball,1,30.5,India,SS Iyer,V Kohli,PJ Cummins,1,0,"",""
ball,1,30.6,India,V Kohli,SS Iyer,PJ Cummins,1,0,"",""
ball,1,30.7,India,SS Iyer,V Kohli,PJ Cummins,0,0,"",""
ball,1,31.1,India,V Kohli,SS Iyer,A Zampa,6,0,"",""
ball,1,31.2,India,V Kohli,SS Iyer,A Zampa,0,0,caught and bowled,V Kohli
ball,1,31.3,India,RR Pant,SS Iyer,A Zampa,4,0,"",""
ball,1,31.4,India,RR Pant,SS Iyer,A Zampa,0,0,"",""
ball,1,31.5,India,RR Pant,SS Iyer,A Zampa,0,0,"",""
ball,1,31.6,India,RR Pant,SS Iyer,A Zampa,1,0,"",""
ball,1,32.1,India,RR Pant,SS Iyer,MA Starc,0,0,"",""
ball,1,32.2,India,RR Pant,SS Iyer,MA Starc,1,0,"",""
ball,1,32.3,India,SS Iyer,RR Pant,MA Starc,1,0,"",""
ball,1,32.4,India,RR Pant,SS Iyer,MA Starc,1,0,"",""
ball,1,32.5,India,SS Iyer,RR Pant,MA Starc,0,0,caught,SS Iyer
ball,1,32.6,India,RA Jadeja,RR Pant,MA Starc,0,0,"",""
ball,1,33.1,India,RR Pant,RA Jadeja,A Zampa,0,0,"",""
ball,1,33.2,India,RR Pant,RA Jadeja,A Zampa,0,0,"",""
ball,1,33.3,India,RR Pant,RA Jadeja,A Zampa,0,0,"",""
ball,1,33.4,India,RR Pant,RA Jadeja,A Zampa,1,0,"",""
ball,1,33.5,India,RA Jadeja,RR Pant,A Zampa,0,0,"",""
ball,1,33.6,India,RA Jadeja,RR Pant,A Zampa,1,0,"",""
ball,1,34.1,India,RA Jadeja,RR Pant,MA Starc,0,0,"",""
ball,1,34.2,India,RA Jadeja,RR Pant,MA Starc,0,0,"",""
ball,1,34.3,India,RA Jadeja,RR Pant,MA Starc,0,0,"",""
ball,1,34.4,India,RA Jadeja,RR Pant,MA Starc,1,0,"",""
ball,1,34.5,India,RR Pant,RA Jadeja,MA Starc,0,1,"",""
ball,1,34.6,India,RR Pant,RA Jadeja,MA Starc,1,0,"",""
ball,1,34.7,India,RA Jadeja,RR Pant,MA Starc,0,0,"",""
ball,1,35.1,India,RR Pant,RA Jadeja,AC Agar,0,1,"",""
ball,1,35.2,India,RR Pant,RA Jadeja,AC Agar,0,0,"",""
ball,1,35.3,India,RR Pant,RA Jadeja,AC Agar,0,0,"",""
ball,1,35.4,India,RR Pant,RA Jadeja,AC Agar,0,0,"",""
ball,1,35.5,India,RR Pant,RA Jadeja,AC Agar,1,0,"",""
ball,1,35.6,India,RA Jadeja,RR Pant,AC Agar,6,0,"",""
ball,1,35.7,India,RA Jadeja,RR Pant,AC Agar,0,0,"",""
ball,1,36.1,India,RR Pant,RA Jadeja,MA Starc,0,0,"",""
ball,1,36.2,India,RR Pant,RA Jadeja,MA Starc,1,0,"",""
ball,1,36.3,India,RA Jadeja,RR Pant,MA Starc,0,0,"",""
ball,1,36.4,India,RA Jadeja,RR Pant,MA Starc,4,0,"",""
ball,1,36.5,India,RA Jadeja,RR Pant,MA Starc,1,0,"",""
ball,1,36.6,India,RR Pant,RA Jadeja,MA Starc,0,0,"",""
ball,1,37.1,India,RA Jadeja,RR Pant,AC Agar,0,0,"",""
ball,1,37.2,India,RA Jadeja,RR Pant,AC Agar,0,0,"",""
ball,1,37.3,India,RA Jadeja,RR Pant,AC Agar,0,0,"",""
ball,1,37.4,India,RA Jadeja,RR Pant,AC Agar,0,0,"",""
ball,1,37.5,India,RA Jadeja,RR Pant,AC Agar,0,0,"",""
ball,1,37.6,India,RA Jadeja,RR Pant,AC Agar,0,0,"",""
ball,1,38.1,India,RR Pant,RA Jadeja,PJ Cummins,0,0,"",""
ball,1,38.2,India,RR Pant,RA Jadeja,PJ Cummins,0,0,"",""
ball,1,38.3,India,RR Pant,RA Jadeja,PJ Cummins,1,0,"",""
ball,1,38.4,India,RA Jadeja,RR Pant,PJ Cummins,0,0,"",""
ball,1,38.5,India,RA Jadeja,RR Pant,PJ Cummins,0,0,"",""
ball,1,38.6,India,RA Jadeja,RR Pant,PJ Cummins,2,0,"",""
ball,1,39.1,India,RR Pant,RA Jadeja,AC Agar,1,0,"",""
ball,1,39.2,India,RA Jadeja,RR Pant,AC Agar,0,0,"",""
ball,1,39.3,India,RA Jadeja,RR Pant,AC Agar,2,0,"",""
ball,1,39.4,India,RA Jadeja,RR Pant,AC Agar,1,0,"",""
ball,1,39.5,India,RR Pant,RA Jadeja,AC Agar,1,0,"",""
ball,1,39.6,India,RA Jadeja,RR Pant,AC Agar,4,0,"",""
ball,1,40.1,India,RR Pant,RA Jadeja,KW Richardson,0,0,"",""
ball,1,40.2,India,RR Pant,RA Jadeja,KW Richardson,1,0,"",""
ball,1,40.3,India,RA Jadeja,RR Pant,KW Richardson,1,0,"",""
ball,1,40.4,India,RR Pant,RA Jadeja,KW Richardson,0,0,"",""
ball,1,40.5,India,RR Pant,RA Jadeja,KW Richardson,1,0,"",""
ball,1,40.6,India,RA Jadeja,RR Pant,KW Richardson,0,1,"",""
ball,1,40.7,India,RA Jadeja,RR Pant,KW Richardson,1,0,"",""
ball,1,41.1,India,RA Jadeja,RR Pant,AC Agar,0,1,"",""
ball,1,41.2,India,RR Pant,RA Jadeja,AC Agar,6,0,"",""
ball,1,41.3,India,RR Pant,RA Jadeja,AC Agar,1,0,"",""
ball,1,41.4,India,RA Jadeja,RR Pant,AC Agar,0,0,"",""
ball,1,41.5,India,RA Jadeja,RR Pant,AC Agar,1,0,"",""
ball,1,41.6,India,RR Pant,RA Jadeja,AC Agar,4,0,"",""
ball,1,42.1,India,RA Jadeja,RR Pant,KW Richardson,0,0,caught,RA Jadeja
ball,1,42.2,India,SN Thakur,RR Pant,KW Richardson,1,0,"",""
ball,1,42.3,India,RR Pant,SN Thakur,KW Richardson,1,0,"",""
ball,1,42.4,India,SN Thakur,RR Pant,KW Richardson,0,0,"",""
ball,1,42.5,India,SN Thakur,RR Pant,KW Richardson,0,0,"",""
ball,1,42.6,India,SN Thakur,RR Pant,KW Richardson,1,0,"",""
ball,1,43.1,India,SN Thakur,RR Pant,PJ Cummins,1,0,"",""
ball,1,43.2,India,RR Pant,SN Thakur,PJ Cummins,0,0,caught,RR Pant
ball,1,43.3,India,Mohammed Shami,SN Thakur,PJ Cummins,1,0,"",""
ball,1,43.4,India,SN Thakur,Mohammed Shami,PJ Cummins,4,0,"",""
ball,1,43.5,India,SN Thakur,Mohammed Shami,PJ Cummins,4,0,"",""
ball,1,43.6,India,SN Thakur,Mohammed Shami,PJ Cummins,1,0,"",""
ball,1,44.1,India,SN Thakur,Mohammed Shami,MA Starc,1,0,"",""
ball,1,44.2,India,Mohammed Shami,SN Thakur,MA Starc,0,0,"",""
ball,1,44.3,India,Mohammed Shami,SN Thakur,MA Starc,0,0,"",""
ball,1,44.4,India,Mohammed Shami,SN Thakur,MA Starc,1,0,"",""
ball,1,44.5,India,SN Thakur,Mohammed Shami,MA Starc,0,0,bowled,SN Thakur
ball,1,44.6,India,Kuldeep Yadav,Mohammed Shami,MA Starc,1,0,"",""
ball,1,45.1,India,Kuldeep Yadav,Mohammed Shami,PJ Cummins,0,0,"",""
ball,1,45.2,India,Kuldeep Yadav,Mohammed Shami,PJ Cummins,1,0,"",""
ball,1,45.3,India,Mohammed Shami,Kuldeep Yadav,PJ Cummins,0,0,"",""
ball,1,45.4,India,Mohammed Shami,Kuldeep Yadav,PJ Cummins,1,0,"",""
ball,1,45.5,India,Kuldeep Yadav,Mohammed Shami,PJ Cummins,1,0,"",""
ball,1,45.6,India,Mohammed Shami,Kuldeep Yadav,PJ Cummins,0,0,"",""
ball,1,46.1,India,Kuldeep Yadav,Mohammed Shami,MA Starc,1,0,"",""
ball,1,46.2,India,Mohammed Shami,Kuldeep Yadav,MA Starc,1,0,"",""
ball,1,46.3,India,Kuldeep Yadav,Mohammed Shami,MA Starc,0,0,"",""
ball,1,46.4,India,Kuldeep Yadav,Mohammed Shami,MA Starc,0,0,"",""
ball,1,46.5,India,Kuldeep Yadav,Mohammed Shami,MA Starc,1,0,"",""
ball,1,46.6,India,Mohammed Shami,Kuldeep Yadav,MA Starc,4,0,"",""
ball,1,47.1,India,Kuldeep Yadav,Mohammed Shami,KW Richardson,0,0,"",""
ball,1,47.2,India,Kuldeep Yadav,Mohammed Shami,KW Richardson,1,0,"",""
ball,1,47.3,India,Mohammed Shami,Kuldeep Yadav,KW Richardson,1,0,"",""
ball,1,47.4,India,Kuldeep Yadav,Mohammed Shami,KW Richardson,1,0,"",""
ball,1,47.5,India,Mohammed Shami,Kuldeep Yadav,KW Richardson,0,0,"",""
ball,1,47.6,India,Mohammed Shami,Kuldeep Yadav,KW Richardson,0,0,"",""
ball,1,48.1,India,Kuldeep Yadav,Mohammed Shami,MA Starc,4,0,"",""
ball,1,48.2,India,Kuldeep Yadav,Mohammed Shami,MA Starc,0,1,"",""
ball,1,48.3,India,Kuldeep Yadav,Mohammed Shami,MA Starc,1,0,"",""
ball,1,48.4,India,Mohammed Shami,Kuldeep Yadav,MA Starc,1,0,"",""
ball,1,48.5,India,Kuldeep Yadav,Mohammed Shami,MA Starc,4,0,"",""
ball,1,48.6,India,Kuldeep Yadav,Mohammed Shami,MA Starc,1,0,"",""
ball,1,48.7,India,Mohammed Shami,Kuldeep Yadav,MA Starc,0,0,run out,Kuldeep Yadav
ball,1,49.1,India,Mohammed Shami,JJ Bumrah,KW Richardson,0,0,caught,Mohammed Shami
ball,2,0.1,Australia,DA Warner,AJ Finch,Mohammed Shami,0,0,"",""
ball,2,0.2,Australia,DA Warner,AJ Finch,Mohammed Shami,1,0,"",""
ball,2,0.3,Australia,AJ Finch,DA Warner,Mohammed Shami,4,0,"",""
ball,2,0.4,Australia,AJ Finch,DA Warner,Mohammed Shami,0,0,"",""
ball,2,0.5,Australia,AJ Finch,DA Warner,Mohammed Shami,0,0,"",""
ball,2,0.6,Australia,AJ Finch,DA Warner,Mohammed Shami,0,0,"",""
ball,2,1.1,Australia,DA Warner,AJ Finch,JJ Bumrah,0,0,"",""
ball,2,1.2,Australia,DA Warner,AJ Finch,JJ Bumrah,0,1,"",""
ball,2,1.3,Australia,AJ Finch,DA Warner,JJ Bumrah,0,0,"",""
ball,2,1.4,Australia,AJ Finch,DA Warner,JJ Bumrah,2,0,"",""
ball,2,1.5,Australia,AJ Finch,DA Warner,JJ Bumrah,0,0,"",""
ball,2,1.6,Australia,AJ Finch,DA Warner,JJ Bumrah,0,0,"",""
ball,2,2.1,Australia,DA Warner,AJ Finch,Mohammed Shami,1,0,"",""
ball,2,2.2,Australia,AJ Finch,DA Warner,Mohammed Shami,4,0,"",""
ball,2,2.3,Australia,AJ Finch,DA Warner,Mohammed Shami,1,0,"",""
ball,2,2.4,Australia,DA Warner,AJ Finch,Mohammed Shami,0,0,"",""
ball,2,2.5,Australia,DA Warner,AJ Finch,Mohammed Shami,0,0,"",""
ball,2,2.6,Australia,DA Warner,AJ Finch,Mohammed Shami,0,0,"",""
ball,2,3.1,Australia,AJ Finch,DA Warner,JJ Bumrah,0,0,"",""
ball,2,3.2,Australia,AJ Finch,DA Warner,JJ Bumrah,0,0,"",""
ball,2,3.3,Australia,AJ Finch,DA Warner,JJ Bumrah,4,0,"",""
ball,2,3.4,Australia,AJ Finch,DA Warner,JJ Bumrah,2,0,"",""
ball,2,3.5,Australia,AJ Finch,DA Warner,JJ Bumrah,4,0,"",""
ball,2,3.6,Australia,AJ Finch,DA Warner,JJ Bumrah,0,1,"",""
ball,2,4.1,Australia,AJ Finch,DA Warner,Mohammed Shami,0,0,"",""
ball,2,4.2,Australia,AJ Finch,DA Warner,Mohammed Shami,4,0,"",""
ball,2,4.3,Australia,AJ Finch,DA Warner,Mohammed Shami,0,1,"",""
ball,2,4.4,Australia,DA Warner,AJ Finch,Mohammed Shami,0,0,"",""
ball,2,4.5,Australia,DA Warner,AJ Finch,Mohammed Shami,0,0,"",""
ball,2,4.6,Australia,DA Warner,AJ Finch,Mohammed Shami,3,0,"",""
ball,2,5.1,Australia,DA Warner,AJ Finch,SN Thakur,0,0,"",""
ball,2,5.2,Australia,DA Warner,AJ Finch,SN Thakur,0,0,"",""
ball,2,5.3,Australia,DA Warner,AJ Finch,SN Thakur,0,0,"",""
ball,2,5.4,Australia,DA Warner,AJ Finch,SN Thakur,0,1,"",""
ball,2,5.5,Australia,DA Warner,AJ Finch,SN Thakur,1,0,"",""
ball,2,5.6,Australia,AJ Finch,DA Warner,SN Thakur,2,0,"",""
ball,2,5.7,Australia,AJ Finch,DA Warner,SN Thakur,0,0,"",""
ball,2,6.1,Australia,DA Warner,AJ Finch,JJ Bumrah,0,0,"",""
ball,2,6.2,Australia,DA Warner,AJ Finch,JJ Bumrah,4,0,"",""
ball,2,6.3,Australia,DA Warner,AJ Finch,JJ Bumrah,1,0,"",""
ball,2,6.4,Australia,AJ Finch,DA Warner,JJ Bumrah,0,0,"",""
ball,2,6.5,Australia,AJ Finch,DA Warner,JJ Bumrah,4,0,"",""
ball,2,6.6,Australia,AJ Finch,DA Warner,JJ Bumrah,0,0,"",""
ball,2,7.1,Australia,DA Warner,AJ Finch,SN Thakur,4,0,"",""
ball,2,7.2,Australia,DA Warner,AJ Finch,SN Thakur,0,0,"",""
ball,2,7.3,Australia,DA Warner,AJ Finch,SN Thakur,4,0,"",""
ball,2,7.4,Australia,DA Warner,AJ Finch,SN Thakur,0,1,"",""
ball,2,7.5,Australia,DA Warner,AJ Finch,SN Thakur,0,0,"",""
ball,2,7.6,Australia,DA Warner,AJ Finch,SN Thakur,6,0,"",""
ball,2,7.7,Australia,DA Warner,AJ Finch,SN Thakur,0,0,"",""
ball,2,8.1,Australia,AJ Finch,DA Warner,Mohammed Shami,4,0,"",""
ball,2,8.2,Australia,AJ Finch,DA Warner,Mohammed Shami,0,0,"",""
ball,2,8.3,Australia,AJ Finch,DA Warner,Mohammed Shami,4,0,"",""
ball,2,8.4,Australia,AJ Finch,DA Warner,Mohammed Shami,0,0,"",""
ball,2,8.5,Australia,AJ Finch,DA Warner,Mohammed Shami,1,0,"",""
ball,2,8.6,Australia,DA Warner,AJ Finch,Mohammed Shami,1,0,"",""
ball,2,9.1,Australia,DA Warner,AJ Finch,SN Thakur,4,0,"",""
ball,2,9.2,Australia,DA Warner,AJ Finch,SN Thakur,1,0,"",""
ball,2,9.3,Australia,AJ Finch,DA Warner,SN Thakur,1,0,"",""
ball,2,9.4,Australia,DA Warner,AJ Finch,SN Thakur,2,0,"",""
ball,2,9.5,Australia,DA Warner,AJ Finch,SN Thakur,0,1,"",""
ball,2,9.6,Australia,DA Warner,AJ Finch,SN Thakur,4,0,"",""
ball,2,9.7,Australia,DA Warner,AJ Finch,SN Thakur,0,0,"",""
ball,2,10.1,Australia,AJ Finch,DA Warner,Kuldeep Yadav,1,0,"",""
ball,2,10.2,Australia,DA Warner,AJ Finch,Kuldeep Yadav,1,0,"",""
ball,2,10.3,Australia,AJ Finch,DA Warner,Kuldeep Yadav,0,0,"",""
ball,2,10.4,Australia,AJ Finch,DA Warner,Kuldeep Yadav,1,0,"",""
ball,2,10.5,Australia,DA Warner,AJ Finch,Kuldeep Yadav,0,0,"",""
ball,2,10.6,Australia,DA Warner,AJ Finch,Kuldeep Yadav,0,0,"",""
ball,2,11.1,Australia,AJ Finch,DA Warner,RA Jadeja,0,0,"",""
ball,2,11.2,Australia,AJ Finch,DA Warner,RA Jadeja,0,0,"",""
ball,2,11.3,Australia,AJ Finch,DA Warner,RA Jadeja,0,1,"",""
ball,2,11.4,Australia,DA Warner,AJ Finch,RA Jadeja,0,0,"",""
ball,2,11.5,Australia,DA Warner,AJ Finch,RA Jadeja,6,0,"",""
ball,2,11.6,Australia,DA Warner,AJ Finch,RA Jadeja,0,0,"",""
ball,2,12.1,Australia,AJ Finch,DA Warner,Kuldeep Yadav,0,0,"",""
ball,2,12.2,Australia,AJ Finch,DA Warner,Kuldeep Yadav,0,0,"",""
ball,2,12.3,Australia,AJ Finch,DA Warner,Kuldeep Yadav,6,0,"",""
ball,2,12.4,Australia,AJ Finch,DA Warner,Kuldeep Yadav,0,0,"",""
ball,2,12.5,Australia,AJ Finch,DA Warner,Kuldeep Yadav,0,0,"",""
ball,2,12.6,Australia,AJ Finch,DA Warner,Kuldeep Yadav,0,0,"",""
ball,2,13.1,Australia,DA Warner,AJ Finch,JJ Bumrah,4,0,"",""
ball,2,13.2,Australia,DA Warner,AJ Finch,JJ Bumrah,0,0,"",""
ball,2,13.3,Australia,DA Warner,AJ Finch,JJ Bumrah,1,0,"",""
ball,2,13.4,Australia,AJ Finch,DA Warner,JJ Bumrah,0,4,"",""
ball,2,13.5,Australia,AJ Finch,DA Warner,JJ Bumrah,0,0,"",""
ball,2,13.6,Australia,AJ Finch,DA Warner,JJ Bumrah,0,0,"",""
ball,2,14.1,Australia,DA Warner,AJ Finch,Kuldeep Yadav,1,0,"",""
ball,2,14.2,Australia,AJ Finch,DA Warner,Kuldeep Yadav,0,0,"",""
ball,2,14.3,Australia,AJ Finch,DA Warner,Kuldeep Yadav,0,0,"",""
ball,2,14.4,Australia,AJ Finch,DA Warner,Kuldeep Yadav,0,0,"",""
ball,2,14.5,Australia,AJ Finch,DA Warner,Kuldeep Yadav,0,0,"",""
ball,2,14.6,Australia,AJ Finch,DA Warner,Kuldeep Yadav,0,0,"",""
ball,2,15.1,Australia,DA Warner,AJ Finch,JJ Bumrah,0,0,"",""
ball,2,15.2,Australia,DA Warner,AJ Finch,JJ Bumrah,3,0,"",""
ball,2,15.3,Australia,AJ Finch,DA Warner,JJ Bumrah,0,1,"",""
ball,2,15.4,Australia,AJ Finch,DA Warner,JJ Bumrah,0,0,"",""
ball,2,15.5,Australia,AJ Finch,DA Warner,JJ Bumrah,1,0,"",""
ball,2,15.6,Australia,DA Warner,AJ Finch,JJ Bumrah,0,0,"",""
ball,2,15.7,Australia,DA Warner,AJ Finch,JJ Bumrah,0,0,"",""
ball,2,16.1,Australia,AJ Finch,DA Warner,Kuldeep Yadav,0,0,"",""
ball,2,16.2,Australia,AJ Finch,DA Warner,Kuldeep Yadav,1,0,"",""
ball,2,16.3,Australia,DA Warner,AJ Finch,Kuldeep Yadav,0,0,"",""
ball,2,16.4,Australia,DA Warner,AJ Finch,Kuldeep Yadav,1,0,"",""
ball,2,16.5,Australia,AJ Finch,DA Warner,Kuldeep Yadav,1,0,"",""
ball,2,16.6,Australia,DA Warner,AJ Finch,Kuldeep Yadav,0,0,"",""
ball,2,17.1,Australia,AJ Finch,DA Warner,RA Jadeja,2,0,"",""
ball,2,17.2,Australia,AJ Finch,DA Warner,RA Jadeja,0,0,"",""
ball,2,17.3,Australia,AJ Finch,DA Warner,RA Jadeja,0,0,"",""
ball,2,17.4,Australia,AJ Finch,DA Warner,RA Jadeja,0,0,"",""
ball,2,17.5,Australia,AJ Finch,DA Warner,RA Jadeja,1,0,"",""
ball,2,17.6,Australia,DA Warner,AJ Finch,RA Jadeja,4,0,"",""
ball,2,18.1,Australia,AJ Finch,DA Warner,Kuldeep Yadav,4,0,"",""
ball,2,18.2,Australia,AJ Finch,DA Warner,Kuldeep Yadav,1,0,"",""
ball,2,18.3,Australia,DA Warner,AJ Finch,Kuldeep Yadav,2,0,"",""
ball,2,18.4,Australia,DA Warner,AJ Finch,Kuldeep Yadav,0,0,"",""
ball,2,18.5,Australia,DA Warner,AJ Finch,Kuldeep Yadav,1,0,"",""
ball,2,18.6,Australia,AJ Finch,DA Warner,Kuldeep Yadav,0,0,"",""
ball,2,19.1,Australia,DA Warner,AJ Finch,RA Jadeja,0,0,"",""
ball,2,19.2,Australia,DA Warner,AJ Finch,RA Jadeja,0,1,"",""
ball,2,19.3,Australia,DA Warner,AJ Finch,RA Jadeja,4,0,"",""
ball,2,19.4,Australia,DA Warner,AJ Finch,RA Jadeja,1,0,"",""
ball,2,19.5,Australia,AJ Finch,DA Warner,RA Jadeja,0,0,"",""
ball,2,19.6,Australia,AJ Finch,DA Warner,RA Jadeja,0,0,"",""
ball,2,19.7,Australia,AJ Finch,DA Warner,RA Jadeja,1,0,"",""
ball,2,20.1,Australia,AJ Finch,DA Warner,Kuldeep Yadav,0,0,"",""
ball,2,20.2,Australia,AJ Finch,DA Warner,Kuldeep Yadav,1,0,"",""
ball,2,20.3,Australia,DA Warner,AJ Finch,Kuldeep Yadav,0,0,"",""
ball,2,20.4,Australia,DA Warner,AJ Finch,Kuldeep Yadav,1,0,"",""
ball,2,20.5,Australia,AJ Finch,DA Warner,Kuldeep Yadav,0,0,"",""
ball,2,20.6,Australia,AJ Finch,DA Warner,Kuldeep Yadav,0,1,"",""
ball,2,20.7,Australia,AJ Finch,DA Warner,Kuldeep Yadav,0,0,"",""
ball,2,21.1,Australia,DA Warner,AJ Finch,Mohammed Shami,0,0,"",""
ball,2,21.2,Australia,DA Warner,AJ Finch,Mohammed Shami,0,0,"",""
ball,2,21.3,Australia,DA Warner,AJ Finch,Mohammed Shami,1,0,"",""
ball,2,21.4,Australia,AJ Finch,DA Warner,Mohammed Shami,0,0,"",""
ball,2,21.5,Australia,AJ Finch,DA Warner,Mohammed Shami,1,0,"",""
ball,2,21.6,Australia,DA Warner,AJ Finch,Mohammed Shami,1,0,"",""
ball,2,22.1,Australia,DA Warner,AJ Finch,Kuldeep Yadav,0,0,"",""
ball,2,22.2,Australia,DA Warner,AJ Finch,Kuldeep Yadav,1,0,"",""
ball,2,22.3,Australia,AJ Finch,DA Warner,Kuldeep Yadav,2,0,"",""
ball,2,22.4,Australia,AJ Finch,DA Warner,Kuldeep Yadav,1,0,"",""
ball,2,22.5,Australia,DA Warner,AJ Finch,Kuldeep Yadav,6,0,"",""
ball,2,22.6,Australia,DA Warner,AJ Finch,Kuldeep Yadav,0,0,"",""
ball,2,23.1,Australia,AJ Finch,DA Warner,Mohammed Shami,0,0,"",""
ball,2,23.2,Australia,AJ Finch,DA Warner,Mohammed Shami,2,0,"",""
ball,2,23.3,Australia,AJ Finch,DA Warner,Mohammed Shami,4,0,"",""
ball,2,23.4,Australia,AJ Finch,DA Warner,Mohammed Shami,0,0,"",""
ball,2,23.5,Australia,AJ Finch,DA Warner,Mohammed Shami,0,0,"",""
ball,2,23.6,Australia,AJ Finch,DA Warner,Mohammed Shami,4,0,"",""
ball,2,24.1,Australia,DA Warner,AJ Finch,RA Jadeja,4,0,"",""
ball,2,24.2,Australia,DA Warner,AJ Finch,RA Jadeja,1,0,"",""
ball,2,24.3,Australia,AJ Finch,DA Warner,RA Jadeja,0,0,"",""
ball,2,24.4,Australia,AJ Finch,DA Warner,RA Jadeja,1,0,"",""
ball,2,24.5,Australia,DA Warner,AJ Finch,RA Jadeja,0,0,"",""
ball,2,24.6,Australia,DA Warner,AJ Finch,RA Jadeja,0,0,"",""
ball,2,25.1,Australia,AJ Finch,DA Warner,SN Thakur,0,1,"",""
ball,2,25.2,Australia,AJ Finch,DA Warner,SN Thakur,1,0,"",""
ball,2,25.3,Australia,DA Warner,AJ Finch,SN Thakur,0,0,"",""
ball,2,25.4,Australia,DA Warner,AJ Finch,SN Thakur,1,0,"",""
ball,2,25.5,Australia,AJ Finch,DA Warner,SN Thakur,0,0,"",""
ball,2,25.6,Australia,AJ Finch,DA Warner,SN Thakur,0,0,"",""
ball,2,25.7,Australia,AJ Finch,DA Warner,SN Thakur,1,0,"",""
ball,2,26.1,Australia,AJ Finch,DA Warner,RA Jadeja,0,0,"",""
ball,2,26.2,Australia,AJ Finch,DA Warner,RA Jadeja,1,0,"",""
ball,2,26.3,Australia,DA Warner,AJ Finch,RA Jadeja,0,0,"",""
ball,2,26.4,Australia,DA Warner,AJ Finch,RA Jadeja,1,0,"",""
ball,2,26.5,Australia,AJ Finch,DA Warner,RA Jadeja,0,1,"",""
ball,2,26.6,Australia,DA Warner,AJ Finch,RA Jadeja,0,0,"",""
ball,2,27.1,Australia,AJ Finch,DA Warner,SN Thakur,1,0,"",""
ball,2,27.2,Australia,DA Warner,AJ Finch,SN Thakur,1,0,"",""
ball,2,27.3,Australia,AJ Finch,DA Warner,SN Thakur,0,1,"",""
ball,2,27.4,Australia,DA Warner,AJ Finch,SN Thakur,0,0,"",""
ball,2,27.5,Australia,DA Warner,AJ Finch,SN Thakur,4,0,"",""
ball,2,27.6,Australia,DA Warner,AJ Finch,SN Thakur,1,0,"",""
ball,2,28.1,Australia,DA Warner,AJ Finch,RA Jadeja,1,0,"",""
ball,2,28.2,Australia,AJ Finch,DA Warner,RA Jadeja,0,1,"",""
ball,2,28.3,Australia,DA Warner,AJ Finch,RA Jadeja,0,0,"",""
ball,2,28.4,Australia,DA Warner,AJ Finch,RA Jadeja,0,0,"",""
ball,2,28.5,Australia,DA Warner,AJ Finch,RA Jadeja,0,0,"",""
ball,2,28.6,Australia,DA Warner,AJ Finch,RA Jadeja,0,0,"",""
ball,2,29.1,Australia,AJ Finch,DA Warner,Kuldeep Yadav,1,0,"",""
ball,2,29.2,Australia,DA Warner,AJ Finch,Kuldeep Yadav,0,0,"",""
ball,2,29.3,Australia,DA Warner,AJ Finch,Kuldeep Yadav,4,0,"",""
ball,2,29.4,Australia,DA Warner,AJ Finch,Kuldeep Yadav,1,0,"",""
ball,2,29.5,Australia,AJ Finch,DA Warner,Kuldeep Yadav,1,0,"",""
ball,2,29.6,Australia,DA Warner,AJ Finch,Kuldeep Yadav,1,0,"",""
ball,2,30.1,Australia,DA Warner,AJ Finch,JJ Bumrah,0,0,"",""
ball,2,30.2,Australia,DA Warner,AJ Finch,JJ Bumrah,4,0,"",""
ball,2,30.3,Australia,DA Warner,AJ Finch,JJ Bumrah,0,0,"",""
ball,2,30.4,Australia,DA Warner,AJ Finch,JJ Bumrah,0,0,"",""
ball,2,30.5,Australia,DA Warner,AJ Finch,JJ Bumrah,0,0,"",""
ball,2,30.6,Australia,DA Warner,AJ Finch,JJ Bumrah,4,0,"",""
ball,2,31.1,Australia,AJ Finch,DA Warner,Kuldeep Yadav,0,0,"",""
ball,2,31.2,Australia,AJ Finch,DA Warner,Kuldeep Yadav,6,0,"",""
ball,2,31.3,Australia,AJ Finch,DA Warner,Kuldeep Yadav,0,0,"",""
ball,2,31.4,Australia,AJ Finch,DA Warner,Kuldeep Yadav,2,0,"",""
ball,2,31.5,Australia,AJ Finch,DA Warner,Kuldeep Yadav,0,1,"",""
ball,2,31.6,Australia,AJ Finch,DA Warner,Kuldeep Yadav,1,0,"",""
ball,2,31.7,Australia,DA Warner,AJ Finch,Kuldeep Yadav,0,0,"",""
ball,2,32.1,Australia,AJ Finch,DA Warner,JJ Bumrah,1,0,"",""
ball,2,32.2,Australia,DA Warner,AJ Finch,JJ Bumrah,0,0,"",""
ball,2,32.3,Australia,DA Warner,AJ Finch,JJ Bumrah,1,0,"",""
ball,2,32.4,Australia,AJ Finch,DA Warner,JJ Bumrah,1,0,"",""
ball,2,32.5,Australia,DA Warner,AJ Finch,JJ Bumrah,4,0,"",""
ball,2,32.6,Australia,DA Warner,AJ Finch,JJ Bumrah,4,0,"",""
ball,2,33.1,Australia,AJ Finch,DA Warner,Kuldeep Yadav,0,0,"",""
ball,2,33.2,Australia,AJ Finch,DA Warner,Kuldeep Yadav,0,0,"",""
ball,2,33.3,Australia,AJ Finch,DA Warner,Kuldeep Yadav,1,0,"",""
ball,2,33.4,Australia,DA Warner,AJ Finch,Kuldeep Yadav,1,0,"",""
ball,2,33.5,Australia,AJ Finch,DA Warner,Kuldeep Yadav,1,0,"",""
ball,2,33.6,Australia,DA Warner,AJ Finch,Kuldeep Yadav,0,0,"",""
ball,2,34.1,Australia,AJ Finch,DA Warner,RA Jadeja,1,0,"",""
ball,2,34.2,Australia,DA Warner,AJ Finch,RA Jadeja,0,0,"",""
ball,2,34.3,Australia,DA Warner,AJ Finch,RA Jadeja,1,0,"",""
ball,2,34.4,Australia,AJ Finch,DA Warner,RA Jadeja,0,0,"",""
ball,2,34.5,Australia,AJ Finch,DA Warner,RA Jadeja,4,0,"",""
ball,2,34.6,Australia,AJ Finch,DA Warner,RA Jadeja,1,0,"",""
ball,2,35.1,Australia,AJ Finch,DA Warner,Mohammed Shami,2,0,"",""
ball,2,35.2,Australia,AJ Finch,DA Warner,Mohammed Shami,4,0,"",""
ball,2,35.3,Australia,AJ Finch,DA Warner,Mohammed Shami,1,0,"",""
ball,2,35.4,Australia,DA Warner,AJ Finch,Mohammed Shami,0,0,"",""
ball,2,35.5,Australia,DA Warner,AJ Finch,Mohammed Shami,0,0,"",""
ball,2,35.6,Australia,DA Warner,AJ Finch,Mohammed Shami,1,0,"",""
ball,2,36.1,Australia,DA Warner,AJ Finch,RA Jadeja,0,0,"",""
ball,2,36.2,Australia,DA Warner,AJ Finch,RA Jadeja,1,0,"",""
ball,2,36.3,Australia,AJ Finch,DA Warner,RA Jadeja,0,0,"",""
ball,2,36.4,Australia,AJ Finch,DA Warner,RA Jadeja,1,0,"",""
ball,2,36.5,Australia,DA Warner,AJ Finch,RA Jadeja,2,0,"",""
ball,2,36.6,Australia,DA Warner,AJ Finch,RA Jadeja,1,0,"",""
ball,2,37.1,Australia,DA Warner,AJ Finch,Mohammed Shami,0,0,"",""
ball,2,37.2,Australia,DA Warner,AJ Finch,Mohammed Shami,0,0,"",""
ball,2,37.3,Australia,DA Warner,AJ Finch,Mohammed Shami,0,1,"",""
ball,2,37.4,Australia,DA Warner,AJ Finch,Mohammed Shami,4,0,"",""
ball,2,37.5,Australia,DA Warner,AJ Finch,Mohammed Shami,4,0,"",""
