version,1.3.0
info,team,India
info,team,West Indies
info,gender,male
info,season,2019/20
info,date,2019/12/22
info,series,West Indies tour of India 2019/20
info,match_number,3
info,venue,Barabati Stadium
info,city,Cuttack
info,toss_winner,India
info,toss_decision,field
info,player_of_match,V Kohli
info,umpire,Nitin Menon
info,umpire,S George
info,reserve_umpire,AK Chaudhary
info,tv_umpire,RJ Tucker
info,match_referee,DC Boon
info,winner,India
info,winner_wickets,4
ball,1,0.1,West Indies,E Lewis,SD Hope,SN Thakur,0,0,"",""
ball,1,0.2,West Indies,E Lewis,SD Hope,SN Thakur,1,0,"",""
ball,1,0.3,West Indies,SD Hope,E Lewis,SN Thakur,0,0,"",""
ball,1,0.4,West Indies,SD Hope,E Lewis,SN Thakur,0,0,"",""
ball,1,0.5,West Indies,SD Hope,E Lewis,SN Thakur,0,0,"",""
ball,1,0.6,West Indies,SD Hope,E Lewis,SN Thakur,0,0,"",""
ball,1,1.1,West Indies,E Lewis,SD Hope,Mohammed Shami,0,0,"",""
ball,1,1.2,West Indies,E Lewis,SD Hope,Mohammed Shami,0,0,"",""
ball,1,1.3,West Indies,E Lewis,SD Hope,Mohammed Shami,0,0,"",""
ball,1,1.4,West Indies,E Lewis,SD Hope,Mohammed Shami,0,0,"",""
ball,1,1.5,West Indies,E Lewis,SD Hope,Mohammed Shami,0,0,"",""
ball,1,1.6,West Indies,E Lewis,SD Hope,Mohammed Shami,0,0,"",""
ball,1,2.1,West Indies,SD Hope,E Lewis,SN Thakur,0,0,"",""
ball,1,2.2,West Indies,SD Hope,E Lewis,SN Thakur,0,0,"",""
ball,1,2.3,West Indies,SD Hope,E Lewis,SN Thakur,2,0,"",""
ball,1,2.4,West Indies,SD Hope,E Lewis,SN Thakur,0,0,"",""
ball,1,2.5,West Indies,SD Hope,E Lewis,SN Thakur,0,0,"",""
ball,1,2.6,West Indies,SD Hope,E Lewis,SN Thakur,1,0,"",""
ball,1,3.1,West Indies,SD Hope,E Lewis,Mohammed Shami,1,0,"",""
ball,1,3.2,West Indies,E Lewis,SD Hope,Mohammed Shami,1,0,"",""
ball,1,3.3,West Indies,SD Hope,E Lewis,Mohammed Shami,2,0,"",""
ball,1,3.4,West Indies,SD Hope,E Lewis,Mohammed Shami,4,0,"",""
ball,1,3.5,West Indies,SD Hope,E Lewis,Mohammed Shami,0,0,"",""
ball,1,3.6,West Indies,SD Hope,E Lewis,Mohammed Shami,4,0,"",""
ball,1,4.1,West Indies,E Lewis,SD Hope,SN Thakur,0,0,"",""
ball,1,4.2,West Indies,E Lewis,SD Hope,SN Thakur,0,0,"",""
ball,1,4.3,West Indies,E Lewis,SD Hope,SN Thakur,0,0,"",""
ball,1,4.4,West Indies,E Lewis,SD Hope,SN Thakur,2,0,"",""
ball,1,4.5,West Indies,E Lewis,SD Hope,SN Thakur,0,0,"",""
ball,1,4.6,West Indies,E Lewis,SD Hope,SN Thakur,0,0,"",""
ball,1,5.1,West Indies,SD Hope,E Lewis,Mohammed Shami,1,0,"",""
ball,1,5.2,West Indies,E Lewis,SD Hope,Mohammed Shami,1,0,"",""
ball,1,5.3,West Indies,SD Hope,E Lewis,Mohammed Shami,0,0,"",""
ball,1,5.4,West Indies,SD Hope,E Lewis,Mohammed Shami,0,0,"",""
ball,1,5.5,West Indies,SD Hope,E Lewis,Mohammed Shami,0,0,"",""
ball,1,5.6,West Indies,SD Hope,E Lewis,Mohammed Shami,2,0,"",""
ball,1,6.1,West Indies,E Lewis,SD Hope,NA Saini,4,0,"",""
ball,1,6.2,West Indies,E Lewis,SD Hope,NA Saini,0,0,"",""
ball,1,6.3,West Indies,E Lewis,SD Hope,NA Saini,0,0,"",""
ball,1,6.4,West Indies,E Lewis,SD Hope,NA Saini,4,0,"",""
ball,1,6.5,West Indies,E Lewis,SD Hope,NA Saini,0,0,"",""
ball,1,6.6,West Indies,E Lewis,SD Hope,NA Saini,0,0,"",""
ball,1,7.1,West Indies,SD Hope,E Lewis,SN Thakur,0,1,"",""
ball,1,7.2,West Indies,SD Hope,E Lewis,SN Thakur,0,0,"",""
ball,1,7.3,West Indies,SD Hope,E Lewis,SN Thakur,1,0,"",""
ball,1,7.4,West Indies,E Lewis,SD Hope,SN Thakur,1,0,"",""
ball,1,7.5,West Indies,SD Hope,E Lewis,SN Thakur,4,0,"",""
ball,1,7.6,West Indies,SD Hope,E Lewis,SN Thakur,1,0,"",""
ball,1,7.7,West Indies,E Lewis,SD Hope,SN Thakur,0,0,"",""
ball,1,8.1,West Indies,SD Hope,E Lewis,NA Saini,0,0,"",""
ball,1,8.2,West Indies,SD Hope,E Lewis,NA Saini,0,0,"",""
ball,1,8.3,West Indies,SD Hope,E Lewis,NA Saini,0,0,"",""
ball,1,8.4,West Indies,SD Hope,E Lewis,NA Saini,1,0,"",""
ball,1,8.5,West Indies,E Lewis,SD Hope,NA Saini,0,0,"",""
ball,1,8.6,West Indies,E Lewis,SD Hope,NA Saini,0,0,"",""
ball,1,9.1,West Indies,SD Hope,E Lewis,Mohammed Shami,1,0,"",""
ball,1,9.2,West Indies,E Lewis,SD Hope,Mohammed Shami,0,0,"",""
ball,1,9.3,West Indies,E Lewis,SD Hope,Mohammed Shami,0,0,"",""
ball,1,9.4,West Indies,E Lewis,SD Hope,Mohammed Shami,0,0,"",""
ball,1,9.5,West Indies,E Lewis,SD Hope,Mohammed Shami,0,0,"",""
ball,1,9.6,West Indies,E Lewis,SD Hope,Mohammed Shami,4,0,"",""
ball,1,10.1,West Indies,SD Hope,E Lewis,NA Saini,0,0,"",""
ball,1,10.2,West Indies,SD Hope,E Lewis,NA Saini,1,0,"",""
ball,1,10.3,West Indies,E Lewis,SD Hope,NA Saini,0,0,"",""
ball,1,10.4,West Indies,E Lewis,SD Hope,NA Saini,0,0,"",""
ball,1,10.5,West Indies,E Lewis,SD Hope,NA Saini,0,0,"",""
ball,1,10.6,West Indies,E Lewis,SD Hope,NA Saini,0,0,"",""
ball,1,11.1,West Indies,SD Hope,E Lewis,Kuldeep Yadav,0,0,"",""
ball,1,11.2,West Indies,SD Hope,E Lewis,Kuldeep Yadav,0,0,"",""
ball,1,11.3,West Indies,SD Hope,E Lewis,Kuldeep Yadav,1,0,"",""
ball,1,11.4,West Indies,E Lewis,SD Hope,Kuldeep Yadav,1,0,"",""
ball,1,11.5,West Indies,SD Hope,E Lewis,Kuldeep Yadav,1,0,"",""
ball,1,11.6,West Indies,E Lewis,SD Hope,Kuldeep Yadav,1,0,"",""
ball,1,12.1,West Indies,E Lewis,SD Hope,NA Saini,0,0,"",""
ball,1,12.2,West Indies,E Lewis,SD Hope,NA Saini,0,0,"",""
ball,1,12.3,West Indies,E Lewis,SD Hope,NA Saini,0,0,"",""
ball,1,12.4,West Indies,E Lewis,SD Hope,NA Saini,0,0,"",""
ball,1,12.5,West Indies,E Lewis,SD Hope,NA Saini,1,0,"",""
ball,1,12.6,West Indies,SD Hope,E Lewis,NA Saini,1,0,"",""
ball,1,13.1,West Indies,SD Hope,E Lewis,Kuldeep Yadav,4,0,"",""
ball,1,13.2,West Indies,SD Hope,E Lewis,Kuldeep Yadav,0,0,"",""
ball,1,13.3,West Indies,SD Hope,E Lewis,Kuldeep Yadav,1,0,"",""
ball,1,13.4,West Indies,E Lewis,SD Hope,Kuldeep Yadav,0,0,"",""
ball,1,13.5,West Indies,E Lewis,SD Hope,Kuldeep Yadav,0,0,"",""
ball,1,13.6,West Indies,E Lewis,SD Hope,Kuldeep Yadav,0,0,"",""
ball,1,14.1,West Indies,SD Hope,E Lewis,RA Jadeja,1,0,"",""
ball,1,14.2,West Indies,E Lewis,SD Hope,RA Jadeja,0,0,"",""
ball,1,14.3,West Indies,E Lewis,SD Hope,RA Jadeja,0,0,"",""
ball,1,14.4,West Indies,E Lewis,SD Hope,RA Jadeja,0,0,"",""
ball,1,14.5,West Indies,E Lewis,SD Hope,RA Jadeja,0,0,"",""
ball,1,14.6,West Indies,E Lewis,SD Hope,RA Jadeja,0,0,caught,E Lewis
ball,1,15.1,West Indies,RL Chase,SD Hope,Kuldeep Yadav,0,0,"",""
ball,1,15.2,West Indies,RL Chase,SD Hope,Kuldeep Yadav,0,0,"",""
ball,1,15.3,West Indies,RL Chase,SD Hope,Kuldeep Yadav,0,0,"",""
ball,1,15.4,West Indies,RL Chase,SD Hope,Kuldeep Yadav,0,0,"",""
ball,1,15.5,West Indies,RL Chase,SD Hope,Kuldeep Yadav,1,0,"",""
ball,1,15.6,West Indies,SD Hope,RL Chase,Kuldeep Yadav,4,0,"",""
ball,1,16.1,West Indies,RL Chase,SD Hope,RA Jadeja,1,0,"",""
ball,1,16.2,West Indies,SD Hope,RL Chase,RA Jadeja,1,0,"",""
ball,1,16.3,West Indies,RL Chase,SD Hope,RA Jadeja,0,0,"",""
ball,1,16.4,West Indies,RL Chase,SD Hope,RA Jadeja,0,0,"",""
ball,1,16.5,West Indies,RL Chase,SD Hope,RA Jadeja,1,0,"",""
ball,1,16.6,West Indies,SD Hope,RL Chase,RA Jadeja,0,0,"",""
ball,1,17.1,West Indies,RL Chase,SD Hope,Kuldeep Yadav,0,0,"",""
ball,1,17.2,West Indies,RL Chase,SD Hope,Kuldeep Yadav,1,0,"",""
ball,1,17.3,West Indies,SD Hope,RL Chase,Kuldeep Yadav,1,0,"",""
ball,1,17.4,West Indies,RL Chase,SD Hope,Kuldeep Yadav,0,0,"",""
ball,1,17.5,West Indies,RL Chase,SD Hope,Kuldeep Yadav,0,0,"",""
ball,1,17.6,West Indies,RL Chase,SD Hope,Kuldeep Yadav,1,0,"",""
ball,1,18.1,West Indies,RL Chase,SD Hope,RA Jadeja,0,0,"",""
ball,1,18.2,West Indies,RL Chase,SD Hope,RA Jadeja,1,0,"",""
ball,1,18.3,West Indies,SD Hope,RL Chase,RA Jadeja,0,0,"",""
ball,1,18.4,West Indies,SD Hope,RL Chase,RA Jadeja,0,0,"",""
ball,1,18.5,West Indies,SD Hope,RL Chase,RA Jadeja,0,0,"",""
ball,1,18.6,West Indies,SD Hope,RL Chase,RA Jadeja,1,0,"",""
ball,1,19.1,West Indies,SD Hope,RL Chase,Mohammed Shami,0,0,"",""
ball,1,19.2,West Indies,SD Hope,RL Chase,Mohammed Shami,0,0,bowled,SD Hope
ball,1,19.3,West Indies,SO Hetmyer,RL Chase,Mohammed Shami,0,0,"",""
ball,1,19.4,West Indies,SO Hetmyer,RL Chase,Mohammed Shami,0,0,"",""
ball,1,19.5,West Indies,SO Hetmyer,RL Chase,Mohammed Shami,0,0,"",""
ball,1,19.6,West Indies,SO Hetmyer,RL Chase,Mohammed Shami,0,0,"",""
ball,1,20.1,West Indies,RL Chase,SO Hetmyer,RA Jadeja,0,0,"",""
ball,1,20.2,West Indies,RL Chase,SO Hetmyer,RA Jadeja,0,0,"",""
ball,1,20.3,West Indies,RL Chase,SO Hetmyer,RA Jadeja,1,0,"",""
ball,1,20.4,West Indies,SO Hetmyer,RL Chase,RA Jadeja,2,0,"",""
ball,1,20.5,West Indies,SO Hetmyer,RL Chase,RA Jadeja,0,0,"",""
ball,1,20.6,West Indies,SO Hetmyer,RL Chase,RA Jadeja,2,0,"",""
ball,1,21.1,West Indies,RL Chase,SO Hetmyer,Mohammed Shami,1,0,"",""
ball,1,21.2,West Indies,SO Hetmyer,RL Chase,Mohammed Shami,1,0,"",""
ball,1,21.3,West Indies,RL Chase,SO Hetmyer,Mohammed Shami,0,0,"",""
ball,1,21.4,West Indies,RL Chase,SO Hetmyer,Mohammed Shami,0,0,"",""
ball,1,21.5,West Indies,RL Chase,SO Hetmyer,Mohammed Shami,0,0,"",""
ball,1,21.6,West Indies,RL Chase,SO Hetmyer,Mohammed Shami,2,0,"",""
ball,1,22.1,West Indies,SO Hetmyer,RL Chase,RA Jadeja,0,0,"",""
ball,1,22.2,West Indies,SO Hetmyer,RL Chase,RA Jadeja,1,0,"",""
ball,1,22.3,West Indies,RL Chase,SO Hetmyer,RA Jadeja,2,0,"",""
ball,1,22.4,West Indies,RL Chase,SO Hetmyer,RA Jadeja,0,0,"",""
ball,1,22.5,West Indies,RL Chase,SO Hetmyer,RA Jadeja,4,0,"",""
ball,1,22.6,West Indies,RL Chase,SO Hetmyer,RA Jadeja,1,0,"",""
ball,1,23.1,West Indies,RL Chase,SO Hetmyer,Kuldeep Yadav,0,0,"",""
ball,1,23.2,West Indies,RL Chase,SO Hetmyer,Kuldeep Yadav,0,0,"",""
ball,1,23.3,West Indies,RL Chase,SO Hetmyer,Kuldeep Yadav,0,0,"",""
ball,1,23.4,West Indies,RL Chase,SO Hetmyer,Kuldeep Yadav,1,0,"",""
ball,1,23.5,West Indies,SO Hetmyer,RL Chase,Kuldeep Yadav,0,0,"",""
ball,1,23.6,West Indies,SO Hetmyer,RL Chase,Kuldeep Yadav,1,0,"",""
ball,1,24.1,West Indies,SO Hetmyer,RL Chase,RA Jadeja,0,0,"",""
ball,1,24.2,West Indies,SO Hetmyer,RL Chase,RA Jadeja,2,0,"",""
ball,1,24.3,West Indies,SO Hetmyer,RL Chase,RA Jadeja,0,0,"",""
ball,1,24.4,West Indies,SO Hetmyer,RL Chase,RA Jadeja,1,0,"",""
ball,1,24.5,West Indies,RL Chase,SO Hetmyer,RA Jadeja,1,0,"",""
ball,1,24.6,West Indies,SO Hetmyer,RL Chase,RA Jadeja,1,0,"",""
ball,1,25.1,West Indies,SO Hetmyer,RL Chase,Kuldeep Yadav,1,0,"",""
ball,1,25.2,West Indies,RL Chase,SO Hetmyer,Kuldeep Yadav,1,0,"",""
ball,1,25.3,West Indies,SO Hetmyer,RL Chase,Kuldeep Yadav,1,0,"",""
ball,1,25.4,West Indies,RL Chase,SO Hetmyer,Kuldeep Yadav,1,0,"",""
ball,1,25.5,West Indies,SO Hetmyer,RL Chase,Kuldeep Yadav,0,0,"",""
ball,1,25.6,West Indies,SO Hetmyer,RL Chase,Kuldeep Yadav,6,0,"",""
ball,1,26.1,West Indies,RL Chase,SO Hetmyer,RA Jadeja,1,0,"",""
ball,1,26.2,West Indies,SO Hetmyer,RL Chase,RA Jadeja,4,0,"",""
ball,1,26.3,West Indies,SO Hetmyer,RL Chase,RA Jadeja,1,0,"",""
ball,1,26.4,West Indies,RL Chase,SO Hetmyer,RA Jadeja,0,0,"",""
ball,1,26.5,West Indies,RL Chase,SO Hetmyer,RA Jadeja,4,0,"",""
ball,1,26.6,West Indies,RL Chase,SO Hetmyer,RA Jadeja,1,0,"",""
ball,1,27.1,West Indies,RL Chase,SO Hetmyer,SN Thakur,1,0,"",""
ball,1,27.2,West Indies,SO Hetmyer,RL Chase,SN Thakur,6,0,"",""
ball,1,27.3,West Indies,SO Hetmyer,RL Chase,SN Thakur,1,0,"",""
ball,1,27.4,West Indies,RL Chase,SO Hetmyer,SN Thakur,1,0,"",""
ball,1,27.5,West Indies,SO Hetmyer,RL Chase,SN Thakur,4,0,"",""
ball,1,27.6,West Indies,SO Hetmyer,RL Chase,SN Thakur,1,0,"",""
ball,1,28.1,West Indies,SO Hetmyer,RL Chase,Kuldeep Yadav,0,0,"",""
ball,1,28.2,West Indies,SO Hetmyer,RL Chase,Kuldeep Yadav,0,0,"",""
ball,1,28.3,West Indies,SO Hetmyer,RL Chase,Kuldeep Yadav,1,0,"",""
ball,1,28.4,West Indies,RL Chase,SO Hetmyer,Kuldeep Yadav,1,0,"",""
ball,1,28.5,West Indies,SO Hetmyer,RL Chase,Kuldeep Yadav,0,0,"",""
ball,1,28.6,West Indies,SO Hetmyer,RL Chase,Kuldeep Yadav,0,0,"",""
ball,1,29.1,West Indies,RL Chase,SO Hetmyer,NA Saini,1,0,"",""
ball,1,29.2,West Indies,SO Hetmyer,RL Chase,NA Saini,0,0,caught,SO Hetmyer
ball,1,29.3,West Indies,RL Chase,N Pooran,NA Saini,1,0,"",""
ball,1,29.4,West Indies,N Pooran,RL Chase,NA Saini,1,0,"",""
ball,1,29.5,West Indies,RL Chase,N Pooran,NA Saini,1,0,"",""
ball,1,29.6,West Indies,N Pooran,RL Chase,NA Saini,2,0,"",""
ball,1,30.1,West Indies,RL Chase,N Pooran,RA Jadeja,1,0,"",""
ball,1,30.2,West Indies,N Pooran,RL Chase,RA Jadeja,0,0,"",""
ball,1,30.3,West Indies,N Pooran,RL Chase,RA Jadeja,0,0,"",""
ball,1,30.4,West Indies,N Pooran,RL Chase,RA Jadeja,0,0,"",""
ball,1,30.5,West Indies,N Pooran,RL Chase,RA Jadeja,1,0,"",""
ball,1,30.6,West Indies,RL Chase,N Pooran,RA Jadeja,4,0,"",""
ball,1,31.1,West Indies,N Pooran,RL Chase,NA Saini,0,0,"",""
ball,1,31.2,West Indies,N Pooran,RL Chase,NA Saini,1,0,"",""
ball,1,31.3,West Indies,RL Chase,N Pooran,NA Saini,0,0,bowled,RL Chase
ball,1,31.4,West Indies,KA Pollard,N Pooran,NA Saini,0,0,"",""
ball,1,31.5,West Indies,KA Pollard,N Pooran,NA Saini,0,0,"",""
ball,1,31.6,West Indies,KA Pollard,N Pooran,NA Saini,0,1,"",""
ball,1,31.7,West Indies,KA Pollard,N Pooran,NA Saini,0,0,"",""
ball,1,32.1,West Indies,N Pooran,KA Pollard,RA Jadeja,0,0,"",""
ball,1,32.2,West Indies,N Pooran,KA Pollard,RA Jadeja,0,0,"",""
ball,1,32.3,West Indies,N Pooran,KA Pollard,RA Jadeja,4,0,"",""
ball,1,32.4,West Indies,N Pooran,KA Pollard,RA Jadeja,0,0,"",""
ball,1,32.5,West Indies,N Pooran,KA Pollard,RA Jadeja,0,0,"",""
ball,1,32.6,West Indies,N Pooran,KA Pollard,RA Jadeja,1,0,"",""
ball,1,33.1,West Indies,N Pooran,KA Pollard,NA Saini,1,0,"",""
ball,1,33.2,West Indies,KA Pollard,N Pooran,NA Saini,0,1,"",""
ball,1,33.3,West Indies,N Pooran,KA Pollard,NA Saini,0,0,"",""
ball,1,33.4,West Indies,N Pooran,KA Pollard,NA Saini,1,0,"",""
ball,1,33.5,West Indies,KA Pollard,N Pooran,NA Saini,0,0,"",""
ball,1,33.6,West Indies,KA Pollard,N Pooran,NA Saini,0,0,"",""
ball,1,34.1,West Indies,N Pooran,KA Pollard,RA Jadeja,1,0,"",""
ball,1,34.2,West Indies,KA Pollard,N Pooran,RA Jadeja,1,0,"",""
ball,1,34.3,West Indies,N Pooran,KA Pollard,RA Jadeja,4,0,"",""
ball,1,34.4,West Indies,N Pooran,KA Pollard,RA Jadeja,1,0,"",""
ball,1,34.5,West Indies,KA Pollard,N Pooran,RA Jadeja,1,0,"",""
ball,1,34.6,West Indies,N Pooran,KA Pollard,RA Jadeja,0,0,"",""
ball,1,35.1,West Indies,KA Pollard,N Pooran,SN Thakur,0,0,"",""
ball,1,35.2,West Indies,KA Pollard,N Pooran,SN Thakur,1,0,"",""
ball,1,35.3,West Indies,N Pooran,KA Pollard,SN Thakur,1,0,"",""
ball,1,35.4,West Indies,KA Pollard,N Pooran,SN Thakur,1,0,"",""
ball,1,35.5,West Indies,N Pooran,KA Pollard,SN Thakur,0,0,"",""
ball,1,35.6,West Indies,N Pooran,KA Pollard,SN Thakur,1,0,"",""
ball,1,36.1,West Indies,N Pooran,KA Pollard,Kuldeep Yadav,1,0,"",""
ball,1,36.2,West Indies,KA Pollard,N Pooran,Kuldeep Yadav,6,0,"",""
ball,1,36.3,West Indies,KA Pollard,N Pooran,Kuldeep Yadav,0,0,"",""
ball,1,36.4,West Indies,KA Pollard,N Pooran,Kuldeep Yadav,0,0,"",""
ball,1,36.5,West Indies,KA Pollard,N Pooran,Kuldeep Yadav,6,0,"",""
ball,1,36.6,West Indies,KA Pollard,N Pooran,Kuldeep Yadav,0,0,"",""
ball,1,37.1,West Indies,N Pooran,KA Pollard,SN Thakur,0,0,"",""
ball,1,37.2,West Indies,N Pooran,KA Pollard,SN Thakur,0,0,"",""
ball,1,37.3,West Indies,N Pooran,KA Pollard,SN Thakur,0,0,"",""
ball,1,37.4,West Indies,N Pooran,KA Pollard,SN Thakur,1,0,"",""
ball,1,37.5,West Indies,KA Pollard,N Pooran,SN Thakur,0,0,"",""
ball,1,37.6,West Indies,KA Pollard,N Pooran,SN Thakur,1,0,"",""
ball,1,38.1,West Indies,KA Pollard,N Pooran,Mohammed Shami,0,0,"",""
ball,1,38.2,West Indies,KA Pollard,N Pooran,Mohammed Shami,1,0,"",""
ball,1,38.3,West Indies,N Pooran,KA Pollard,Mohammed Shami,4,0,"",""
ball,1,38.4,West Indies,N Pooran,KA Pollard,Mohammed Shami,1,0,"",""
ball,1,38.5,West Indies,KA Pollard,N Pooran,Mohammed Shami,0,1,"",""
ball,1,38.6,West Indies,N Pooran,KA Pollard,Mohammed Shami,1,0,"",""
ball,1,39.1,West Indies,N Pooran,KA Pollard,SN Thakur,6,0,"",""
ball,1,39.2,West Indies,N Pooran,KA Pollard,SN Thakur,0,0,"",""
ball,1,39.3,West Indies,N Pooran,KA Pollard,SN Thakur,2,0,"",""
ball,1,39.4,West Indies,N Pooran,KA Pollard,SN Thakur,1,0,"",""
ball,1,39.5,West Indies,KA Pollard,N Pooran,SN Thakur,0,0,"",""
ball,1,39.6,West Indies,KA Pollard,N Pooran,SN Thakur,0,0,"",""
ball,1,40.1,West Indies,N Pooran,KA Pollard,Kuldeep Yadav,1,0,"",""
ball,1,40.2,West Indies,KA Pollard,N Pooran,Kuldeep Yadav,0,0,"",""
ball,1,40.3,West Indies,KA Pollard,N Pooran,Kuldeep Yadav,1,0,"",""
ball,1,40.4,West Indies,N Pooran,KA Pollard,Kuldeep Yadav,0,0,"",""
ball,1,40.5,West Indies,N Pooran,KA Pollard,Kuldeep Yadav,4,0,"",""
ball,1,40.6,West Indies,N Pooran,KA Pollard,Kuldeep Yadav,1,0,"",""
ball,1,41.1,West Indies,N Pooran,KA Pollard,NA Saini,0,0,"",""
ball,1,41.2,West Indies,N Pooran,KA Pollard,NA Saini,1,0,"",""
ball,1,41.3,West Indies,KA Pollard,N Pooran,NA Saini,4,0,"",""
ball,1,41.4,West Indies,KA Pollard,N Pooran,NA Saini,0,0,"",""
ball,1,41.5,West Indies,KA Pollard,N Pooran,NA Saini,0,0,"",""
ball,1,41.6,West Indies,KA Pollard,N Pooran,NA Saini,1,0,"",""
ball,1,42.1,West Indies,KA Pollard,N Pooran,Kuldeep Yadav,6,0,"",""
ball,1,42.2,West Indies,KA Pollard,N Pooran,Kuldeep Yadav,1,0,"",""
ball,1,42.3,West Indies,N Pooran,KA Pollard,Kuldeep Yadav,6,0,"",""
ball,1,42.4,West Indies,N Pooran,KA Pollard,Kuldeep Yadav,1,0,"",""
ball,1,42.5,West Indies,KA Pollard,N Pooran,Kuldeep Yadav,1,0,"",""
ball,1,42.6,West Indies,N Pooran,KA Pollard,Kuldeep Yadav,1,0,"",""
ball,1,43.1,West Indies,N Pooran,KA Pollard,Mohammed Shami,1,0,"",""
ball,1,43.2,West Indies,KA Pollard,N Pooran,Mohammed Shami,1,0,"",""
ball,1,43.3,West Indies,N Pooran,KA Pollard,Mohammed Shami,1,0,"",""
ball,1,43.4,West Indies,KA Pollard,N Pooran,Mohammed Shami,0,0,"",""
ball,1,43.5,West Indies,KA Pollard,N Pooran,Mohammed Shami,1,0,"",""
ball,1,43.6,West Indies,N Pooran,KA Pollard,Mohammed Shami,4,0,"",""
ball,1,44.1,West Indies,KA Pollard,N Pooran,SN Thakur,1,0,"",""
ball,1,44.2,West Indies,N Pooran,KA Pollard,SN Thakur,0,0,"",""
ball,1,44.3,West Indies,N Pooran,KA Pollard,SN Thakur,1,0,"",""
ball,1,44.4,West Indies,KA Pollard,N Pooran,SN Thakur,1,0,"",""
ball,1,44.5,West Indies,N Pooran,KA Pollard,SN Thakur,1,0,"",""
ball,1,44.6,West Indies,KA Pollard,N Pooran,SN Thakur,0,0,"",""
ball,1,45.1,West Indies,N Pooran,KA Pollard,NA Saini,4,0,"",""
ball,1,45.2,West Indies,N Pooran,KA Pollard,NA Saini,4,0,"",""
ball,1,45.3,West Indies,N Pooran,KA Pollard,NA Saini,0,0,"",""
ball,1,45.4,West Indies,N Pooran,KA Pollard,NA Saini,4,0,"",""
ball,1,45.5,West Indies,N Pooran,KA Pollard,NA Saini,1,0,"",""
ball,1,45.6,West Indies,KA Pollard,N Pooran,NA Saini,1,0,"",""
ball,1,46.1,West Indies,KA Pollard,N Pooran,Mohammed Shami,6,0,"",""
ball,1,46.2,West Indies,KA Pollard,N Pooran,Mohammed Shami,1,0,"",""
ball,1,46.3,West Indies,N Pooran,KA Pollard,Mohammed Shami,1,0,"",""
ball,1,46.4,West Indies,KA Pollard,N Pooran,Mohammed Shami,1,0,"",""
ball,1,46.5,West Indies,N Pooran,KA Pollard,Mohammed Shami,0,0,"",""
ball,1,46.6,West Indies,N Pooran,KA Pollard,Mohammed Shami,1,0,"",""
ball,1,47.1,West Indies,N Pooran,KA Pollard,SN Thakur,4,0,"",""
ball,1,47.2,West Indies,N Pooran,KA Pollard,SN Thakur,0,1,"",""
ball,1,47.3,West Indies,N Pooran,KA Pollard,SN Thakur,4,0,"",""
ball,1,47.4,West Indies,N Pooran,KA Pollard,SN Thakur,0,2,"",""
ball,1,47.5,West Indies,N Pooran,KA Pollard,SN Thakur,6,0,"",""
ball,1,47.6,West Indies,N Pooran,KA Pollard,SN Thakur,0,0,caught,N Pooran
ball,1,47.7,West Indies,JO Holder,KA Pollard,SN Thakur,4,0,"",""
ball,1,48.1,West Indies,KA Pollard,JO Holder,NA Saini,4,0,"",""
ball,1,48.2,West Indies,KA Pollard,JO Holder,NA Saini,4,0,"",""
ball,1,48.3,West Indies,KA Pollard,JO Holder,NA Saini,1,0,"",""
ball,1,48.4,West Indies,JO Holder,KA Pollard,NA Saini,1,0,"",""
ball,1,48.5,West Indies,KA Pollard,JO Holder,NA Saini,6,0,"",""
ball,1,48.6,West Indies,KA Pollard,JO Holder,NA Saini,0,0,"",""
ball,1,49.1,West Indies,JO Holder,KA Pollard,Mohammed Shami,1,0,"",""
ball,1,49.2,West Indies,KA Pollard,JO Holder,Mohammed Shami,6,0,"",""
ball,1,49.3,West Indies,KA Pollard,JO Holder,Mohammed Shami,6,0,"",""
ball,1,49.4,West Indies,KA Pollard,JO Holder,Mohammed Shami,1,0,"",""
ball,1,49.5,West Indies,JO Holder,KA Pollard,Mohammed Shami,1,0,"",""
ball,1,49.6,West Indies,KA Pollard,JO Holder,Mohammed Shami,1,0,"",""
ball,2,0.1,India,RG Sharma,KL Rahul,SS Cottrell,0,0,"",""
ball,2,0.2,India,RG Sharma,KL Rahul,SS Cottrell,0,0,"",""
ball,2,0.3,India,RG Sharma,KL Rahul,SS Cottrell,0,0,"",""
ball,2,0.4,India,RG Sharma,KL Rahul,SS Cottrell,0,0,"",""
ball,2,0.5,India,RG Sharma,KL Rahul,SS Cottrell,0,0,"",""
ball,2,0.6,India,RG Sharma,KL Rahul,SS Cottrell,0,0,"",""
ball,2,1.1,India,KL Rahul,RG Sharma,JO Holder,4,0,"",""
ball,2,1.2,India,KL Rahul,RG Sharma,JO Holder,0,0,"",""
ball,2,1.3,India,KL Rahul,RG Sharma,JO Holder,0,0,"",""
ball,2,1.4,India,KL Rahul,RG Sharma,JO Holder,0,0,"",""
ball,2,1.5,India,KL Rahul,RG Sharma,JO Holder,0,0,"",""
ball,2,1.6,India,KL Rahul,RG Sharma,JO Holder,0,0,"",""
ball,2,2.1,India,RG Sharma,KL Rahul,SS Cottrell,4,0,"",""
ball,2,2.2,India,RG Sharma,KL Rahul,SS Cottrell,0,0,"",""
ball,2,2.3,India,RG Sharma,KL Rahul,SS Cottrell,4,0,"",""
ball,2,2.4,India,RG Sharma,KL Rahul,SS Cottrell,1,0,"",""
ball,2,2.5,India,KL Rahul,RG Sharma,SS Cottrell,2,0,"",""
ball,2,2.6,India,KL Rahul,RG Sharma,SS Cottrell,0,0,"",""
ball,2,3.1,India,RG Sharma,KL Rahul,JO Holder,0,0,"",""
ball,2,3.2,India,RG Sharma,KL Rahul,JO Holder,6,0,"",""
ball,2,3.3,India,RG Sharma,KL Rahul,JO Holder,0,0,"",""
ball,2,3.4,India,RG Sharma,KL Rahul,JO Holder,4,0,"",""
ball,2,3.5,India,RG Sharma,KL Rahul,JO Holder,0,0,"",""
ball,2,3.6,India,RG Sharma,KL Rahul,JO Holder,0,0,"",""
ball,2,4.1,India,KL Rahul,RG Sharma,SS Cottrell,0,0,"",""
ball,2,4.2,India,KL Rahul,RG Sharma,SS Cottrell,0,0,"",""
ball,2,4.3,India,KL Rahul,RG Sharma,SS Cottrell,1,0,"",""
ball,2,4.4,India,RG Sharma,KL Rahul,SS Cottrell,0,0,"",""
ball,2,4.5,India,RG Sharma,KL Rahul,SS Cottrell,0,0,"",""
ball,2,4.6,India,RG Sharma,KL Rahul,SS Cottrell,0,0,"",""
ball,2,5.1,India,KL Rahul,RG Sharma,JO Holder,1,0,"",""
ball,2,5.2,India,RG Sharma,KL Rahul,JO Holder,0,0,"",""
ball,2,5.3,India,RG Sharma,KL Rahul,JO Holder,4,0,"",""
ball,2,5.4,India,RG Sharma,KL Rahul,JO Holder,1,0,"",""
ball,2,5.5,India,KL Rahul,RG Sharma,JO Holder,4,0,"",""
ball,2,5.6,India,KL Rahul,RG Sharma,JO Holder,0,0,"",""
ball,2,6.1,India,RG Sharma,KL Rahul,KMA Paul,0,0,"",""
ball,2,6.2,India,RG Sharma,KL Rahul,KMA Paul,1,0,"",""
ball,2,6.3,India,KL Rahul,RG Sharma,KMA Paul,0,0,"",""
ball,2,6.4,India,KL Rahul,RG Sharma,KMA Paul,0,0,"",""
ball,2,6.5,India,KL Rahul,RG Sharma,KMA Paul,2,0,"",""
ball,2,6.6,India,KL Rahul,RG Sharma,KMA Paul,4,0,"",""
ball,2,7.1,India,RG Sharma,KL Rahul,SS Cottrell,2,0,"",""
ball,2,7.2,India,RG Sharma,KL Rahul,SS Cottrell,1,0,"",""
ball,2,7.3,India,KL Rahul,RG Sharma,SS Cottrell,0,0,"",""
ball,2,7.4,India,KL Rahul,RG Sharma,SS Cottrell,0,0,"",""
ball,2,7.5,India,KL Rahul,RG Sharma,SS Cottrell,0,0,"",""
ball,2,7.6,India,KL Rahul,RG Sharma,SS Cottrell,1,0,"",""
ball,2,8.1,India,KL Rahul,RG Sharma,KMA Paul,4,0,"",""
ball,2,8.2,India,KL Rahul,RG Sharma,KMA Paul,0,0,"",""
ball,2,8.3,India,KL Rahul,RG Sharma,KMA Paul,1,0,"",""
ball,2,8.4,India,RG Sharma,KL Rahul,KMA Paul,0,0,"",""
ball,2,8.5,India,RG Sharma,KL Rahul,KMA Paul,0,0,"",""
ball,2,8.6,India,RG Sharma,KL Rahul,KMA Paul,1,0,"",""
ball,2,9.1,India,RG Sharma,KL Rahul,SS Cottrell,4,0,"",""
ball,2,9.2,India,RG Sharma,KL Rahul,SS Cottrell,1,0,"",""
ball,2,9.3,India,KL Rahul,RG Sharma,SS Cottrell,0,0,"",""
ball,2,9.4,India,KL Rahul,RG Sharma,SS Cottrell,1,0,"",""
ball,2,9.5,India,RG Sharma,KL Rahul,SS Cottrell,0,0,"",""
ball,2,9.6,India,RG Sharma,KL Rahul,SS Cottrell,0,0,"",""
ball,2,10.1,India,KL Rahul,RG Sharma,KMA Paul,4,0,"",""
ball,2,10.2,India,KL Rahul,RG Sharma,KMA Paul,2,0,"",""
ball,2,10.3,India,KL Rahul,RG Sharma,KMA Paul,0,0,"",""
ball,2,10.4,India,KL Rahul,RG Sharma,KMA Paul,1,0,"",""
ball,2,10.5,India,RG Sharma,KL Rahul,KMA Paul,1,0,"",""
ball,2,10.6,India,KL Rahul,RG Sharma,KMA Paul,0,2,"",""
ball,2,11.1,India,RG Sharma,KL Rahul,RL Chase,0,0,"",""
ball,2,11.2,India,RG Sharma,KL Rahul,RL Chase,1,0,"",""
ball,2,11.3,India,KL Rahul,RG Sharma,RL Chase,4,0,"",""
ball,2,11.4,India,KL Rahul,RG Sharma,RL Chase,1,0,"",""
ball,2,11.5,India,RG Sharma,KL Rahul,RL Chase,1,0,"",""
ball,2,11.6,India,KL Rahul,RG Sharma,RL Chase,1,0,"",""
ball,2,12.1,India,KL Rahul,RG Sharma,K Pierre,1,0,"",""
ball,2,12.2,India,RG Sharma,KL Rahul,K Pierre,1,0,"",""
ball,2,12.3,India,KL Rahul,RG Sharma,K Pierre,0,0,"",""
ball,2,12.4,India,KL Rahul,RG Sharma,K Pierre,1,0,"",""
ball,2,12.5,India,RG Sharma,KL Rahul,K Pierre,1,0,"",""
ball,2,12.6,India,KL Rahul,RG Sharma,K Pierre,1,0,"",""
ball,2,13.1,India,KL Rahul,RG Sharma,RL Chase,1,0,"",""
ball,2,13.2,India,RG Sharma,KL Rahul,RL Chase,0,0,"",""
ball,2,13.3,India,RG Sharma,KL Rahul,RL Chase,1,0,"",""
ball,2,13.4,India,KL Rahul,RG Sharma,RL Chase,0,0,"",""
ball,2,13.5,India,KL Rahul,RG Sharma,RL Chase,0,0,"",""
ball,2,13.6,India,KL Rahul,RG Sharma,RL Chase,0,0,"",""
ball,2,14.1,India,RG Sharma,KL Rahul,K Pierre,4,0,"",""
ball,2,14.2,India,RG Sharma,KL Rahul,K Pierre,0,0,"",""
ball,2,14.3,India,RG Sharma,KL Rahul,K Pierre,1,0,"",""
ball,2,14.4,India,KL Rahul,RG Sharma,K Pierre,1,0,"",""
ball,2,14.5,India,RG Sharma,KL Rahul,K Pierre,0,0,"",""
ball,2,14.6,India,RG Sharma,KL Rahul,K Pierre,1,0,"",""
ball,2,15.1,India,RG Sharma,KL Rahul,AS Joseph,1,0,"",""
ball,2,15.2,India,KL Rahul,RG Sharma,AS Joseph,0,1,"",""
ball,2,15.3,India,KL Rahul,RG Sharma,AS Joseph,1,0,"",""
ball,2,15.4,India,RG Sharma,KL Rahul,AS Joseph,1,0,"",""
ball,2,15.5,India,KL Rahul,RG Sharma,AS Joseph,0,0,"",""
ball,2,15.6,India,KL Rahul,RG Sharma,AS Joseph,4,0,"",""
ball,2,15.7,India,KL Rahul,RG Sharma,AS Joseph,1,0,"",""
ball,2,16.1,India,KL Rahul,RG Sharma,K Pierre,1,0,"",""
ball,2,16.2,India,RG Sharma,KL Rahul,K Pierre,1,0,"",""
ball,2,16.3,India,KL Rahul,RG Sharma,K Pierre,0,0,"",""
ball,2,16.4,India,KL Rahul,RG Sharma,K Pierre,0,0,"",""
ball,2,16.5,India,KL Rahul,RG Sharma,K Pierre,0,0,"",""
ball,2,16.6,India,KL Rahul,RG Sharma,K Pierre,0,0,"",""
ball,2,17.1,India,RG Sharma,KL Rahul,AS Joseph,0,0,"",""
ball,2,17.2,India,RG Sharma,KL Rahul,AS Joseph,0,0,"",""
ball,2,17.3,India,RG Sharma,KL Rahul,AS Joseph,1,0,"",""
ball,2,17.4,India,KL Rahul,RG Sharma,AS Joseph,0,0,"",""
ball,2,17.5,India,KL Rahul,RG Sharma,AS Joseph,0,0,"",""
ball,2,17.6,India,KL Rahul,RG Sharma,AS Joseph,0,0,"",""
ball,2,18.1,India,RG Sharma,KL Rahul,K Pierre,0,0,"",""
ball,2,18.2,India,RG Sharma,KL Rahul,K Pierre,4,0,"",""
ball,2,18.3,India,RG Sharma,KL Rahul,K Pierre,0,0,"",""
ball,2,18.4,India,RG Sharma,KL Rahul,K Pierre,1,0,"",""
ball,2,18.5,India,KL Rahul,RG Sharma,K Pierre,0,0,"",""
ball,2,18.6,India,KL Rahul,RG Sharma,K Pierre,1,0,"",""
ball,2,19.1,India,KL Rahul,RG Sharma,AS Joseph,1,0,"",""
ball,2,19.2,India,RG Sharma,KL Rahul,AS Joseph,1,0,"",""
ball,2,19.3,India,KL Rahul,RG Sharma,AS Joseph,0,0,"",""
ball,2,19.4,India,KL Rahul,RG Sharma,AS Joseph,0,0,"",""
ball,2,19.5,India,KL Rahul,RG Sharma,AS Joseph,1,0,"",""
ball,2,19.6,India,RG Sharma,KL Rahul,AS Joseph,1,0,"",""
ball,2,20.1,India,RG Sharma,KL Rahul,K Pierre,1,0,"",""
ball,2,20.2,India,KL Rahul,RG Sharma,K Pierre,1,0,"",""
ball,2,20.3,India,RG Sharma,KL Rahul,K Pierre,1,0,"",""
ball,2,20.4,India,KL Rahul,RG Sharma,K Pierre,1,0,"",""
ball,2,20.5,India,RG Sharma,KL Rahul,K Pierre,0,0,"",""
ball,2,20.6,India,RG Sharma,KL Rahul,K Pierre,4,0,"",""
ball,2,21.1,India,KL Rahul,RG Sharma,JO Holder,1,0,"",""
ball,2,21.2,India,RG Sharma,KL Rahul,JO Holder,0,0,caught,RG Sharma
ball,2,21.3,India,V Kohli,KL Rahul,JO Holder,1,0,"",""
ball,2,21.4,India,KL Rahul,V Kohli,JO Holder,0,0,"",""
ball,2,21.5,India,KL Rahul,V Kohli,JO Holder,1,0,"",""
ball,2,21.6,India,V Kohli,KL Rahul,JO Holder,0,0,"",""
ball,2,22.1,India,KL Rahul,V Kohli,K Pierre,4,0,"",""
ball,2,22.2,India,KL Rahul,V Kohli,K Pierre,1,0,"",""
ball,2,22.3,India,V Kohli,KL Rahul,K Pierre,1,0,"",""
ball,2,22.4,India,KL Rahul,V Kohli,K Pierre,0,0,"",""
ball,2,22.5,India,KL Rahul,V Kohli,K Pierre,1,0,"",""
ball,2,22.6,India,V Kohli,KL Rahul,K Pierre,1,0,"",""
ball,2,23.1,India,V Kohli,KL Rahul,JO Holder,0,0,"",""
ball,2,23.2,India,V Kohli,KL Rahul,JO Holder,1,0,"",""
ball,2,23.3,India,KL Rahul,V Kohli,JO Holder,1,0,"",""
ball,2,23.4,India,V Kohli,KL Rahul,JO Holder,4,0,"",""
ball,2,23.5,India,V Kohli,KL Rahul,JO Holder,1,0,"",""
ball,2,23.6,India,KL Rahul,V Kohli,JO Holder,0,0,"",""
ball,2,24.1,India,V Kohli,KL Rahul,KMA Paul,1,0,"",""
ball,2,24.2,India,KL Rahul,V Kohli,KMA Paul,0,0,"",""
ball,2,24.3,India,KL Rahul,V Kohli,KMA Paul,0,0,"",""
ball,2,24.4,India,KL Rahul,V Kohli,KMA Paul,1,0,"",""
ball,2,24.5,India,V Kohli,KL Rahul,KMA Paul,0,0,"",""
ball,2,24.6,India,V Kohli,KL Rahul,KMA Paul,0,0,"",""
ball,2,25.1,India,KL Rahul,V Kohli,JO Holder,1,0,"",""
ball,2,25.2,India,V Kohli,KL Rahul,JO Holder,0,0,"",""
ball,2,25.3,India,V Kohli,KL Rahul,JO Holder,1,0,"",""
ball,2,25.4,India,KL Rahul,V Kohli,JO Holder,0,0,"",""
ball,2,25.5,India,KL Rahul,V Kohli,JO Holder,1,0,"",""
ball,2,25.6,India,V Kohli,KL Rahul,JO Holder,1,0,"",""
ball,2,26.1,India,V Kohli,KL Rahul,KMA Paul,0,0,"",""
ball,2,26.2,India,V Kohli,KL Rahul,KMA Paul,0,0,"",""
ball,2,26.3,India,V Kohli,KL Rahul,KMA Paul,1,0,"",""
ball,2,26.4,India,KL Rahul,V Kohli,KMA Paul,1,0,"",""
ball,2,26.5,India,V Kohli,KL Rahul,KMA Paul,4,0,"",""
ball,2,26.6,India,V Kohli,KL Rahul,KMA Paul,1,0,"",""
ball,2,27.1,India,V Kohli,KL Rahul,AS Joseph,1,0,"",""
ball,2,27.2,India,KL Rahul,V Kohli,AS Joseph,0,0,"",""
ball,2,27.3,India,KL Rahul,V Kohli,AS Joseph,1,0,"",""
ball,2,27.4,India,V Kohli,KL Rahul,AS Joseph,1,0,"",""
ball,2,27.5,India,KL Rahul,V Kohli,AS Joseph,6,0,"",""
ball,2,27.6,India,KL Rahul,V Kohli,AS Joseph,0,0,"",""
ball,2,28.1,India,V Kohli,KL Rahul,RL Chase,0,0,"",""
ball,2,28.2,India,V Kohli,KL Rahul,RL Chase,2,0,"",""
ball,2,28.3,India,V Kohli,KL Rahul,RL Chase,0,0,"",""
ball,2,28.4,India,V Kohli,KL Rahul,RL Chase,0,0,"",""
ball,2,28.5,India,V Kohli,KL Rahul,RL Chase,1,0,"",""
ball,2,28.6,India,KL Rahul,V Kohli,RL Chase,1,0,"",""
ball,2,29.1,India,KL Rahul,V Kohli,AS Joseph,0,0,"",""
ball,2,29.2,India,KL Rahul,V Kohli,AS Joseph,1,0,"",""
ball,2,29.3,India,V Kohli,KL Rahul,AS Joseph,1,0,"",""
ball,2,29.4,India,KL Rahul,V Kohli,AS Joseph,0,0,"",""
ball,2,29.5,India,KL Rahul,V Kohli,AS Joseph,0,0,caught,KL Rahul
ball,2,29.6,India,SS Iyer,V Kohli,AS Joseph,0,0,"",""
ball,2,30.1,India,V Kohli,SS Iyer,RL Chase,1,0,"",""
ball,2,30.2,India,SS Iyer,V Kohli,RL Chase,1,0,"",""
ball,2,30.3,India,V Kohli,SS Iyer,RL Chase,0,0,"",""
ball,2,30.4,India,V Kohli,SS Iyer,RL Chase,0,0,"",""
ball,2,30.5,India,V Kohli,SS Iyer,RL Chase,2,0,"",""
ball,2,30.6,India,V Kohli,SS Iyer,RL Chase,1,0,"",""
ball,2,31.1,India,V Kohli,SS Iyer,AS Joseph,1,0,"",""
ball,2,31.2,India,SS Iyer,V Kohli,AS Joseph,1,0,"",""
ball,2,31.3,India,V Kohli,SS Iyer,AS Joseph,4,0,"",""
ball,2,31.4,India,V Kohli,SS Iyer,AS Joseph,4,0,"",""
ball,2,31.5,India,V Kohli,SS Iyer,AS Joseph,1,0,"",""
ball,2,31.6,India,SS Iyer,V Kohli,AS Joseph,1,0,"",""
ball,2,32.1,India,SS Iyer,V Kohli,KMA Paul,0,0,"",""
ball,2,32.2,India,SS Iyer,V Kohli,KMA Paul,4,0,"",""
ball,2,32.3,India,SS Iyer,V Kohli,KMA Paul,0,0,caught,SS Iyer
ball,2,32.4,India,V Kohli,RR Pant,KMA Paul,0,0,"",""
ball,2,32.5,India,V Kohli,RR Pant,KMA Paul,0,0,"",""
ball,2,32.6,India,V Kohli,RR Pant,KMA Paul,0,0,"",""
ball,2,33.1,India,RR Pant,V Kohli,JO Holder,1,0,"",""
ball,2,33.2,India,V Kohli,RR Pant,JO Holder,1,0,"",""
ball,2,33.3,India,RR Pant,V Kohli,JO Holder,1,0,"",""
ball,2,33.4,India,V Kohli,RR Pant,JO Holder,4,0,"",""
ball,2,33.5,India,V Kohli,RR Pant,JO Holder,0,0,"",""
ball,2,33.6,India,V Kohli,RR Pant,JO Holder,0,0,"",""
ball,2,34.1,India,RR Pant,V Kohli,KMA Paul,4,0,"",""
ball,2,34.2,India,RR Pant,V Kohli,KMA Paul,1,0,"",""
ball,2,34.3,India,V Kohli,RR Pant,KMA Paul,0,0,"",""
ball,2,34.4,India,V Kohli,RR Pant,KMA Paul,1,0,"",""
ball,2,34.5,India,RR Pant,V Kohli,KMA Paul,0,0,"",""
ball,2,34.6,India,RR Pant,V Kohli,KMA Paul,0,0,bowled,RR Pant
ball,2,35.1,India,V Kohli,KM Jadhav,JO Holder,1,0,"",""
ball,2,35.2,India,KM Jadhav,V Kohli,JO Holder,0,0,"",""
ball,2,35.3,India,KM Jadhav,V Kohli,JO Holder,1,0,"",""
ball,2,35.4,India,V Kohli,KM Jadhav,JO Holder,1,0,"",""
ball,2,35.5,India,KM Jadhav,V Kohli,JO Holder,1,0,"",""
ball,2,35.6,India,V Kohli,KM Jadhav,JO Holder,1,0,"",""
ball,2,36.1,India,V Kohli,KM Jadhav,KMA Paul,2,0,"",""
ball,2,36.2,India,V Kohli,KM Jadhav,KMA Paul,0,0,"",""
ball,2,36.3,India,V Kohli,KM Jadhav,KMA Paul,1,0,"",""
ball,2,36.4,India,KM Jadhav,V Kohli,KMA Paul,1,0,"",""
ball,2,36.5,India,V Kohli,KM Jadhav,KMA Paul,0,0,"",""
ball,2,36.6,India,V Kohli,KM Jadhav,KMA Paul,0,0,"",""
ball,2,37.1,India,KM Jadhav,V Kohli,AS Joseph,0,0,"",""
ball,2,37.2,India,KM Jadhav,V Kohli,AS Joseph,1,0,"",""
ball,2,37.3,India,V Kohli,KM Jadhav,AS Joseph,0,1,"",""
ball,2,37.4,India,V Kohli,KM Jadhav,AS Joseph,4,0,"",""
ball,2,37.5,India,V Kohli,KM Jadhav,AS Joseph,1,0,"",""
ball,2,37.6,India,KM Jadhav,V Kohli,AS Joseph,4,0,"",""
ball,2,37.7,India,KM Jadhav,V Kohli,AS Joseph,0,0,"",""
ball,2,38.1,India,V Kohli,KM Jadhav,SS Cottrell,4,0,"",""
ball,2,38.2,India,V Kohli,KM Jadhav,SS Cottrell,1,0,"",""
ball,2,38.3,India,KM Jadhav,V Kohli,SS Cottrell,1,0,"",""
ball,2,38.4,India,V Kohli,KM Jadhav,SS Cottrell,1,0,"",""
ball,2,38.5,India,KM Jadhav,V Kohli,SS Cottrell,0,0,bowled,KM Jadhav
ball,2,38.6,India,RA Jadeja,V Kohli,SS Cottrell,4,0,"",""
ball,2,39.1,India,V Kohli,RA Jadeja,AS Joseph,0,0,"",""
ball,2,39.2,India,V Kohli,RA Jadeja,AS Joseph,1,0,"",""
ball,2,39.3,India,RA Jadeja,V Kohli,AS Joseph,1,0,"",""
ball,2,39.4,India,V Kohli,RA Jadeja,AS Joseph,1,0,"",""
ball,2,39.5,India,RA Jadeja,V Kohli,AS Joseph,1,0,"",""
ball,2,39.6,India,V Kohli,RA Jadeja,AS Joseph,1,0,"",""
ball,2,40.1,India,V Kohli,RA Jadeja,SS Cottrell,1,0,"",""
ball,2,40.2,India,RA Jadeja,V Kohli,SS Cottrell,0,5,"",""
ball,2,40.3,India,RA Jadeja,V Kohli,SS Cottrell,1,0,"",""
ball,2,40.4,India,V Kohli,RA Jadeja,SS Cottrell,1,0,"",""
ball,2,40.5,India,RA Jadeja,V Kohli,SS Cottrell,1,0,"",""
ball,2,40.6,India,V Kohli,RA Jadeja,SS Cottrell,1,0,"",""
ball,2,40.7,India,RA Jadeja,V Kohli,SS Cottrell,1,0,"",""
ball,2,41.1,India,RA Jadeja,V Kohli,JO Holder,1,0,"",""
ball,2,41.2,India,V Kohli,RA Jadeja,JO Holder,1,0,"",""
ball,2,41.3,India,RA Jadeja,V Kohli,JO Holder,1,0,"",""
ball,2,41.4,India,V Kohli,RA Jadeja,JO Holder,0,0,"",""
ball,2,41.5,India,V Kohli,RA Jadeja,JO Holder,1,0,"",""
ball,2,41.6,India,RA Jadeja,V Kohli,JO Holder,1,0,"",""
ball,2,42.1,India,RA Jadeja,V Kohli,K Pierre,0,0,"",""
ball,2,42.2,India,RA Jadeja,V Kohli,K Pierre,1,0,"",""
ball,2,42.3,India,V Kohli,RA Jadeja,K Pierre,4,0,"",""
ball,2,42.4,India,V Kohli,RA Jadeja,K Pierre,0,0,"",""
ball,2,42.5,India,V Kohli,RA Jadeja,K Pierre,4,0,"",""
ball,2,42.6,India,V Kohli,RA Jadeja,K Pierre,1,0,"",""
ball,2,43.1,India,V Kohli,RA Jadeja,SS Cottrell,1,0,"",""
ball,2,43.2,India,RA Jadeja,V Kohli,SS Cottrell,1,0,"",""
ball,2,43.3,India,V Kohli,RA Jadeja,SS Cottrell,1,0,"",""
ball,2,43.4,India,RA Jadeja,V Kohli,SS Cottrell,2,0,"",""
ball,2,43.5,India,RA Jadeja,V Kohli,SS Cottrell,1,0,"",""
ball,2,43.6,India,V Kohli,RA Jadeja,SS Cottrell,1,0,"",""
ball,2,44.1,India,V Kohli,RA Jadeja,JO Holder,0,0,"",""
ball,2,44.2,India,V Kohli,RA Jadeja,JO Holder,1,0,"",""
ball,2,44.3,India,RA Jadeja,V Kohli,JO Holder,1,0,"",""
ball,2,44.4,India,V Kohli,RA Jadeja,JO Holder,1,0,"",""
ball,2,44.5,India,RA Jadeja,V Kohli,JO Holder,4,0,"",""
ball,2,44.6,India,RA Jadeja,V Kohli,JO Holder,1,0,"",""
ball,2,45.1,India,RA Jadeja,V Kohli,SS Cottrell,0,0,"",""
ball,2,45.2,India,RA Jadeja,V Kohli,SS Cottrell,4,0,"",""
ball,2,45.3,India,RA Jadeja,V Kohli,SS Cottrell,1,0,"",""
ball,2,45.4,India,V Kohli,RA Jadeja,SS Cottrell,1,0,"",""
ball,2,45.5,India,RA Jadeja,V Kohli,SS Cottrell,1,0,"",""
ball,2,45.6,India,V Kohli,RA Jadeja,SS Cottrell,1,0,"",""
ball,2,46.1,India,V Kohli,RA Jadeja,KMA Paul,0,0,bowled,V Kohli
ball,2,46.2,India,SN Thakur,RA Jadeja,KMA Paul,4,0,"",""
ball,2,46.3,India,SN Thakur,RA Jadeja,KMA Paul,1,0,"",""
ball,2,46.4,India,RA Jadeja,SN Thakur,KMA Paul,1,0,"",""
ball,2,46.5,India,SN Thakur,RA Jadeja,KMA Paul,1,0,"",""
ball,2,46.6,India,RA Jadeja,SN Thakur,KMA Paul,1,0,"",""
ball,2,47.1,India,RA Jadeja,SN Thakur,SS Cottrell,0,1,"",""
ball,2,47.2,India,RA Jadeja,SN Thakur,SS Cottrell,0,0,"",""
ball,2,47.3,India,RA Jadeja,SN Thakur,SS Cottrell,1,0,"",""
ball,2,47.4,India,SN Thakur,RA Jadeja,SS Cottrell,0,1,"",""
ball,2,47.5,India,SN Thakur,RA Jadeja,SS Cottrell,6,0,"",""
ball,2,47.6,India,SN Thakur,RA Jadeja,SS Cottrell,4,0,"",""
ball,2,47.7,India,SN Thakur,RA Jadeja,SS Cottrell,1,0,"",""
ball,2,47.8,India,RA Jadeja,SN Thakur,SS Cottrell,1,0,"",""
ball,2,48.1,India,RA Jadeja,SN Thakur,KMA Paul,0,0,"",""
ball,2,48.2,India,RA Jadeja,SN Thakur,KMA Paul,4,0,"",""
ball,2,48.3,India,RA Jadeja,SN Thakur,KMA Paul,2,0,"",""
ball,2,48.4,India,RA Jadeja,SN Thakur,KMA Paul,0,0,"",""
ball,2,48.5,India,RA Jadeja,SN Thakur,KMA Paul,0,1,"",""
