version,1.3.0
info,team,West Indies
info,team,India
info,gender,male
info,season,2019
info,date,2019/08/11
info,series,India tour of United States of America and West Indies 2019
info,match_number,2
info,venue,"Queen's Park Oval, Trinidad"
info,city,Port of Spain
info,toss_winner,India
info,toss_decision,bat
info,player_of_match,V Kohli
info,umpire,NJ Llong
info,umpire,GO Brathwaite
info,reserve_umpire,LS Reifer
info,tv_umpire,AT Holdstock
info,match_referee,JJ Crowe
info,winner,India
info,winner_runs,59
info,method,D/L
ball,1,0.1,India,S Dhawan,RG Sharma,SS Cottrell,0,0,"",""
ball,1,0.2,India,S Dhawan,RG Sharma,SS Cottrell,2,0,"",""
ball,1,0.3,India,S Dhawan,RG Sharma,SS Cottrell,0,0,lbw,S Dhawan
ball,1,0.4,India,V Kohli,RG Sharma,SS Cottrell,0,0,"",""
ball,1,0.5,India,V Kohli,RG Sharma,SS Cottrell,0,0,"",""
ball,1,0.6,India,V Kohli,RG Sharma,SS Cottrell,1,0,"",""
ball,1,1.1,India,V Kohli,RG Sharma,KAJ Roach,4,0,"",""
ball,1,1.2,India,V Kohli,RG Sharma,KAJ Roach,0,0,"",""
ball,1,1.3,India,V Kohli,RG Sharma,KAJ Roach,4,0,"",""
ball,1,1.4,India,V Kohli,RG Sharma,KAJ Roach,0,1,"",""
ball,1,1.5,India,V Kohli,RG Sharma,KAJ Roach,1,0,"",""
ball,1,1.6,India,RG Sharma,V Kohli,KAJ Roach,0,0,"",""
ball,1,1.7,India,RG Sharma,V Kohli,KAJ Roach,0,0,"",""
ball,1,2.1,India,V Kohli,RG Sharma,SS Cottrell,1,0,"",""
ball,1,2.2,India,RG Sharma,V Kohli,SS Cottrell,0,0,"",""
ball,1,2.3,India,RG Sharma,V Kohli,SS Cottrell,0,0,"",""
ball,1,2.4,India,RG Sharma,V Kohli,SS Cottrell,0,0,"",""
ball,1,2.5,India,RG Sharma,V Kohli,SS Cottrell,0,0,"",""
ball,1,2.6,India,RG Sharma,V Kohli,SS Cottrell,0,0,"",""
ball,1,3.1,India,V Kohli,RG Sharma,KAJ Roach,0,0,"",""
ball,1,3.2,India,V Kohli,RG Sharma,KAJ Roach,0,0,"",""
ball,1,3.3,India,V Kohli,RG Sharma,KAJ Roach,0,0,"",""
ball,1,3.4,India,V Kohli,RG Sharma,KAJ Roach,4,0,"",""
ball,1,3.5,India,V Kohli,RG Sharma,KAJ Roach,0,1,"",""
ball,1,3.6,India,V Kohli,RG Sharma,KAJ Roach,0,0,"",""
ball,1,3.7,India,V Kohli,RG Sharma,KAJ Roach,1,0,"",""
ball,1,4.1,India,V Kohli,RG Sharma,SS Cottrell,0,0,"",""
ball,1,4.2,India,V Kohli,RG Sharma,SS Cottrell,0,0,"",""
ball,1,4.3,India,V Kohli,RG Sharma,SS Cottrell,2,0,"",""
ball,1,4.4,India,V Kohli,RG Sharma,SS Cottrell,1,0,"",""
ball,1,4.5,India,RG Sharma,V Kohli,SS Cottrell,0,0,"",""
ball,1,4.6,India,RG Sharma,V Kohli,SS Cottrell,0,0,"",""
ball,1,5.1,India,V Kohli,RG Sharma,JO Holder,0,0,"",""
ball,1,5.2,India,V Kohli,RG Sharma,JO Holder,1,0,"",""
ball,1,5.3,India,RG Sharma,V Kohli,JO Holder,0,0,"",""
ball,1,5.4,India,RG Sharma,V Kohli,JO Holder,2,0,"",""
ball,1,5.5,India,RG Sharma,V Kohli,JO Holder,0,0,"",""
ball,1,5.6,India,RG Sharma,V Kohli,JO Holder,4,0,"",""
ball,1,6.1,India,V Kohli,RG Sharma,O Thomas,0,0,"",""
ball,1,6.2,India,V Kohli,RG Sharma,O Thomas,0,0,"",""
ball,1,6.3,India,V Kohli,RG Sharma,O Thomas,0,1,"",""
ball,1,6.4,India,V Kohli,RG Sharma,O Thomas,3,0,"",""
ball,1,6.5,India,RG Sharma,V Kohli,O Thomas,0,0,"",""
ball,1,6.6,India,RG Sharma,V Kohli,O Thomas,0,0,"",""
ball,1,6.7,India,RG Sharma,V Kohli,O Thomas,0,0,"",""
ball,1,7.1,India,V Kohli,RG Sharma,JO Holder,0,0,"",""
ball,1,7.2,India,V Kohli,RG Sharma,JO Holder,4,0,"",""
ball,1,7.3,India,V Kohli,RG Sharma,JO Holder,0,0,"",""
ball,1,7.4,India,V Kohli,RG Sharma,JO Holder,0,0,"",""
ball,1,7.5,India,V Kohli,RG Sharma,JO Holder,1,0,"",""
ball,1,7.6,India,RG Sharma,V Kohli,JO Holder,0,0,"",""
ball,1,8.1,India,V Kohli,RG Sharma,O Thomas,0,0,"",""
ball,1,8.2,India,V Kohli,RG Sharma,O Thomas,0,1,"",""
ball,1,8.3,India,V Kohli,RG Sharma,O Thomas,2,1,"",""
ball,1,8.4,India,V Kohli,RG Sharma,O Thomas,1,0,"",""
ball,1,8.5,India,RG Sharma,V Kohli,O Thomas,1,0,"",""
ball,1,8.6,India,V Kohli,RG Sharma,O Thomas,1,0,"",""
ball,1,8.7,India,RG Sharma,V Kohli,O Thomas,2,0,"",""
ball,1,8.8,India,RG Sharma,V Kohli,O Thomas,0,0,"",""
ball,1,9.1,India,V Kohli,RG Sharma,JO Holder,0,0,"",""
ball,1,9.2,India,V Kohli,RG Sharma,JO Holder,2,0,"",""
ball,1,9.3,India,V Kohli,RG Sharma,JO Holder,0,1,"",""
ball,1,9.4,India,V Kohli,RG Sharma,JO Holder,0,0,"",""
ball,1,9.5,India,V Kohli,RG Sharma,JO Holder,0,0,"",""
ball,1,9.6,India,V Kohli,RG Sharma,JO Holder,0,0,"",""
ball,1,9.7,India,V Kohli,RG Sharma,JO Holder,4,0,"",""
ball,1,10.1,India,RG Sharma,V Kohli,O Thomas,4,0,"",""
ball,1,10.2,India,RG Sharma,V Kohli,O Thomas,1,0,"",""
ball,1,10.3,India,V Kohli,RG Sharma,O Thomas,0,0,"",""
ball,1,10.4,India,V Kohli,RG Sharma,O Thomas,0,0,"",""
ball,1,10.5,India,V Kohli,RG Sharma,O Thomas,1,0,"",""
ball,1,10.6,India,RG Sharma,V Kohli,O Thomas,0,0,"",""
ball,1,11.1,India,V Kohli,RG Sharma,RL Chase,1,0,"",""
ball,1,11.2,India,RG Sharma,V Kohli,RL Chase,0,0,"",""
ball,1,11.3,India,RG Sharma,V Kohli,RL Chase,0,0,"",""
ball,1,11.4,India,RG Sharma,V Kohli,RL Chase,1,0,"",""
ball,1,11.5,India,V Kohli,RG Sharma,RL Chase,0,0,"",""
ball,1,11.6,India,V Kohli,RG Sharma,RL Chase,1,0,"",""
ball,1,12.1,India,V Kohli,RG Sharma,CR Brathwaite,0,0,"",""
ball,1,12.2,India,V Kohli,RG Sharma,CR Brathwaite,0,0,"",""
ball,1,12.3,India,V Kohli,RG Sharma,CR Brathwaite,0,0,"",""
ball,1,12.4,India,V Kohli,RG Sharma,CR Brathwaite,0,0,"",""
ball,1,12.5,India,V Kohli,RG Sharma,CR Brathwaite,1,0,"",""
ball,1,12.6,India,RG Sharma,V Kohli,CR Brathwaite,1,0,"",""
ball,1,13.1,India,RG Sharma,V Kohli,RL Chase,1,0,"",""
ball,1,13.2,India,V Kohli,RG Sharma,RL Chase,0,0,"",""
ball,1,13.3,India,V Kohli,RG Sharma,RL Chase,0,0,"",""
ball,1,13.4,India,V Kohli,RG Sharma,RL Chase,4,0,"",""
ball,1,13.5,India,V Kohli,RG Sharma,RL Chase,0,0,"",""
ball,1,13.6,India,V Kohli,RG Sharma,RL Chase,0,0,"",""
ball,1,14.1,India,RG Sharma,V Kohli,CR Brathwaite,0,0,"",""
ball,1,14.2,India,RG Sharma,V Kohli,CR Brathwaite,0,0,"",""
ball,1,14.3,India,RG Sharma,V Kohli,CR Brathwaite,1,0,"",""
ball,1,14.4,India,V Kohli,RG Sharma,CR Brathwaite,0,0,"",""
ball,1,14.5,India,V Kohli,RG Sharma,CR Brathwaite,0,0,"",""
ball,1,14.6,India,V Kohli,RG Sharma,CR Brathwaite,4,0,"",""
ball,1,15.1,India,RG Sharma,V Kohli,RL Chase,0,0,"",""
ball,1,15.2,India,RG Sharma,V Kohli,RL Chase,0,0,"",""
ball,1,15.3,India,RG Sharma,V Kohli,RL Chase,0,0,caught,RG Sharma
ball,1,15.4,India,RR Pant,V Kohli,RL Chase,0,0,"",""
ball,1,15.5,India,RR Pant,V Kohli,RL Chase,1,0,"",""
ball,1,15.6,India,V Kohli,RR Pant,RL Chase,0,0,"",""
ball,1,16.1,India,RR Pant,V Kohli,SS Cottrell,0,0,"",""
ball,1,16.2,India,RR Pant,V Kohli,SS Cottrell,4,0,"",""
ball,1,16.3,India,RR Pant,V Kohli,SS Cottrell,0,0,"",""
ball,1,16.4,India,RR Pant,V Kohli,SS Cottrell,0,0,"",""
ball,1,16.5,India,RR Pant,V Kohli,SS Cottrell,0,0,"",""
ball,1,16.6,India,RR Pant,V Kohli,SS Cottrell,1,0,"",""
ball,1,17.1,India,RR Pant,V Kohli,RL Chase,0,0,"",""
ball,1,17.2,India,RR Pant,V Kohli,RL Chase,2,0,"",""
ball,1,17.3,India,RR Pant,V Kohli,RL Chase,0,0,"",""
ball,1,17.4,India,RR Pant,V Kohli,RL Chase,1,0,"",""
ball,1,17.5,India,V Kohli,RR Pant,RL Chase,1,0,"",""
ball,1,17.6,India,RR Pant,V Kohli,RL Chase,4,0,"",""
ball,1,18.1,India,V Kohli,RR Pant,SS Cottrell,1,0,"",""
ball,1,18.2,India,RR Pant,V Kohli,SS Cottrell,1,0,"",""
ball,1,18.3,India,V Kohli,RR Pant,SS Cottrell,1,0,"",""
ball,1,18.4,India,RR Pant,V Kohli,SS Cottrell,0,0,"",""
ball,1,18.5,India,RR Pant,V Kohli,SS Cottrell,0,0,"",""
ball,1,18.6,India,RR Pant,V Kohli,SS Cottrell,1,0,"",""
ball,1,19.1,India,RR Pant,V Kohli,RL Chase,0,0,"",""
ball,1,19.2,India,RR Pant,V Kohli,RL Chase,0,0,"",""
ball,1,19.3,India,RR Pant,V Kohli,RL Chase,0,0,"",""
ball,1,19.4,India,RR Pant,V Kohli,RL Chase,0,0,"",""
ball,1,19.5,India,RR Pant,V Kohli,RL Chase,0,0,"",""
ball,1,19.6,India,RR Pant,V Kohli,RL Chase,0,0,"",""
ball,1,20.1,India,V Kohli,RR Pant,CR Brathwaite,1,0,"",""
ball,1,20.2,India,RR Pant,V Kohli,CR Brathwaite,0,0,"",""
ball,1,20.3,India,RR Pant,V Kohli,CR Brathwaite,0,0,"",""
ball,1,20.4,India,RR Pant,V Kohli,CR Brathwaite,1,0,"",""
ball,1,20.5,India,V Kohli,RR Pant,CR Brathwaite,1,0,"",""
ball,1,20.6,India,RR Pant,V Kohli,CR Brathwaite,1,0,"",""
ball,1,21.1,India,RR Pant,V Kohli,RL Chase,0,0,"",""
ball,1,21.2,India,RR Pant,V Kohli,RL Chase,0,0,"",""
ball,1,21.3,India,RR Pant,V Kohli,RL Chase,0,0,"",""
ball,1,21.4,India,RR Pant,V Kohli,RL Chase,0,0,"",""
ball,1,21.5,India,RR Pant,V Kohli,RL Chase,2,0,"",""
ball,1,21.6,India,RR Pant,V Kohli,RL Chase,1,0,"",""
ball,1,22.1,India,RR Pant,V Kohli,CR Brathwaite,0,0,"",""
ball,1,22.2,India,RR Pant,V Kohli,CR Brathwaite,0,0,bowled,RR Pant
ball,1,22.3,India,SS Iyer,V Kohli,CR Brathwaite,1,0,"",""
ball,1,22.4,India,V Kohli,SS Iyer,CR Brathwaite,1,0,"",""
ball,1,22.5,India,SS Iyer,V Kohli,CR Brathwaite,0,1,"",""
ball,1,22.6,India,SS Iyer,V Kohli,CR Brathwaite,1,0,"",""
ball,1,22.7,India,V Kohli,SS Iyer,CR Brathwaite,1,0,"",""
ball,1,23.1,India,V Kohli,SS Iyer,RL Chase,0,0,"",""
ball,1,23.2,India,V Kohli,SS Iyer,RL Chase,0,0,"",""
ball,1,23.3,India,V Kohli,SS Iyer,RL Chase,1,0,"",""
ball,1,23.4,India,SS Iyer,V Kohli,RL Chase,0,0,"",""
ball,1,23.5,India,SS Iyer,V Kohli,RL Chase,1,0,"",""
ball,1,23.6,India,V Kohli,SS Iyer,RL Chase,1,0,"",""
ball,1,24.1,India,V Kohli,SS Iyer,CR Brathwaite,0,0,"",""
ball,1,24.2,India,V Kohli,SS Iyer,CR Brathwaite,0,0,"",""
ball,1,24.3,India,V Kohli,SS Iyer,CR Brathwaite,1,0,"",""
ball,1,24.4,India,SS Iyer,V Kohli,CR Brathwaite,0,0,"",""
ball,1,24.5,India,SS Iyer,V Kohli,CR Brathwaite,4,0,"",""
ball,1,24.6,India,SS Iyer,V Kohli,CR Brathwaite,1,0,"",""
ball,1,25.1,India,SS Iyer,V Kohli,RL Chase,1,0,"",""
ball,1,25.2,India,V Kohli,SS Iyer,RL Chase,1,0,"",""
ball,1,25.3,India,SS Iyer,V Kohli,RL Chase,0,0,"",""
ball,1,25.4,India,SS Iyer,V Kohli,RL Chase,1,0,"",""
ball,1,25.5,India,V Kohli,SS Iyer,RL Chase,0,0,"",""
ball,1,25.6,India,V Kohli,SS Iyer,RL Chase,1,0,"",""
ball,1,26.1,India,V Kohli,SS Iyer,CR Brathwaite,0,0,"",""
ball,1,26.2,India,V Kohli,SS Iyer,CR Brathwaite,1,0,"",""
ball,1,26.3,India,SS Iyer,V Kohli,CR Brathwaite,1,0,"",""
ball,1,26.4,India,V Kohli,SS Iyer,CR Brathwaite,1,0,"",""
ball,1,26.5,India,SS Iyer,V Kohli,CR Brathwaite,0,0,"",""
ball,1,26.6,India,SS Iyer,V Kohli,CR Brathwaite,2,0,"",""
ball,1,27.1,India,V Kohli,SS Iyer,RL Chase,0,0,"",""
ball,1,27.2,India,V Kohli,SS Iyer,RL Chase,0,0,"",""
ball,1,27.3,India,V Kohli,SS Iyer,RL Chase,1,0,"",""
ball,1,27.4,India,SS Iyer,V Kohli,RL Chase,1,0,"",""
ball,1,27.5,India,V Kohli,SS Iyer,RL Chase,0,0,"",""
ball,1,27.6,India,V Kohli,SS Iyer,RL Chase,1,0,"",""
ball,1,28.1,India,V Kohli,SS Iyer,KAJ Roach,0,0,"",""
ball,1,28.2,India,V Kohli,SS Iyer,KAJ Roach,1,0,"",""
ball,1,28.3,India,SS Iyer,V Kohli,KAJ Roach,4,0,"",""
ball,1,28.4,India,SS Iyer,V Kohli,KAJ Roach,0,0,"",""
ball,1,28.5,India,SS Iyer,V Kohli,KAJ Roach,0,0,"",""
ball,1,28.6,India,SS Iyer,V Kohli,KAJ Roach,4,0,"",""
ball,1,29.1,India,V Kohli,SS Iyer,RL Chase,4,0,"",""
ball,1,29.2,India,V Kohli,SS Iyer,RL Chase,1,0,"",""
ball,1,29.3,India,SS Iyer,V Kohli,RL Chase,0,0,"",""
ball,1,29.4,India,SS Iyer,V Kohli,RL Chase,0,0,"",""
ball,1,29.5,India,SS Iyer,V Kohli,RL Chase,0,0,"",""
ball,1,29.6,India,SS Iyer,V Kohli,RL Chase,2,0,"",""
ball,1,30.1,India,V Kohli,SS Iyer,KAJ Roach,1,0,"",""
ball,1,30.2,India,SS Iyer,V Kohli,KAJ Roach,1,0,"",""
ball,1,30.3,India,V Kohli,SS Iyer,KAJ Roach,0,0,"",""
ball,1,30.4,India,V Kohli,SS Iyer,KAJ Roach,1,0,"",""
ball,1,30.5,India,SS Iyer,V Kohli,KAJ Roach,1,0,"",""
ball,1,30.6,India,V Kohli,SS Iyer,KAJ Roach,1,0,"",""
ball,1,31.1,India,V Kohli,SS Iyer,JO Holder,0,0,"",""
ball,1,31.2,India,V Kohli,SS Iyer,JO Holder,0,0,"",""
ball,1,31.3,India,V Kohli,SS Iyer,JO Holder,4,0,"",""
ball,1,31.4,India,V Kohli,SS Iyer,JO Holder,1,0,"",""
ball,1,31.5,India,SS Iyer,V Kohli,JO Holder,0,0,"",""
ball,1,31.6,India,SS Iyer,V Kohli,JO Holder,4,0,"",""
ball,1,32.1,India,V Kohli,SS Iyer,KAJ Roach,1,0,"",""
ball,1,32.2,India,SS Iyer,V Kohli,KAJ Roach,2,0,"",""
ball,1,32.3,India,SS Iyer,V Kohli,KAJ Roach,1,0,"",""
ball,1,32.4,India,V Kohli,SS Iyer,KAJ Roach,0,0,"",""
ball,1,32.5,India,V Kohli,SS Iyer,KAJ Roach,1,0,"",""
ball,1,32.6,India,SS Iyer,V Kohli,KAJ Roach,1,0,"",""
ball,1,33.1,India,SS Iyer,V Kohli,JO Holder,1,0,"",""
ball,1,33.2,India,V Kohli,SS Iyer,JO Holder,0,0,"",""
ball,1,33.3,India,V Kohli,SS Iyer,JO Holder,0,0,"",""
ball,1,33.4,India,V Kohli,SS Iyer,JO Holder,6,0,"",""
ball,1,33.5,India,V Kohli,SS Iyer,JO Holder,1,0,"",""
ball,1,33.6,India,SS Iyer,V Kohli,JO Holder,0,0,"",""
ball,1,34.1,India,V Kohli,SS Iyer,KAJ Roach,0,0,"",""
ball,1,34.2,India,V Kohli,SS Iyer,KAJ Roach,1,0,"",""
ball,1,34.3,India,SS Iyer,V Kohli,KAJ Roach,1,0,"",""
ball,1,34.4,India,V Kohli,SS Iyer,KAJ Roach,1,0,"",""
ball,1,34.5,India,SS Iyer,V Kohli,KAJ Roach,1,1,"",""
ball,1,34.6,India,V Kohli,SS Iyer,KAJ Roach,0,0,"",""
ball,1,34.7,India,V Kohli,SS Iyer,KAJ Roach,4,0,"",""
ball,1,35.1,India,SS Iyer,V Kohli,JO Holder,0,0,"",""
ball,1,35.2,India,SS Iyer,V Kohli,JO Holder,2,0,"",""
ball,1,35.3,India,SS Iyer,V Kohli,JO Holder,1,0,"",""
ball,1,35.4,India,V Kohli,SS Iyer,JO Holder,1,0,"",""
ball,1,35.5,India,SS Iyer,V Kohli,JO Holder,0,0,"",""
ball,1,35.6,India,SS Iyer,V Kohli,JO Holder,1,0,"",""
ball,1,36.1,India,SS Iyer,V Kohli,SS Cottrell,0,0,"",""
ball,1,36.2,India,SS Iyer,V Kohli,SS Cottrell,1,0,"",""
ball,1,36.3,India,V Kohli,SS Iyer,SS Cottrell,0,1,"",""
ball,1,36.4,India,V Kohli,SS Iyer,SS Cottrell,0,0,"",""
ball,1,36.5,India,V Kohli,SS Iyer,SS Cottrell,2,0,"",""
ball,1,36.6,India,V Kohli,SS Iyer,SS Cottrell,1,0,"",""
ball,1,36.7,India,SS Iyer,V Kohli,SS Cottrell,0,0,"",""
ball,1,37.1,India,V Kohli,SS Iyer,JO Holder,1,0,"",""
ball,1,37.2,India,SS Iyer,V Kohli,JO Holder,0,0,"",""
ball,1,37.3,India,SS Iyer,V Kohli,JO Holder,1,0,"",""
ball,1,37.4,India,V Kohli,SS Iyer,JO Holder,1,0,"",""
ball,1,37.5,India,SS Iyer,V Kohli,JO Holder,1,0,"",""
ball,1,37.6,India,V Kohli,SS Iyer,JO Holder,1,0,"",""
ball,1,38.1,India,V Kohli,SS Iyer,SS Cottrell,0,0,"",""
ball,1,38.2,India,V Kohli,SS Iyer,SS Cottrell,4,0,"",""
ball,1,38.3,India,V Kohli,SS Iyer,SS Cottrell,1,0,"",""
ball,1,38.4,India,SS Iyer,V Kohli,SS Cottrell,2,0,"",""
ball,1,38.5,India,SS Iyer,V Kohli,SS Cottrell,0,0,"",""
ball,1,38.6,India,SS Iyer,V Kohli,SS Cottrell,1,0,"",""
ball,1,39.1,India,SS Iyer,V Kohli,CR Brathwaite,2,0,"",""
ball,1,39.2,India,SS Iyer,V Kohli,CR Brathwaite,1,0,"",""
ball,1,39.3,India,V Kohli,SS Iyer,CR Brathwaite,0,0,"",""
ball,1,39.4,India,V Kohli,SS Iyer,CR Brathwaite,1,0,"",""
ball,1,39.5,India,SS Iyer,V Kohli,CR Brathwaite,4,0,"",""
ball,1,39.6,India,SS Iyer,V Kohli,CR Brathwaite,1,0,"",""
ball,1,40.1,India,SS Iyer,V Kohli,O Thomas,1,0,"",""
ball,1,40.2,India,V Kohli,SS Iyer,O Thomas,0,0,"",""
ball,1,40.3,India,V Kohli,SS Iyer,O Thomas,4,0,"",""
ball,1,40.4,India,V Kohli,SS Iyer,O Thomas,0,0,"",""
ball,1,40.5,India,V Kohli,SS Iyer,O Thomas,4,0,"",""
ball,1,40.6,India,V Kohli,SS Iyer,O Thomas,4,0,"",""
ball,1,41.1,India,SS Iyer,V Kohli,CR Brathwaite,0,0,"",""
ball,1,41.2,India,SS Iyer,V Kohli,CR Brathwaite,1,0,"",""
ball,1,41.3,India,V Kohli,SS Iyer,CR Brathwaite,0,0,caught,V Kohli
ball,1,41.4,India,SS Iyer,KM Jadhav,CR Brathwaite,1,0,"",""
ball,1,41.5,India,KM Jadhav,SS Iyer,CR Brathwaite,0,0,"",""
ball,1,41.6,India,KM Jadhav,SS Iyer,CR Brathwaite,1,0,"",""
ball,1,42.1,India,KM Jadhav,SS Iyer,SS Cottrell,4,0,"",""
ball,1,42.2,India,KM Jadhav,SS Iyer,SS Cottrell,1,0,"",""
ball,1,42.3,India,SS Iyer,KM Jadhav,SS Cottrell,1,0,"",""
ball,1,42.4,India,KM Jadhav,SS Iyer,SS Cottrell,1,0,"",""
ball,1,42.5,India,SS Iyer,KM Jadhav,SS Cottrell,1,0,"",""
ball,1,42.6,India,KM Jadhav,SS Iyer,SS Cottrell,0,0,"",""
ball,1,43.1,India,SS Iyer,KM Jadhav,JO Holder,1,0,"",""
ball,1,43.2,India,KM Jadhav,SS Iyer,JO Holder,1,0,"",""
ball,1,43.3,India,SS Iyer,KM Jadhav,JO Holder,1,0,"",""
ball,1,43.4,India,KM Jadhav,SS Iyer,JO Holder,0,0,"",""
ball,1,43.5,India,KM Jadhav,SS Iyer,JO Holder,1,0,"",""
ball,1,43.6,India,SS Iyer,KM Jadhav,JO Holder,1,0,"",""
ball,1,44.1,India,SS Iyer,KM Jadhav,KAJ Roach,0,0,"",""
ball,1,44.2,India,SS Iyer,KM Jadhav,KAJ Roach,1,0,"",""
ball,1,44.3,India,KM Jadhav,SS Iyer,KAJ Roach,1,0,"",""
ball,1,44.4,India,SS Iyer,KM Jadhav,KAJ Roach,6,0,"",""
ball,1,44.5,India,SS Iyer,KM Jadhav,KAJ Roach,0,0,"",""
ball,1,44.6,India,SS Iyer,KM Jadhav,KAJ Roach,1,0,"",""
ball,1,45.1,India,SS Iyer,KM Jadhav,JO Holder,0,0,"",""
ball,1,45.2,India,SS Iyer,KM Jadhav,JO Holder,0,0,"",""
ball,1,45.3,India,SS Iyer,KM Jadhav,JO Holder,0,0,bowled,SS Iyer
ball,1,45.4,India,RA Jadeja,KM Jadhav,JO Holder,0,0,"",""
ball,1,45.5,India,RA Jadeja,KM Jadhav,JO Holder,1,0,"",""
ball,1,45.6,India,KM Jadhav,RA Jadeja,JO Holder,1,0,"",""
ball,1,46.1,India,KM Jadhav,RA Jadeja,SS Cottrell,4,0,"",""
ball,1,46.2,India,KM Jadhav,RA Jadeja,SS Cottrell,1,0,"",""
ball,1,46.3,India,RA Jadeja,KM Jadhav,SS Cottrell,1,0,"",""
ball,1,46.4,India,KM Jadhav,RA Jadeja,SS Cottrell,0,0,run out,KM Jadhav
ball,1,46.5,India,RA Jadeja,B Kumar,SS Cottrell,0,0,"",""
ball,1,46.6,India,RA Jadeja,B Kumar,SS Cottrell,1,0,"",""
ball,1,47.1,India,RA Jadeja,B Kumar,CR Brathwaite,1,0,"",""
ball,1,47.2,India,B Kumar,RA Jadeja,CR Brathwaite,1,0,"",""
ball,1,47.3,India,RA Jadeja,B Kumar,CR Brathwaite,1,0,"",""
ball,1,47.4,India,B Kumar,RA Jadeja,CR Brathwaite,0,0,caught,B Kumar
ball,1,47.5,India,RA Jadeja,Mohammed Shami,CR Brathwaite,4,0,"",""
ball,1,47.6,India,RA Jadeja,Mohammed Shami,CR Brathwaite,1,0,"",""
ball,1,48.1,India,RA Jadeja,Mohammed Shami,SS Cottrell,0,0,"",""
ball,1,48.2,India,RA Jadeja,Mohammed Shami,SS Cottrell,0,0,"",""
ball,1,48.3,India,RA Jadeja,Mohammed Shami,SS Cottrell,1,0,"",""
ball,1,48.4,India,Mohammed Shami,RA Jadeja,SS Cottrell,0,0,"",""
ball,1,48.5,India,Mohammed Shami,RA Jadeja,SS Cottrell,0,1,"",""
ball,1,48.6,India,Mohammed Shami,RA Jadeja,SS Cottrell,1,0,"",""
ball,1,48.7,India,RA Jadeja,Mohammed Shami,SS Cottrell,2,0,"",""
ball,1,49.1,India,Mohammed Shami,RA Jadeja,CR Brathwaite,0,0,"",""
ball,1,49.2,India,Mohammed Shami,RA Jadeja,CR Brathwaite,0,1,"",""
ball,1,49.3,India,RA Jadeja,Mohammed Shami,CR Brathwaite,0,1,"",""
ball,1,49.4,India,RA Jadeja,Mohammed Shami,CR Brathwaite,2,0,"",""
ball,1,49.5,India,RA Jadeja,Mohammed Shami,CR Brathwaite,0,0,"",""
ball,1,49.6,India,RA Jadeja,Mohammed Shami,CR Brathwaite,1,0,"",""
ball,1,49.7,India,Mohammed Shami,RA Jadeja,CR Brathwaite,2,0,"",""
ball,2,0.1,West Indies,CH Gayle,E Lewis,B Kumar,1,0,"",""
ball,2,0.2,West Indies,E Lewis,CH Gayle,B Kumar,0,0,"",""
ball,2,0.3,West Indies,E Lewis,CH Gayle,B Kumar,0,0,"",""
ball,2,0.4,West Indies,E Lewis,CH Gayle,B Kumar,0,0,"",""
ball,2,0.5,West Indies,E Lewis,CH Gayle,B Kumar,1,0,"",""
ball,2,0.6,West Indies,CH Gayle,E Lewis,B Kumar,0,0,"",""
ball,2,1.1,West Indies,E Lewis,CH Gayle,Mohammed Shami,0,0,"",""
ball,2,1.2,West Indies,E Lewis,CH Gayle,Mohammed Shami,0,1,"",""
ball,2,1.3,West Indies,E Lewis,CH Gayle,Mohammed Shami,0,0,"",""
ball,2,1.4,West Indies,E Lewis,CH Gayle,Mohammed Shami,0,0,"",""
ball,2,1.5,West Indies,E Lewis,CH Gayle,Mohammed Shami,0,0,"",""
ball,2,1.6,West Indies,E Lewis,CH Gayle,Mohammed Shami,2,0,"",""
ball,2,1.7,West Indies,E Lewis,CH Gayle,Mohammed Shami,0,0,"",""
ball,2,2.1,West Indies,CH Gayle,E Lewis,B Kumar,0,0,"",""
ball,2,2.2,West Indies,CH Gayle,E Lewis,B Kumar,1,0,"",""
ball,2,2.3,West Indies,E Lewis,CH Gayle,B Kumar,6,0,"",""
ball,2,2.4,West Indies,E Lewis,CH Gayle,B Kumar,0,0,"",""
ball,2,2.5,West Indies,E Lewis,CH Gayle,B Kumar,0,0,"",""
ball,2,2.6,West Indies,E Lewis,CH Gayle,B Kumar,0,0,"",""
ball,2,3.1,West Indies,CH Gayle,E Lewis,Mohammed Shami,2,0,"",""
ball,2,3.2,West Indies,CH Gayle,E Lewis,Mohammed Shami,0,0,"",""
ball,2,3.3,West Indies,CH Gayle,E Lewis,Mohammed Shami,0,0,"",""
ball,2,3.4,West Indies,CH Gayle,E Lewis,Mohammed Shami,0,0,"",""
ball,2,3.5,West Indies,CH Gayle,E Lewis,Mohammed Shami,0,0,"",""
ball,2,3.6,West Indies,CH Gayle,E Lewis,Mohammed Shami,0,0,"",""
ball,2,4.1,West Indies,E Lewis,CH Gayle,B Kumar,1,0,"",""
ball,2,4.2,West Indies,CH Gayle,E Lewis,B Kumar,0,0,"",""
ball,2,4.3,West Indies,CH Gayle,E Lewis,B Kumar,0,5,"",""
ball,2,4.4,West Indies,CH Gayle,E Lewis,B Kumar,0,0,"",""
ball,2,4.5,West Indies,CH Gayle,E Lewis,B Kumar,0,0,"",""
ball,2,4.6,West Indies,CH Gayle,E Lewis,B Kumar,0,0,"",""
ball,2,4.7,West Indies,CH Gayle,E Lewis,B Kumar,0,0,"",""
ball,2,5.1,West Indies,E Lewis,CH Gayle,Mohammed Shami,4,0,"",""
ball,2,5.2,West Indies,E Lewis,CH Gayle,Mohammed Shami,0,0,"",""
ball,2,5.3,West Indies,E Lewis,CH Gayle,Mohammed Shami,0,0,"",""
ball,2,5.4,West Indies,E Lewis,CH Gayle,Mohammed Shami,0,0,"",""
ball,2,5.5,West Indies,E Lewis,CH Gayle,Mohammed Shami,0,0,"",""
ball,2,5.6,West Indies,E Lewis,CH Gayle,Mohammed Shami,0,0,"",""
ball,2,6.1,West Indies,CH Gayle,E Lewis,KK Ahmed,0,0,"",""
ball,2,6.2,West Indies,CH Gayle,E Lewis,KK Ahmed,0,0,"",""
ball,2,6.3,West Indies,CH Gayle,E Lewis,KK Ahmed,1,0,"",""
ball,2,6.4,West Indies,E Lewis,CH Gayle,KK Ahmed,4,0,"",""
ball,2,6.5,West Indies,E Lewis,CH Gayle,KK Ahmed,0,0,"",""
ball,2,6.6,West Indies,E Lewis,CH Gayle,KK Ahmed,0,0,"",""
ball,2,7.1,West Indies,CH Gayle,E Lewis,B Kumar,1,0,"",""
ball,2,7.2,West Indies,E Lewis,CH Gayle,B Kumar,0,0,"",""
ball,2,7.3,West Indies,E Lewis,CH Gayle,B Kumar,0,0,"",""
ball,2,7.4,West Indies,E Lewis,CH Gayle,B Kumar,0,0,"",""
ball,2,7.5,West Indies,E Lewis,CH Gayle,B Kumar,0,0,"",""
ball,2,7.6,West Indies,E Lewis,CH Gayle,B Kumar,4,0,"",""
ball,2,8.1,West Indies,CH Gayle,E Lewis,KK Ahmed,1,0,"",""
ball,2,8.2,West Indies,E Lewis,CH Gayle,KK Ahmed,0,0,"",""
ball,2,8.3,West Indies,E Lewis,CH Gayle,KK Ahmed,1,0,"",""
ball,2,8.4,West Indies,CH Gayle,E Lewis,KK Ahmed,0,0,"",""
ball,2,8.5,West Indies,CH Gayle,E Lewis,KK Ahmed,4,0,"",""
ball,2,8.6,West Indies,CH Gayle,E Lewis,KK Ahmed,0,0,"",""
ball,2,9.1,West Indies,E Lewis,CH Gayle,B Kumar,4,0,"",""
ball,2,9.2,West Indies,E Lewis,CH Gayle,B Kumar,1,0,"",""
ball,2,9.3,West Indies,CH Gayle,E Lewis,B Kumar,0,0,lbw,CH Gayle
ball,2,9.4,West Indies,SD Hope,E Lewis,B Kumar,1,0,"",""
ball,2,9.5,West Indies,E Lewis,SD Hope,B Kumar,0,0,"",""
ball,2,9.6,West Indies,E Lewis,SD Hope,B Kumar,0,0,"",""
ball,2,10.1,West Indies,SD Hope,E Lewis,KK Ahmed,1,0,"",""
ball,2,10.2,West Indies,E Lewis,SD Hope,KK Ahmed,0,0,"",""
ball,2,10.3,West Indies,E Lewis,SD Hope,KK Ahmed,0,0,"",""
ball,2,10.4,West Indies,E Lewis,SD Hope,KK Ahmed,1,0,"",""
ball,2,10.5,West Indies,SD Hope,E Lewis,KK Ahmed,0,0,"",""
ball,2,10.6,West Indies,SD Hope,E Lewis,KK Ahmed,1,0,"",""
ball,2,11.1,West Indies,SD Hope,E Lewis,Kuldeep Yadav,0,0,"",""
ball,2,11.2,West Indies,SD Hope,E Lewis,Kuldeep Yadav,0,0,"",""
ball,2,11.3,West Indies,SD Hope,E Lewis,Kuldeep Yadav,1,0,"",""
ball,2,11.4,West Indies,E Lewis,SD Hope,Kuldeep Yadav,1,0,"",""
ball,2,11.5,West Indies,SD Hope,E Lewis,Kuldeep Yadav,1,0,"",""
ball,2,11.6,West Indies,E Lewis,SD Hope,Kuldeep Yadav,0,0,"",""
ball,2,12.1,West Indies,SD Hope,E Lewis,KK Ahmed,0,0,"",""
ball,2,12.2,West Indies,SD Hope,E Lewis,KK Ahmed,0,0,bowled,SD Hope
ball,2,12.3,West Indies,SO Hetmyer,E Lewis,KK Ahmed,0,1,"",""
ball,2,12.4,West Indies,SO Hetmyer,E Lewis,KK Ahmed,1,0,"",""
ball,2,12.5,West Indies,E Lewis,SO Hetmyer,KK Ahmed,1,0,"",""
ball,2,12.6,West Indies,SO Hetmyer,E Lewis,KK Ahmed,0,0,"",""
ball,2,12.7,West Indies,SO Hetmyer,E Lewis,KK Ahmed,0,1,"",""
ball,2,12.8,West Indies,SO Hetmyer,E Lewis,KK Ahmed,0,0,"",""
ball,2,13.1,West Indies,E Lewis,SO Hetmyer,Kuldeep Yadav,4,0,"",""
ball,2,13.2,West Indies,E Lewis,SO Hetmyer,Kuldeep Yadav,1,0,"",""
ball,2,13.3,West Indies,SO Hetmyer,E Lewis,Kuldeep Yadav,1,0,"",""
ball,2,13.4,West Indies,E Lewis,SO Hetmyer,Kuldeep Yadav,0,0,"",""
ball,2,13.5,West Indies,E Lewis,SO Hetmyer,Kuldeep Yadav,1,0,"",""
ball,2,13.6,West Indies,SO Hetmyer,E Lewis,Kuldeep Yadav,1,0,"",""
ball,2,14.1,West Indies,SO Hetmyer,E Lewis,Mohammed Shami,0,0,"",""
ball,2,14.2,West Indies,SO Hetmyer,E Lewis,Mohammed Shami,0,0,"",""
ball,2,14.3,West Indies,SO Hetmyer,E Lewis,Mohammed Shami,1,0,"",""
ball,2,14.4,West Indies,E Lewis,SO Hetmyer,Mohammed Shami,4,0,"",""
ball,2,14.5,West Indies,E Lewis,SO Hetmyer,Mohammed Shami,0,0,"",""
ball,2,14.6,West Indies,E Lewis,SO Hetmyer,Mohammed Shami,0,0,"",""
ball,2,15.1,West Indies,SO Hetmyer,E Lewis,Kuldeep Yadav,0,1,"",""
ball,2,15.2,West Indies,SO Hetmyer,E Lewis,Kuldeep Yadav,1,0,"",""
ball,2,15.3,West Indies,E Lewis,SO Hetmyer,Kuldeep Yadav,1,0,"",""
ball,2,15.4,West Indies,SO Hetmyer,E Lewis,Kuldeep Yadav,1,0,"",""
ball,2,15.5,West Indies,E Lewis,SO Hetmyer,Kuldeep Yadav,1,0,"",""
ball,2,15.6,West Indies,SO Hetmyer,E Lewis,Kuldeep Yadav,4,0,"",""
ball,2,15.7,West Indies,SO Hetmyer,E Lewis,Kuldeep Yadav,1,0,"",""
ball,2,16.1,West Indies,SO Hetmyer,E Lewis,Mohammed Shami,0,0,"",""
ball,2,16.2,West Indies,SO Hetmyer,E Lewis,Mohammed Shami,4,0,"",""
ball,2,16.3,West Indies,SO Hetmyer,E Lewis,Mohammed Shami,2,0,"",""
ball,2,16.4,West Indies,SO Hetmyer,E Lewis,Mohammed Shami,0,0,"",""
ball,2,16.5,West Indies,SO Hetmyer,E Lewis,Mohammed Shami,0,4,"",""
ball,2,16.6,West Indies,SO Hetmyer,E Lewis,Mohammed Shami,0,0,"",""
ball,2,17.1,West Indies,E Lewis,SO Hetmyer,Kuldeep Yadav,1,0,"",""
ball,2,17.2,West Indies,SO Hetmyer,E Lewis,Kuldeep Yadav,1,0,"",""
ball,2,17.3,West Indies,E Lewis,SO Hetmyer,Kuldeep Yadav,0,0,"",""
ball,2,17.4,West Indies,E Lewis,SO Hetmyer,Kuldeep Yadav,0,0,"",""
ball,2,17.5,West Indies,E Lewis,SO Hetmyer,Kuldeep Yadav,1,0,"",""
ball,2,17.6,West Indies,SO Hetmyer,E Lewis,Kuldeep Yadav,0,0,caught,SO Hetmyer
ball,2,18.1,West Indies,E Lewis,N Pooran,KM Jadhav,1,0,"",""
ball,2,18.2,West Indies,N Pooran,E Lewis,KM Jadhav,1,0,"",""
ball,2,18.3,West Indies,E Lewis,N Pooran,KM Jadhav,1,0,"",""
ball,2,18.4,West Indies,N Pooran,E Lewis,KM Jadhav,0,0,"",""
ball,2,18.5,West Indies,N Pooran,E Lewis,KM Jadhav,0,0,"",""
ball,2,18.6,West Indies,N Pooran,E Lewis,KM Jadhav,1,0,"",""
ball,2,19.1,West Indies,N Pooran,E Lewis,Kuldeep Yadav,1,0,"",""
ball,2,19.2,West Indies,E Lewis,N Pooran,Kuldeep Yadav,0,0,"",""
ball,2,19.3,West Indies,E Lewis,N Pooran,Kuldeep Yadav,0,0,"",""
ball,2,19.4,West Indies,E Lewis,N Pooran,Kuldeep Yadav,0,0,"",""
ball,2,19.5,West Indies,E Lewis,N Pooran,Kuldeep Yadav,0,0,"",""
ball,2,19.6,West Indies,E Lewis,N Pooran,Kuldeep Yadav,0,0,"",""
ball,2,20.1,West Indies,N Pooran,E Lewis,KM Jadhav,0,0,"",""
ball,2,20.2,West Indies,N Pooran,E Lewis,KM Jadhav,0,0,"",""
ball,2,20.3,West Indies,N Pooran,E Lewis,KM Jadhav,4,0,"",""
ball,2,20.4,West Indies,N Pooran,E Lewis,KM Jadhav,0,0,"",""
ball,2,20.5,West Indies,N Pooran,E Lewis,KM Jadhav,0,0,"",""
ball,2,20.6,West Indies,N Pooran,E Lewis,KM Jadhav,1,0,"",""
ball,2,21.1,West Indies,N Pooran,E Lewis,Kuldeep Yadav,1,0,"",""
ball,2,21.2,West Indies,E Lewis,N Pooran,Kuldeep Yadav,1,0,"",""
ball,2,21.3,West Indies,N Pooran,E Lewis,Kuldeep Yadav,1,0,"",""
ball,2,21.4,West Indies,E Lewis,N Pooran,Kuldeep Yadav,1,0,"",""
ball,2,21.5,West Indies,N Pooran,E Lewis,Kuldeep Yadav,0,0,"",""
ball,2,21.6,West Indies,N Pooran,E Lewis,Kuldeep Yadav,4,0,"",""
ball,2,22.1,West Indies,E Lewis,N Pooran,KM Jadhav,0,0,"",""
ball,2,22.2,West Indies,E Lewis,N Pooran,KM Jadhav,0,4,"",""
ball,2,22.3,West Indies,E Lewis,N Pooran,KM Jadhav,1,0,"",""
ball,2,22.4,West Indies,N Pooran,E Lewis,KM Jadhav,4,0,"",""
ball,2,22.5,West Indies,N Pooran,E Lewis,KM Jadhav,0,0,"",""
ball,2,22.6,West Indies,N Pooran,E Lewis,KM Jadhav,1,0,"",""
ball,2,23.1,West Indies,N Pooran,E Lewis,Kuldeep Yadav,6,0,"",""
ball,2,23.2,West Indies,N Pooran,E Lewis,Kuldeep Yadav,1,0,"",""
ball,2,23.3,West Indies,E Lewis,N Pooran,Kuldeep Yadav,0,0,"",""
ball,2,23.4,West Indies,E Lewis,N Pooran,Kuldeep Yadav,1,0,"",""
ball,2,23.5,West Indies,N Pooran,E Lewis,Kuldeep Yadav,0,0,"",""
ball,2,23.6,West Indies,N Pooran,E Lewis,Kuldeep Yadav,1,0,"",""
ball,2,24.1,West Indies,N Pooran,E Lewis,KM Jadhav,0,0,"",""
ball,2,24.2,West Indies,N Pooran,E Lewis,KM Jadhav,0,0,"",""
ball,2,24.3,West Indies,N Pooran,E Lewis,KM Jadhav,0,0,"",""
ball,2,24.4,West Indies,N Pooran,E Lewis,KM Jadhav,0,0,"",""
ball,2,24.5,West Indies,N Pooran,E Lewis,KM Jadhav,1,0,"",""
ball,2,24.6,West Indies,E Lewis,N Pooran,KM Jadhav,0,0,"",""
ball,2,25.1,West Indies,N Pooran,E Lewis,Kuldeep Yadav,1,0,"",""
ball,2,25.2,West Indies,E Lewis,N Pooran,Kuldeep Yadav,2,0,"",""
ball,2,25.3,West Indies,E Lewis,N Pooran,Kuldeep Yadav,4,0,"",""
ball,2,25.4,West Indies,E Lewis,N Pooran,Kuldeep Yadav,0,0,"",""
ball,2,25.5,West Indies,E Lewis,N Pooran,Kuldeep Yadav,0,0,"",""
ball,2,25.6,West Indies,E Lewis,N Pooran,Kuldeep Yadav,1,0,"",""
ball,2,26.1,West Indies,E Lewis,N Pooran,KM Jadhav,0,1,"",""
ball,2,26.2,West Indies,E Lewis,N Pooran,KM Jadhav,0,0,"",""
ball,2,26.3,West Indies,E Lewis,N Pooran,KM Jadhav,4,0,"",""
ball,2,26.4,West Indies,E Lewis,N Pooran,KM Jadhav,2,0,"",""
ball,2,26.5,West Indies,E Lewis,N Pooran,KM Jadhav,1,0,"",""
ball,2,26.6,West Indies,N Pooran,E Lewis,KM Jadhav,1,0,"",""
ball,2,26.7,West Indies,E Lewis,N Pooran,KM Jadhav,0,0,"",""
ball,2,27.1,West Indies,N Pooran,E Lewis,Kuldeep Yadav,1,0,"",""
ball,2,27.2,West Indies,E Lewis,N Pooran,Kuldeep Yadav,0,0,caught,E Lewis
ball,2,27.3,West Indies,RL Chase,N Pooran,Kuldeep Yadav,1,0,"",""
ball,2,27.4,West Indies,N Pooran,RL Chase,Kuldeep Yadav,1,0,"",""
ball,2,27.5,West Indies,RL Chase,N Pooran,Kuldeep Yadav,1,0,"",""
ball,2,27.6,West Indies,N Pooran,RL Chase,Kuldeep Yadav,0,0,"",""
ball,2,28.1,West Indies,RL Chase,N Pooran,RA Jadeja,1,0,"",""
ball,2,28.2,West Indies,N Pooran,RL Chase,RA Jadeja,0,0,"",""
ball,2,28.3,West Indies,N Pooran,RL Chase,RA Jadeja,0,0,"",""
ball,2,28.4,West Indies,N Pooran,RL Chase,RA Jadeja,1,0,"",""
ball,2,28.5,West Indies,RL Chase,N Pooran,RA Jadeja,1,0,"",""
ball,2,28.6,West Indies,N Pooran,RL Chase,RA Jadeja,0,0,"",""
ball,2,29.1,West Indies,RL Chase,N Pooran,Kuldeep Yadav,1,0,"",""
ball,2,29.2,West Indies,N Pooran,RL Chase,Kuldeep Yadav,1,0,"",""
ball,2,29.3,West Indies,RL Chase,N Pooran,Kuldeep Yadav,1,0,"",""
ball,2,29.4,West Indies,N Pooran,RL Chase,Kuldeep Yadav,0,0,"",""
ball,2,29.5,West Indies,N Pooran,RL Chase,Kuldeep Yadav,1,0,"",""
ball,2,29.6,West Indies,RL Chase,N Pooran,Kuldeep Yadav,1,0,"",""
ball,2,30.1,West Indies,RL Chase,N Pooran,RA Jadeja,1,0,"",""
ball,2,30.2,West Indies,N Pooran,RL Chase,RA Jadeja,0,0,"",""
ball,2,30.3,West Indies,N Pooran,RL Chase,RA Jadeja,1,0,"",""
ball,2,30.4,West Indies,RL Chase,N Pooran,RA Jadeja,1,0,"",""
ball,2,30.5,West Indies,N Pooran,RL Chase,RA Jadeja,0,0,"",""
ball,2,30.6,West Indies,N Pooran,RL Chase,RA Jadeja,0,0,"",""
ball,2,31.1,West Indies,RL Chase,N Pooran,KK Ahmed,1,0,"",""
ball,2,31.2,West Indies,N Pooran,RL Chase,KK Ahmed,0,0,"",""
ball,2,31.3,West Indies,N Pooran,RL Chase,KK Ahmed,1,0,"",""
ball,2,31.4,West Indies,RL Chase,N Pooran,KK Ahmed,0,1,"",""
ball,2,31.5,West Indies,N Pooran,RL Chase,KK Ahmed,0,0,"",""
ball,2,31.6,West Indies,N Pooran,RL Chase,KK Ahmed,0,0,"",""
ball,2,32.1,West Indies,RL Chase,N Pooran,Mohammed Shami,0,0,"",""
ball,2,32.2,West Indies,RL Chase,N Pooran,Mohammed Shami,0,0,"",""
ball,2,32.3,West Indies,RL Chase,N Pooran,Mohammed Shami,4,0,"",""
ball,2,32.4,West Indies,RL Chase,N Pooran,Mohammed Shami,0,1,"",""
ball,2,32.5,West Indies,RL Chase,N Pooran,Mohammed Shami,1,0,"",""
ball,2,32.6,West Indies,N Pooran,RL Chase,Mohammed Shami,0,0,"",""
ball,2,32.7,West Indies,N Pooran,RL Chase,Mohammed Shami,4,0,"",""
ball,2,33.1,West Indies,RL Chase,N Pooran,KK Ahmed,0,0,"",""
ball,2,33.2,West Indies,RL Chase,N Pooran,KK Ahmed,0,0,"",""
ball,2,33.3,West Indies,RL Chase,N Pooran,KK Ahmed,1,0,"",""
ball,2,33.4,West Indies,N Pooran,RL Chase,KK Ahmed,0,0,"",""
ball,2,33.5,West Indies,N Pooran,RL Chase,KK Ahmed,1,0,"",""
ball,2,33.6,West Indies,RL Chase,N Pooran,KK Ahmed,1,0,"",""
ball,2,34.1,West Indies,RL Chase,N Pooran,B Kumar,1,0,"",""
ball,2,34.2,West Indies,N Pooran,RL Chase,B Kumar,0,0,caught,N Pooran
ball,2,34.3,West Indies,RL Chase,JO Holder,B Kumar,0,0,"",""
ball,2,34.4,West Indies,RL Chase,JO Holder,B Kumar,0,0,"",""
ball,2,34.5,West Indies,RL Chase,JO Holder,B Kumar,0,0,caught and bowled,RL Chase
ball,2,34.6,West Indies,CR Brathwaite,JO Holder,B Kumar,0,0,"",""
ball,2,35.1,West Indies,JO Holder,CR Brathwaite,RA Jadeja,0,0,"",""
ball,2,35.2,West Indies,JO Holder,CR Brathwaite,RA Jadeja,0,0,"",""
ball,2,35.3,West Indies,JO Holder,CR Brathwaite,RA Jadeja,1,0,"",""
ball,2,35.4,West Indies,CR Brathwaite,JO Holder,RA Jadeja,0,0,"",""
ball,2,35.5,West Indies,CR Brathwaite,JO Holder,RA Jadeja,0,0,caught,CR Brathwaite
ball,2,35.6,West Indies,KAJ Roach,JO Holder,RA Jadeja,0,1,"",""
ball,2,35.7,West Indies,KAJ Roach,JO Holder,RA Jadeja,0,0,"",""
ball,2,36.1,West Indies,JO Holder,KAJ Roach,B Kumar,1,0,"",""
ball,2,36.2,West Indies,KAJ Roach,JO Holder,B Kumar,0,0,bowled,KAJ Roach
ball,2,36.3,West Indies,SS Cottrell,JO Holder,B Kumar,0,0,"",""
ball,2,36.4,West Indies,SS Cottrell,JO Holder,B Kumar,0,0,"",""
ball,2,36.5,West Indies,SS Cottrell,JO Holder,B Kumar,0,0,"",""
ball,2,36.6,West Indies,SS Cottrell,JO Holder,B Kumar,0,0,"",""
ball,2,37.1,West Indies,JO Holder,SS Cottrell,RA Jadeja,1,0,"",""
ball,2,37.2,West Indies,SS Cottrell,JO Holder,RA Jadeja,1,0,"",""
ball,2,37.3,West Indies,JO Holder,SS Cottrell,RA Jadeja,0,0,"",""
ball,2,37.4,West Indies,JO Holder,SS Cottrell,RA Jadeja,1,0,"",""
ball,2,37.5,West Indies,SS Cottrell,JO Holder,RA Jadeja,4,0,"",""
ball,2,37.6,West Indies,SS Cottrell,JO Holder,RA Jadeja,0,0,"",""
ball,2,38.1,West Indies,JO Holder,SS Cottrell,Mohammed Shami,1,0,"",""
ball,2,38.2,West Indies,SS Cottrell,JO Holder,Mohammed Shami,1,0,"",""
ball,2,38.3,West Indies,JO Holder,SS Cottrell,Mohammed Shami,1,0,"",""
ball,2,38.4,West Indies,SS Cottrell,JO Holder,Mohammed Shami,0,0,"",""
ball,2,38.5,West Indies,SS Cottrell,JO Holder,Mohammed Shami,0,0,"",""
ball,2,38.6,West Indies,SS Cottrell,JO Holder,Mohammed Shami,0,0,"",""
ball,2,39.1,West Indies,JO Holder,SS Cottrell,KK Ahmed,1,0,"",""
ball,2,39.2,West Indies,SS Cottrell,JO Holder,KK Ahmed,1,0,"",""
ball,2,39.3,West Indies,JO Holder,SS Cottrell,KK Ahmed,1,0,"",""
ball,2,39.4,West Indies,SS Cottrell,JO Holder,KK Ahmed,0,0,"",""
ball,2,39.5,West Indies,SS Cottrell,JO Holder,KK Ahmed,6,0,"",""
ball,2,39.6,West Indies,SS Cottrell,JO Holder,KK Ahmed,0,0,"",""
ball,2,40.1,West Indies,JO Holder,SS Cottrell,B Kumar,0,0,"",""
ball,2,40.2,West Indies,JO Holder,SS Cottrell,B Kumar,0,0,"",""
ball,2,40.3,West Indies,JO Holder,SS Cottrell,B Kumar,0,0,"",""
ball,2,40.4,West Indies,JO Holder,SS Cottrell,B Kumar,2,0,"",""
ball,2,40.5,West Indies,JO Holder,SS Cottrell,B Kumar,1,0,"",""
ball,2,40.6,West Indies,SS Cottrell,JO Holder,B Kumar,0,0,"",""
ball,2,41.1,West Indies,JO Holder,SS Cottrell,Mohammed Shami,1,0,"",""
ball,2,41.2,West Indies,SS Cottrell,JO Holder,Mohammed Shami,4,0,"",""
ball,2,41.3,West Indies,SS Cottrell,JO Holder,Mohammed Shami,0,0,caught,SS Cottrell
ball,2,41.4,West Indies,JO Holder,O Thomas,Mohammed Shami,0,0,"",""
ball,2,41.5,West Indies,JO Holder,O Thomas,Mohammed Shami,1,0,"",""
ball,2,41.6,West Indies,O Thomas,JO Holder,Mohammed Shami,0,0,lbw,O Thomas
