version,1.3.0
info,team,Netherlands
info,team,Zimbabwe
info,gender,male
info,season,2019
info,date,2019/06/21
info,series,Zimbabwe tour of Netherlands and Ireland 2019
info,match_number,2
info,venue,Sportpark Het Schootsveld
info,city,Deventer
info,toss_winner,Zimbabwe
info,toss_decision,bat
info,umpire,AT Holdstock
info,umpire,WPM van Liemt
info,reserve_umpire,HKG Jansen
info,match_referee,GF Labrooy
info,winner,Netherlands
info,winner_wickets,3
ball,1,0.1,Zimbabwe,H Masakadza,SF Mire,FJ Klaassen,0,0,"",""
ball,1,0.2,Zimbabwe,H Masakadza,SF Mire,FJ Klaassen,0,0,"",""
ball,1,0.3,Zimbabwe,H Masakadza,SF Mire,FJ Klaassen,3,1,"",""
ball,1,0.4,Zimbabwe,SF Mire,H Masakadza,FJ Klaassen,1,0,"",""
ball,1,0.5,Zimbabwe,H Masakadza,SF Mire,FJ Klaassen,0,0,"",""
ball,1,0.6,Zimbabwe,H Masakadza,SF Mire,FJ Klaassen,0,0,"",""
ball,1,0.7,Zimbabwe,H Masakadza,SF Mire,FJ Klaassen,0,0,"",""
ball,1,1.1,Zimbabwe,SF Mire,H Masakadza,VJ Kingma,0,0,"",""
ball,1,1.2,Zimbabwe,SF Mire,H Masakadza,VJ Kingma,0,0,"",""
ball,1,1.3,Zimbabwe,SF Mire,H Masakadza,VJ Kingma,0,0,"",""
ball,1,1.4,Zimbabwe,SF Mire,H Masakadza,VJ Kingma,0,1,"",""
ball,1,1.5,Zimbabwe,SF Mire,H Masakadza,VJ Kingma,0,0,"",""
ball,1,1.6,Zimbabwe,SF Mire,H Masakadza,VJ Kingma,0,0,"",""
ball,1,1.7,Zimbabwe,SF Mire,H Masakadza,VJ Kingma,0,0,"",""
ball,1,2.1,Zimbabwe,H Masakadza,SF Mire,FJ Klaassen,1,0,"",""
ball,1,2.2,Zimbabwe,SF Mire,H Masakadza,FJ Klaassen,0,0,"",""
ball,1,2.3,Zimbabwe,SF Mire,H Masakadza,FJ Klaassen,1,0,"",""
ball,1,2.4,Zimbabwe,H Masakadza,SF Mire,FJ Klaassen,0,0,"",""
ball,1,2.5,Zimbabwe,H Masakadza,SF Mire,FJ Klaassen,0,0,"",""
ball,1,2.6,Zimbabwe,H Masakadza,SF Mire,FJ Klaassen,0,1,"",""
ball,1,2.7,Zimbabwe,H Masakadza,SF Mire,FJ Klaassen,0,0,"",""
ball,1,3.1,Zimbabwe,SF Mire,H Masakadza,VJ Kingma,0,0,"",""
ball,1,3.2,Zimbabwe,SF Mire,H Masakadza,VJ Kingma,4,0,"",""
ball,1,3.3,Zimbabwe,SF Mire,H Masakadza,VJ Kingma,1,0,"",""
ball,1,3.4,Zimbabwe,H Masakadza,SF Mire,VJ Kingma,0,0,"",""
ball,1,3.5,Zimbabwe,H Masakadza,SF Mire,VJ Kingma,0,0,"",""
ball,1,3.6,Zimbabwe,H Masakadza,SF Mire,VJ Kingma,0,0,"",""
ball,1,4.1,Zimbabwe,SF Mire,H Masakadza,FJ Klaassen,0,0,"",""
ball,1,4.2,Zimbabwe,SF Mire,H Masakadza,FJ Klaassen,0,0,"",""
ball,1,4.3,Zimbabwe,SF Mire,H Masakadza,FJ Klaassen,4,0,"",""
ball,1,4.4,Zimbabwe,SF Mire,H Masakadza,FJ Klaassen,0,0,"",""
ball,1,4.5,Zimbabwe,SF Mire,H Masakadza,FJ Klaassen,0,0,"",""
ball,1,4.6,Zimbabwe,SF Mire,H Masakadza,FJ Klaassen,0,0,"",""
ball,1,5.1,Zimbabwe,H Masakadza,SF Mire,VJ Kingma,0,1,"",""
ball,1,5.2,Zimbabwe,H Masakadza,SF Mire,VJ Kingma,1,0,"",""
ball,1,5.3,Zimbabwe,SF Mire,H Masakadza,VJ Kingma,1,0,"",""
ball,1,5.4,Zimbabwe,H Masakadza,SF Mire,VJ Kingma,0,0,caught,H Masakadza
ball,1,5.5,Zimbabwe,CR Ervine,SF Mire,VJ Kingma,0,0,"",""
ball,1,5.6,Zimbabwe,CR Ervine,SF Mire,VJ Kingma,0,0,"",""
ball,1,5.7,Zimbabwe,CR Ervine,SF Mire,VJ Kingma,0,0,"",""
ball,1,6.1,Zimbabwe,SF Mire,CR Ervine,FJ Klaassen,0,0,"",""
ball,1,6.2,Zimbabwe,SF Mire,CR Ervine,FJ Klaassen,1,0,"",""
ball,1,6.3,Zimbabwe,CR Ervine,SF Mire,FJ Klaassen,0,0,"",""
ball,1,6.4,Zimbabwe,CR Ervine,SF Mire,FJ Klaassen,0,0,"",""
ball,1,6.5,Zimbabwe,CR Ervine,SF Mire,FJ Klaassen,0,0,"",""
ball,1,6.6,Zimbabwe,CR Ervine,SF Mire,FJ Klaassen,0,0,"",""
ball,1,7.1,Zimbabwe,SF Mire,CR Ervine,VJ Kingma,1,0,"",""
ball,1,7.2,Zimbabwe,CR Ervine,SF Mire,VJ Kingma,0,0,"",""
ball,1,7.3,Zimbabwe,CR Ervine,SF Mire,VJ Kingma,0,0,"",""
ball,1,7.4,Zimbabwe,CR Ervine,SF Mire,VJ Kingma,0,0,"",""
ball,1,7.5,Zimbabwe,CR Ervine,SF Mire,VJ Kingma,0,0,"",""
ball,1,7.6,Zimbabwe,CR Ervine,SF Mire,VJ Kingma,0,0,"",""
ball,1,8.1,Zimbabwe,SF Mire,CR Ervine,FJ Klaassen,0,0,"",""
ball,1,8.2,Zimbabwe,SF Mire,CR Ervine,FJ Klaassen,4,0,"",""
ball,1,8.3,Zimbabwe,SF Mire,CR Ervine,FJ Klaassen,1,0,"",""
ball,1,8.4,Zimbabwe,CR Ervine,SF Mire,FJ Klaassen,0,1,"",""
ball,1,8.5,Zimbabwe,CR Ervine,SF Mire,FJ Klaassen,0,0,"",""
ball,1,8.6,Zimbabwe,CR Ervine,SF Mire,FJ Klaassen,0,0,"",""
ball,1,8.7,Zimbabwe,CR Ervine,SF Mire,FJ Klaassen,0,0,"",""
ball,1,9.1,Zimbabwe,SF Mire,CR Ervine,VJ Kingma,0,0,"",""
ball,1,9.2,Zimbabwe,SF Mire,CR Ervine,VJ Kingma,1,0,"",""
ball,1,9.3,Zimbabwe,CR Ervine,SF Mire,VJ Kingma,0,0,"",""
ball,1,9.4,Zimbabwe,CR Ervine,SF Mire,VJ Kingma,0,0,"",""
ball,1,9.5,Zimbabwe,CR Ervine,SF Mire,VJ Kingma,0,0,"",""
ball,1,9.6,Zimbabwe,CR Ervine,SF Mire,VJ Kingma,4,0,"",""
ball,1,10.1,Zimbabwe,SF Mire,CR Ervine,FJ Klaassen,0,0,"",""
ball,1,10.2,Zimbabwe,SF Mire,CR Ervine,FJ Klaassen,4,0,"",""
ball,1,10.3,Zimbabwe,SF Mire,CR Ervine,FJ Klaassen,0,0,"",""
ball,1,10.4,Zimbabwe,SF Mire,CR Ervine,FJ Klaassen,0,0,"",""
ball,1,10.5,Zimbabwe,SF Mire,CR Ervine,FJ Klaassen,4,0,"",""
ball,1,10.6,Zimbabwe,SF Mire,CR Ervine,FJ Klaassen,0,0,caught,SF Mire
ball,1,11.1,Zimbabwe,CR Ervine,BRM Taylor,VJ Kingma,0,0,"",""
ball,1,11.2,Zimbabwe,CR Ervine,BRM Taylor,VJ Kingma,4,0,"",""
ball,1,11.3,Zimbabwe,CR Ervine,BRM Taylor,VJ Kingma,0,0,"",""
ball,1,11.4,Zimbabwe,CR Ervine,BRM Taylor,VJ Kingma,1,0,"",""
ball,1,11.5,Zimbabwe,BRM Taylor,CR Ervine,VJ Kingma,0,0,"",""
ball,1,11.6,Zimbabwe,BRM Taylor,CR Ervine,VJ Kingma,3,0,"",""
ball,1,12.1,Zimbabwe,BRM Taylor,CR Ervine,BD Glover,0,0,"",""
ball,1,12.2,Zimbabwe,BRM Taylor,CR Ervine,BD Glover,1,0,"",""
ball,1,12.3,Zimbabwe,CR Ervine,BRM Taylor,BD Glover,0,0,"",""
ball,1,12.4,Zimbabwe,CR Ervine,BRM Taylor,BD Glover,0,0,"",""
ball,1,12.5,Zimbabwe,CR Ervine,BRM Taylor,BD Glover,0,0,"",""
ball,1,12.6,Zimbabwe,CR Ervine,BRM Taylor,BD Glover,0,0,"",""
ball,1,13.1,Zimbabwe,BRM Taylor,CR Ervine,Saqib Zulfiqar,0,0,"",""
ball,1,13.2,Zimbabwe,BRM Taylor,CR Ervine,Saqib Zulfiqar,0,0,"",""
ball,1,13.3,Zimbabwe,BRM Taylor,CR Ervine,Saqib Zulfiqar,0,0,"",""
ball,1,13.4,Zimbabwe,BRM Taylor,CR Ervine,Saqib Zulfiqar,1,0,"",""
ball,1,13.5,Zimbabwe,CR Ervine,BRM Taylor,Saqib Zulfiqar,0,0,"",""
ball,1,13.6,Zimbabwe,CR Ervine,BRM Taylor,Saqib Zulfiqar,2,0,"",""
ball,1,14.1,Zimbabwe,BRM Taylor,CR Ervine,BD Glover,0,0,"",""
ball,1,14.2,Zimbabwe,BRM Taylor,CR Ervine,BD Glover,1,0,"",""
ball,1,14.3,Zimbabwe,CR Ervine,BRM Taylor,BD Glover,0,0,"",""
ball,1,14.4,Zimbabwe,CR Ervine,BRM Taylor,BD Glover,0,0,"",""
ball,1,14.5,Zimbabwe,CR Ervine,BRM Taylor,BD Glover,0,0,"",""
ball,1,14.6,Zimbabwe,CR Ervine,BRM Taylor,BD Glover,0,0,"",""
ball,1,15.1,Zimbabwe,BRM Taylor,CR Ervine,Saqib Zulfiqar,0,0,"",""
ball,1,15.2,Zimbabwe,BRM Taylor,CR Ervine,Saqib Zulfiqar,4,0,"",""
ball,1,15.3,Zimbabwe,BRM Taylor,CR Ervine,Saqib Zulfiqar,0,0,"",""
ball,1,15.4,Zimbabwe,BRM Taylor,CR Ervine,Saqib Zulfiqar,4,0,"",""
ball,1,15.5,Zimbabwe,BRM Taylor,CR Ervine,Saqib Zulfiqar,1,0,"",""
ball,1,15.6,Zimbabwe,CR Ervine,BRM Taylor,Saqib Zulfiqar,1,0,"",""
ball,1,16.1,Zimbabwe,CR Ervine,BRM Taylor,BD Glover,0,0,"",""
ball,1,16.2,Zimbabwe,CR Ervine,BRM Taylor,BD Glover,1,0,"",""
ball,1,16.3,Zimbabwe,BRM Taylor,CR Ervine,BD Glover,0,1,"",""
ball,1,16.4,Zimbabwe,BRM Taylor,CR Ervine,BD Glover,4,0,"",""
ball,1,16.5,Zimbabwe,BRM Taylor,CR Ervine,BD Glover,0,0,"",""
ball,1,16.6,Zimbabwe,BRM Taylor,CR Ervine,BD Glover,0,0,"",""
ball,1,16.7,Zimbabwe,BRM Taylor,CR Ervine,BD Glover,0,0,"",""
ball,1,17.1,Zimbabwe,CR Ervine,BRM Taylor,Saqib Zulfiqar,0,0,"",""
ball,1,17.2,Zimbabwe,CR Ervine,BRM Taylor,Saqib Zulfiqar,1,0,"",""
ball,1,17.3,Zimbabwe,BRM Taylor,CR Ervine,Saqib Zulfiqar,1,0,"",""
ball,1,17.4,Zimbabwe,CR Ervine,BRM Taylor,Saqib Zulfiqar,0,0,"",""
ball,1,17.5,Zimbabwe,CR Ervine,BRM Taylor,Saqib Zulfiqar,0,0,"",""
ball,1,17.6,Zimbabwe,CR Ervine,BRM Taylor,Saqib Zulfiqar,0,0,"",""
ball,1,18.1,Zimbabwe,BRM Taylor,CR Ervine,BD Glover,0,0,"",""
ball,1,18.2,Zimbabwe,BRM Taylor,CR Ervine,BD Glover,0,0,"",""
ball,1,18.3,Zimbabwe,BRM Taylor,CR Ervine,BD Glover,2,0,"",""
ball,1,18.4,Zimbabwe,BRM Taylor,CR Ervine,BD Glover,1,0,"",""
ball,1,18.5,Zimbabwe,CR Ervine,BRM Taylor,BD Glover,0,0,"",""
ball,1,18.6,Zimbabwe,CR Ervine,BRM Taylor,BD Glover,4,0,"",""
ball,1,19.1,Zimbabwe,BRM Taylor,CR Ervine,PM Seelaar,0,0,"",""
ball,1,19.2,Zimbabwe,BRM Taylor,CR Ervine,PM Seelaar,0,0,"",""
ball,1,19.3,Zimbabwe,BRM Taylor,CR Ervine,PM Seelaar,0,0,"",""
ball,1,19.4,Zimbabwe,BRM Taylor,CR Ervine,PM Seelaar,0,0,"",""
ball,1,19.5,Zimbabwe,BRM Taylor,CR Ervine,PM Seelaar,1,0,"",""
ball,1,19.6,Zimbabwe,CR Ervine,BRM Taylor,PM Seelaar,0,0,"",""
ball,1,20.1,Zimbabwe,BRM Taylor,CR Ervine,BD Glover,0,0,"",""
ball,1,20.2,Zimbabwe,BRM Taylor,CR Ervine,BD Glover,2,0,"",""
ball,1,20.3,Zimbabwe,BRM Taylor,CR Ervine,BD Glover,4,0,"",""
ball,1,20.4,Zimbabwe,BRM Taylor,CR Ervine,BD Glover,1,0,"",""
ball,1,20.5,Zimbabwe,CR Ervine,BRM Taylor,BD Glover,0,0,"",""
ball,1,20.6,Zimbabwe,CR Ervine,BRM Taylor,BD Glover,0,0,"",""
ball,1,21.1,Zimbabwe,BRM Taylor,CR Ervine,PM Seelaar,0,0,"",""
ball,1,21.2,Zimbabwe,BRM Taylor,CR Ervine,PM Seelaar,0,0,"",""
ball,1,21.3,Zimbabwe,BRM Taylor,CR Ervine,PM Seelaar,1,0,"",""
ball,1,21.4,Zimbabwe,CR Ervine,BRM Taylor,PM Seelaar,0,0,"",""
ball,1,21.5,Zimbabwe,CR Ervine,BRM Taylor,PM Seelaar,1,0,"",""
ball,1,21.6,Zimbabwe,BRM Taylor,CR Ervine,PM Seelaar,4,0,"",""
ball,1,22.1,Zimbabwe,CR Ervine,BRM Taylor,RE van der Merwe,1,0,"",""
ball,1,22.2,Zimbabwe,BRM Taylor,CR Ervine,RE van der Merwe,0,0,"",""
ball,1,22.3,Zimbabwe,BRM Taylor,CR Ervine,RE van der Merwe,0,0,"",""
ball,1,22.4,Zimbabwe,BRM Taylor,CR Ervine,RE van der Merwe,0,1,"",""
ball,1,22.5,Zimbabwe,CR Ervine,BRM Taylor,RE van der Merwe,4,1,"",""
ball,1,22.6,Zimbabwe,CR Ervine,BRM Taylor,RE van der Merwe,6,0,"",""
ball,1,22.7,Zimbabwe,CR Ervine,BRM Taylor,RE van der Merwe,1,0,"",""
ball,1,23.1,Zimbabwe,CR Ervine,BRM Taylor,PM Seelaar,0,0,"",""
ball,1,23.2,Zimbabwe,CR Ervine,BRM Taylor,PM Seelaar,0,0,"",""
ball,1,23.3,Zimbabwe,CR Ervine,BRM Taylor,PM Seelaar,1,0,"",""
ball,1,23.4,Zimbabwe,BRM Taylor,CR Ervine,PM Seelaar,1,0,"",""
ball,1,23.5,Zimbabwe,CR Ervine,BRM Taylor,PM Seelaar,1,0,"",""
ball,1,23.6,Zimbabwe,BRM Taylor,CR Ervine,PM Seelaar,1,0,"",""
ball,1,24.1,Zimbabwe,BRM Taylor,CR Ervine,RE van der Merwe,6,0,"",""
ball,1,24.2,Zimbabwe,BRM Taylor,CR Ervine,RE van der Merwe,0,0,"",""
ball,1,24.3,Zimbabwe,BRM Taylor,CR Ervine,RE van der Merwe,1,0,"",""
ball,1,24.4,Zimbabwe,CR Ervine,BRM Taylor,RE van der Merwe,0,0,"",""
ball,1,24.5,Zimbabwe,CR Ervine,BRM Taylor,RE van der Merwe,0,0,"",""
ball,1,24.6,Zimbabwe,CR Ervine,BRM Taylor,RE van der Merwe,0,0,"",""
ball,1,25.1,Zimbabwe,BRM Taylor,CR Ervine,PM Seelaar,2,0,"",""
ball,1,25.2,Zimbabwe,BRM Taylor,CR Ervine,PM Seelaar,4,0,"",""
ball,1,25.3,Zimbabwe,BRM Taylor,CR Ervine,PM Seelaar,0,0,"",""
ball,1,25.4,Zimbabwe,BRM Taylor,CR Ervine,PM Seelaar,0,0,caught,BRM Taylor
ball,1,25.5,Zimbabwe,SC Williams,CR Ervine,PM Seelaar,1,0,"",""
ball,1,25.6,Zimbabwe,CR Ervine,SC Williams,PM Seelaar,1,0,"",""
ball,1,26.1,Zimbabwe,CR Ervine,SC Williams,FJ Klaassen,1,0,"",""
ball,1,26.2,Zimbabwe,SC Williams,CR Ervine,FJ Klaassen,1,0,"",""
ball,1,26.3,Zimbabwe,CR Ervine,SC Williams,FJ Klaassen,0,0,"",""
ball,1,26.4,Zimbabwe,CR Ervine,SC Williams,FJ Klaassen,0,0,"",""
ball,1,26.5,Zimbabwe,CR Ervine,SC Williams,FJ Klaassen,1,0,"",""
ball,1,26.6,Zimbabwe,SC Williams,CR Ervine,FJ Klaassen,0,0,caught,SC Williams
ball,1,27.1,Zimbabwe,CR Ervine,Sikandar Raza,PM Seelaar,1,0,"",""
ball,1,27.2,Zimbabwe,Sikandar Raza,CR Ervine,PM Seelaar,0,0,"",""
ball,1,27.3,Zimbabwe,Sikandar Raza,CR Ervine,PM Seelaar,1,0,"",""
ball,1,27.4,Zimbabwe,CR Ervine,Sikandar Raza,PM Seelaar,6,0,"",""
ball,1,27.5,Zimbabwe,CR Ervine,Sikandar Raza,PM Seelaar,1,0,"",""
ball,1,27.6,Zimbabwe,Sikandar Raza,CR Ervine,PM Seelaar,0,0,"",""
ball,1,28.1,Zimbabwe,CR Ervine,Sikandar Raza,FJ Klaassen,1,0,"",""
ball,1,28.2,Zimbabwe,Sikandar Raza,CR Ervine,FJ Klaassen,0,0,"",""
ball,1,28.3,Zimbabwe,Sikandar Raza,CR Ervine,FJ Klaassen,2,0,"",""
ball,1,28.4,Zimbabwe,Sikandar Raza,CR Ervine,FJ Klaassen,0,0,"",""
ball,1,28.5,Zimbabwe,Sikandar Raza,CR Ervine,FJ Klaassen,2,0,"",""
ball,1,28.6,Zimbabwe,Sikandar Raza,CR Ervine,FJ Klaassen,0,0,"",""
ball,1,29.1,Zimbabwe,CR Ervine,Sikandar Raza,PM Seelaar,1,0,"",""
ball,1,29.2,Zimbabwe,Sikandar Raza,CR Ervine,PM Seelaar,2,0,"",""
ball,1,29.3,Zimbabwe,Sikandar Raza,CR Ervine,PM Seelaar,1,0,"",""
ball,1,29.4,Zimbabwe,CR Ervine,Sikandar Raza,PM Seelaar,1,0,"",""
ball,1,29.5,Zimbabwe,Sikandar Raza,CR Ervine,PM Seelaar,0,0,"",""
ball,1,29.6,Zimbabwe,Sikandar Raza,CR Ervine,PM Seelaar,0,0,"",""
ball,1,30.1,Zimbabwe,CR Ervine,Sikandar Raza,BD Glover,0,0,"",""
ball,1,30.2,Zimbabwe,CR Ervine,Sikandar Raza,BD Glover,0,0,"",""
ball,1,30.3,Zimbabwe,CR Ervine,Sikandar Raza,BD Glover,1,0,"",""
ball,1,30.4,Zimbabwe,Sikandar Raza,CR Ervine,BD Glover,0,0,"",""
ball,1,30.5,Zimbabwe,Sikandar Raza,CR Ervine,BD Glover,0,0,"",""
ball,1,30.6,Zimbabwe,Sikandar Raza,CR Ervine,BD Glover,0,0,"",""
ball,1,31.1,Zimbabwe,CR Ervine,Sikandar Raza,PM Seelaar,1,0,"",""
ball,1,31.2,Zimbabwe,Sikandar Raza,CR Ervine,PM Seelaar,4,0,"",""
ball,1,31.3,Zimbabwe,Sikandar Raza,CR Ervine,PM Seelaar,1,0,"",""
ball,1,31.4,Zimbabwe,CR Ervine,Sikandar Raza,PM Seelaar,1,0,"",""
ball,1,31.5,Zimbabwe,Sikandar Raza,CR Ervine,PM Seelaar,4,0,"",""
ball,1,31.6,Zimbabwe,Sikandar Raza,CR Ervine,PM Seelaar,1,0,"",""
ball,1,32.1,Zimbabwe,Sikandar Raza,CR Ervine,BD Glover,1,0,"",""
ball,1,32.2,Zimbabwe,CR Ervine,Sikandar Raza,BD Glover,1,0,"",""
ball,1,32.3,Zimbabwe,Sikandar Raza,CR Ervine,BD Glover,0,0,"",""
ball,1,32.4,Zimbabwe,Sikandar Raza,CR Ervine,BD Glover,0,0,"",""
ball,1,32.5,Zimbabwe,Sikandar Raza,CR Ervine,BD Glover,2,0,"",""
ball,1,32.6,Zimbabwe,Sikandar Raza,CR Ervine,BD Glover,0,0,"",""
ball,1,33.1,Zimbabwe,CR Ervine,Sikandar Raza,RE van der Merwe,1,0,"",""
ball,1,33.2,Zimbabwe,Sikandar Raza,CR Ervine,RE van der Merwe,0,0,"",""
ball,1,33.3,Zimbabwe,Sikandar Raza,CR Ervine,RE van der Merwe,0,0,"",""
ball,1,33.4,Zimbabwe,Sikandar Raza,CR Ervine,RE van der Merwe,0,0,"",""
ball,1,33.5,Zimbabwe,Sikandar Raza,CR Ervine,RE van der Merwe,0,0,"",""
ball,1,33.6,Zimbabwe,Sikandar Raza,CR Ervine,RE van der Merwe,1,0,"",""
ball,1,34.1,Zimbabwe,Sikandar Raza,CR Ervine,W Barresi,4,0,"",""
ball,1,34.2,Zimbabwe,Sikandar Raza,CR Ervine,W Barresi,4,0,"",""
ball,1,34.3,Zimbabwe,Sikandar Raza,CR Ervine,W Barresi,1,0,"",""
ball,1,34.4,Zimbabwe,CR Ervine,Sikandar Raza,W Barresi,0,0,"",""
ball,1,34.5,Zimbabwe,CR Ervine,Sikandar Raza,W Barresi,4,0,"",""
ball,1,34.6,Zimbabwe,CR Ervine,Sikandar Raza,W Barresi,0,0,"",""
ball,1,35.1,Zimbabwe,Sikandar Raza,CR Ervine,RE van der Merwe,1,0,"",""
ball,1,35.2,Zimbabwe,CR Ervine,Sikandar Raza,RE van der Merwe,0,0,"",""
ball,1,35.3,Zimbabwe,CR Ervine,Sikandar Raza,RE van der Merwe,6,0,"",""
ball,1,35.4,Zimbabwe,CR Ervine,Sikandar Raza,RE van der Merwe,0,0,"",""
ball,1,35.5,Zimbabwe,CR Ervine,Sikandar Raza,RE van der Merwe,1,0,"",""
ball,1,35.6,Zimbabwe,Sikandar Raza,CR Ervine,RE van der Merwe,0,0,"",""
ball,1,36.1,Zimbabwe,CR Ervine,Sikandar Raza,VJ Kingma,0,0,"",""
ball,1,36.2,Zimbabwe,CR Ervine,Sikandar Raza,VJ Kingma,0,0,"",""
ball,1,36.3,Zimbabwe,CR Ervine,Sikandar Raza,VJ Kingma,0,0,"",""
ball,1,36.4,Zimbabwe,CR Ervine,Sikandar Raza,VJ Kingma,0,0,"",""
ball,1,36.5,Zimbabwe,CR Ervine,Sikandar Raza,VJ Kingma,0,0,"",""
ball,1,36.6,Zimbabwe,CR Ervine,Sikandar Raza,VJ Kingma,1,0,"",""
ball,1,37.1,Zimbabwe,CR Ervine,Sikandar Raza,RE van der Merwe,0,0,"",""
ball,1,37.2,Zimbabwe,CR Ervine,Sikandar Raza,RE van der Merwe,4,0,"",""
ball,1,37.3,Zimbabwe,CR Ervine,Sikandar Raza,RE van der Merwe,4,0,"",""
ball,1,37.4,Zimbabwe,CR Ervine,Sikandar Raza,RE van der Merwe,0,0,"",""
ball,1,37.5,Zimbabwe,CR Ervine,Sikandar Raza,RE van der Merwe,2,0,"",""
ball,1,37.6,Zimbabwe,CR Ervine,Sikandar Raza,RE van der Merwe,0,0,"",""
ball,1,38.1,Zimbabwe,Sikandar Raza,CR Ervine,VJ Kingma,1,0,"",""
ball,1,38.2,Zimbabwe,CR Ervine,Sikandar Raza,VJ Kingma,1,0,"",""
ball,1,38.3,Zimbabwe,Sikandar Raza,CR Ervine,VJ Kingma,6,0,"",""
ball,1,38.4,Zimbabwe,Sikandar Raza,CR Ervine,VJ Kingma,0,0,"",""
ball,1,38.5,Zimbabwe,Sikandar Raza,CR Ervine,VJ Kingma,1,0,"",""
ball,1,38.6,Zimbabwe,CR Ervine,Sikandar Raza,VJ Kingma,0,0,"",""
ball,1,39.1,Zimbabwe,Sikandar Raza,CR Ervine,BD Glover,0,1,"",""
ball,1,39.2,Zimbabwe,Sikandar Raza,CR Ervine,BD Glover,1,0,"",""
ball,1,39.3,Zimbabwe,CR Ervine,Sikandar Raza,BD Glover,0,1,"",""
ball,1,39.4,Zimbabwe,CR Ervine,Sikandar Raza,BD Glover,0,0,"",""
ball,1,39.5,Zimbabwe,CR Ervine,Sikandar Raza,BD Glover,0,0,"",""
ball,1,39.6,Zimbabwe,CR Ervine,Sikandar Raza,BD Glover,0,0,"",""
ball,1,39.7,Zimbabwe,CR Ervine,Sikandar Raza,BD Glover,1,0,"",""
ball,1,39.8,Zimbabwe,Sikandar Raza,CR Ervine,BD Glover,0,0,"",""
ball,1,40.1,Zimbabwe,CR Ervine,Sikandar Raza,Saqib Zulfiqar,4,0,"",""
ball,1,40.2,Zimbabwe,CR Ervine,Sikandar Raza,Saqib Zulfiqar,1,0,"",""
ball,1,40.3,Zimbabwe,Sikandar Raza,CR Ervine,Saqib Zulfiqar,2,0,"",""
ball,1,40.4,Zimbabwe,Sikandar Raza,CR Ervine,Saqib Zulfiqar,1,0,"",""
ball,1,40.5,Zimbabwe,CR Ervine,Sikandar Raza,Saqib Zulfiqar,2,0,"",""
ball,1,40.6,Zimbabwe,CR Ervine,Sikandar Raza,Saqib Zulfiqar,1,0,"",""
ball,1,41.1,Zimbabwe,CR Ervine,Sikandar Raza,BD Glover,0,0,caught,CR Ervine
ball,1,41.2,Zimbabwe,PJ Moor,Sikandar Raza,BD Glover,0,0,"",""
ball,1,41.3,Zimbabwe,PJ Moor,Sikandar Raza,BD Glover,0,0,"",""
ball,1,41.4,Zimbabwe,PJ Moor,Sikandar Raza,BD Glover,1,0,"",""
ball,1,41.5,Zimbabwe,Sikandar Raza,PJ Moor,BD Glover,1,0,"",""
ball,1,41.6,Zimbabwe,PJ Moor,Sikandar Raza,BD Glover,0,0,"",""
ball,1,42.1,Zimbabwe,Sikandar Raza,PJ Moor,Saqib Zulfiqar,1,0,"",""
ball,1,42.2,Zimbabwe,PJ Moor,Sikandar Raza,Saqib Zulfiqar,0,0,"",""
ball,1,42.3,Zimbabwe,PJ Moor,Sikandar Raza,Saqib Zulfiqar,0,0,"",""
ball,1,42.4,Zimbabwe,PJ Moor,Sikandar Raza,Saqib Zulfiqar,0,1,"",""
ball,1,42.5,Zimbabwe,Sikandar Raza,PJ Moor,Saqib Zulfiqar,0,0,"",""
ball,1,42.6,Zimbabwe,Sikandar Raza,PJ Moor,Saqib Zulfiqar,0,0,"",""
ball,1,43.1,Zimbabwe,PJ Moor,Sikandar Raza,BD Glover,1,0,"",""
ball,1,43.2,Zimbabwe,Sikandar Raza,PJ Moor,BD Glover,1,0,"",""
ball,1,43.3,Zimbabwe,PJ Moor,Sikandar Raza,BD Glover,0,0,"",""
ball,1,43.4,Zimbabwe,PJ Moor,Sikandar Raza,BD Glover,0,0,"",""
ball,1,43.5,Zimbabwe,PJ Moor,Sikandar Raza,BD Glover,0,0,"",""
ball,1,43.6,Zimbabwe,PJ Moor,Sikandar Raza,BD Glover,2,0,"",""
ball,1,44.1,Zimbabwe,Sikandar Raza,PJ Moor,Saqib Zulfiqar,0,0,"",""
ball,1,44.2,Zimbabwe,Sikandar Raza,PJ Moor,Saqib Zulfiqar,1,0,"",""
ball,1,44.3,Zimbabwe,PJ Moor,Sikandar Raza,Saqib Zulfiqar,1,0,"",""
ball,1,44.4,Zimbabwe,Sikandar Raza,PJ Moor,Saqib Zulfiqar,1,0,"",""
ball,1,44.5,Zimbabwe,PJ Moor,Sikandar Raza,Saqib Zulfiqar,0,0,caught,PJ Moor
ball,1,44.6,Zimbabwe,Sikandar Raza,DT Tiripano,Saqib Zulfiqar,0,0,"",""
ball,1,45.1,Zimbabwe,DT Tiripano,Sikandar Raza,VJ Kingma,1,0,"",""
ball,1,45.2,Zimbabwe,Sikandar Raza,DT Tiripano,VJ Kingma,1,0,"",""
ball,1,45.3,Zimbabwe,DT Tiripano,Sikandar Raza,VJ Kingma,4,0,"",""
ball,1,45.4,Zimbabwe,DT Tiripano,Sikandar Raza,VJ Kingma,0,0,"",""
ball,1,45.5,Zimbabwe,DT Tiripano,Sikandar Raza,VJ Kingma,0,0,"",""
ball,1,45.6,Zimbabwe,DT Tiripano,Sikandar Raza,VJ Kingma,1,0,"",""
ball,1,46.1,Zimbabwe,DT Tiripano,Sikandar Raza,Saqib Zulfiqar,1,0,"",""
ball,1,46.2,Zimbabwe,Sikandar Raza,DT Tiripano,Saqib Zulfiqar,6,0,"",""
ball,1,46.3,Zimbabwe,Sikandar Raza,DT Tiripano,Saqib Zulfiqar,0,1,"",""
ball,1,46.4,Zimbabwe,Sikandar Raza,DT Tiripano,Saqib Zulfiqar,6,0,"",""
ball,1,46.5,Zimbabwe,Sikandar Raza,DT Tiripano,Saqib Zulfiqar,0,0,"",""
ball,1,46.6,Zimbabwe,Sikandar Raza,DT Tiripano,Saqib Zulfiqar,4,0,"",""
ball,1,46.7,Zimbabwe,Sikandar Raza,DT Tiripano,Saqib Zulfiqar,1,0,"",""
ball,1,47.1,Zimbabwe,Sikandar Raza,DT Tiripano,FJ Klaassen,0,0,"",""
ball,1,47.2,Zimbabwe,Sikandar Raza,DT Tiripano,FJ Klaassen,1,0,"",""
ball,1,47.3,Zimbabwe,DT Tiripano,Sikandar Raza,FJ Klaassen,0,0,"",""
ball,1,47.4,Zimbabwe,DT Tiripano,Sikandar Raza,FJ Klaassen,4,0,"",""
ball,1,47.5,Zimbabwe,DT Tiripano,Sikandar Raza,FJ Klaassen,0,1,"",""
ball,1,47.6,Zimbabwe,Sikandar Raza,DT Tiripano,FJ Klaassen,1,0,"",""
ball,1,48.1,Zimbabwe,Sikandar Raza,DT Tiripano,VJ Kingma,0,0,"",""
ball,1,48.2,Zimbabwe,Sikandar Raza,DT Tiripano,VJ Kingma,6,0,"",""
ball,1,48.3,Zimbabwe,Sikandar Raza,DT Tiripano,VJ Kingma,1,0,"",""
ball,1,48.4,Zimbabwe,DT Tiripano,Sikandar Raza,VJ Kingma,1,0,"",""
ball,1,48.5,Zimbabwe,Sikandar Raza,DT Tiripano,VJ Kingma,1,0,"",""
ball,1,48.6,Zimbabwe,DT Tiripano,Sikandar Raza,VJ Kingma,0,0,"",""
ball,1,49.1,Zimbabwe,Sikandar Raza,DT Tiripano,FJ Klaassen,0,1,"",""
ball,1,49.2,Zimbabwe,DT Tiripano,Sikandar Raza,FJ Klaassen,3,0,"",""
ball,1,49.3,Zimbabwe,Sikandar Raza,DT Tiripano,FJ Klaassen,6,0,"",""
ball,1,49.4,Zimbabwe,Sikandar Raza,DT Tiripano,FJ Klaassen,1,0,"",""
ball,1,49.5,Zimbabwe,DT Tiripano,Sikandar Raza,FJ Klaassen,1,0,"",""
ball,1,49.6,Zimbabwe,Sikandar Raza,DT Tiripano,FJ Klaassen,1,0,"",""
ball,2,0.1,Netherlands,TP Visee,MP O'Dowd,KM Jarvis,0,0,"",""
ball,2,0.2,Netherlands,TP Visee,MP O'Dowd,KM Jarvis,0,0,"",""
ball,2,0.3,Netherlands,TP Visee,MP O'Dowd,KM Jarvis,0,0,"",""
ball,2,0.4,Netherlands,TP Visee,MP O'Dowd,KM Jarvis,0,0,"",""
ball,2,0.5,Netherlands,TP Visee,MP O'Dowd,KM Jarvis,1,0,"",""
ball,2,0.6,Netherlands,MP O'Dowd,TP Visee,KM Jarvis,0,0,"",""
ball,2,1.1,Netherlands,TP Visee,MP O'Dowd,TL Chatara,0,0,"",""
ball,2,1.2,Netherlands,TP Visee,MP O'Dowd,TL Chatara,0,0,"",""
ball,2,1.3,Netherlands,TP Visee,MP O'Dowd,TL Chatara,0,0,"",""
ball,2,1.4,Netherlands,TP Visee,MP O'Dowd,TL Chatara,0,0,"",""
ball,2,1.5,Netherlands,TP Visee,MP O'Dowd,TL Chatara,0,0,"",""
ball,2,1.6,Netherlands,TP Visee,MP O'Dowd,TL Chatara,0,0,"",""
ball,2,2.1,Netherlands,MP O'Dowd,TP Visee,KM Jarvis,0,0,"",""
ball,2,2.2,Netherlands,MP O'Dowd,TP Visee,KM Jarvis,0,0,"",""
ball,2,2.3,Netherlands,MP O'Dowd,TP Visee,KM Jarvis,0,0,"",""
ball,2,2.4,Netherlands,MP O'Dowd,TP Visee,KM Jarvis,0,0,"",""
ball,2,2.5,Netherlands,MP O'Dowd,TP Visee,KM Jarvis,1,0,"",""
ball,2,2.6,Netherlands,TP Visee,MP O'Dowd,KM Jarvis,4,0,"",""
ball,2,3.1,Netherlands,MP O'Dowd,TP Visee,TL Chatara,0,0,"",""
ball,2,3.2,Netherlands,MP O'Dowd,TP Visee,TL Chatara,0,0,"",""
ball,2,3.3,Netherlands,MP O'Dowd,TP Visee,TL Chatara,1,0,"",""
ball,2,3.4,Netherlands,TP Visee,MP O'Dowd,TL Chatara,0,0,"",""
ball,2,3.5,Netherlands,TP Visee,MP O'Dowd,TL Chatara,1,0,"",""
ball,2,3.6,Netherlands,MP O'Dowd,TP Visee,TL Chatara,0,0,"",""
ball,2,4.1,Netherlands,TP Visee,MP O'Dowd,KM Jarvis,4,1,"",""
ball,2,4.2,Netherlands,TP Visee,MP O'Dowd,KM Jarvis,0,0,"",""
ball,2,4.3,Netherlands,TP Visee,MP O'Dowd,KM Jarvis,0,0,"",""
ball,2,4.4,Netherlands,TP Visee,MP O'Dowd,KM Jarvis,2,0,"",""
ball,2,4.5,Netherlands,TP Visee,MP O'Dowd,KM Jarvis,6,0,"",""
ball,2,4.6,Netherlands,TP Visee,MP O'Dowd,KM Jarvis,4,0,"",""
ball,2,4.7,Netherlands,TP Visee,MP O'Dowd,KM Jarvis,1,0,"",""
ball,2,5.1,Netherlands,TP Visee,MP O'Dowd,TL Chatara,0,0,"",""
ball,2,5.2,Netherlands,TP Visee,MP O'Dowd,TL Chatara,0,0,"",""
ball,2,5.3,Netherlands,TP Visee,MP O'Dowd,TL Chatara,0,0,"",""
ball,2,5.4,Netherlands,TP Visee,MP O'Dowd,TL Chatara,0,0,"",""
ball,2,5.5,Netherlands,TP Visee,MP O'Dowd,TL Chatara,4,0,"",""
ball,2,5.6,Netherlands,TP Visee,MP O'Dowd,TL Chatara,4,0,"",""
ball,2,6.1,Netherlands,MP O'Dowd,TP Visee,A Ndlovu,1,0,"",""
ball,2,6.2,Netherlands,TP Visee,MP O'Dowd,A Ndlovu,0,0,"",""
ball,2,6.3,Netherlands,TP Visee,MP O'Dowd,A Ndlovu,6,0,"",""
ball,2,6.4,Netherlands,TP Visee,MP O'Dowd,A Ndlovu,0,0,"",""
ball,2,6.5,Netherlands,TP Visee,MP O'Dowd,A Ndlovu,0,0,"",""
ball,2,6.6,Netherlands,TP Visee,MP O'Dowd,A Ndlovu,4,0,"",""
ball,2,7.1,Netherlands,MP O'Dowd,TP Visee,TL Chatara,0,0,"",""
ball,2,7.2,Netherlands,MP O'Dowd,TP Visee,TL Chatara,1,0,"",""
ball,2,7.3,Netherlands,TP Visee,MP O'Dowd,TL Chatara,0,0,bowled,TP Visee
ball,2,7.4,Netherlands,BN Cooper,MP O'Dowd,TL Chatara,0,0,"",""
ball,2,7.5,Netherlands,BN Cooper,MP O'Dowd,TL Chatara,0,0,"",""
ball,2,7.6,Netherlands,BN Cooper,MP O'Dowd,TL Chatara,0,0,"",""
ball,2,8.1,Netherlands,MP O'Dowd,BN Cooper,KM Jarvis,0,0,"",""
ball,2,8.2,Netherlands,MP O'Dowd,BN Cooper,KM Jarvis,0,0,"",""
ball,2,8.3,Netherlands,MP O'Dowd,BN Cooper,KM Jarvis,0,0,"",""
ball,2,8.4,Netherlands,MP O'Dowd,BN Cooper,KM Jarvis,0,0,"",""
ball,2,8.5,Netherlands,MP O'Dowd,BN Cooper,KM Jarvis,1,0,"",""
ball,2,8.6,Netherlands,BN Cooper,MP O'Dowd,KM Jarvis,0,0,"",""
ball,2,9.1,Netherlands,MP O'Dowd,BN Cooper,TL Chatara,0,0,"",""
ball,2,9.2,Netherlands,MP O'Dowd,BN Cooper,TL Chatara,0,0,"",""
ball,2,9.3,Netherlands,MP O'Dowd,BN Cooper,TL Chatara,2,0,"",""
ball,2,9.4,Netherlands,MP O'Dowd,BN Cooper,TL Chatara,1,0,"",""
ball,2,9.5,Netherlands,BN Cooper,MP O'Dowd,TL Chatara,0,0,"",""
ball,2,9.6,Netherlands,BN Cooper,MP O'Dowd,TL Chatara,0,0,"",""
ball,2,10.1,Netherlands,MP O'Dowd,BN Cooper,KM Jarvis,1,0,"",""
ball,2,10.2,Netherlands,BN Cooper,MP O'Dowd,KM Jarvis,0,0,"",""
ball,2,10.3,Netherlands,BN Cooper,MP O'Dowd,KM Jarvis,1,0,"",""
ball,2,10.4,Netherlands,MP O'Dowd,BN Cooper,KM Jarvis,0,0,"",""
ball,2,10.5,Netherlands,MP O'Dowd,BN Cooper,KM Jarvis,0,0,"",""
ball,2,10.6,Netherlands,MP O'Dowd,BN Cooper,KM Jarvis,1,0,"",""
ball,2,11.1,Netherlands,MP O'Dowd,BN Cooper,Sikandar Raza,1,0,"",""
ball,2,11.2,Netherlands,BN Cooper,MP O'Dowd,Sikandar Raza,0,0,"",""
ball,2,11.3,Netherlands,BN Cooper,MP O'Dowd,Sikandar Raza,1,0,"",""
ball,2,11.4,Netherlands,MP O'Dowd,BN Cooper,Sikandar Raza,1,0,"",""
ball,2,11.5,Netherlands,BN Cooper,MP O'Dowd,Sikandar Raza,0,0,"",""
ball,2,11.6,Netherlands,BN Cooper,MP O'Dowd,Sikandar Raza,1,0,"",""
ball,2,12.1,Netherlands,BN Cooper,MP O'Dowd,A Ndlovu,0,0,"",""
ball,2,12.2,Netherlands,BN Cooper,MP O'Dowd,A Ndlovu,0,0,"",""
ball,2,12.3,Netherlands,BN Cooper,MP O'Dowd,A Ndlovu,1,0,"",""
ball,2,12.4,Netherlands,MP O'Dowd,BN Cooper,A Ndlovu,0,0,"",""
ball,2,12.5,Netherlands,MP O'Dowd,BN Cooper,A Ndlovu,0,0,"",""
ball,2,12.6,Netherlands,MP O'Dowd,BN Cooper,A Ndlovu,0,0,"",""
ball,2,13.1,Netherlands,BN Cooper,MP O'Dowd,Sikandar Raza,0,0,"",""
ball,2,13.2,Netherlands,BN Cooper,MP O'Dowd,Sikandar Raza,6,0,"",""
ball,2,13.3,Netherlands,BN Cooper,MP O'Dowd,Sikandar Raza,4,0,"",""
ball,2,13.4,Netherlands,BN Cooper,MP O'Dowd,Sikandar Raza,1,0,"",""
ball,2,13.5,Netherlands,MP O'Dowd,BN Cooper,Sikandar Raza,1,0,"",""
ball,2,13.6,Netherlands,BN Cooper,MP O'Dowd,Sikandar Raza,1,0,"",""
ball,2,14.1,Netherlands,BN Cooper,MP O'Dowd,A Ndlovu,1,0,"",""
ball,2,14.2,Netherlands,MP O'Dowd,BN Cooper,A Ndlovu,1,0,"",""
ball,2,14.3,Netherlands,BN Cooper,MP O'Dowd,A Ndlovu,1,0,"",""
ball,2,14.4,Netherlands,MP O'Dowd,BN Cooper,A Ndlovu,0,0,"",""
ball,2,14.5,Netherlands,MP O'Dowd,BN Cooper,A Ndlovu,4,0,"",""
ball,2,14.6,Netherlands,MP O'Dowd,BN Cooper,A Ndlovu,1,0,"",""
ball,2,15.1,Netherlands,MP O'Dowd,BN Cooper,DT Tiripano,0,0,"",""
ball,2,15.2,Netherlands,MP O'Dowd,BN Cooper,DT Tiripano,0,0,"",""
ball,2,15.3,Netherlands,MP O'Dowd,BN Cooper,DT Tiripano,0,0,"",""
ball,2,15.4,Netherlands,MP O'Dowd,BN Cooper,DT Tiripano,1,0,"",""
ball,2,15.5,Netherlands,BN Cooper,MP O'Dowd,DT Tiripano,0,0,"",""
ball,2,15.6,Netherlands,BN Cooper,MP O'Dowd,DT Tiripano,0,0,"",""
ball,2,16.1,Netherlands,MP O'Dowd,BN Cooper,A Ndlovu,1,0,"",""
ball,2,16.2,Netherlands,BN Cooper,MP O'Dowd,A Ndlovu,0,0,"",""
ball,2,16.3,Netherlands,BN Cooper,MP O'Dowd,A Ndlovu,0,0,"",""
ball,2,16.4,Netherlands,BN Cooper,MP O'Dowd,A Ndlovu,0,0,"",""
ball,2,16.5,Netherlands,BN Cooper,MP O'Dowd,A Ndlovu,0,0,"",""
ball,2,16.6,Netherlands,BN Cooper,MP O'Dowd,A Ndlovu,0,0,"",""
ball,2,17.1,Netherlands,MP O'Dowd,BN Cooper,DT Tiripano,1,0,"",""
ball,2,17.2,Netherlands,BN Cooper,MP O'Dowd,DT Tiripano,1,0,"",""
ball,2,17.3,Netherlands,MP O'Dowd,BN Cooper,DT Tiripano,0,0,"",""
ball,2,17.4,Netherlands,MP O'Dowd,BN Cooper,DT Tiripano,1,0,"",""
ball,2,17.5,Netherlands,BN Cooper,MP O'Dowd,DT Tiripano,0,0,"",""
ball,2,17.6,Netherlands,BN Cooper,MP O'Dowd,DT Tiripano,1,0,"",""
ball,2,18.1,Netherlands,BN Cooper,MP O'Dowd,SC Williams,0,0,caught,BN Cooper
ball,2,18.2,Netherlands,Saqib Zulfiqar,MP O'Dowd,SC Williams,0,0,"",""
ball,2,18.3,Netherlands,Saqib Zulfiqar,MP O'Dowd,SC Williams,0,0,"",""
ball,2,18.4,Netherlands,Saqib Zulfiqar,MP O'Dowd,SC Williams,0,0,"",""
ball,2,18.5,Netherlands,Saqib Zulfiqar,MP O'Dowd,SC Williams,0,0,lbw,Saqib Zulfiqar
ball,2,18.6,Netherlands,W Barresi,MP O'Dowd,SC Williams,0,0,"",""
ball,2,19.1,Netherlands,MP O'Dowd,W Barresi,DT Tiripano,0,0,"",""
ball,2,19.2,Netherlands,MP O'Dowd,W Barresi,DT Tiripano,4,0,"",""
ball,2,19.3,Netherlands,MP O'Dowd,W Barresi,DT Tiripano,4,0,"",""
ball,2,19.4,Netherlands,MP O'Dowd,W Barresi,DT Tiripano,0,0,"",""
ball,2,19.5,Netherlands,MP O'Dowd,W Barresi,DT Tiripano,1,0,"",""
ball,2,19.6,Netherlands,W Barresi,MP O'Dowd,DT Tiripano,0,0,"",""
ball,2,20.1,Netherlands,MP O'Dowd,W Barresi,SC Williams,0,0,"",""
ball,2,20.2,Netherlands,MP O'Dowd,W Barresi,SC Williams,0,0,"",""
ball,2,20.3,Netherlands,MP O'Dowd,W Barresi,SC Williams,0,0,"",""
ball,2,20.4,Netherlands,MP O'Dowd,W Barresi,SC Williams,1,0,"",""
ball,2,20.5,Netherlands,W Barresi,MP O'Dowd,SC Williams,4,0,"",""
ball,2,20.6,Netherlands,W Barresi,MP O'Dowd,SC Williams,0,0,"",""
ball,2,21.1,Netherlands,MP O'Dowd,W Barresi,DT Tiripano,0,1,"",""
ball,2,21.2,Netherlands,MP O'Dowd,W Barresi,DT Tiripano,0,0,"",""
ball,2,21.3,Netherlands,MP O'Dowd,W Barresi,DT Tiripano,1,0,"",""
ball,2,21.4,Netherlands,W Barresi,MP O'Dowd,DT Tiripano,1,0,"",""
ball,2,21.5,Netherlands,MP O'Dowd,W Barresi,DT Tiripano,1,0,"",""
ball,2,21.6,Netherlands,W Barresi,MP O'Dowd,DT Tiripano,0,0,"",""
ball,2,21.7,Netherlands,W Barresi,MP O'Dowd,DT Tiripano,0,0,"",""
ball,2,22.1,Netherlands,MP O'Dowd,W Barresi,SC Williams,1,0,"",""
ball,2,22.2,Netherlands,W Barresi,MP O'Dowd,SC Williams,0,0,"",""
ball,2,22.3,Netherlands,W Barresi,MP O'Dowd,SC Williams,0,0,"",""
ball,2,22.4,Netherlands,W Barresi,MP O'Dowd,SC Williams,0,0,"",""
ball,2,22.5,Netherlands,W Barresi,MP O'Dowd,SC Williams,0,0,"",""
ball,2,22.6,Netherlands,W Barresi,MP O'Dowd,SC Williams,0,1,"",""
ball,2,22.7,Netherlands,W Barresi,MP O'Dowd,SC Williams,1,0,"",""
ball,2,23.1,Netherlands,W Barresi,MP O'Dowd,DT Tiripano,1,0,"",""
ball,2,23.2,Netherlands,MP O'Dowd,W Barresi,DT Tiripano,1,0,"",""
ball,2,23.3,Netherlands,W Barresi,MP O'Dowd,DT Tiripano,1,0,"",""
ball,2,23.4,Netherlands,MP O'Dowd,W Barresi,DT Tiripano,0,0,"",""
ball,2,23.5,Netherlands,MP O'Dowd,W Barresi,DT Tiripano,1,0,"",""
ball,2,23.6,Netherlands,W Barresi,MP O'Dowd,DT Tiripano,4,0,"",""
ball,2,24.1,Netherlands,MP O'Dowd,W Barresi,SC Williams,0,0,"",""
ball,2,24.2,Netherlands,MP O'Dowd,W Barresi,SC Williams,0,1,"",""
ball,2,24.3,Netherlands,MP O'Dowd,W Barresi,SC Williams,1,0,"",""
ball,2,24.4,Netherlands,W Barresi,MP O'Dowd,SC Williams,1,0,"",""
ball,2,24.5,Netherlands,MP O'Dowd,W Barresi,SC Williams,1,0,"",""
ball,2,24.6,Netherlands,W Barresi,MP O'Dowd,SC Williams,6,0,"",""
ball,2,24.7,Netherlands,W Barresi,MP O'Dowd,SC Williams,0,0,"",""
ball,2,25.1,Netherlands,MP O'Dowd,W Barresi,A Ndlovu,1,0,"",""
ball,2,25.2,Netherlands,W Barresi,MP O'Dowd,A Ndlovu,0,0,"",""
ball,2,25.3,Netherlands,W Barresi,MP O'Dowd,A Ndlovu,0,0,"",""
ball,2,25.4,Netherlands,W Barresi,MP O'Dowd,A Ndlovu,1,0,"",""
ball,2,25.5,Netherlands,MP O'Dowd,W Barresi,A Ndlovu,0,0,"",""
ball,2,25.6,Netherlands,MP O'Dowd,W Barresi,A Ndlovu,0,0,"",""
ball,2,26.1,Netherlands,W Barresi,MP O'Dowd,SC Williams,1,0,"",""
ball,2,26.2,Netherlands,MP O'Dowd,W Barresi,SC Williams,1,0,"",""
ball,2,26.3,Netherlands,W Barresi,MP O'Dowd,SC Williams,1,0,"",""
ball,2,26.4,Netherlands,MP O'Dowd,W Barresi,SC Williams,3,0,"",""
ball,2,26.5,Netherlands,W Barresi,MP O'Dowd,SC Williams,0,0,"",""
ball,2,26.6,Netherlands,W Barresi,MP O'Dowd,SC Williams,0,0,lbw,W Barresi
ball,2,27.1,Netherlands,MP O'Dowd,RE van der Merwe,A Ndlovu,1,0,"",""
ball,2,27.2,Netherlands,RE van der Merwe,MP O'Dowd,A Ndlovu,0,0,"",""
ball,2,27.3,Netherlands,RE van der Merwe,MP O'Dowd,A Ndlovu,0,0,"",""
ball,2,27.4,Netherlands,RE van der Merwe,MP O'Dowd,A Ndlovu,4,0,"",""
ball,2,27.5,Netherlands,RE van der Merwe,MP O'Dowd,A Ndlovu,1,0,"",""
ball,2,27.6,Netherlands,MP O'Dowd,RE van der Merwe,A Ndlovu,1,0,"",""
ball,2,28.1,Netherlands,MP O'Dowd,RE van der Merwe,KM Jarvis,2,0,"",""
ball,2,28.2,Netherlands,MP O'Dowd,RE van der Merwe,KM Jarvis,1,0,"",""
ball,2,28.3,Netherlands,RE van der Merwe,MP O'Dowd,KM Jarvis,1,0,"",""
ball,2,28.4,Netherlands,MP O'Dowd,RE van der Merwe,KM Jarvis,0,0,"",""
ball,2,28.5,Netherlands,MP O'Dowd,RE van der Merwe,KM Jarvis,1,0,"",""
ball,2,28.6,Netherlands,RE van der Merwe,MP O'Dowd,KM Jarvis,1,0,"",""
ball,2,29.1,Netherlands,RE van der Merwe,MP O'Dowd,A Ndlovu,0,0,"",""
ball,2,29.2,Netherlands,RE van der Merwe,MP O'Dowd,A Ndlovu,2,0,"",""
ball,2,29.3,Netherlands,RE van der Merwe,MP O'Dowd,A Ndlovu,0,0,"",""
ball,2,29.4,Netherlands,RE van der Merwe,MP O'Dowd,A Ndlovu,4,0,"",""
ball,2,29.5,Netherlands,RE van der Merwe,MP O'Dowd,A Ndlovu,0,0,"",""
ball,2,29.6,Netherlands,RE van der Merwe,MP O'Dowd,A Ndlovu,1,0,"",""
ball,2,30.1,Netherlands,RE van der Merwe,MP O'Dowd,KM Jarvis,0,0,"",""
ball,2,30.2,Netherlands,RE van der Merwe,MP O'Dowd,KM Jarvis,0,0,"",""
ball,2,30.3,Netherlands,RE van der Merwe,MP O'Dowd,KM Jarvis,0,0,"",""
ball,2,30.4,Netherlands,RE van der Merwe,MP O'Dowd,KM Jarvis,0,0,"",""
ball,2,30.5,Netherlands,RE van der Merwe,MP O'Dowd,KM Jarvis,1,0,"",""
ball,2,30.6,Netherlands,MP O'Dowd,RE van der Merwe,KM Jarvis,0,0,"",""
ball,2,31.1,Netherlands,RE van der Merwe,MP O'Dowd,A Ndlovu,4,0,"",""
ball,2,31.2,Netherlands,RE van der Merwe,MP O'Dowd,A Ndlovu,1,0,"",""
ball,2,31.3,Netherlands,MP O'Dowd,RE van der Merwe,A Ndlovu,6,0,"",""
ball,2,31.4,Netherlands,MP O'Dowd,RE van der Merwe,A Ndlovu,1,0,"",""
ball,2,31.5,Netherlands,RE van der Merwe,MP O'Dowd,A Ndlovu,1,0,"",""
ball,2,31.6,Netherlands,MP O'Dowd,RE van der Merwe,A Ndlovu,1,0,"",""
ball,2,32.1,Netherlands,MP O'Dowd,RE van der Merwe,SC Williams,0,0,"",""
ball,2,32.2,Netherlands,MP O'Dowd,RE van der Merwe,SC Williams,0,0,"",""
ball,2,32.3,Netherlands,MP O'Dowd,RE van der Merwe,SC Williams,0,0,bowled,MP O'Dowd
ball,2,32.4,Netherlands,SA Edwards,RE van der Merwe,SC Williams,1,0,"",""
ball,2,32.5,Netherlands,RE van der Merwe,SA Edwards,SC Williams,0,1,"",""
ball,2,32.6,Netherlands,RE van der Merwe,SA Edwards,SC Williams,4,0,"",""
ball,2,32.7,Netherlands,RE van der Merwe,SA Edwards,SC Williams,1,0,"",""
ball,2,33.1,Netherlands,RE van der Merwe,SA Edwards,TL Chatara,1,0,"",""
ball,2,33.2,Netherlands,SA Edwards,RE van der Merwe,TL Chatara,0,0,"",""
ball,2,33.3,Netherlands,SA Edwards,RE van der Merwe,TL Chatara,0,0,"",""
ball,2,33.4,Netherlands,SA Edwards,RE van der Merwe,TL Chatara,2,0,"",""
ball,2,33.5,Netherlands,SA Edwards,RE van der Merwe,TL Chatara,1,0,"",""
ball,2,33.6,Netherlands,RE van der Merwe,SA Edwards,TL Chatara,1,0,"",""
ball,2,34.1,Netherlands,RE van der Merwe,SA Edwards,SC Williams,0,1,"",""
ball,2,34.2,Netherlands,RE van der Merwe,SA Edwards,SC Williams,6,0,"",""
ball,2,34.3,Netherlands,RE van der Merwe,SA Edwards,SC Williams,0,0,"",""
ball,2,34.4,Netherlands,RE van der Merwe,SA Edwards,SC Williams,1,0,"",""
ball,2,34.5,Netherlands,SA Edwards,RE van der Merwe,SC Williams,1,0,"",""
ball,2,34.6,Netherlands,RE van der Merwe,SA Edwards,SC Williams,2,0,"",""
ball,2,34.7,Netherlands,RE van der Merwe,SA Edwards,SC Williams,1,0,"",""
ball,2,35.1,Netherlands,RE van der Merwe,SA Edwards,TL Chatara,2,0,"",""
ball,2,35.2,Netherlands,RE van der Merwe,SA Edwards,TL Chatara,0,0,"",""
ball,2,35.3,Netherlands,RE van der Merwe,SA Edwards,TL Chatara,1,0,"",""
ball,2,35.4,Netherlands,SA Edwards,RE van der Merwe,TL Chatara,0,0,"",""
ball,2,35.5,Netherlands,SA Edwards,RE van der Merwe,TL Chatara,0,0,"",""
ball,2,35.6,Netherlands,SA Edwards,RE van der Merwe,TL Chatara,0,0,"",""
ball,2,36.1,Netherlands,RE van der Merwe,SA Edwards,DT Tiripano,1,0,"",""
ball,2,36.2,Netherlands,SA Edwards,RE van der Merwe,DT Tiripano,1,0,"",""
ball,2,36.3,Netherlands,RE van der Merwe,SA Edwards,DT Tiripano,0,0,"",""
ball,2,36.4,Netherlands,RE van der Merwe,SA Edwards,DT Tiripano,0,0,"",""
ball,2,36.5,Netherlands,RE van der Merwe,SA Edwards,DT Tiripano,4,0,"",""
ball,2,36.6,Netherlands,RE van der Merwe,SA Edwards,DT Tiripano,1,0,"",""
ball,2,37.1,Netherlands,RE van der Merwe,SA Edwards,SF Mire,0,0,"",""
ball,2,37.2,Netherlands,RE van der Merwe,SA Edwards,SF Mire,0,0,"",""
ball,2,37.3,Netherlands,RE van der Merwe,SA Edwards,SF Mire,0,0,"",""
ball,2,37.4,Netherlands,RE van der Merwe,SA Edwards,SF Mire,0,0,"",""
ball,2,37.5,Netherlands,RE van der Merwe,SA Edwards,SF Mire,1,0,"",""
ball,2,37.6,Netherlands,SA Edwards,RE van der Merwe,SF Mire,1,0,"",""
ball,2,38.1,Netherlands,SA Edwards,RE van der Merwe,DT Tiripano,0,0,"",""
ball,2,38.2,Netherlands,SA Edwards,RE van der Merwe,DT Tiripano,1,0,"",""
ball,2,38.3,Netherlands,RE van der Merwe,SA Edwards,DT Tiripano,1,0,"",""
ball,2,38.4,Netherlands,SA Edwards,RE van der Merwe,DT Tiripano,0,0,"",""
ball,2,38.5,Netherlands,SA Edwards,RE van der Merwe,DT Tiripano,1,0,"",""
ball,2,38.6,Netherlands,RE van der Merwe,SA Edwards,DT Tiripano,1,0,"",""
ball,2,39.1,Netherlands,RE van der Merwe,SA Edwards,SF Mire,0,1,"",""
ball,2,39.2,Netherlands,RE van der Merwe,SA Edwards,SF Mire,1,0,"",""
ball,2,39.3,Netherlands,SA Edwards,RE van der Merwe,SF Mire,0,0,"",""
ball,2,39.4,Netherlands,SA Edwards,RE van der Merwe,SF Mire,2,0,"",""
ball,2,39.5,Netherlands,SA Edwards,RE van der Merwe,SF Mire,1,0,"",""
ball,2,39.6,Netherlands,RE van der Merwe,SA Edwards,SF Mire,1,0,"",""
ball,2,39.7,Netherlands,SA Edwards,RE van der Merwe,SF Mire,1,0,"",""
ball,2,40.1,Netherlands,SA Edwards,RE van der Merwe,KM Jarvis,0,0,"",""
ball,2,40.2,Netherlands,SA Edwards,RE van der Merwe,KM Jarvis,0,0,"",""
ball,2,40.3,Netherlands,SA Edwards,RE van der Merwe,KM Jarvis,0,0,"",""
ball,2,40.4,Netherlands,SA Edwards,RE van der Merwe,KM Jarvis,1,0,"",""
ball,2,40.5,Netherlands,RE van der Merwe,SA Edwards,KM Jarvis,1,0,"",""
ball,2,40.6,Netherlands,SA Edwards,RE van der Merwe,KM Jarvis,0,0,"",""
ball,2,41.1,Netherlands,RE van der Merwe,SA Edwards,SF Mire,0,0,"",""
ball,2,41.2,Netherlands,RE van der Merwe,SA Edwards,SF Mire,0,0,"",""
ball,2,41.3,Netherlands,RE van der Merwe,SA Edwards,SF Mire,1,0,"",""
ball,2,41.4,Netherlands,SA Edwards,RE van der Merwe,SF Mire,4,0,"",""
ball,2,41.5,Netherlands,SA Edwards,RE van der Merwe,SF Mire,1,0,"",""
ball,2,41.6,Netherlands,RE van der Merwe,SA Edwards,SF Mire,2,0,"",""
ball,2,42.1,Netherlands,SA Edwards,RE van der Merwe,DT Tiripano,1,0,"",""
ball,2,42.2,Netherlands,RE van der Merwe,SA Edwards,DT Tiripano,1,0,"",""
ball,2,42.3,Netherlands,SA Edwards,RE van der Merwe,DT Tiripano,2,0,"",""
ball,2,42.4,Netherlands,SA Edwards,RE van der Merwe,DT Tiripano,0,0,"",""
ball,2,42.5,Netherlands,SA Edwards,RE van der Merwe,DT Tiripano,1,0,"",""
ball,2,42.6,Netherlands,RE van der Merwe,SA Edwards,DT Tiripano,0,0,caught,RE van der Merwe
ball,2,43.1,Netherlands,SA Edwards,PM Seelaar,TL Chatara,0,0,"",""
ball,2,43.2,Netherlands,SA Edwards,PM Seelaar,TL Chatara,0,0,"",""
ball,2,43.3,Netherlands,SA Edwards,PM Seelaar,TL Chatara,0,0,"",""
ball,2,43.4,Netherlands,SA Edwards,PM Seelaar,TL Chatara,2,0,"",""
ball,2,43.5,Netherlands,SA Edwards,PM Seelaar,TL Chatara,1,0,"",""
ball,2,43.6,Netherlands,PM Seelaar,SA Edwards,TL Chatara,0,0,"",""
ball,2,44.1,Netherlands,SA Edwards,PM Seelaar,DT Tiripano,0,0,"",""
ball,2,44.2,Netherlands,SA Edwards,PM Seelaar,DT Tiripano,4,0,"",""
ball,2,44.3,Netherlands,SA Edwards,PM Seelaar,DT Tiripano,1,0,"",""
ball,2,44.4,Netherlands,PM Seelaar,SA Edwards,DT Tiripano,0,0,"",""
ball,2,44.5,Netherlands,PM Seelaar,SA Edwards,DT Tiripano,4,0,"",""
ball,2,44.6,Netherlands,PM Seelaar,SA Edwards,DT Tiripano,4,0,"",""
ball,2,45.1,Netherlands,SA Edwards,PM Seelaar,TL Chatara,4,0,"",""
ball,2,45.2,Netherlands,SA Edwards,PM Seelaar,TL Chatara,0,1,"",""
ball,2,45.3,Netherlands,SA Edwards,PM Seelaar,TL Chatara,2,0,"",""
ball,2,45.4,Netherlands,SA Edwards,PM Seelaar,TL Chatara,1,0,"",""
ball,2,45.5,Netherlands,PM Seelaar,SA Edwards,TL Chatara,4,0,"",""
ball,2,45.6,Netherlands,PM Seelaar,SA Edwards,TL Chatara,1,0,"",""
ball,2,45.7,Netherlands,SA Edwards,PM Seelaar,TL Chatara,2,0,"",""
ball,2,46.1,Netherlands,PM Seelaar,SA Edwards,KM Jarvis,1,0,"",""
ball,2,46.2,Netherlands,SA Edwards,PM Seelaar,KM Jarvis,0,0,"",""
ball,2,46.3,Netherlands,SA Edwards,PM Seelaar,KM Jarvis,1,0,"",""
ball,2,46.4,Netherlands,PM Seelaar,SA Edwards,KM Jarvis,6,0,"",""
ball,2,46.5,Netherlands,PM Seelaar,SA Edwards,KM Jarvis,4,0,"",""
ball,2,46.6,Netherlands,PM Seelaar,SA Edwards,KM Jarvis,2,0,"",""
ball,2,47.1,Netherlands,SA Edwards,PM Seelaar,DT Tiripano,1,0,"",""
ball,2,47.2,Netherlands,PM Seelaar,SA Edwards,DT Tiripano,0,0,"",""
ball,2,47.3,Netherlands,PM Seelaar,SA Edwards,DT Tiripano,4,0,"",""
ball,2,47.4,Netherlands,PM Seelaar,SA Edwards,DT Tiripano,0,0,"",""
ball,2,47.5,Netherlands,PM Seelaar,SA Edwards,DT Tiripano,2,0,"",""
ball,2,47.6,Netherlands,PM Seelaar,SA Edwards,DT Tiripano,0,0,bowled,PM Seelaar
ball,2,48.1,Netherlands,SA Edwards,FJ Klaassen,KM Jarvis,1,0,"",""
ball,2,48.2,Netherlands,FJ Klaassen,SA Edwards,KM Jarvis,0,0,"",""
ball,2,48.3,Netherlands,FJ Klaassen,SA Edwards,KM Jarvis,1,0,"",""
ball,2,48.4,Netherlands,SA Edwards,FJ Klaassen,KM Jarvis,1,0,"",""
ball,2,48.5,Netherlands,FJ Klaassen,SA Edwards,KM Jarvis,2,0,"",""
ball,2,48.6,Netherlands,FJ Klaassen,SA Edwards,KM Jarvis,1,0,"",""
ball,2,49.1,Netherlands,FJ Klaassen,SA Edwards,TL Chatara,0,0,"",""
ball,2,49.2,Netherlands,FJ Klaassen,SA Edwards,TL Chatara,0,1,"",""
ball,2,49.3,Netherlands,FJ Klaassen,SA Edwards,TL Chatara,2,0,"",""
ball,2,49.4,Netherlands,FJ Klaassen,SA Edwards,TL Chatara,0,1,"",""
