version,1.3.0
info,team,Afghanistan
info,team,West Indies
info,gender,male
info,season,2019/20
info,date,2019/11/06
info,series,Afghanistan tour of India 2019/20
info,match_number,1
info,venue,Bharat Ratna Shri Atal Bihari Vajpayee Ekana Cricket Stadium
info,city,Lucknow
info,toss_winner,West Indies
info,toss_decision,field
info,player_of_match,RL Chase
info,umpire,Bismillah Shinwari
info,umpire,PR Reiffel
info,reserve_umpire,Ahmed Shah Durrani
info,tv_umpire,Izatullah Safi
info,match_referee,BC Broad
info,winner,West Indies
info,winner_wickets,7
ball,1,0.1,Afghanistan,Hazratullah,Javed Ahmadi,SS Cottrell,0,0,"",""
ball,1,0.2,Afghanistan,Hazratullah,Javed Ahmadi,SS Cottrell,2,0,"",""
ball,1,0.3,Afghanistan,Hazratullah,Javed Ahmadi,SS Cottrell,0,0,"",""
ball,1,0.4,Afghanistan,Hazratullah,Javed Ahmadi,SS Cottrell,0,0,"",""
ball,1,0.5,Afghanistan,Hazratullah,Javed Ahmadi,SS Cottrell,0,0,"",""
ball,1,0.6,Afghanistan,Hazratullah,Javed Ahmadi,SS Cottrell,0,0,"",""
ball,1,1.1,Afghanistan,Javed Ahmadi,Hazratullah,JO Holder,0,0,"",""
ball,1,1.2,Afghanistan,Javed Ahmadi,Hazratullah,JO Holder,0,0,"",""
ball,1,1.3,Afghanistan,Javed Ahmadi,Hazratullah,JO Holder,0,0,"",""
ball,1,1.4,Afghanistan,Javed Ahmadi,Hazratullah,JO Holder,0,0,"",""
ball,1,1.5,Afghanistan,Javed Ahmadi,Hazratullah,JO Holder,0,0,"",""
ball,1,1.6,Afghanistan,Javed Ahmadi,Hazratullah,JO Holder,0,0,"",""
ball,1,2.1,Afghanistan,Hazratullah,Javed Ahmadi,SS Cottrell,0,0,"",""
ball,1,2.2,Afghanistan,Hazratullah,Javed Ahmadi,SS Cottrell,0,0,"",""
ball,1,2.3,Afghanistan,Hazratullah,Javed Ahmadi,SS Cottrell,0,0,"",""
ball,1,2.4,Afghanistan,Hazratullah,Javed Ahmadi,SS Cottrell,0,0,"",""
ball,1,2.5,Afghanistan,Hazratullah,Javed Ahmadi,SS Cottrell,0,0,"",""
ball,1,2.6,Afghanistan,Hazratullah,Javed Ahmadi,SS Cottrell,1,0,"",""
ball,1,3.1,Afghanistan,Hazratullah,Javed Ahmadi,JO Holder,0,0,"",""
ball,1,3.2,Afghanistan,Hazratullah,Javed Ahmadi,JO Holder,0,0,"",""
ball,1,3.3,Afghanistan,Hazratullah,Javed Ahmadi,JO Holder,0,0,"",""
ball,1,3.4,Afghanistan,Hazratullah,Javed Ahmadi,JO Holder,2,0,"",""
ball,1,3.5,Afghanistan,Hazratullah,Javed Ahmadi,JO Holder,0,0,"",""
ball,1,3.6,Afghanistan,Hazratullah,Javed Ahmadi,JO Holder,0,0,"",""
ball,1,4.1,Afghanistan,Javed Ahmadi,Hazratullah,SS Cottrell,0,0,"",""
ball,1,4.2,Afghanistan,Javed Ahmadi,Hazratullah,SS Cottrell,1,0,"",""
ball,1,4.3,Afghanistan,Hazratullah,Javed Ahmadi,SS Cottrell,0,0,"",""
ball,1,4.4,Afghanistan,Hazratullah,Javed Ahmadi,SS Cottrell,0,1,"",""
ball,1,4.5,Afghanistan,Hazratullah,Javed Ahmadi,SS Cottrell,4,0,"",""
ball,1,4.6,Afghanistan,Hazratullah,Javed Ahmadi,SS Cottrell,0,0,bowled,Hazratullah
ball,1,4.7,Afghanistan,Rahmat Shah,Javed Ahmadi,SS Cottrell,0,0,"",""
ball,1,5.1,Afghanistan,Javed Ahmadi,Rahmat Shah,JO Holder,4,0,"",""
ball,1,5.2,Afghanistan,Javed Ahmadi,Rahmat Shah,JO Holder,0,0,"",""
ball,1,5.3,Afghanistan,Javed Ahmadi,Rahmat Shah,JO Holder,0,0,"",""
ball,1,5.4,Afghanistan,Javed Ahmadi,Rahmat Shah,JO Holder,0,0,"",""
ball,1,5.5,Afghanistan,Javed Ahmadi,Rahmat Shah,JO Holder,0,0,caught,Javed Ahmadi
ball,1,5.6,Afghanistan,Ikram Alikhil,Rahmat Shah,JO Holder,0,0,"",""
ball,1,6.1,Afghanistan,Rahmat Shah,Ikram Alikhil,SS Cottrell,0,0,"",""
ball,1,6.2,Afghanistan,Rahmat Shah,Ikram Alikhil,SS Cottrell,0,0,"",""
ball,1,6.3,Afghanistan,Rahmat Shah,Ikram Alikhil,SS Cottrell,2,0,"",""
ball,1,6.4,Afghanistan,Rahmat Shah,Ikram Alikhil,SS Cottrell,0,0,"",""
ball,1,6.5,Afghanistan,Rahmat Shah,Ikram Alikhil,SS Cottrell,0,0,"",""
ball,1,6.6,Afghanistan,Rahmat Shah,Ikram Alikhil,SS Cottrell,4,0,"",""
ball,1,7.1,Afghanistan,Ikram Alikhil,Rahmat Shah,JO Holder,0,0,"",""
ball,1,7.2,Afghanistan,Ikram Alikhil,Rahmat Shah,JO Holder,0,0,"",""
ball,1,7.3,Afghanistan,Ikram Alikhil,Rahmat Shah,JO Holder,0,0,"",""
ball,1,7.4,Afghanistan,Ikram Alikhil,Rahmat Shah,JO Holder,0,0,"",""
ball,1,7.5,Afghanistan,Ikram Alikhil,Rahmat Shah,JO Holder,0,0,"",""
ball,1,7.6,Afghanistan,Ikram Alikhil,Rahmat Shah,JO Holder,1,0,"",""
ball,1,8.1,Afghanistan,Ikram Alikhil,Rahmat Shah,AS Joseph,2,0,"",""
ball,1,8.2,Afghanistan,Ikram Alikhil,Rahmat Shah,AS Joseph,1,0,"",""
ball,1,8.3,Afghanistan,Rahmat Shah,Ikram Alikhil,AS Joseph,0,1,"",""
ball,1,8.4,Afghanistan,Rahmat Shah,Ikram Alikhil,AS Joseph,0,0,"",""
ball,1,8.5,Afghanistan,Rahmat Shah,Ikram Alikhil,AS Joseph,0,0,"",""
ball,1,8.6,Afghanistan,Rahmat Shah,Ikram Alikhil,AS Joseph,0,0,"",""
ball,1,8.7,Afghanistan,Rahmat Shah,Ikram Alikhil,AS Joseph,0,0,"",""
ball,1,9.1,Afghanistan,Ikram Alikhil,Rahmat Shah,JO Holder,0,0,"",""
ball,1,9.2,Afghanistan,Ikram Alikhil,Rahmat Shah,JO Holder,0,0,"",""
ball,1,9.3,Afghanistan,Ikram Alikhil,Rahmat Shah,JO Holder,0,0,"",""
ball,1,9.4,Afghanistan,Ikram Alikhil,Rahmat Shah,JO Holder,0,0,"",""
ball,1,9.5,Afghanistan,Ikram Alikhil,Rahmat Shah,JO Holder,0,0,"",""
ball,1,9.6,Afghanistan,Ikram Alikhil,Rahmat Shah,JO Holder,0,0,"",""
ball,1,10.1,Afghanistan,Rahmat Shah,Ikram Alikhil,AS Joseph,1,0,"",""
ball,1,10.2,Afghanistan,Ikram Alikhil,Rahmat Shah,AS Joseph,0,0,"",""
ball,1,10.3,Afghanistan,Ikram Alikhil,Rahmat Shah,AS Joseph,0,0,"",""
ball,1,10.4,Afghanistan,Ikram Alikhil,Rahmat Shah,AS Joseph,4,0,"",""
ball,1,10.5,Afghanistan,Ikram Alikhil,Rahmat Shah,AS Joseph,4,0,"",""
ball,1,10.6,Afghanistan,Ikram Alikhil,Rahmat Shah,AS Joseph,0,0,"",""
ball,1,11.1,Afghanistan,Rahmat Shah,Ikram Alikhil,JO Holder,0,0,"",""
ball,1,11.2,Afghanistan,Rahmat Shah,Ikram Alikhil,JO Holder,0,0,"",""
ball,1,11.3,Afghanistan,Rahmat Shah,Ikram Alikhil,JO Holder,2,0,"",""
ball,1,11.4,Afghanistan,Rahmat Shah,Ikram Alikhil,JO Holder,0,0,"",""
ball,1,11.5,Afghanistan,Rahmat Shah,Ikram Alikhil,JO Holder,0,0,"",""
ball,1,11.6,Afghanistan,Rahmat Shah,Ikram Alikhil,JO Holder,0,0,"",""
ball,1,12.1,Afghanistan,Ikram Alikhil,Rahmat Shah,AS Joseph,1,0,"",""
ball,1,12.2,Afghanistan,Rahmat Shah,Ikram Alikhil,AS Joseph,0,0,"",""
ball,1,12.3,Afghanistan,Rahmat Shah,Ikram Alikhil,AS Joseph,4,0,"",""
ball,1,12.4,Afghanistan,Rahmat Shah,Ikram Alikhil,AS Joseph,1,0,"",""
ball,1,12.5,Afghanistan,Ikram Alikhil,Rahmat Shah,AS Joseph,0,0,"",""
ball,1,12.6,Afghanistan,Ikram Alikhil,Rahmat Shah,AS Joseph,4,0,"",""
ball,1,13.1,Afghanistan,Rahmat Shah,Ikram Alikhil,R Shepherd,0,0,"",""
ball,1,13.2,Afghanistan,Rahmat Shah,Ikram Alikhil,R Shepherd,0,0,"",""
ball,1,13.3,Afghanistan,Rahmat Shah,Ikram Alikhil,R Shepherd,1,0,"",""
ball,1,13.4,Afghanistan,Ikram Alikhil,Rahmat Shah,R Shepherd,0,0,"",""
ball,1,13.5,Afghanistan,Ikram Alikhil,Rahmat Shah,R Shepherd,1,0,"",""
ball,1,13.6,Afghanistan,Rahmat Shah,Ikram Alikhil,R Shepherd,0,0,"",""
ball,1,14.1,Afghanistan,Ikram Alikhil,Rahmat Shah,SS Cottrell,0,0,"",""
ball,1,14.2,Afghanistan,Ikram Alikhil,Rahmat Shah,SS Cottrell,1,0,"",""
ball,1,14.3,Afghanistan,Rahmat Shah,Ikram Alikhil,SS Cottrell,0,0,"",""
ball,1,14.4,Afghanistan,Rahmat Shah,Ikram Alikhil,SS Cottrell,1,0,"",""
ball,1,14.5,Afghanistan,Ikram Alikhil,Rahmat Shah,SS Cottrell,0,0,"",""
ball,1,14.6,Afghanistan,Ikram Alikhil,Rahmat Shah,SS Cottrell,2,0,"",""
ball,1,15.1,Afghanistan,Rahmat Shah,Ikram Alikhil,R Shepherd,1,0,"",""
ball,1,15.2,Afghanistan,Ikram Alikhil,Rahmat Shah,R Shepherd,0,0,"",""
ball,1,15.3,Afghanistan,Ikram Alikhil,Rahmat Shah,R Shepherd,1,0,"",""
ball,1,15.4,Afghanistan,Rahmat Shah,Ikram Alikhil,R Shepherd,0,0,"",""
ball,1,15.5,Afghanistan,Rahmat Shah,Ikram Alikhil,R Shepherd,0,0,"",""
ball,1,15.6,Afghanistan,Rahmat Shah,Ikram Alikhil,R Shepherd,0,0,"",""
ball,1,16.1,Afghanistan,Ikram Alikhil,Rahmat Shah,SS Cottrell,4,0,"",""
ball,1,16.2,Afghanistan,Ikram Alikhil,Rahmat Shah,SS Cottrell,1,0,"",""
ball,1,16.3,Afghanistan,Rahmat Shah,Ikram Alikhil,SS Cottrell,0,0,"",""
ball,1,16.4,Afghanistan,Rahmat Shah,Ikram Alikhil,SS Cottrell,0,0,"",""
ball,1,16.5,Afghanistan,Rahmat Shah,Ikram Alikhil,SS Cottrell,2,0,"",""
ball,1,16.6,Afghanistan,Rahmat Shah,Ikram Alikhil,SS Cottrell,1,0,"",""
ball,1,17.1,Afghanistan,Rahmat Shah,Ikram Alikhil,R Shepherd,1,0,"",""
ball,1,17.2,Afghanistan,Ikram Alikhil,Rahmat Shah,R Shepherd,1,0,"",""
ball,1,17.3,Afghanistan,Rahmat Shah,Ikram Alikhil,R Shepherd,1,0,"",""
ball,1,17.4,Afghanistan,Ikram Alikhil,Rahmat Shah,R Shepherd,4,0,"",""
ball,1,17.5,Afghanistan,Ikram Alikhil,Rahmat Shah,R Shepherd,2,0,"",""
ball,1,17.6,Afghanistan,Ikram Alikhil,Rahmat Shah,R Shepherd,2,0,"",""
ball,1,18.1,Afghanistan,Rahmat Shah,Ikram Alikhil,RL Chase,0,0,"",""
ball,1,18.2,Afghanistan,Rahmat Shah,Ikram Alikhil,RL Chase,0,1,"",""
ball,1,18.3,Afghanistan,Ikram Alikhil,Rahmat Shah,RL Chase,0,0,"",""
ball,1,18.4,Afghanistan,Ikram Alikhil,Rahmat Shah,RL Chase,0,0,"",""
ball,1,18.5,Afghanistan,Ikram Alikhil,Rahmat Shah,RL Chase,0,0,"",""
ball,1,18.6,Afghanistan,Ikram Alikhil,Rahmat Shah,RL Chase,1,0,"",""
ball,1,19.1,Afghanistan,Ikram Alikhil,Rahmat Shah,R Shepherd,1,0,"",""
ball,1,19.2,Afghanistan,Rahmat Shah,Ikram Alikhil,R Shepherd,6,0,"",""
ball,1,19.3,Afghanistan,Rahmat Shah,Ikram Alikhil,R Shepherd,1,0,"",""
ball,1,19.4,Afghanistan,Ikram Alikhil,Rahmat Shah,R Shepherd,1,0,"",""
ball,1,19.5,Afghanistan,Rahmat Shah,Ikram Alikhil,R Shepherd,1,0,"",""
ball,1,19.6,Afghanistan,Ikram Alikhil,Rahmat Shah,R Shepherd,0,0,"",""
ball,1,20.1,Afghanistan,Rahmat Shah,Ikram Alikhil,RL Chase,0,0,"",""
ball,1,20.2,Afghanistan,Rahmat Shah,Ikram Alikhil,RL Chase,4,0,"",""
ball,1,20.3,Afghanistan,Rahmat Shah,Ikram Alikhil,RL Chase,0,0,"",""
ball,1,20.4,Afghanistan,Rahmat Shah,Ikram Alikhil,RL Chase,0,0,"",""
ball,1,20.5,Afghanistan,Rahmat Shah,Ikram Alikhil,RL Chase,0,0,"",""
ball,1,20.6,Afghanistan,Rahmat Shah,Ikram Alikhil,RL Chase,1,0,"",""
ball,1,21.1,Afghanistan,Rahmat Shah,Ikram Alikhil,AS Joseph,0,0,"",""
ball,1,21.2,Afghanistan,Rahmat Shah,Ikram Alikhil,AS Joseph,1,0,"",""
ball,1,21.3,Afghanistan,Ikram Alikhil,Rahmat Shah,AS Joseph,6,0,"",""
ball,1,21.4,Afghanistan,Ikram Alikhil,Rahmat Shah,AS Joseph,4,0,"",""
ball,1,21.5,Afghanistan,Ikram Alikhil,Rahmat Shah,AS Joseph,1,0,"",""
ball,1,21.6,Afghanistan,Rahmat Shah,Ikram Alikhil,AS Joseph,0,0,"",""
ball,1,22.1,Afghanistan,Ikram Alikhil,Rahmat Shah,RL Chase,0,0,"",""
ball,1,22.2,Afghanistan,Ikram Alikhil,Rahmat Shah,RL Chase,0,0,"",""
ball,1,22.3,Afghanistan,Ikram Alikhil,Rahmat Shah,RL Chase,1,0,"",""
ball,1,22.4,Afghanistan,Rahmat Shah,Ikram Alikhil,RL Chase,1,0,"",""
ball,1,22.5,Afghanistan,Ikram Alikhil,Rahmat Shah,RL Chase,1,0,"",""
ball,1,22.6,Afghanistan,Rahmat Shah,Ikram Alikhil,RL Chase,2,0,"",""
ball,1,23.1,Afghanistan,Ikram Alikhil,Rahmat Shah,AS Joseph,0,0,"",""
ball,1,23.2,Afghanistan,Ikram Alikhil,Rahmat Shah,AS Joseph,1,0,"",""
ball,1,23.3,Afghanistan,Rahmat Shah,Ikram Alikhil,AS Joseph,4,0,"",""
ball,1,23.4,Afghanistan,Rahmat Shah,Ikram Alikhil,AS Joseph,1,0,"",""
ball,1,23.5,Afghanistan,Ikram Alikhil,Rahmat Shah,AS Joseph,0,0,"",""
ball,1,23.6,Afghanistan,Ikram Alikhil,Rahmat Shah,AS Joseph,1,0,"",""
ball,1,24.1,Afghanistan,Ikram Alikhil,Rahmat Shah,RL Chase,0,0,"",""
ball,1,24.2,Afghanistan,Ikram Alikhil,Rahmat Shah,RL Chase,0,0,"",""
ball,1,24.3,Afghanistan,Ikram Alikhil,Rahmat Shah,RL Chase,1,0,"",""
ball,1,24.4,Afghanistan,Rahmat Shah,Ikram Alikhil,RL Chase,0,1,"",""
ball,1,24.5,Afghanistan,Rahmat Shah,Ikram Alikhil,RL Chase,0,0,"",""
ball,1,24.6,Afghanistan,Rahmat Shah,Ikram Alikhil,RL Chase,0,0,"",""
ball,1,24.7,Afghanistan,Rahmat Shah,Ikram Alikhil,RL Chase,0,0,"",""
ball,1,25.1,Afghanistan,Ikram Alikhil,Rahmat Shah,HR Walsh,1,0,"",""
ball,1,25.2,Afghanistan,Rahmat Shah,Ikram Alikhil,HR Walsh,0,0,"",""
ball,1,25.3,Afghanistan,Rahmat Shah,Ikram Alikhil,HR Walsh,4,0,"",""
ball,1,25.4,Afghanistan,Rahmat Shah,Ikram Alikhil,HR Walsh,1,0,"",""
ball,1,25.5,Afghanistan,Ikram Alikhil,Rahmat Shah,HR Walsh,1,0,"",""
ball,1,25.6,Afghanistan,Rahmat Shah,Ikram Alikhil,HR Walsh,0,0,"",""
ball,1,26.1,Afghanistan,Ikram Alikhil,Rahmat Shah,RL Chase,0,0,"",""
ball,1,26.2,Afghanistan,Ikram Alikhil,Rahmat Shah,RL Chase,1,0,"",""
ball,1,26.3,Afghanistan,Rahmat Shah,Ikram Alikhil,RL Chase,1,0,run out,Ikram Alikhil
ball,1,26.4,Afghanistan,Najibullah Zadran,Rahmat Shah,RL Chase,0,0,"",""
ball,1,26.5,Afghanistan,Najibullah Zadran,Rahmat Shah,RL Chase,0,0,"",""
ball,1,26.6,Afghanistan,Najibullah Zadran,Rahmat Shah,RL Chase,0,0,caught,Najibullah Zadran
ball,1,27.1,Afghanistan,Rahmat Shah,Asghar Stanikzai,HR Walsh,1,0,"",""
ball,1,27.2,Afghanistan,Asghar Stanikzai,Rahmat Shah,HR Walsh,0,0,"",""
ball,1,27.3,Afghanistan,Asghar Stanikzai,Rahmat Shah,HR Walsh,0,0,"",""
ball,1,27.4,Afghanistan,Asghar Stanikzai,Rahmat Shah,HR Walsh,0,0,"",""
ball,1,27.5,Afghanistan,Asghar Stanikzai,Rahmat Shah,HR Walsh,0,0,"",""
ball,1,27.6,Afghanistan,Asghar Stanikzai,Rahmat Shah,HR Walsh,1,0,"",""
ball,1,28.1,Afghanistan,Asghar Stanikzai,Rahmat Shah,RL Chase,0,0,"",""
ball,1,28.2,Afghanistan,Asghar Stanikzai,Rahmat Shah,RL Chase,0,0,"",""
ball,1,28.3,Afghanistan,Asghar Stanikzai,Rahmat Shah,RL Chase,0,1,"",""
ball,1,28.4,Afghanistan,Rahmat Shah,Asghar Stanikzai,RL Chase,0,0,"",""
ball,1,28.5,Afghanistan,Rahmat Shah,Asghar Stanikzai,RL Chase,2,0,"",""
ball,1,28.6,Afghanistan,Rahmat Shah,Asghar Stanikzai,RL Chase,1,0,"",""
ball,1,29.1,Afghanistan,Rahmat Shah,Asghar Stanikzai,HR Walsh,0,0,"",""
ball,1,29.2,Afghanistan,Rahmat Shah,Asghar Stanikzai,HR Walsh,0,0,"",""
ball,1,29.3,Afghanistan,Rahmat Shah,Asghar Stanikzai,HR Walsh,0,0,"",""
ball,1,29.4,Afghanistan,Rahmat Shah,Asghar Stanikzai,HR Walsh,0,0,"",""
ball,1,29.5,Afghanistan,Rahmat Shah,Asghar Stanikzai,HR Walsh,0,0,"",""
ball,1,29.6,Afghanistan,Rahmat Shah,Asghar Stanikzai,HR Walsh,1,0,"",""
ball,1,30.1,Afghanistan,Rahmat Shah,Asghar Stanikzai,RL Chase,0,0,"",""
ball,1,30.2,Afghanistan,Rahmat Shah,Asghar Stanikzai,RL Chase,1,0,"",""
ball,1,30.3,Afghanistan,Asghar Stanikzai,Rahmat Shah,RL Chase,0,0,"",""
ball,1,30.4,Afghanistan,Asghar Stanikzai,Rahmat Shah,RL Chase,0,0,"",""
ball,1,30.5,Afghanistan,Asghar Stanikzai,Rahmat Shah,RL Chase,1,0,"",""
ball,1,30.6,Afghanistan,Rahmat Shah,Asghar Stanikzai,RL Chase,0,1,"",""
ball,1,30.7,Afghanistan,Rahmat Shah,Asghar Stanikzai,RL Chase,0,0,"",""
ball,1,31.1,Afghanistan,Asghar Stanikzai,Rahmat Shah,HR Walsh,4,0,"",""
ball,1,31.2,Afghanistan,Asghar Stanikzai,Rahmat Shah,HR Walsh,0,0,"",""
ball,1,31.3,Afghanistan,Asghar Stanikzai,Rahmat Shah,HR Walsh,0,0,"",""
ball,1,31.4,Afghanistan,Asghar Stanikzai,Rahmat Shah,HR Walsh,6,0,"",""
ball,1,31.5,Afghanistan,Asghar Stanikzai,Rahmat Shah,HR Walsh,1,0,"",""
ball,1,31.6,Afghanistan,Rahmat Shah,Asghar Stanikzai,HR Walsh,1,0,"",""
ball,1,32.1,Afghanistan,Rahmat Shah,Asghar Stanikzai,RL Chase,4,0,"",""
ball,1,32.2,Afghanistan,Rahmat Shah,Asghar Stanikzai,RL Chase,0,0,"",""
ball,1,32.3,Afghanistan,Rahmat Shah,Asghar Stanikzai,RL Chase,0,0,caught,Rahmat Shah
ball,1,32.4,Afghanistan,Mohammad Nabi,Asghar Stanikzai,RL Chase,0,0,"",""
ball,1,32.5,Afghanistan,Mohammad Nabi,Asghar Stanikzai,RL Chase,0,0,"",""
ball,1,32.6,Afghanistan,Mohammad Nabi,Asghar Stanikzai,RL Chase,0,0,"",""
ball,1,33.1,Afghanistan,Asghar Stanikzai,Mohammad Nabi,JO Holder,2,0,"",""
ball,1,33.2,Afghanistan,Asghar Stanikzai,Mohammad Nabi,JO Holder,1,0,"",""
ball,1,33.3,Afghanistan,Mohammad Nabi,Asghar Stanikzai,JO Holder,0,0,"",""
ball,1,33.4,Afghanistan,Mohammad Nabi,Asghar Stanikzai,JO Holder,0,0,"",""
ball,1,33.5,Afghanistan,Mohammad Nabi,Asghar Stanikzai,JO Holder,0,0,"",""
ball,1,33.6,Afghanistan,Mohammad Nabi,Asghar Stanikzai,JO Holder,0,0,"",""
ball,1,34.1,Afghanistan,Asghar Stanikzai,Mohammad Nabi,RL Chase,0,0,"",""
ball,1,34.2,Afghanistan,Asghar Stanikzai,Mohammad Nabi,RL Chase,1,0,"",""
ball,1,34.3,Afghanistan,Mohammad Nabi,Asghar Stanikzai,RL Chase,0,0,"",""
ball,1,34.4,Afghanistan,Mohammad Nabi,Asghar Stanikzai,RL Chase,0,0,"",""
ball,1,34.5,Afghanistan,Mohammad Nabi,Asghar Stanikzai,RL Chase,0,0,"",""
ball,1,34.6,Afghanistan,Mohammad Nabi,Asghar Stanikzai,RL Chase,0,1,"",""
ball,1,34.7,Afghanistan,Mohammad Nabi,Asghar Stanikzai,RL Chase,1,0,"",""
ball,1,35.1,Afghanistan,Mohammad Nabi,Asghar Stanikzai,JO Holder,0,0,"",""
ball,1,35.2,Afghanistan,Mohammad Nabi,Asghar Stanikzai,JO Holder,0,0,"",""
ball,1,35.3,Afghanistan,Mohammad Nabi,Asghar Stanikzai,JO Holder,0,0,caught,Mohammad Nabi
ball,1,35.4,Afghanistan,Gulbadin Naib,Asghar Stanikzai,JO Holder,1,0,"",""
ball,1,35.5,Afghanistan,Asghar Stanikzai,Gulbadin Naib,JO Holder,0,0,"",""
ball,1,35.6,Afghanistan,Asghar Stanikzai,Gulbadin Naib,JO Holder,1,0,"",""
ball,1,36.1,Afghanistan,Asghar Stanikzai,Gulbadin Naib,RL Chase,0,0,"",""
ball,1,36.2,Afghanistan,Asghar Stanikzai,Gulbadin Naib,RL Chase,2,0,"",""
ball,1,36.3,Afghanistan,Asghar Stanikzai,Gulbadin Naib,RL Chase,0,0,"",""
ball,1,36.4,Afghanistan,Asghar Stanikzai,Gulbadin Naib,RL Chase,0,0,"",""
ball,1,36.5,Afghanistan,Asghar Stanikzai,Gulbadin Naib,RL Chase,1,0,"",""
ball,1,36.6,Afghanistan,Gulbadin Naib,Asghar Stanikzai,RL Chase,0,0,"",""
ball,1,37.1,Afghanistan,Asghar Stanikzai,Gulbadin Naib,JO Holder,0,0,"",""
ball,1,37.2,Afghanistan,Asghar Stanikzai,Gulbadin Naib,JO Holder,0,0,"",""
ball,1,37.3,Afghanistan,Asghar Stanikzai,Gulbadin Naib,JO Holder,0,0,"",""
ball,1,37.4,Afghanistan,Asghar Stanikzai,Gulbadin Naib,JO Holder,2,0,"",""
ball,1,37.5,Afghanistan,Asghar Stanikzai,Gulbadin Naib,JO Holder,0,0,"",""
ball,1,37.6,Afghanistan,Asghar Stanikzai,Gulbadin Naib,JO Holder,1,0,"",""
ball,1,38.1,Afghanistan,Asghar Stanikzai,Gulbadin Naib,SS Cottrell,1,0,"",""
ball,1,38.2,Afghanistan,Gulbadin Naib,Asghar Stanikzai,SS Cottrell,0,0,"",""
ball,1,38.3,Afghanistan,Gulbadin Naib,Asghar Stanikzai,SS Cottrell,0,0,"",""
ball,1,38.4,Afghanistan,Gulbadin Naib,Asghar Stanikzai,SS Cottrell,4,0,"",""
ball,1,38.5,Afghanistan,Gulbadin Naib,Asghar Stanikzai,SS Cottrell,1,0,"",""
ball,1,38.6,Afghanistan,Asghar Stanikzai,Gulbadin Naib,SS Cottrell,0,0,"",""
ball,1,39.1,Afghanistan,Gulbadin Naib,Asghar Stanikzai,JO Holder,0,0,"",""
ball,1,39.2,Afghanistan,Gulbadin Naib,Asghar Stanikzai,JO Holder,0,0,"",""
ball,1,39.3,Afghanistan,Gulbadin Naib,Asghar Stanikzai,JO Holder,1,0,"",""
ball,1,39.4,Afghanistan,Asghar Stanikzai,Gulbadin Naib,JO Holder,0,0,"",""
ball,1,39.5,Afghanistan,Asghar Stanikzai,Gulbadin Naib,JO Holder,2,0,"",""
ball,1,39.6,Afghanistan,Asghar Stanikzai,Gulbadin Naib,JO Holder,1,0,"",""
ball,1,40.1,Afghanistan,Asghar Stanikzai,Gulbadin Naib,HR Walsh,0,0,"",""
ball,1,40.2,Afghanistan,Asghar Stanikzai,Gulbadin Naib,HR Walsh,0,0,"",""
ball,1,40.3,Afghanistan,Asghar Stanikzai,Gulbadin Naib,HR Walsh,1,0,"",""
ball,1,40.4,Afghanistan,Gulbadin Naib,Asghar Stanikzai,HR Walsh,4,0,"",""
ball,1,40.5,Afghanistan,Gulbadin Naib,Asghar Stanikzai,HR Walsh,0,0,"",""
ball,1,40.6,Afghanistan,Gulbadin Naib,Asghar Stanikzai,HR Walsh,1,0,"",""
ball,1,41.1,Afghanistan,Gulbadin Naib,Asghar Stanikzai,R Shepherd,4,0,"",""
ball,1,41.2,Afghanistan,Gulbadin Naib,Asghar Stanikzai,R Shepherd,1,0,"",""
ball,1,41.3,Afghanistan,Asghar Stanikzai,Gulbadin Naib,R Shepherd,0,0,"",""
ball,1,41.4,Afghanistan,Asghar Stanikzai,Gulbadin Naib,R Shepherd,0,0,"",""
ball,1,41.5,Afghanistan,Asghar Stanikzai,Gulbadin Naib,R Shepherd,0,0,"",""
ball,1,41.6,Afghanistan,Asghar Stanikzai,Gulbadin Naib,R Shepherd,1,0,"",""
ball,1,42.1,Afghanistan,Asghar Stanikzai,Gulbadin Naib,HR Walsh,0,0,"",""
ball,1,42.2,Afghanistan,Asghar Stanikzai,Gulbadin Naib,HR Walsh,2,0,"",""
ball,1,42.3,Afghanistan,Asghar Stanikzai,Gulbadin Naib,HR Walsh,1,0,"",""
ball,1,42.4,Afghanistan,Gulbadin Naib,Asghar Stanikzai,HR Walsh,0,0,"",""
ball,1,42.5,Afghanistan,Gulbadin Naib,Asghar Stanikzai,HR Walsh,0,0,caught,Gulbadin Naib
ball,1,42.6,Afghanistan,Rashid Khan,Asghar Stanikzai,HR Walsh,0,0,"",""
ball,1,43.1,Afghanistan,Asghar Stanikzai,Rashid Khan,R Shepherd,1,0,"",""
ball,1,43.2,Afghanistan,Rashid Khan,Asghar Stanikzai,R Shepherd,0,0,caught,Rashid Khan
ball,1,43.3,Afghanistan,Naveen-ul-Haq,Asghar Stanikzai,R Shepherd,0,0,"",""
ball,1,43.4,Afghanistan,Naveen-ul-Haq,Asghar Stanikzai,R Shepherd,0,0,"",""
ball,1,43.5,Afghanistan,Naveen-ul-Haq,Asghar Stanikzai,R Shepherd,0,0,"",""
ball,1,43.6,Afghanistan,Naveen-ul-Haq,Asghar Stanikzai,R Shepherd,0,0,"",""
ball,1,44.1,Afghanistan,Asghar Stanikzai,Naveen-ul-Haq,HR Walsh,0,0,"",""
ball,1,44.2,Afghanistan,Asghar Stanikzai,Naveen-ul-Haq,HR Walsh,1,0,"",""
ball,1,44.3,Afghanistan,Naveen-ul-Haq,Asghar Stanikzai,HR Walsh,0,0,"",""
ball,1,44.4,Afghanistan,Naveen-ul-Haq,Asghar Stanikzai,HR Walsh,0,0,"",""
ball,1,44.5,Afghanistan,Naveen-ul-Haq,Asghar Stanikzai,HR Walsh,1,0,"",""
ball,1,44.6,Afghanistan,Asghar Stanikzai,Naveen-ul-Haq,HR Walsh,0,0,run out,Asghar Stanikzai
ball,1,45.1,Afghanistan,Naveen-ul-Haq,Mujeeb Ur Rahman,R Shepherd,0,0,"",""
ball,1,45.2,Afghanistan,Naveen-ul-Haq,Mujeeb Ur Rahman,R Shepherd,0,0,caught,Naveen-ul-Haq
ball,2,0.1,West Indies,SD Hope,E Lewis,Mujeeb Ur Rahman,0,0,"",""
ball,2,0.2,West Indies,SD Hope,E Lewis,Mujeeb Ur Rahman,0,0,"",""
ball,2,0.3,West Indies,SD Hope,E Lewis,Mujeeb Ur Rahman,0,0,"",""
ball,2,0.4,West Indies,SD Hope,E Lewis,Mujeeb Ur Rahman,0,0,"",""
ball,2,0.5,West Indies,SD Hope,E Lewis,Mujeeb Ur Rahman,2,0,"",""
ball,2,0.6,West Indies,SD Hope,E Lewis,Mujeeb Ur Rahman,1,0,"",""
ball,2,1.1,West Indies,SD Hope,E Lewis,Naveen-ul-Haq,0,0,"",""
ball,2,1.2,West Indies,SD Hope,E Lewis,Naveen-ul-Haq,0,0,"",""
ball,2,1.3,West Indies,SD Hope,E Lewis,Naveen-ul-Haq,0,0,"",""
ball,2,1.4,West Indies,SD Hope,E Lewis,Naveen-ul-Haq,0,0,"",""
ball,2,1.5,West Indies,SD Hope,E Lewis,Naveen-ul-Haq,0,1,"",""
ball,2,1.6,West Indies,SD Hope,E Lewis,Naveen-ul-Haq,1,0,"",""
ball,2,1.7,West Indies,E Lewis,SD Hope,Naveen-ul-Haq,0,0,"",""
ball,2,2.1,West Indies,SD Hope,E Lewis,Mujeeb Ur Rahman,0,0,"",""
ball,2,2.2,West Indies,SD Hope,E Lewis,Mujeeb Ur Rahman,0,0,"",""
ball,2,2.3,West Indies,SD Hope,E Lewis,Mujeeb Ur Rahman,0,0,"",""
ball,2,2.4,West Indies,SD Hope,E Lewis,Mujeeb Ur Rahman,0,0,"",""
ball,2,2.5,West Indies,SD Hope,E Lewis,Mujeeb Ur Rahman,0,0,"",""
ball,2,2.6,West Indies,SD Hope,E Lewis,Mujeeb Ur Rahman,0,0,"",""
ball,2,3.1,West Indies,E Lewis,SD Hope,Naveen-ul-Haq,0,0,"",""
ball,2,3.2,West Indies,E Lewis,SD Hope,Naveen-ul-Haq,0,0,"",""
ball,2,3.3,West Indies,E Lewis,SD Hope,Naveen-ul-Haq,2,0,"",""
ball,2,3.4,West Indies,E Lewis,SD Hope,Naveen-ul-Haq,2,0,"",""
ball,2,3.5,West Indies,E Lewis,SD Hope,Naveen-ul-Haq,3,0,"",""
ball,2,3.6,West Indies,SD Hope,E Lewis,Naveen-ul-Haq,0,0,"",""
ball,2,4.1,West Indies,E Lewis,SD Hope,Mujeeb Ur Rahman,0,0,lbw,E Lewis
ball,2,4.2,West Indies,SO Hetmyer,SD Hope,Mujeeb Ur Rahman,0,0,"",""
ball,2,4.3,West Indies,SO Hetmyer,SD Hope,Mujeeb Ur Rahman,1,0,"",""
ball,2,4.4,West Indies,SD Hope,SO Hetmyer,Mujeeb Ur Rahman,0,0,"",""
ball,2,4.5,West Indies,SD Hope,SO Hetmyer,Mujeeb Ur Rahman,0,0,"",""
ball,2,4.6,West Indies,SD Hope,SO Hetmyer,Mujeeb Ur Rahman,0,0,"",""
ball,2,5.1,West Indies,SO Hetmyer,SD Hope,Naveen-ul-Haq,0,0,"",""
ball,2,5.2,West Indies,SO Hetmyer,SD Hope,Naveen-ul-Haq,0,0,"",""
ball,2,5.3,West Indies,SO Hetmyer,SD Hope,Naveen-ul-Haq,0,0,"",""
ball,2,5.4,West Indies,SO Hetmyer,SD Hope,Naveen-ul-Haq,0,0,"",""
ball,2,5.5,West Indies,SO Hetmyer,SD Hope,Naveen-ul-Haq,0,0,"",""
ball,2,5.6,West Indies,SO Hetmyer,SD Hope,Naveen-ul-Haq,0,0,"",""
ball,2,6.1,West Indies,SD Hope,SO Hetmyer,Mujeeb Ur Rahman,0,0,"",""
ball,2,6.2,West Indies,SD Hope,SO Hetmyer,Mujeeb Ur Rahman,1,0,"",""
ball,2,6.3,West Indies,SO Hetmyer,SD Hope,Mujeeb Ur Rahman,1,0,"",""
ball,2,6.4,West Indies,SD Hope,SO Hetmyer,Mujeeb Ur Rahman,4,0,"",""
ball,2,6.5,West Indies,SD Hope,SO Hetmyer,Mujeeb Ur Rahman,0,0,"",""
ball,2,6.6,West Indies,SD Hope,SO Hetmyer,Mujeeb Ur Rahman,0,4,"",""
ball,2,7.1,West Indies,SO Hetmyer,SD Hope,Naveen-ul-Haq,1,0,"",""
ball,2,7.2,West Indies,SD Hope,SO Hetmyer,Naveen-ul-Haq,0,0,"",""
ball,2,7.3,West Indies,SD Hope,SO Hetmyer,Naveen-ul-Haq,1,0,"",""
ball,2,7.4,West Indies,SO Hetmyer,SD Hope,Naveen-ul-Haq,0,0,caught,SO Hetmyer
ball,2,7.5,West Indies,RL Chase,SD Hope,Naveen-ul-Haq,4,0,"",""
ball,2,7.6,West Indies,RL Chase,SD Hope,Naveen-ul-Haq,0,0,"",""
ball,2,8.1,West Indies,SD Hope,RL Chase,Mujeeb Ur Rahman,1,0,"",""
ball,2,8.2,West Indies,RL Chase,SD Hope,Mujeeb Ur Rahman,4,0,"",""
ball,2,8.3,West Indies,RL Chase,SD Hope,Mujeeb Ur Rahman,0,0,"",""
ball,2,8.4,West Indies,RL Chase,SD Hope,Mujeeb Ur Rahman,2,0,"",""
ball,2,8.5,West Indies,RL Chase,SD Hope,Mujeeb Ur Rahman,0,0,"",""
ball,2,8.6,West Indies,RL Chase,SD Hope,Mujeeb Ur Rahman,0,0,"",""
ball,2,9.1,West Indies,SD Hope,RL Chase,Rashid Khan,0,0,"",""
ball,2,9.2,West Indies,SD Hope,RL Chase,Rashid Khan,0,0,"",""
ball,2,9.3,West Indies,SD Hope,RL Chase,Rashid Khan,0,0,"",""
ball,2,9.4,West Indies,SD Hope,RL Chase,Rashid Khan,0,0,"",""
ball,2,9.5,West Indies,SD Hope,RL Chase,Rashid Khan,1,0,"",""
ball,2,9.6,West Indies,RL Chase,SD Hope,Rashid Khan,0,0,"",""
ball,2,10.1,West Indies,SD Hope,RL Chase,Mohammad Nabi,1,0,"",""
ball,2,10.2,West Indies,RL Chase,SD Hope,Mohammad Nabi,0,0,"",""
ball,2,10.3,West Indies,RL Chase,SD Hope,Mohammad Nabi,0,0,"",""
ball,2,10.4,West Indies,RL Chase,SD Hope,Mohammad Nabi,0,0,"",""
ball,2,10.5,West Indies,RL Chase,SD Hope,Mohammad Nabi,0,0,"",""
ball,2,10.6,West Indies,RL Chase,SD Hope,Mohammad Nabi,4,0,"",""
ball,2,11.1,West Indies,SD Hope,RL Chase,Rashid Khan,0,0,"",""
ball,2,11.2,West Indies,SD Hope,RL Chase,Rashid Khan,0,0,"",""
ball,2,11.3,West Indies,SD Hope,RL Chase,Rashid Khan,0,0,"",""
ball,2,11.4,West Indies,SD Hope,RL Chase,Rashid Khan,0,0,"",""
ball,2,11.5,West Indies,SD Hope,RL Chase,Rashid Khan,4,0,"",""
ball,2,11.6,West Indies,SD Hope,RL Chase,Rashid Khan,1,0,"",""
ball,2,12.1,West Indies,SD Hope,RL Chase,Mohammad Nabi,1,0,"",""
ball,2,12.2,West Indies,RL Chase,SD Hope,Mohammad Nabi,0,0,"",""
ball,2,12.3,West Indies,RL Chase,SD Hope,Mohammad Nabi,0,1,"",""
ball,2,12.4,West Indies,RL Chase,SD Hope,Mohammad Nabi,0,0,"",""
ball,2,12.5,West Indies,RL Chase,SD Hope,Mohammad Nabi,1,0,"",""
ball,2,12.6,West Indies,SD Hope,RL Chase,Mohammad Nabi,0,0,"",""
ball,2,12.7,West Indies,SD Hope,RL Chase,Mohammad Nabi,1,0,"",""
ball,2,13.1,West Indies,SD Hope,RL Chase,Gulbadin Naib,2,0,"",""
ball,2,13.2,West Indies,SD Hope,RL Chase,Gulbadin Naib,1,0,"",""
ball,2,13.3,West Indies,RL Chase,SD Hope,Gulbadin Naib,2,0,"",""
ball,2,13.4,West Indies,RL Chase,SD Hope,Gulbadin Naib,1,0,"",""
ball,2,13.5,West Indies,SD Hope,RL Chase,Gulbadin Naib,1,0,"",""
ball,2,13.6,West Indies,RL Chase,SD Hope,Gulbadin Naib,2,0,"",""
ball,2,14.1,West Indies,SD Hope,RL Chase,Mohammad Nabi,0,0,"",""
ball,2,14.2,West Indies,SD Hope,RL Chase,Mohammad Nabi,1,0,"",""
ball,2,14.3,West Indies,RL Chase,SD Hope,Mohammad Nabi,1,0,"",""
ball,2,14.4,West Indies,SD Hope,RL Chase,Mohammad Nabi,1,0,"",""
ball,2,14.5,West Indies,RL Chase,SD Hope,Mohammad Nabi,0,0,"",""
ball,2,14.6,West Indies,RL Chase,SD Hope,Mohammad Nabi,1,0,"",""
ball,2,15.1,West Indies,RL Chase,SD Hope,Gulbadin Naib,1,0,"",""
ball,2,15.2,West Indies,SD Hope,RL Chase,Gulbadin Naib,1,0,"",""
ball,2,15.3,West Indies,RL Chase,SD Hope,Gulbadin Naib,1,0,"",""
ball,2,15.4,West Indies,SD Hope,RL Chase,Gulbadin Naib,0,0,"",""
ball,2,15.5,West Indies,SD Hope,RL Chase,Gulbadin Naib,1,0,"",""
ball,2,15.6,West Indies,RL Chase,SD Hope,Gulbadin Naib,1,0,"",""
ball,2,16.1,West Indies,RL Chase,SD Hope,Mohammad Nabi,1,0,"",""
ball,2,16.2,West Indies,SD Hope,RL Chase,Mohammad Nabi,0,0,"",""
ball,2,16.3,West Indies,SD Hope,RL Chase,Mohammad Nabi,0,0,"",""
ball,2,16.4,West Indies,SD Hope,RL Chase,Mohammad Nabi,0,0,"",""
ball,2,16.5,West Indies,SD Hope,RL Chase,Mohammad Nabi,1,0,"",""
ball,2,16.6,West Indies,RL Chase,SD Hope,Mohammad Nabi,2,0,"",""
ball,2,17.1,West Indies,SD Hope,RL Chase,Gulbadin Naib,1,0,"",""
ball,2,17.2,West Indies,RL Chase,SD Hope,Gulbadin Naib,1,0,"",""
ball,2,17.3,West Indies,SD Hope,RL Chase,Gulbadin Naib,0,0,"",""
ball,2,17.4,West Indies,SD Hope,RL Chase,Gulbadin Naib,0,0,"",""
ball,2,17.5,West Indies,SD Hope,RL Chase,Gulbadin Naib,0,0,"",""
ball,2,17.6,West Indies,SD Hope,RL Chase,Gulbadin Naib,0,0,"",""
ball,2,18.1,West Indies,RL Chase,SD Hope,Mohammad Nabi,0,0,"",""
ball,2,18.2,West Indies,RL Chase,SD Hope,Mohammad Nabi,0,0,"",""
ball,2,18.3,West Indies,RL Chase,SD Hope,Mohammad Nabi,1,0,"",""
ball,2,18.4,West Indies,SD Hope,RL Chase,Mohammad Nabi,0,0,"",""
ball,2,18.5,West Indies,SD Hope,RL Chase,Mohammad Nabi,0,0,"",""
ball,2,18.6,West Indies,SD Hope,RL Chase,Mohammad Nabi,1,0,"",""
ball,2,19.1,West Indies,SD Hope,RL Chase,Gulbadin Naib,0,0,"",""
ball,2,19.2,West Indies,SD Hope,RL Chase,Gulbadin Naib,2,0,"",""
ball,2,19.3,West Indies,SD Hope,RL Chase,Gulbadin Naib,1,0,"",""
ball,2,19.4,West Indies,RL Chase,SD Hope,Gulbadin Naib,1,0,"",""
ball,2,19.5,West Indies,SD Hope,RL Chase,Gulbadin Naib,1,0,"",""
ball,2,19.6,West Indies,RL Chase,SD Hope,Gulbadin Naib,4,0,"",""
ball,2,20.1,West Indies,SD Hope,RL Chase,Rashid Khan,0,0,"",""
ball,2,20.2,West Indies,SD Hope,RL Chase,Rashid Khan,1,0,"",""
ball,2,20.3,West Indies,RL Chase,SD Hope,Rashid Khan,0,0,"",""
ball,2,20.4,West Indies,RL Chase,SD Hope,Rashid Khan,0,0,"",""
ball,2,20.5,West Indies,RL Chase,SD Hope,Rashid Khan,0,0,"",""
ball,2,20.6,West Indies,RL Chase,SD Hope,Rashid Khan,0,0,"",""
ball,2,21.1,West Indies,SD Hope,RL Chase,Javed Ahmadi,1,0,"",""
ball,2,21.2,West Indies,RL Chase,SD Hope,Javed Ahmadi,0,0,"",""
ball,2,21.3,West Indies,RL Chase,SD Hope,Javed Ahmadi,2,0,"",""
ball,2,21.4,West Indies,RL Chase,SD Hope,Javed Ahmadi,0,0,"",""
ball,2,21.5,West Indies,RL Chase,SD Hope,Javed Ahmadi,1,0,"",""
ball,2,21.6,West Indies,SD Hope,RL Chase,Javed Ahmadi,0,0,"",""
ball,2,22.1,West Indies,RL Chase,SD Hope,Rashid Khan,1,0,"",""
ball,2,22.2,West Indies,SD Hope,RL Chase,Rashid Khan,0,0,"",""
ball,2,22.3,West Indies,SD Hope,RL Chase,Rashid Khan,1,0,"",""
ball,2,22.4,West Indies,RL Chase,SD Hope,Rashid Khan,0,0,"",""
ball,2,22.5,West Indies,RL Chase,SD Hope,Rashid Khan,0,0,"",""
ball,2,22.6,West Indies,RL Chase,SD Hope,Rashid Khan,1,0,"",""
ball,2,23.1,West Indies,RL Chase,SD Hope,Javed Ahmadi,1,0,"",""
ball,2,23.2,West Indies,SD Hope,RL Chase,Javed Ahmadi,4,0,"",""
ball,2,23.3,West Indies,SD Hope,RL Chase,Javed Ahmadi,0,0,"",""
ball,2,23.4,West Indies,SD Hope,RL Chase,Javed Ahmadi,0,0,"",""
ball,2,23.5,West Indies,SD Hope,RL Chase,Javed Ahmadi,1,0,"",""
ball,2,23.6,West Indies,RL Chase,SD Hope,Javed Ahmadi,0,0,"",""
ball,2,24.1,West Indies,SD Hope,RL Chase,Rashid Khan,1,0,"",""
ball,2,24.2,West Indies,RL Chase,SD Hope,Rashid Khan,0,0,"",""
ball,2,24.3,West Indies,RL Chase,SD Hope,Rashid Khan,0,0,"",""
ball,2,24.4,West Indies,RL Chase,SD Hope,Rashid Khan,0,0,"",""
ball,2,24.5,West Indies,RL Chase,SD Hope,Rashid Khan,0,0,"",""
ball,2,24.6,West Indies,RL Chase,SD Hope,Rashid Khan,1,0,"",""
ball,2,25.1,West Indies,RL Chase,SD Hope,Mohammad Nabi,1,0,"",""
ball,2,25.2,West Indies,SD Hope,RL Chase,Mohammad Nabi,0,0,"",""
ball,2,25.3,West Indies,SD Hope,RL Chase,Mohammad Nabi,1,0,"",""
ball,2,25.4,West Indies,RL Chase,SD Hope,Mohammad Nabi,0,0,"",""
ball,2,25.5,West Indies,RL Chase,SD Hope,Mohammad Nabi,0,1,"",""
ball,2,25.6,West Indies,RL Chase,SD Hope,Mohammad Nabi,0,0,"",""
ball,2,25.7,West Indies,RL Chase,SD Hope,Mohammad Nabi,0,0,"",""
ball,2,26.1,West Indies,SD Hope,RL Chase,Rashid Khan,1,0,"",""
ball,2,26.2,West Indies,RL Chase,SD Hope,Rashid Khan,0,0,"",""
ball,2,26.3,West Indies,RL Chase,SD Hope,Rashid Khan,1,0,"",""
ball,2,26.4,West Indies,SD Hope,RL Chase,Rashid Khan,0,0,"",""
ball,2,26.5,West Indies,SD Hope,RL Chase,Rashid Khan,0,0,"",""
ball,2,26.6,West Indies,SD Hope,RL Chase,Rashid Khan,4,0,"",""
ball,2,27.1,West Indies,RL Chase,SD Hope,Mohammad Nabi,0,0,"",""
ball,2,27.2,West Indies,RL Chase,SD Hope,Mohammad Nabi,1,0,"",""
ball,2,27.3,West Indies,SD Hope,RL Chase,Mohammad Nabi,0,0,"",""
ball,2,27.4,West Indies,SD Hope,RL Chase,Mohammad Nabi,0,0,"",""
ball,2,27.5,West Indies,SD Hope,RL Chase,Mohammad Nabi,1,0,"",""
ball,2,27.6,West Indies,RL Chase,SD Hope,Mohammad Nabi,1,0,"",""
ball,2,28.1,West Indies,RL Chase,SD Hope,Naveen-ul-Haq,0,0,"",""
ball,2,28.2,West Indies,RL Chase,SD Hope,Naveen-ul-Haq,0,0,"",""
ball,2,28.3,West Indies,RL Chase,SD Hope,Naveen-ul-Haq,1,0,"",""
ball,2,28.4,West Indies,SD Hope,RL Chase,Naveen-ul-Haq,1,0,"",""
ball,2,28.5,West Indies,RL Chase,SD Hope,Naveen-ul-Haq,0,0,"",""
ball,2,28.6,West Indies,RL Chase,SD Hope,Naveen-ul-Haq,0,0,"",""
ball,2,29.1,West Indies,SD Hope,RL Chase,Mujeeb Ur Rahman,0,0,"",""
ball,2,29.2,West Indies,SD Hope,RL Chase,Mujeeb Ur Rahman,0,0,"",""
ball,2,29.3,West Indies,SD Hope,RL Chase,Mujeeb Ur Rahman,1,0,"",""
ball,2,29.4,West Indies,RL Chase,SD Hope,Mujeeb Ur Rahman,1,0,"",""
ball,2,29.5,West Indies,SD Hope,RL Chase,Mujeeb Ur Rahman,0,0,"",""
ball,2,29.6,West Indies,SD Hope,RL Chase,Mujeeb Ur Rahman,0,0,"",""
ball,2,30.1,West Indies,RL Chase,SD Hope,Naveen-ul-Haq,1,0,"",""
ball,2,30.2,West Indies,SD Hope,RL Chase,Naveen-ul-Haq,0,0,"",""
ball,2,30.3,West Indies,SD Hope,RL Chase,Naveen-ul-Haq,0,0,"",""
ball,2,30.4,West Indies,SD Hope,RL Chase,Naveen-ul-Haq,0,0,"",""
ball,2,30.5,West Indies,SD Hope,RL Chase,Naveen-ul-Haq,1,0,"",""
ball,2,30.6,West Indies,RL Chase,SD Hope,Naveen-ul-Haq,4,0,"",""
ball,2,31.1,West Indies,SD Hope,RL Chase,Mujeeb Ur Rahman,0,0,"",""
ball,2,31.2,West Indies,SD Hope,RL Chase,Mujeeb Ur Rahman,0,0,"",""
ball,2,31.3,West Indies,SD Hope,RL Chase,Mujeeb Ur Rahman,1,0,"",""
ball,2,31.4,West Indies,RL Chase,SD Hope,Mujeeb Ur Rahman,1,0,"",""
ball,2,31.5,West Indies,SD Hope,RL Chase,Mujeeb Ur Rahman,1,0,"",""
ball,2,31.6,West Indies,RL Chase,SD Hope,Mujeeb Ur Rahman,0,0,"",""
ball,2,32.1,West Indies,SD Hope,RL Chase,Rashid Khan,1,0,"",""
ball,2,32.2,West Indies,RL Chase,SD Hope,Rashid Khan,1,0,"",""
ball,2,32.3,West Indies,SD Hope,RL Chase,Rashid Khan,0,0,"",""
ball,2,32.4,West Indies,SD Hope,RL Chase,Rashid Khan,1,0,"",""
ball,2,32.5,West Indies,RL Chase,SD Hope,Rashid Khan,0,0,"",""
ball,2,32.6,West Indies,RL Chase,SD Hope,Rashid Khan,0,0,"",""
ball,2,33.1,West Indies,SD Hope,RL Chase,Mohammad Nabi,1,0,"",""
ball,2,33.2,West Indies,RL Chase,SD Hope,Mohammad Nabi,4,0,"",""
ball,2,33.3,West Indies,RL Chase,SD Hope,Mohammad Nabi,2,0,"",""
ball,2,33.4,West Indies,RL Chase,SD Hope,Mohammad Nabi,0,0,"",""
ball,2,33.5,West Indies,RL Chase,SD Hope,Mohammad Nabi,1,0,"",""
ball,2,33.6,West Indies,SD Hope,RL Chase,Mohammad Nabi,0,0,"",""
ball,2,34.1,West Indies,RL Chase,SD Hope,Rashid Khan,1,0,"",""
ball,2,34.2,West Indies,SD Hope,RL Chase,Rashid Khan,0,0,"",""
ball,2,34.3,West Indies,SD Hope,RL Chase,Rashid Khan,1,0,"",""
ball,2,34.4,West Indies,RL Chase,SD Hope,Rashid Khan,0,0,"",""
ball,2,34.5,West Indies,RL Chase,SD Hope,Rashid Khan,0,0,"",""
ball,2,34.6,West Indies,RL Chase,SD Hope,Rashid Khan,0,0,"",""
ball,2,35.1,West Indies,SD Hope,RL Chase,Mohammad Nabi,0,0,"",""
ball,2,35.2,West Indies,SD Hope,RL Chase,Mohammad Nabi,1,0,"",""
ball,2,35.3,West Indies,RL Chase,SD Hope,Mohammad Nabi,1,0,"",""
ball,2,35.4,West Indies,SD Hope,RL Chase,Mohammad Nabi,0,0,"",""
ball,2,35.5,West Indies,SD Hope,RL Chase,Mohammad Nabi,1,0,"",""
ball,2,35.6,West Indies,RL Chase,SD Hope,Mohammad Nabi,1,0,"",""
ball,2,36.1,West Indies,RL Chase,SD Hope,Rashid Khan,0,0,"",""
ball,2,36.2,West Indies,RL Chase,SD Hope,Rashid Khan,0,0,"",""
ball,2,36.3,West Indies,RL Chase,SD Hope,Rashid Khan,0,0,"",""
ball,2,36.4,West Indies,RL Chase,SD Hope,Rashid Khan,4,0,"",""
ball,2,36.5,West Indies,RL Chase,SD Hope,Rashid Khan,4,0,"",""
ball,2,36.6,West Indies,RL Chase,SD Hope,Rashid Khan,2,0,"",""
ball,2,37.1,West Indies,SD Hope,RL Chase,Mohammad Nabi,1,0,"",""
ball,2,37.2,West Indies,RL Chase,SD Hope,Mohammad Nabi,0,0,"",""
ball,2,37.3,West Indies,RL Chase,SD Hope,Mohammad Nabi,0,0,"",""
ball,2,37.4,West Indies,RL Chase,SD Hope,Mohammad Nabi,4,0,"",""
ball,2,37.5,West Indies,RL Chase,SD Hope,Mohammad Nabi,1,0,"",""
ball,2,37.6,West Indies,SD Hope,RL Chase,Mohammad Nabi,1,0,"",""
ball,2,38.1,West Indies,SD Hope,RL Chase,Rashid Khan,1,0,"",""
ball,2,38.2,West Indies,RL Chase,SD Hope,Rashid Khan,0,0,"",""
ball,2,38.3,West Indies,RL Chase,SD Hope,Rashid Khan,4,0,"",""
ball,2,38.4,West Indies,RL Chase,SD Hope,Rashid Khan,1,0,"",""
ball,2,38.5,West Indies,SD Hope,RL Chase,Rashid Khan,4,0,"",""
ball,2,38.6,West Indies,SD Hope,RL Chase,Rashid Khan,0,0,"",""
ball,2,39.1,West Indies,RL Chase,SD Hope,Mujeeb Ur Rahman,0,0,"",""
ball,2,39.2,West Indies,RL Chase,SD Hope,Mujeeb Ur Rahman,0,0,"",""
ball,2,39.3,West Indies,RL Chase,SD Hope,Mujeeb Ur Rahman,1,0,"",""
ball,2,39.4,West Indies,SD Hope,RL Chase,Mujeeb Ur Rahman,2,0,"",""
ball,2,39.5,West Indies,SD Hope,RL Chase,Mujeeb Ur Rahman,0,0,"",""
ball,2,39.6,West Indies,SD Hope,RL Chase,Mujeeb Ur Rahman,0,0,"",""
ball,2,40.1,West Indies,RL Chase,SD Hope,Naveen-ul-Haq,0,0,"",""
ball,2,40.2,West Indies,RL Chase,SD Hope,Naveen-ul-Haq,0,0,"",""
ball,2,40.3,West Indies,RL Chase,SD Hope,Naveen-ul-Haq,0,0,"",""
ball,2,40.4,West Indies,RL Chase,SD Hope,Naveen-ul-Haq,0,0,"",""
ball,2,40.5,West Indies,RL Chase,SD Hope,Naveen-ul-Haq,0,0,"",""
ball,2,40.6,West Indies,RL Chase,SD Hope,Naveen-ul-Haq,1,0,"",""
ball,2,41.1,West Indies,RL Chase,SD Hope,Mujeeb Ur Rahman,0,0,"",""
ball,2,41.2,West Indies,RL Chase,SD Hope,Mujeeb Ur Rahman,1,0,"",""
ball,2,41.3,West Indies,SD Hope,RL Chase,Mujeeb Ur Rahman,0,0,"",""
ball,2,41.4,West Indies,SD Hope,RL Chase,Mujeeb Ur Rahman,0,0,"",""
ball,2,41.5,West Indies,SD Hope,RL Chase,Mujeeb Ur Rahman,0,0,"",""
ball,2,41.6,West Indies,SD Hope,RL Chase,Mujeeb Ur Rahman,2,0,"",""
ball,2,42.1,West Indies,RL Chase,SD Hope,Naveen-ul-Haq,1,0,"",""
ball,2,42.2,West Indies,SD Hope,RL Chase,Naveen-ul-Haq,1,0,"",""
ball,2,42.3,West Indies,RL Chase,SD Hope,Naveen-ul-Haq,0,0,"",""
ball,2,42.4,West Indies,RL Chase,SD Hope,Naveen-ul-Haq,0,0,"",""
ball,2,42.5,West Indies,RL Chase,SD Hope,Naveen-ul-Haq,4,0,"",""
ball,2,42.6,West Indies,RL Chase,SD Hope,Naveen-ul-Haq,0,0,"",""
ball,2,43.1,West Indies,SD Hope,RL Chase,Mujeeb Ur Rahman,0,0,"",""
ball,2,43.2,West Indies,SD Hope,RL Chase,Mujeeb Ur Rahman,1,0,"",""
ball,2,43.3,West Indies,RL Chase,SD Hope,Mujeeb Ur Rahman,1,0,"",""
ball,2,43.4,West Indies,SD Hope,RL Chase,Mujeeb Ur Rahman,0,1,"",""
ball,2,43.5,West Indies,SD Hope,RL Chase,Mujeeb Ur Rahman,1,0,"",""
ball,2,43.6,West Indies,RL Chase,SD Hope,Mujeeb Ur Rahman,0,0,bowled,RL Chase
ball,2,43.7,West Indies,N Pooran,SD Hope,Mujeeb Ur Rahman,1,0,"",""
ball,2,44.1,West Indies,N Pooran,SD Hope,Javed Ahmadi,0,0,"",""
ball,2,44.2,West Indies,N Pooran,SD Hope,Javed Ahmadi,0,0,"",""
ball,2,44.3,West Indies,N Pooran,SD Hope,Javed Ahmadi,0,0,"",""
ball,2,44.4,West Indies,N Pooran,SD Hope,Javed Ahmadi,0,0,"",""
ball,2,44.5,West Indies,N Pooran,SD Hope,Javed Ahmadi,1,0,"",""
ball,2,44.6,West Indies,SD Hope,N Pooran,Javed Ahmadi,0,0,"",""
ball,2,45.1,West Indies,N Pooran,SD Hope,Gulbadin Naib,0,0,"",""
ball,2,45.2,West Indies,N Pooran,SD Hope,Gulbadin Naib,1,0,"",""
ball,2,45.3,West Indies,SD Hope,N Pooran,Gulbadin Naib,1,0,"",""
ball,2,45.4,West Indies,N Pooran,SD Hope,Gulbadin Naib,0,0,"",""
ball,2,45.5,West Indies,N Pooran,SD Hope,Gulbadin Naib,1,0,"",""
ball,2,45.6,West Indies,SD Hope,N Pooran,Gulbadin Naib,0,0,"",""
ball,2,46.1,West Indies,N Pooran,SD Hope,Javed Ahmadi,0,0,"",""
ball,2,46.2,West Indies,N Pooran,SD Hope,Javed Ahmadi,0,0,"",""
ball,2,46.3,West Indies,N Pooran,SD Hope,Javed Ahmadi,4,0,"",""
