version,1.3.0
info,team,Sri Lanka
info,team,Bangladesh
info,gender,male
info,season,2019
info,date,2019/07/26
info,series,Bangladesh tour of Sri Lanka 2019
info,match_number,1
info,venue,"R.Premadasa Stadium, Khettarama"
info,city,Colombo
info,toss_winner,Sri Lanka
info,toss_decision,bat
info,player_of_match,MDKJ Perera
info,umpire,RR Wimalasiri
info,umpire,Nitin Menon
info,reserve_umpire,LE Hannibal
info,tv_umpire,M Erasmus
info,match_referee,BC Broad
info,winner,Sri Lanka
info,winner_runs,91
ball,1,0.1,Sri Lanka,WIA Fernando,FDM Karunaratne,Shafiul Islam,0,0,"",""
ball,1,0.2,Sri Lanka,WIA Fernando,FDM Karunaratne,Shafiul Islam,0,0,"",""
ball,1,0.3,Sri Lanka,WIA Fernando,FDM Karunaratne,Shafiul Islam,0,0,"",""
ball,1,0.4,Sri Lanka,WIA Fernando,FDM Karunaratne,Shafiul Islam,2,0,"",""
ball,1,0.5,Sri Lanka,WIA Fernando,FDM Karunaratne,Shafiul Islam,0,0,"",""
ball,1,0.6,Sri Lanka,WIA Fernando,FDM Karunaratne,Shafiul Islam,0,0,"",""
ball,1,1.1,Sri Lanka,FDM Karunaratne,WIA Fernando,Mehedi Hasan Miraz,1,0,"",""
ball,1,1.2,Sri Lanka,WIA Fernando,FDM Karunaratne,Mehedi Hasan Miraz,0,0,"",""
ball,1,1.3,Sri Lanka,WIA Fernando,FDM Karunaratne,Mehedi Hasan Miraz,1,0,"",""
ball,1,1.4,Sri Lanka,FDM Karunaratne,WIA Fernando,Mehedi Hasan Miraz,1,0,"",""
ball,1,1.5,Sri Lanka,WIA Fernando,FDM Karunaratne,Mehedi Hasan Miraz,1,0,"",""
ball,1,1.6,Sri Lanka,FDM Karunaratne,WIA Fernando,Mehedi Hasan Miraz,0,0,"",""
ball,1,2.1,Sri Lanka,WIA Fernando,FDM Karunaratne,Shafiul Islam,0,0,"",""
ball,1,2.2,Sri Lanka,WIA Fernando,FDM Karunaratne,Shafiul Islam,2,0,"",""
ball,1,2.3,Sri Lanka,WIA Fernando,FDM Karunaratne,Shafiul Islam,1,0,"",""
ball,1,2.4,Sri Lanka,FDM Karunaratne,WIA Fernando,Shafiul Islam,1,0,"",""
ball,1,2.5,Sri Lanka,WIA Fernando,FDM Karunaratne,Shafiul Islam,0,0,caught,WIA Fernando
ball,1,2.6,Sri Lanka,MDKJ Perera,FDM Karunaratne,Shafiul Islam,0,0,"",""
ball,1,3.1,Sri Lanka,FDM Karunaratne,MDKJ Perera,Mehedi Hasan Miraz,1,0,"",""
ball,1,3.2,Sri Lanka,MDKJ Perera,FDM Karunaratne,Mehedi Hasan Miraz,0,0,"",""
ball,1,3.3,Sri Lanka,MDKJ Perera,FDM Karunaratne,Mehedi Hasan Miraz,0,0,"",""
ball,1,3.4,Sri Lanka,MDKJ Perera,FDM Karunaratne,Mehedi Hasan Miraz,1,0,"",""
ball,1,3.5,Sri Lanka,FDM Karunaratne,MDKJ Perera,Mehedi Hasan Miraz,1,0,"",""
ball,1,3.6,Sri Lanka,MDKJ Perera,FDM Karunaratne,Mehedi Hasan Miraz,0,0,"",""
ball,1,4.1,Sri Lanka,FDM Karunaratne,MDKJ Perera,Shafiul Islam,4,0,"",""
ball,1,4.2,Sri Lanka,FDM Karunaratne,MDKJ Perera,Shafiul Islam,0,1,"",""
ball,1,4.3,Sri Lanka,FDM Karunaratne,MDKJ Perera,Shafiul Islam,0,0,"",""
ball,1,4.4,Sri Lanka,FDM Karunaratne,MDKJ Perera,Shafiul Islam,0,0,"",""
ball,1,4.5,Sri Lanka,FDM Karunaratne,MDKJ Perera,Shafiul Islam,1,0,"",""
ball,1,4.6,Sri Lanka,MDKJ Perera,FDM Karunaratne,Shafiul Islam,4,0,"",""
ball,1,4.7,Sri Lanka,MDKJ Perera,FDM Karunaratne,Shafiul Islam,0,0,"",""
ball,1,5.1,Sri Lanka,FDM Karunaratne,MDKJ Perera,Mehedi Hasan Miraz,0,0,"",""
ball,1,5.2,Sri Lanka,FDM Karunaratne,MDKJ Perera,Mehedi Hasan Miraz,2,0,"",""
ball,1,5.3,Sri Lanka,FDM Karunaratne,MDKJ Perera,Mehedi Hasan Miraz,1,0,"",""
ball,1,5.4,Sri Lanka,MDKJ Perera,FDM Karunaratne,Mehedi Hasan Miraz,4,0,"",""
ball,1,5.5,Sri Lanka,MDKJ Perera,FDM Karunaratne,Mehedi Hasan Miraz,1,0,"",""
ball,1,5.6,Sri Lanka,FDM Karunaratne,MDKJ Perera,Mehedi Hasan Miraz,4,0,"",""
ball,1,6.1,Sri Lanka,MDKJ Perera,FDM Karunaratne,Rubel Hossain,1,0,"",""
ball,1,6.2,Sri Lanka,FDM Karunaratne,MDKJ Perera,Rubel Hossain,1,0,"",""
ball,1,6.3,Sri Lanka,MDKJ Perera,FDM Karunaratne,Rubel Hossain,0,0,"",""
ball,1,6.4,Sri Lanka,MDKJ Perera,FDM Karunaratne,Rubel Hossain,4,0,"",""
ball,1,6.5,Sri Lanka,MDKJ Perera,FDM Karunaratne,Rubel Hossain,4,0,"",""
ball,1,6.6,Sri Lanka,MDKJ Perera,FDM Karunaratne,Rubel Hossain,0,0,"",""
ball,1,7.1,Sri Lanka,FDM Karunaratne,MDKJ Perera,Mehedi Hasan Miraz,1,0,"",""
ball,1,7.2,Sri Lanka,MDKJ Perera,FDM Karunaratne,Mehedi Hasan Miraz,0,0,"",""
ball,1,7.3,Sri Lanka,MDKJ Perera,FDM Karunaratne,Mehedi Hasan Miraz,4,0,"",""
ball,1,7.4,Sri Lanka,MDKJ Perera,FDM Karunaratne,Mehedi Hasan Miraz,4,0,"",""
ball,1,7.5,Sri Lanka,MDKJ Perera,FDM Karunaratne,Mehedi Hasan Miraz,0,0,"",""
ball,1,7.6,Sri Lanka,MDKJ Perera,FDM Karunaratne,Mehedi Hasan Miraz,0,0,"",""
ball,1,8.1,Sri Lanka,FDM Karunaratne,MDKJ Perera,Mosaddek Hossain,4,0,"",""
ball,1,8.2,Sri Lanka,FDM Karunaratne,MDKJ Perera,Mosaddek Hossain,0,0,"",""
ball,1,8.3,Sri Lanka,FDM Karunaratne,MDKJ Perera,Mosaddek Hossain,4,0,"",""
ball,1,8.4,Sri Lanka,FDM Karunaratne,MDKJ Perera,Mosaddek Hossain,0,0,"",""
ball,1,8.5,Sri Lanka,FDM Karunaratne,MDKJ Perera,Mosaddek Hossain,1,0,"",""
ball,1,8.6,Sri Lanka,MDKJ Perera,FDM Karunaratne,Mosaddek Hossain,0,0,"",""
ball,1,9.1,Sri Lanka,FDM Karunaratne,MDKJ Perera,Rubel Hossain,0,0,"",""
ball,1,9.2,Sri Lanka,FDM Karunaratne,MDKJ Perera,Rubel Hossain,0,5,"",""
ball,1,9.3,Sri Lanka,FDM Karunaratne,MDKJ Perera,Rubel Hossain,1,0,"",""
ball,1,9.4,Sri Lanka,MDKJ Perera,FDM Karunaratne,Rubel Hossain,4,0,"",""
ball,1,9.5,Sri Lanka,MDKJ Perera,FDM Karunaratne,Rubel Hossain,4,0,"",""
ball,1,9.6,Sri Lanka,MDKJ Perera,FDM Karunaratne,Rubel Hossain,0,0,"",""
ball,1,9.7,Sri Lanka,MDKJ Perera,FDM Karunaratne,Rubel Hossain,0,0,"",""
ball,1,10.1,Sri Lanka,FDM Karunaratne,MDKJ Perera,Mosaddek Hossain,1,0,"",""
ball,1,10.2,Sri Lanka,MDKJ Perera,FDM Karunaratne,Mosaddek Hossain,2,0,"",""
ball,1,10.3,Sri Lanka,MDKJ Perera,FDM Karunaratne,Mosaddek Hossain,0,0,"",""
ball,1,10.4,Sri Lanka,MDKJ Perera,FDM Karunaratne,Mosaddek Hossain,1,0,"",""
ball,1,10.5,Sri Lanka,FDM Karunaratne,MDKJ Perera,Mosaddek Hossain,1,0,"",""
ball,1,10.6,Sri Lanka,MDKJ Perera,FDM Karunaratne,Mosaddek Hossain,1,0,"",""
ball,1,11.1,Sri Lanka,MDKJ Perera,FDM Karunaratne,Shafiul Islam,0,0,"",""
ball,1,11.2,Sri Lanka,MDKJ Perera,FDM Karunaratne,Shafiul Islam,0,0,"",""
ball,1,11.3,Sri Lanka,MDKJ Perera,FDM Karunaratne,Shafiul Islam,0,0,"",""
ball,1,11.4,Sri Lanka,MDKJ Perera,FDM Karunaratne,Shafiul Islam,1,0,"",""
ball,1,11.5,Sri Lanka,FDM Karunaratne,MDKJ Perera,Shafiul Islam,0,0,"",""
ball,1,11.6,Sri Lanka,FDM Karunaratne,MDKJ Perera,Shafiul Islam,1,0,"",""
ball,1,12.1,Sri Lanka,FDM Karunaratne,MDKJ Perera,Mosaddek Hossain,0,0,"",""
ball,1,12.2,Sri Lanka,FDM Karunaratne,MDKJ Perera,Mosaddek Hossain,1,0,"",""
ball,1,12.3,Sri Lanka,MDKJ Perera,FDM Karunaratne,Mosaddek Hossain,1,0,"",""
ball,1,12.4,Sri Lanka,FDM Karunaratne,MDKJ Perera,Mosaddek Hossain,1,0,"",""
ball,1,12.5,Sri Lanka,MDKJ Perera,FDM Karunaratne,Mosaddek Hossain,0,0,"",""
ball,1,12.6,Sri Lanka,MDKJ Perera,FDM Karunaratne,Mosaddek Hossain,4,0,"",""
ball,1,13.1,Sri Lanka,FDM Karunaratne,MDKJ Perera,Shafiul Islam,1,0,"",""
ball,1,13.2,Sri Lanka,MDKJ Perera,FDM Karunaratne,Shafiul Islam,0,1,"",""
ball,1,13.3,Sri Lanka,FDM Karunaratne,MDKJ Perera,Shafiul Islam,1,0,"",""
ball,1,13.4,Sri Lanka,MDKJ Perera,FDM Karunaratne,Shafiul Islam,4,0,"",""
ball,1,13.5,Sri Lanka,MDKJ Perera,FDM Karunaratne,Shafiul Islam,0,1,"",""
ball,1,13.6,Sri Lanka,MDKJ Perera,FDM Karunaratne,Shafiul Islam,4,0,"",""
ball,1,13.7,Sri Lanka,MDKJ Perera,FDM Karunaratne,Shafiul Islam,0,1,"",""
ball,1,13.8,Sri Lanka,MDKJ Perera,FDM Karunaratne,Shafiul Islam,1,0,"",""
ball,1,14.1,Sri Lanka,MDKJ Perera,FDM Karunaratne,Mehedi Hasan Miraz,1,0,"",""
ball,1,14.2,Sri Lanka,FDM Karunaratne,MDKJ Perera,Mehedi Hasan Miraz,0,0,"",""
ball,1,14.3,Sri Lanka,FDM Karunaratne,MDKJ Perera,Mehedi Hasan Miraz,0,0,"",""
ball,1,14.4,Sri Lanka,FDM Karunaratne,MDKJ Perera,Mehedi Hasan Miraz,0,0,"",""
ball,1,14.5,Sri Lanka,FDM Karunaratne,MDKJ Perera,Mehedi Hasan Miraz,0,0,"",""
ball,1,14.6,Sri Lanka,FDM Karunaratne,MDKJ Perera,Mehedi Hasan Miraz,0,0,caught,FDM Karunaratne
ball,1,15.1,Sri Lanka,MDKJ Perera,BKG Mendis,Mustafizur Rahman,0,0,"",""
ball,1,15.2,Sri Lanka,MDKJ Perera,BKG Mendis,Mustafizur Rahman,0,0,"",""
ball,1,15.3,Sri Lanka,MDKJ Perera,BKG Mendis,Mustafizur Rahman,1,0,"",""
ball,1,15.4,Sri Lanka,BKG Mendis,MDKJ Perera,Mustafizur Rahman,0,0,"",""
ball,1,15.5,Sri Lanka,BKG Mendis,MDKJ Perera,Mustafizur Rahman,0,0,"",""
ball,1,15.6,Sri Lanka,BKG Mendis,MDKJ Perera,Mustafizur Rahman,1,0,"",""
ball,1,16.1,Sri Lanka,BKG Mendis,MDKJ Perera,Mehedi Hasan Miraz,0,0,"",""
ball,1,16.2,Sri Lanka,BKG Mendis,MDKJ Perera,Mehedi Hasan Miraz,1,0,"",""
ball,1,16.3,Sri Lanka,MDKJ Perera,BKG Mendis,Mehedi Hasan Miraz,0,0,"",""
ball,1,16.4,Sri Lanka,MDKJ Perera,BKG Mendis,Mehedi Hasan Miraz,4,0,"",""
ball,1,16.5,Sri Lanka,MDKJ Perera,BKG Mendis,Mehedi Hasan Miraz,1,0,"",""
ball,1,16.6,Sri Lanka,BKG Mendis,MDKJ Perera,Mehedi Hasan Miraz,4,0,"",""
ball,1,17.1,Sri Lanka,MDKJ Perera,BKG Mendis,Mustafizur Rahman,0,0,"",""
ball,1,17.2,Sri Lanka,MDKJ Perera,BKG Mendis,Mustafizur Rahman,0,2,"",""
ball,1,17.3,Sri Lanka,BKG Mendis,MDKJ Perera,Mustafizur Rahman,1,0,"",""
ball,1,17.4,Sri Lanka,MDKJ Perera,BKG Mendis,Mustafizur Rahman,4,0,"",""
ball,1,17.5,Sri Lanka,MDKJ Perera,BKG Mendis,Mustafizur Rahman,1,0,"",""
ball,1,17.6,Sri Lanka,BKG Mendis,MDKJ Perera,Mustafizur Rahman,0,0,"",""
ball,1,17.7,Sri Lanka,BKG Mendis,MDKJ Perera,Mustafizur Rahman,0,0,"",""
ball,1,18.1,Sri Lanka,MDKJ Perera,BKG Mendis,Rubel Hossain,0,0,"",""
ball,1,18.2,Sri Lanka,MDKJ Perera,BKG Mendis,Rubel Hossain,1,0,"",""
ball,1,18.3,Sri Lanka,BKG Mendis,MDKJ Perera,Rubel Hossain,0,0,"",""
ball,1,18.4,Sri Lanka,BKG Mendis,MDKJ Perera,Rubel Hossain,0,0,"",""
ball,1,18.5,Sri Lanka,BKG Mendis,MDKJ Perera,Rubel Hossain,0,0,"",""
ball,1,18.6,Sri Lanka,BKG Mendis,MDKJ Perera,Rubel Hossain,0,0,"",""
ball,1,19.1,Sri Lanka,MDKJ Perera,BKG Mendis,Mustafizur Rahman,1,0,"",""
ball,1,19.2,Sri Lanka,BKG Mendis,MDKJ Perera,Mustafizur Rahman,1,0,"",""
ball,1,19.3,Sri Lanka,MDKJ Perera,BKG Mendis,Mustafizur Rahman,4,0,"",""
ball,1,19.4,Sri Lanka,MDKJ Perera,BKG Mendis,Mustafizur Rahman,0,0,"",""
ball,1,19.5,Sri Lanka,MDKJ Perera,BKG Mendis,Mustafizur Rahman,1,0,"",""
ball,1,19.6,Sri Lanka,BKG Mendis,MDKJ Perera,Mustafizur Rahman,0,0,"",""
ball,1,20.1,Sri Lanka,MDKJ Perera,BKG Mendis,Rubel Hossain,1,0,"",""
ball,1,20.2,Sri Lanka,BKG Mendis,MDKJ Perera,Rubel Hossain,1,0,"",""
ball,1,20.3,Sri Lanka,MDKJ Perera,BKG Mendis,Rubel Hossain,1,0,"",""
ball,1,20.4,Sri Lanka,BKG Mendis,MDKJ Perera,Rubel Hossain,0,0,"",""
ball,1,20.5,Sri Lanka,BKG Mendis,MDKJ Perera,Rubel Hossain,1,0,"",""
ball,1,20.6,Sri Lanka,MDKJ Perera,BKG Mendis,Rubel Hossain,2,0,"",""
ball,1,21.1,Sri Lanka,BKG Mendis,MDKJ Perera,Mustafizur Rahman,3,0,"",""
ball,1,21.2,Sri Lanka,MDKJ Perera,BKG Mendis,Mustafizur Rahman,4,0,"",""
ball,1,21.3,Sri Lanka,MDKJ Perera,BKG Mendis,Mustafizur Rahman,0,0,"",""
ball,1,21.4,Sri Lanka,MDKJ Perera,BKG Mendis,Mustafizur Rahman,0,0,"",""
ball,1,21.5,Sri Lanka,MDKJ Perera,BKG Mendis,Mustafizur Rahman,1,0,"",""
ball,1,21.6,Sri Lanka,BKG Mendis,MDKJ Perera,Mustafizur Rahman,4,0,"",""
ball,1,22.1,Sri Lanka,MDKJ Perera,BKG Mendis,Rubel Hossain,0,0,"",""
ball,1,22.2,Sri Lanka,MDKJ Perera,BKG Mendis,Rubel Hossain,0,0,"",""
ball,1,22.3,Sri Lanka,MDKJ Perera,BKG Mendis,Rubel Hossain,4,0,"",""
ball,1,22.4,Sri Lanka,MDKJ Perera,BKG Mendis,Rubel Hossain,1,0,"",""
ball,1,22.5,Sri Lanka,BKG Mendis,MDKJ Perera,Rubel Hossain,4,0,"",""
ball,1,22.6,Sri Lanka,BKG Mendis,MDKJ Perera,Rubel Hossain,2,0,"",""
ball,1,23.1,Sri Lanka,MDKJ Perera,BKG Mendis,Mosaddek Hossain,0,0,"",""
ball,1,23.2,Sri Lanka,MDKJ Perera,BKG Mendis,Mosaddek Hossain,1,0,"",""
ball,1,23.3,Sri Lanka,BKG Mendis,MDKJ Perera,Mosaddek Hossain,1,0,"",""
ball,1,23.4,Sri Lanka,MDKJ Perera,BKG Mendis,Mosaddek Hossain,1,0,"",""
ball,1,23.5,Sri Lanka,BKG Mendis,MDKJ Perera,Mosaddek Hossain,1,0,"",""
ball,1,23.6,Sri Lanka,MDKJ Perera,BKG Mendis,Mosaddek Hossain,0,0,"",""
ball,1,24.1,Sri Lanka,BKG Mendis,MDKJ Perera,Soumya Sarkar,0,0,"",""
ball,1,24.2,Sri Lanka,BKG Mendis,MDKJ Perera,Soumya Sarkar,1,0,"",""
ball,1,24.3,Sri Lanka,MDKJ Perera,BKG Mendis,Soumya Sarkar,0,0,"",""
ball,1,24.4,Sri Lanka,MDKJ Perera,BKG Mendis,Soumya Sarkar,0,0,"",""
ball,1,24.5,Sri Lanka,MDKJ Perera,BKG Mendis,Soumya Sarkar,0,0,"",""
ball,1,24.6,Sri Lanka,MDKJ Perera,BKG Mendis,Soumya Sarkar,0,0,"",""
ball,1,25.1,Sri Lanka,BKG Mendis,MDKJ Perera,Mosaddek Hossain,0,0,"",""
ball,1,25.2,Sri Lanka,BKG Mendis,MDKJ Perera,Mosaddek Hossain,1,0,"",""
ball,1,25.3,Sri Lanka,MDKJ Perera,BKG Mendis,Mosaddek Hossain,0,0,"",""
ball,1,25.4,Sri Lanka,MDKJ Perera,BKG Mendis,Mosaddek Hossain,6,0,"",""
ball,1,25.5,Sri Lanka,MDKJ Perera,BKG Mendis,Mosaddek Hossain,1,0,"",""
ball,1,25.6,Sri Lanka,BKG Mendis,MDKJ Perera,Mosaddek Hossain,1,0,"",""
ball,1,26.1,Sri Lanka,BKG Mendis,MDKJ Perera,Soumya Sarkar,0,0,"",""
ball,1,26.2,Sri Lanka,BKG Mendis,MDKJ Perera,Soumya Sarkar,0,0,"",""
ball,1,26.3,Sri Lanka,BKG Mendis,MDKJ Perera,Soumya Sarkar,1,0,"",""
ball,1,26.4,Sri Lanka,MDKJ Perera,BKG Mendis,Soumya Sarkar,1,0,"",""
ball,1,26.5,Sri Lanka,BKG Mendis,MDKJ Perera,Soumya Sarkar,0,0,"",""
ball,1,26.6,Sri Lanka,BKG Mendis,MDKJ Perera,Soumya Sarkar,0,0,"",""
ball,1,27.1,Sri Lanka,MDKJ Perera,BKG Mendis,Mosaddek Hossain,0,0,"",""
ball,1,27.2,Sri Lanka,MDKJ Perera,BKG Mendis,Mosaddek Hossain,0,0,"",""
ball,1,27.3,Sri Lanka,MDKJ Perera,BKG Mendis,Mosaddek Hossain,0,0,"",""
ball,1,27.4,Sri Lanka,MDKJ Perera,BKG Mendis,Mosaddek Hossain,4,0,"",""
ball,1,27.5,Sri Lanka,MDKJ Perera,BKG Mendis,Mosaddek Hossain,0,0,"",""
ball,1,27.6,Sri Lanka,MDKJ Perera,BKG Mendis,Mosaddek Hossain,0,0,"",""
ball,1,28.1,Sri Lanka,BKG Mendis,MDKJ Perera,Soumya Sarkar,4,0,"",""
ball,1,28.2,Sri Lanka,BKG Mendis,MDKJ Perera,Soumya Sarkar,1,0,"",""
ball,1,28.3,Sri Lanka,MDKJ Perera,BKG Mendis,Soumya Sarkar,1,0,"",""
ball,1,28.4,Sri Lanka,BKG Mendis,MDKJ Perera,Soumya Sarkar,1,0,"",""
ball,1,28.5,Sri Lanka,MDKJ Perera,BKG Mendis,Soumya Sarkar,0,0,"",""
ball,1,28.6,Sri Lanka,MDKJ Perera,BKG Mendis,Soumya Sarkar,1,0,"",""
ball,1,29.1,Sri Lanka,MDKJ Perera,BKG Mendis,Mosaddek Hossain,0,0,"",""
ball,1,29.2,Sri Lanka,MDKJ Perera,BKG Mendis,Mosaddek Hossain,0,0,"",""
ball,1,29.3,Sri Lanka,MDKJ Perera,BKG Mendis,Mosaddek Hossain,2,0,"",""
ball,1,29.4,Sri Lanka,MDKJ Perera,BKG Mendis,Mosaddek Hossain,2,0,"",""
ball,1,29.5,Sri Lanka,MDKJ Perera,BKG Mendis,Mosaddek Hossain,1,0,"",""
ball,1,29.6,Sri Lanka,BKG Mendis,MDKJ Perera,Mosaddek Hossain,1,0,"",""
ball,1,30.1,Sri Lanka,BKG Mendis,MDKJ Perera,Soumya Sarkar,0,0,"",""
ball,1,30.2,Sri Lanka,BKG Mendis,MDKJ Perera,Soumya Sarkar,1,0,"",""
ball,1,30.3,Sri Lanka,MDKJ Perera,BKG Mendis,Soumya Sarkar,1,0,"",""
ball,1,30.4,Sri Lanka,BKG Mendis,MDKJ Perera,Soumya Sarkar,1,0,"",""
ball,1,30.5,Sri Lanka,MDKJ Perera,BKG Mendis,Soumya Sarkar,1,0,"",""
ball,1,30.6,Sri Lanka,BKG Mendis,MDKJ Perera,Soumya Sarkar,0,0,"",""
ball,1,31.1,Sri Lanka,MDKJ Perera,BKG Mendis,Mahmudullah,1,0,"",""
ball,1,31.2,Sri Lanka,BKG Mendis,MDKJ Perera,Mahmudullah,2,0,"",""
ball,1,31.3,Sri Lanka,BKG Mendis,MDKJ Perera,Mahmudullah,0,0,"",""
ball,1,31.4,Sri Lanka,BKG Mendis,MDKJ Perera,Mahmudullah,1,0,"",""
ball,1,31.5,Sri Lanka,MDKJ Perera,BKG Mendis,Mahmudullah,0,0,"",""
ball,1,31.6,Sri Lanka,MDKJ Perera,BKG Mendis,Mahmudullah,0,0,"",""
ball,1,32.1,Sri Lanka,BKG Mendis,MDKJ Perera,Soumya Sarkar,0,0,"",""
ball,1,32.2,Sri Lanka,BKG Mendis,MDKJ Perera,Soumya Sarkar,1,0,"",""
ball,1,32.3,Sri Lanka,MDKJ Perera,BKG Mendis,Soumya Sarkar,0,0,"",""
ball,1,32.4,Sri Lanka,MDKJ Perera,BKG Mendis,Soumya Sarkar,0,0,caught,MDKJ Perera
ball,1,32.5,Sri Lanka,AD Mathews,BKG Mendis,Soumya Sarkar,0,0,"",""
ball,1,32.6,Sri Lanka,AD Mathews,BKG Mendis,Soumya Sarkar,1,0,"",""
ball,1,33.1,Sri Lanka,AD Mathews,BKG Mendis,Rubel Hossain,0,0,"",""
ball,1,33.2,Sri Lanka,AD Mathews,BKG Mendis,Rubel Hossain,1,0,"",""
ball,1,33.3,Sri Lanka,BKG Mendis,AD Mathews,Rubel Hossain,1,0,"",""
ball,1,33.4,Sri Lanka,AD Mathews,BKG Mendis,Rubel Hossain,0,1,"",""
ball,1,33.5,Sri Lanka,AD Mathews,BKG Mendis,Rubel Hossain,0,0,"",""
ball,1,33.6,Sri Lanka,AD Mathews,BKG Mendis,Rubel Hossain,1,0,"",""
ball,1,33.7,Sri Lanka,BKG Mendis,AD Mathews,Rubel Hossain,0,0,caught,BKG Mendis
ball,1,34.1,Sri Lanka,AD Mathews,HDRL Thirimanne,Mustafizur Rahman,0,0,"",""
ball,1,34.2,Sri Lanka,AD Mathews,HDRL Thirimanne,Mustafizur Rahman,0,0,"",""
ball,1,34.3,Sri Lanka,AD Mathews,HDRL Thirimanne,Mustafizur Rahman,1,0,"",""
ball,1,34.4,Sri Lanka,HDRL Thirimanne,AD Mathews,Mustafizur Rahman,4,0,"",""
ball,1,34.5,Sri Lanka,HDRL Thirimanne,AD Mathews,Mustafizur Rahman,0,0,"",""
ball,1,34.6,Sri Lanka,HDRL Thirimanne,AD Mathews,Mustafizur Rahman,1,0,"",""
ball,1,35.1,Sri Lanka,HDRL Thirimanne,AD Mathews,Rubel Hossain,0,0,"",""
ball,1,35.2,Sri Lanka,HDRL Thirimanne,AD Mathews,Rubel Hossain,1,0,"",""
ball,1,35.3,Sri Lanka,AD Mathews,HDRL Thirimanne,Rubel Hossain,0,0,"",""
ball,1,35.4,Sri Lanka,AD Mathews,HDRL Thirimanne,Rubel Hossain,0,0,"",""
ball,1,35.5,Sri Lanka,AD Mathews,HDRL Thirimanne,Rubel Hossain,0,0,"",""
ball,1,35.6,Sri Lanka,AD Mathews,HDRL Thirimanne,Rubel Hossain,1,0,"",""
ball,1,36.1,Sri Lanka,AD Mathews,HDRL Thirimanne,Mustafizur Rahman,0,0,"",""
ball,1,36.2,Sri Lanka,AD Mathews,HDRL Thirimanne,Mustafizur Rahman,2,0,"",""
ball,1,36.3,Sri Lanka,AD Mathews,HDRL Thirimanne,Mustafizur Rahman,4,0,"",""
ball,1,36.4,Sri Lanka,AD Mathews,HDRL Thirimanne,Mustafizur Rahman,0,0,"",""
ball,1,36.5,Sri Lanka,AD Mathews,HDRL Thirimanne,Mustafizur Rahman,4,0,"",""
ball,1,36.6,Sri Lanka,AD Mathews,HDRL Thirimanne,Mustafizur Rahman,0,1,"",""
ball,1,36.7,Sri Lanka,AD Mathews,HDRL Thirimanne,Mustafizur Rahman,0,0,"",""
ball,1,37.1,Sri Lanka,HDRL Thirimanne,AD Mathews,Mehedi Hasan Miraz,0,0,"",""
ball,1,37.2,Sri Lanka,HDRL Thirimanne,AD Mathews,Mehedi Hasan Miraz,1,0,"",""
ball,1,37.3,Sri Lanka,AD Mathews,HDRL Thirimanne,Mehedi Hasan Miraz,1,0,"",""
ball,1,37.4,Sri Lanka,HDRL Thirimanne,AD Mathews,Mehedi Hasan Miraz,1,0,"",""
ball,1,37.5,Sri Lanka,AD Mathews,HDRL Thirimanne,Mehedi Hasan Miraz,1,0,"",""
ball,1,37.6,Sri Lanka,HDRL Thirimanne,AD Mathews,Mehedi Hasan Miraz,1,0,"",""
ball,1,38.1,Sri Lanka,HDRL Thirimanne,AD Mathews,Rubel Hossain,0,0,"",""
ball,1,38.2,Sri Lanka,HDRL Thirimanne,AD Mathews,Rubel Hossain,0,0,"",""
ball,1,38.3,Sri Lanka,HDRL Thirimanne,AD Mathews,Rubel Hossain,0,0,"",""
ball,1,38.4,Sri Lanka,HDRL Thirimanne,AD Mathews,Rubel Hossain,1,0,"",""
ball,1,38.5,Sri Lanka,AD Mathews,HDRL Thirimanne,Rubel Hossain,1,0,"",""
ball,1,38.6,Sri Lanka,HDRL Thirimanne,AD Mathews,Rubel Hossain,0,0,"",""
ball,1,39.1,Sri Lanka,AD Mathews,HDRL Thirimanne,Mehedi Hasan Miraz,1,0,"",""
ball,1,39.2,Sri Lanka,HDRL Thirimanne,AD Mathews,Mehedi Hasan Miraz,1,0,"",""
ball,1,39.3,Sri Lanka,AD Mathews,HDRL Thirimanne,Mehedi Hasan Miraz,1,0,"",""
ball,1,39.4,Sri Lanka,HDRL Thirimanne,AD Mathews,Mehedi Hasan Miraz,1,0,"",""
ball,1,39.5,Sri Lanka,AD Mathews,HDRL Thirimanne,Mehedi Hasan Miraz,1,0,"",""
ball,1,39.6,Sri Lanka,HDRL Thirimanne,AD Mathews,Mehedi Hasan Miraz,2,0,"",""
ball,1,40.1,Sri Lanka,AD Mathews,HDRL Thirimanne,Rubel Hossain,0,0,"",""
ball,1,40.2,Sri Lanka,AD Mathews,HDRL Thirimanne,Rubel Hossain,2,0,"",""
ball,1,40.3,Sri Lanka,AD Mathews,HDRL Thirimanne,Rubel Hossain,0,0,"",""
ball,1,40.4,Sri Lanka,AD Mathews,HDRL Thirimanne,Rubel Hossain,1,0,"",""
ball,1,40.5,Sri Lanka,HDRL Thirimanne,AD Mathews,Rubel Hossain,0,0,"",""
ball,1,40.6,Sri Lanka,HDRL Thirimanne,AD Mathews,Rubel Hossain,1,0,"",""
ball,1,41.1,Sri Lanka,HDRL Thirimanne,AD Mathews,Mehedi Hasan Miraz,2,0,"",""
ball,1,41.2,Sri Lanka,HDRL Thirimanne,AD Mathews,Mehedi Hasan Miraz,0,0,"",""
ball,1,41.3,Sri Lanka,HDRL Thirimanne,AD Mathews,Mehedi Hasan Miraz,1,0,"",""
ball,1,41.4,Sri Lanka,AD Mathews,HDRL Thirimanne,Mehedi Hasan Miraz,1,0,"",""
ball,1,41.5,Sri Lanka,HDRL Thirimanne,AD Mathews,Mehedi Hasan Miraz,1,0,"",""
ball,1,41.6,Sri Lanka,AD Mathews,HDRL Thirimanne,Mehedi Hasan Miraz,0,0,"",""
ball,1,42.1,Sri Lanka,HDRL Thirimanne,AD Mathews,Mustafizur Rahman,1,0,"",""
ball,1,42.2,Sri Lanka,AD Mathews,HDRL Thirimanne,Mustafizur Rahman,0,0,"",""
ball,1,42.3,Sri Lanka,AD Mathews,HDRL Thirimanne,Mustafizur Rahman,2,0,"",""
ball,1,42.4,Sri Lanka,AD Mathews,HDRL Thirimanne,Mustafizur Rahman,0,0,"",""
ball,1,42.5,Sri Lanka,AD Mathews,HDRL Thirimanne,Mustafizur Rahman,0,1,"",""
ball,1,42.6,Sri Lanka,AD Mathews,HDRL Thirimanne,Mustafizur Rahman,1,0,"",""
ball,1,42.7,Sri Lanka,HDRL Thirimanne,AD Mathews,Mustafizur Rahman,1,0,"",""
ball,1,43.1,Sri Lanka,HDRL Thirimanne,AD Mathews,Shafiul Islam,0,1,"",""
ball,1,43.2,Sri Lanka,HDRL Thirimanne,AD Mathews,Shafiul Islam,0,0,"",""
ball,1,43.3,Sri Lanka,HDRL Thirimanne,AD Mathews,Shafiul Islam,1,0,"",""
ball,1,43.4,Sri Lanka,AD Mathews,HDRL Thirimanne,Shafiul Islam,1,0,"",""
ball,1,43.5,Sri Lanka,HDRL Thirimanne,AD Mathews,Shafiul Islam,1,0,"",""
ball,1,43.6,Sri Lanka,AD Mathews,HDRL Thirimanne,Shafiul Islam,1,0,"",""
ball,1,43.7,Sri Lanka,HDRL Thirimanne,AD Mathews,Shafiul Islam,2,0,"",""
ball,1,44.1,Sri Lanka,AD Mathews,HDRL Thirimanne,Mustafizur Rahman,4,0,"",""
ball,1,44.2,Sri Lanka,AD Mathews,HDRL Thirimanne,Mustafizur Rahman,1,0,"",""
ball,1,44.3,Sri Lanka,HDRL Thirimanne,AD Mathews,Mustafizur Rahman,0,0,caught,HDRL Thirimanne
ball,1,44.4,Sri Lanka,AD Mathews,NLTC Perera,Mustafizur Rahman,1,0,"",""
ball,1,44.5,Sri Lanka,NLTC Perera,AD Mathews,Mustafizur Rahman,2,0,"",""
ball,1,44.6,Sri Lanka,NLTC Perera,AD Mathews,Mustafizur Rahman,0,0,"",""
ball,1,45.1,Sri Lanka,AD Mathews,NLTC Perera,Shafiul Islam,1,0,"",""
ball,1,45.2,Sri Lanka,NLTC Perera,AD Mathews,Shafiul Islam,0,0,caught,NLTC Perera
ball,1,45.3,Sri Lanka,AD Mathews,DM de Silva,Shafiul Islam,2,0,"",""
ball,1,45.4,Sri Lanka,AD Mathews,DM de Silva,Shafiul Islam,1,0,"",""
ball,1,45.5,Sri Lanka,DM de Silva,AD Mathews,Shafiul Islam,1,0,"",""
ball,1,45.6,Sri Lanka,AD Mathews,DM de Silva,Shafiul Islam,1,0,"",""
ball,1,46.1,Sri Lanka,AD Mathews,DM de Silva,Mustafizur Rahman,1,0,"",""
ball,1,46.2,Sri Lanka,DM de Silva,AD Mathews,Mustafizur Rahman,4,0,"",""
ball,1,46.3,Sri Lanka,DM de Silva,AD Mathews,Mustafizur Rahman,1,0,"",""
ball,1,46.4,Sri Lanka,DM de Silva,AD Mathews,Mustafizur Rahman,0,0,"",""
ball,1,46.5,Sri Lanka,DM de Silva,AD Mathews,Mustafizur Rahman,0,1,"",""
ball,1,46.6,Sri Lanka,DM de Silva,AD Mathews,Mustafizur Rahman,0,1,"",""
ball,1,46.7,Sri Lanka,DM de Silva,AD Mathews,Mustafizur Rahman,1,0,"",""
ball,1,46.8,Sri Lanka,AD Mathews,DM de Silva,Mustafizur Rahman,1,0,"",""
ball,1,47.1,Sri Lanka,AD Mathews,DM de Silva,Shafiul Islam,1,0,"",""
ball,1,47.2,Sri Lanka,DM de Silva,AD Mathews,Shafiul Islam,4,0,"",""
ball,1,47.3,Sri Lanka,DM de Silva,AD Mathews,Shafiul Islam,1,0,"",""
ball,1,47.4,Sri Lanka,AD Mathews,DM de Silva,Shafiul Islam,2,0,"",""
ball,1,47.5,Sri Lanka,AD Mathews,DM de Silva,Shafiul Islam,1,0,"",""
ball,1,47.6,Sri Lanka,DM de Silva,AD Mathews,Shafiul Islam,0,0,"",""
ball,1,48.1,Sri Lanka,AD Mathews,DM de Silva,Mustafizur Rahman,1,0,"",""
ball,1,48.2,Sri Lanka,DM de Silva,AD Mathews,Mustafizur Rahman,1,0,"",""
ball,1,48.3,Sri Lanka,AD Mathews,DM de Silva,Mustafizur Rahman,0,0,caught,AD Mathews
ball,1,48.4,Sri Lanka,DM de Silva,SL Malinga,Mustafizur Rahman,1,0,"",""
ball,1,48.5,Sri Lanka,SL Malinga,DM de Silva,Mustafizur Rahman,0,0,"",""
ball,1,48.6,Sri Lanka,SL Malinga,DM de Silva,Mustafizur Rahman,2,0,"",""
ball,1,49.1,Sri Lanka,DM de Silva,SL Malinga,Shafiul Islam,4,0,"",""
ball,1,49.2,Sri Lanka,DM de Silva,SL Malinga,Shafiul Islam,0,0,caught,DM de Silva
ball,1,49.3,Sri Lanka,SL Malinga,N Pradeep,Shafiul Islam,2,0,"",""
ball,1,49.4,Sri Lanka,SL Malinga,N Pradeep,Shafiul Islam,0,0,"",""
ball,1,49.5,Sri Lanka,SL Malinga,N Pradeep,Shafiul Islam,0,1,"",""
ball,1,49.6,Sri Lanka,SL Malinga,N Pradeep,Shafiul Islam,0,0,"",""
ball,1,49.7,Sri Lanka,SL Malinga,N Pradeep,Shafiul Islam,2,0,"",""
ball,2,0.1,Bangladesh,Tamim Iqbal,Soumya Sarkar,SL Malinga,0,0,"",""
ball,2,0.2,Bangladesh,Tamim Iqbal,Soumya Sarkar,SL Malinga,0,0,"",""
ball,2,0.3,Bangladesh,Tamim Iqbal,Soumya Sarkar,SL Malinga,0,1,"",""
ball,2,0.4,Bangladesh,Tamim Iqbal,Soumya Sarkar,SL Malinga,0,0,"",""
ball,2,0.5,Bangladesh,Tamim Iqbal,Soumya Sarkar,SL Malinga,0,0,"",""
ball,2,0.6,Bangladesh,Tamim Iqbal,Soumya Sarkar,SL Malinga,0,0,bowled,Tamim Iqbal
ball,2,0.7,Bangladesh,Mohammad Mithun,Soumya Sarkar,SL Malinga,0,0,"",""
ball,2,1.1,Bangladesh,Soumya Sarkar,Mohammad Mithun,N Pradeep,0,0,"",""
ball,2,1.2,Bangladesh,Soumya Sarkar,Mohammad Mithun,N Pradeep,0,0,"",""
ball,2,1.3,Bangladesh,Soumya Sarkar,Mohammad Mithun,N Pradeep,1,0,"",""
ball,2,1.4,Bangladesh,Mohammad Mithun,Soumya Sarkar,N Pradeep,0,0,"",""
ball,2,1.5,Bangladesh,Mohammad Mithun,Soumya Sarkar,N Pradeep,0,0,"",""
ball,2,1.6,Bangladesh,Mohammad Mithun,Soumya Sarkar,N Pradeep,0,0,"",""
ball,2,2.1,Bangladesh,Soumya Sarkar,Mohammad Mithun,SL Malinga,0,0,"",""
ball,2,2.2,Bangladesh,Soumya Sarkar,Mohammad Mithun,SL Malinga,0,0,"",""
ball,2,2.3,Bangladesh,Soumya Sarkar,Mohammad Mithun,SL Malinga,0,0,"",""
ball,2,2.4,Bangladesh,Soumya Sarkar,Mohammad Mithun,SL Malinga,0,1,"",""
ball,2,2.5,Bangladesh,Mohammad Mithun,Soumya Sarkar,SL Malinga,0,0,"",""
ball,2,2.6,Bangladesh,Mohammad Mithun,Soumya Sarkar,SL Malinga,0,0,"",""
ball,2,3.1,Bangladesh,Soumya Sarkar,Mohammad Mithun,N Pradeep,2,0,"",""
ball,2,3.2,Bangladesh,Soumya Sarkar,Mohammad Mithun,N Pradeep,2,0,"",""
ball,2,3.3,Bangladesh,Soumya Sarkar,Mohammad Mithun,N Pradeep,0,0,"",""
ball,2,3.4,Bangladesh,Soumya Sarkar,Mohammad Mithun,N Pradeep,4,0,"",""
ball,2,3.5,Bangladesh,Soumya Sarkar,Mohammad Mithun,N Pradeep,0,0,"",""
ball,2,3.6,Bangladesh,Soumya Sarkar,Mohammad Mithun,N Pradeep,3,0,"",""
ball,2,4.1,Bangladesh,Soumya Sarkar,Mohammad Mithun,SL Malinga,1,0,"",""
ball,2,4.2,Bangladesh,Mohammad Mithun,Soumya Sarkar,SL Malinga,4,0,"",""
ball,2,4.3,Bangladesh,Mohammad Mithun,Soumya Sarkar,SL Malinga,0,1,"",""
ball,2,4.4,Bangladesh,Mohammad Mithun,Soumya Sarkar,SL Malinga,0,0,"",""
ball,2,4.5,Bangladesh,Mohammad Mithun,Soumya Sarkar,SL Malinga,0,0,"",""
ball,2,4.6,Bangladesh,Mohammad Mithun,Soumya Sarkar,SL Malinga,1,0,"",""
ball,2,4.7,Bangladesh,Soumya Sarkar,Mohammad Mithun,SL Malinga,0,0,"",""
ball,2,5.1,Bangladesh,Mohammad Mithun,Soumya Sarkar,N Pradeep,0,0,"",""
ball,2,5.2,Bangladesh,Mohammad Mithun,Soumya Sarkar,N Pradeep,0,0,"",""
ball,2,5.3,Bangladesh,Mohammad Mithun,Soumya Sarkar,N Pradeep,1,0,"",""
ball,2,5.4,Bangladesh,Soumya Sarkar,Mohammad Mithun,N Pradeep,1,0,"",""
ball,2,5.5,Bangladesh,Mohammad Mithun,Soumya Sarkar,N Pradeep,1,0,"",""
ball,2,5.6,Bangladesh,Soumya Sarkar,Mohammad Mithun,N Pradeep,1,0,"",""
ball,2,6.1,Bangladesh,Soumya Sarkar,Mohammad Mithun,SL Malinga,0,0,"",""
ball,2,6.2,Bangladesh,Soumya Sarkar,Mohammad Mithun,SL Malinga,0,1,"",""
ball,2,6.3,Bangladesh,Mohammad Mithun,Soumya Sarkar,SL Malinga,0,0,"",""
ball,2,6.4,Bangladesh,Mohammad Mithun,Soumya Sarkar,SL Malinga,2,0,"",""
ball,2,6.5,Bangladesh,Mohammad Mithun,Soumya Sarkar,SL Malinga,0,0,"",""
ball,2,6.6,Bangladesh,Mohammad Mithun,Soumya Sarkar,SL Malinga,0,1,"",""
ball,2,6.7,Bangladesh,Mohammad Mithun,Soumya Sarkar,SL Malinga,1,0,"",""
ball,2,7.1,Bangladesh,Mohammad Mithun,Soumya Sarkar,N Pradeep,0,0,"",""
ball,2,7.2,Bangladesh,Mohammad Mithun,Soumya Sarkar,N Pradeep,0,0,"",""
ball,2,7.3,Bangladesh,Mohammad Mithun,Soumya Sarkar,N Pradeep,0,0,lbw,Mohammad Mithun
ball,2,7.4,Bangladesh,Mushfiqur Rahim,Soumya Sarkar,N Pradeep,0,0,"",""
ball,2,7.5,Bangladesh,Mushfiqur Rahim,Soumya Sarkar,N Pradeep,0,0,"",""
ball,2,7.6,Bangladesh,Mushfiqur Rahim,Soumya Sarkar,N Pradeep,0,0,"",""
ball,2,8.1,Bangladesh,Soumya Sarkar,Mushfiqur Rahim,SL Malinga,0,0,"",""
ball,2,8.2,Bangladesh,Soumya Sarkar,Mushfiqur Rahim,SL Malinga,0,0,"",""
ball,2,8.3,Bangladesh,Soumya Sarkar,Mushfiqur Rahim,SL Malinga,0,0,bowled,Soumya Sarkar
ball,2,8.4,Bangladesh,Mahmudullah,Mushfiqur Rahim,SL Malinga,0,0,"",""
ball,2,8.5,Bangladesh,Mahmudullah,Mushfiqur Rahim,SL Malinga,0,0,"",""
ball,2,8.6,Bangladesh,Mahmudullah,Mushfiqur Rahim,SL Malinga,0,0,"",""
ball,2,9.1,Bangladesh,Mushfiqur Rahim,Mahmudullah,N Pradeep,0,0,"",""
ball,2,9.2,Bangladesh,Mushfiqur Rahim,Mahmudullah,N Pradeep,0,0,"",""
ball,2,9.3,Bangladesh,Mushfiqur Rahim,Mahmudullah,N Pradeep,0,0,"",""
ball,2,9.4,Bangladesh,Mushfiqur Rahim,Mahmudullah,N Pradeep,4,0,"",""
ball,2,9.5,Bangladesh,Mushfiqur Rahim,Mahmudullah,N Pradeep,2,0,"",""
ball,2,9.6,Bangladesh,Mushfiqur Rahim,Mahmudullah,N Pradeep,0,0,"",""
ball,2,10.1,Bangladesh,Mahmudullah,Mushfiqur Rahim,NLTC Perera,0,0,"",""
ball,2,10.2,Bangladesh,Mahmudullah,Mushfiqur Rahim,NLTC Perera,1,0,"",""
ball,2,10.3,Bangladesh,Mushfiqur Rahim,Mahmudullah,NLTC Perera,0,0,"",""
ball,2,10.4,Bangladesh,Mushfiqur Rahim,Mahmudullah,NLTC Perera,0,0,"",""
ball,2,10.5,Bangladesh,Mushfiqur Rahim,Mahmudullah,NLTC Perera,0,0,"",""
ball,2,10.6,Bangladesh,Mushfiqur Rahim,Mahmudullah,NLTC Perera,0,0,"",""
ball,2,11.1,Bangladesh,Mahmudullah,Mushfiqur Rahim,CBRLS Kumara,2,0,"",""
ball,2,11.2,Bangladesh,Mahmudullah,Mushfiqur Rahim,CBRLS Kumara,0,0,"",""
ball,2,11.3,Bangladesh,Mahmudullah,Mushfiqur Rahim,CBRLS Kumara,0,0,"",""
ball,2,11.4,Bangladesh,Mahmudullah,Mushfiqur Rahim,CBRLS Kumara,0,0,"",""
ball,2,11.5,Bangladesh,Mahmudullah,Mushfiqur Rahim,CBRLS Kumara,0,0,caught,Mahmudullah
ball,2,11.6,Bangladesh,Sabbir Rahman,Mushfiqur Rahim,CBRLS Kumara,0,0,"",""
ball,2,12.1,Bangladesh,Mushfiqur Rahim,Sabbir Rahman,NLTC Perera,1,0,"",""
ball,2,12.2,Bangladesh,Sabbir Rahman,Mushfiqur Rahim,NLTC Perera,0,0,"",""
ball,2,12.3,Bangladesh,Sabbir Rahman,Mushfiqur Rahim,NLTC Perera,0,0,"",""
ball,2,12.4,Bangladesh,Sabbir Rahman,Mushfiqur Rahim,NLTC Perera,1,0,"",""
ball,2,12.5,Bangladesh,Mushfiqur Rahim,Sabbir Rahman,NLTC Perera,0,0,"",""
ball,2,12.6,Bangladesh,Mushfiqur Rahim,Sabbir Rahman,NLTC Perera,0,0,"",""
ball,2,13.1,Bangladesh,Sabbir Rahman,Mushfiqur Rahim,CBRLS Kumara,0,5,"",""
ball,2,13.2,Bangladesh,Sabbir Rahman,Mushfiqur Rahim,CBRLS Kumara,4,0,"",""
ball,2,13.3,Bangladesh,Sabbir Rahman,Mushfiqur Rahim,CBRLS Kumara,0,0,"",""
ball,2,13.4,Bangladesh,Sabbir Rahman,Mushfiqur Rahim,CBRLS Kumara,0,0,"",""
ball,2,13.5,Bangladesh,Sabbir Rahman,Mushfiqur Rahim,CBRLS Kumara,0,0,"",""
ball,2,13.6,Bangladesh,Sabbir Rahman,Mushfiqur Rahim,CBRLS Kumara,0,5,"",""
ball,2,13.7,Bangladesh,Sabbir Rahman,Mushfiqur Rahim,CBRLS Kumara,0,0,"",""
ball,2,13.8,Bangladesh,Sabbir Rahman,Mushfiqur Rahim,CBRLS Kumara,0,0,"",""
ball,2,14.1,Bangladesh,Mushfiqur Rahim,Sabbir Rahman,NLTC Perera,0,0,"",""
ball,2,14.2,Bangladesh,Mushfiqur Rahim,Sabbir Rahman,NLTC Perera,1,0,"",""
ball,2,14.3,Bangladesh,Sabbir Rahman,Mushfiqur Rahim,NLTC Perera,4,0,"",""
ball,2,14.4,Bangladesh,Sabbir Rahman,Mushfiqur Rahim,NLTC Perera,0,0,"",""
ball,2,14.5,Bangladesh,Sabbir Rahman,Mushfiqur Rahim,NLTC Perera,0,1,"",""
ball,2,14.6,Bangladesh,Sabbir Rahman,Mushfiqur Rahim,NLTC Perera,4,0,"",""
ball,2,14.7,Bangladesh,Sabbir Rahman,Mushfiqur Rahim,NLTC Perera,4,0,"",""
ball,2,15.1,Bangladesh,Mushfiqur Rahim,Sabbir Rahman,CBRLS Kumara,1,0,"",""
ball,2,15.2,Bangladesh,Sabbir Rahman,Mushfiqur Rahim,CBRLS Kumara,1,0,"",""
ball,2,15.3,Bangladesh,Mushfiqur Rahim,Sabbir Rahman,CBRLS Kumara,0,0,"",""
ball,2,15.4,Bangladesh,Mushfiqur Rahim,Sabbir Rahman,CBRLS Kumara,1,0,"",""
ball,2,15.5,Bangladesh,Sabbir Rahman,Mushfiqur Rahim,CBRLS Kumara,3,0,"",""
ball,2,15.6,Bangladesh,Mushfiqur Rahim,Sabbir Rahman,CBRLS Kumara,0,0,"",""
ball,2,16.1,Bangladesh,Sabbir Rahman,Mushfiqur Rahim,NLTC Perera,0,0,"",""
ball,2,16.2,Bangladesh,Sabbir Rahman,Mushfiqur Rahim,NLTC Perera,4,0,"",""
ball,2,16.3,Bangladesh,Sabbir Rahman,Mushfiqur Rahim,NLTC Perera,1,0,"",""
ball,2,16.4,Bangladesh,Mushfiqur Rahim,Sabbir Rahman,NLTC Perera,0,0,"",""
ball,2,16.5,Bangladesh,Mushfiqur Rahim,Sabbir Rahman,NLTC Perera,0,0,"",""
ball,2,16.6,Bangladesh,Mushfiqur Rahim,Sabbir Rahman,NLTC Perera,1,0,"",""
ball,2,17.1,Bangladesh,Mushfiqur Rahim,Sabbir Rahman,CBRLS Kumara,0,0,"",""
ball,2,17.2,Bangladesh,Mushfiqur Rahim,Sabbir Rahman,CBRLS Kumara,0,0,"",""
ball,2,17.3,Bangladesh,Mushfiqur Rahim,Sabbir Rahman,CBRLS Kumara,2,0,"",""
ball,2,17.4,Bangladesh,Mushfiqur Rahim,Sabbir Rahman,CBRLS Kumara,4,0,"",""
ball,2,17.5,Bangladesh,Mushfiqur Rahim,Sabbir Rahman,CBRLS Kumara,1,0,"",""
ball,2,17.6,Bangladesh,Sabbir Rahman,Mushfiqur Rahim,CBRLS Kumara,1,0,"",""
ball,2,18.1,Bangladesh,Sabbir Rahman,Mushfiqur Rahim,DM de Silva,1,0,"",""
ball,2,18.2,Bangladesh,Mushfiqur Rahim,Sabbir Rahman,DM de Silva,0,0,"",""
ball,2,18.3,Bangladesh,Mushfiqur Rahim,Sabbir Rahman,DM de Silva,1,0,"",""
ball,2,18.4,Bangladesh,Sabbir Rahman,Mushfiqur Rahim,DM de Silva,1,0,"",""
ball,2,18.5,Bangladesh,Mushfiqur Rahim,Sabbir Rahman,DM de Silva,0,1,"",""
ball,2,18.6,Bangladesh,Mushfiqur Rahim,Sabbir Rahman,DM de Silva,1,0,"",""
ball,2,18.7,Bangladesh,Sabbir Rahman,Mushfiqur Rahim,DM de Silva,1,0,"",""
ball,2,19.1,Bangladesh,Sabbir Rahman,Mushfiqur Rahim,CBRLS Kumara,0,0,"",""
ball,2,19.2,Bangladesh,Sabbir Rahman,Mushfiqur Rahim,CBRLS Kumara,0,0,"",""
ball,2,19.3,Bangladesh,Sabbir Rahman,Mushfiqur Rahim,CBRLS Kumara,2,0,"",""
ball,2,19.4,Bangladesh,Sabbir Rahman,Mushfiqur Rahim,CBRLS Kumara,4,0,"",""
ball,2,19.5,Bangladesh,Sabbir Rahman,Mushfiqur Rahim,CBRLS Kumara,0,0,"",""
ball,2,19.6,Bangladesh,Sabbir Rahman,Mushfiqur Rahim,CBRLS Kumara,0,0,"",""
ball,2,20.1,Bangladesh,Mushfiqur Rahim,Sabbir Rahman,DM de Silva,0,0,"",""
ball,2,20.2,Bangladesh,Mushfiqur Rahim,Sabbir Rahman,DM de Silva,4,0,"",""
ball,2,20.3,Bangladesh,Mushfiqur Rahim,Sabbir Rahman,DM de Silva,1,0,"",""
ball,2,20.4,Bangladesh,Sabbir Rahman,Mushfiqur Rahim,DM de Silva,0,0,"",""
ball,2,20.5,Bangladesh,Sabbir Rahman,Mushfiqur Rahim,DM de Silva,0,0,"",""
ball,2,20.6,Bangladesh,Sabbir Rahman,Mushfiqur Rahim,DM de Silva,1,0,"",""
ball,2,21.1,Bangladesh,Sabbir Rahman,Mushfiqur Rahim,NLTC Perera,2,0,"",""
ball,2,21.2,Bangladesh,Sabbir Rahman,Mushfiqur Rahim,NLTC Perera,1,0,"",""
ball,2,21.3,Bangladesh,Mushfiqur Rahim,Sabbir Rahman,NLTC Perera,0,0,"",""
ball,2,21.4,Bangladesh,Mushfiqur Rahim,Sabbir Rahman,NLTC Perera,0,0,"",""
ball,2,21.5,Bangladesh,Mushfiqur Rahim,Sabbir Rahman,NLTC Perera,1,0,"",""
ball,2,21.6,Bangladesh,Sabbir Rahman,Mushfiqur Rahim,NLTC Perera,1,0,"",""
ball,2,22.1,Bangladesh,Sabbir Rahman,Mushfiqur Rahim,DM de Silva,2,0,"",""
ball,2,22.2,Bangladesh,Sabbir Rahman,Mushfiqur Rahim,DM de Silva,4,0,"",""
ball,2,22.3,Bangladesh,Sabbir Rahman,Mushfiqur Rahim,DM de Silva,1,0,"",""
ball,2,22.4,Bangladesh,Mushfiqur Rahim,Sabbir Rahman,DM de Silva,2,0,"",""
ball,2,22.5,Bangladesh,Mushfiqur Rahim,Sabbir Rahman,DM de Silva,1,0,"",""
ball,2,22.6,Bangladesh,Sabbir Rahman,Mushfiqur Rahim,DM de Silva,0,0,"",""
ball,2,23.1,Bangladesh,Mushfiqur Rahim,Sabbir Rahman,NLTC Perera,4,0,"",""
ball,2,23.2,Bangladesh,Mushfiqur Rahim,Sabbir Rahman,NLTC Perera,1,0,"",""
ball,2,23.3,Bangladesh,Sabbir Rahman,Mushfiqur Rahim,NLTC Perera,0,0,"",""
ball,2,23.4,Bangladesh,Sabbir Rahman,Mushfiqur Rahim,NLTC Perera,1,0,"",""
ball,2,23.5,Bangladesh,Mushfiqur Rahim,Sabbir Rahman,NLTC Perera,1,0,"",""
ball,2,23.6,Bangladesh,Sabbir Rahman,Mushfiqur Rahim,NLTC Perera,1,0,"",""
ball,2,24.1,Bangladesh,Sabbir Rahman,Mushfiqur Rahim,DM de Silva,1,0,"",""
ball,2,24.2,Bangladesh,Mushfiqur Rahim,Sabbir Rahman,DM de Silva,1,0,"",""
ball,2,24.3,Bangladesh,Sabbir Rahman,Mushfiqur Rahim,DM de Silva,1,0,"",""
ball,2,24.4,Bangladesh,Mushfiqur Rahim,Sabbir Rahman,DM de Silva,0,0,"",""
ball,2,24.5,Bangladesh,Mushfiqur Rahim,Sabbir Rahman,DM de Silva,0,0,"",""
ball,2,24.6,Bangladesh,Mushfiqur Rahim,Sabbir Rahman,DM de Silva,1,0,"",""
ball,2,25.1,Bangladesh,Mushfiqur Rahim,Sabbir Rahman,N Pradeep,1,0,"",""
ball,2,25.2,Bangladesh,Sabbir Rahman,Mushfiqur Rahim,N Pradeep,0,0,"",""
ball,2,25.3,Bangladesh,Sabbir Rahman,Mushfiqur Rahim,N Pradeep,2,0,"",""
ball,2,25.4,Bangladesh,Sabbir Rahman,Mushfiqur Rahim,N Pradeep,1,0,"",""
ball,2,25.5,Bangladesh,Mushfiqur Rahim,Sabbir Rahman,N Pradeep,1,0,"",""
ball,2,25.6,Bangladesh,Sabbir Rahman,Mushfiqur Rahim,N Pradeep,1,0,"",""
ball,2,26.1,Bangladesh,Sabbir Rahman,Mushfiqur Rahim,DM de Silva,0,0,"",""
ball,2,26.2,Bangladesh,Sabbir Rahman,Mushfiqur Rahim,DM de Silva,0,0,"",""
ball,2,26.3,Bangladesh,Sabbir Rahman,Mushfiqur Rahim,DM de Silva,2,0,"",""
ball,2,26.4,Bangladesh,Sabbir Rahman,Mushfiqur Rahim,DM de Silva,1,0,"",""
ball,2,26.5,Bangladesh,Mushfiqur Rahim,Sabbir Rahman,DM de Silva,0,0,"",""
ball,2,26.6,Bangladesh,Mushfiqur Rahim,Sabbir Rahman,DM de Silva,1,0,"",""
ball,2,27.1,Bangladesh,Mushfiqur Rahim,Sabbir Rahman,N Pradeep,1,0,"",""
ball,2,27.2,Bangladesh,Sabbir Rahman,Mushfiqur Rahim,N Pradeep,0,0,"",""
ball,2,27.3,Bangladesh,Sabbir Rahman,Mushfiqur Rahim,N Pradeep,1,0,"",""
ball,2,27.4,Bangladesh,Mushfiqur Rahim,Sabbir Rahman,N Pradeep,2,0,"",""
ball,2,27.5,Bangladesh,Mushfiqur Rahim,Sabbir Rahman,N Pradeep,1,0,"",""
ball,2,27.6,Bangladesh,Sabbir Rahman,Mushfiqur Rahim,N Pradeep,0,0,"",""
ball,2,28.1,Bangladesh,Mushfiqur Rahim,Sabbir Rahman,DM de Silva,1,0,"",""
ball,2,28.2,Bangladesh,Sabbir Rahman,Mushfiqur Rahim,DM de Silva,0,0,caught,Sabbir Rahman
ball,2,28.3,Bangladesh,Mosaddek Hossain,Mushfiqur Rahim,DM de Silva,1,0,"",""
ball,2,28.4,Bangladesh,Mushfiqur Rahim,Mosaddek Hossain,DM de Silva,0,0,"",""
ball,2,28.5,Bangladesh,Mushfiqur Rahim,Mosaddek Hossain,DM de Silva,1,0,"",""
ball,2,28.6,Bangladesh,Mosaddek Hossain,Mushfiqur Rahim,DM de Silva,1,0,"",""
ball,2,29.1,Bangladesh,Mosaddek Hossain,Mushfiqur Rahim,SL Malinga,0,0,"",""
ball,2,29.2,Bangladesh,Mosaddek Hossain,Mushfiqur Rahim,SL Malinga,0,1,"",""
ball,2,29.3,Bangladesh,Mosaddek Hossain,Mushfiqur Rahim,SL Malinga,1,0,"",""
ball,2,29.4,Bangladesh,Mushfiqur Rahim,Mosaddek Hossain,SL Malinga,1,0,"",""
ball,2,29.5,Bangladesh,Mosaddek Hossain,Mushfiqur Rahim,SL Malinga,0,0,"",""
ball,2,29.6,Bangladesh,Mosaddek Hossain,Mushfiqur Rahim,SL Malinga,0,0,"",""
ball,2,29.7,Bangladesh,Mosaddek Hossain,Mushfiqur Rahim,SL Malinga,0,1,"",""
ball,2,29.8,Bangladesh,Mosaddek Hossain,Mushfiqur Rahim,SL Malinga,4,0,"",""
ball,2,30.1,Bangladesh,Mushfiqur Rahim,Mosaddek Hossain,DM de Silva,2,0,"",""
ball,2,30.2,Bangladesh,Mushfiqur Rahim,Mosaddek Hossain,DM de Silva,1,0,"",""
ball,2,30.3,Bangladesh,Mosaddek Hossain,Mushfiqur Rahim,DM de Silva,0,0,"",""
ball,2,30.4,Bangladesh,Mosaddek Hossain,Mushfiqur Rahim,DM de Silva,1,0,"",""
ball,2,30.5,Bangladesh,Mushfiqur Rahim,Mosaddek Hossain,DM de Silva,1,0,"",""
ball,2,30.6,Bangladesh,Mosaddek Hossain,Mushfiqur Rahim,DM de Silva,0,0,"",""
ball,2,31.1,Bangladesh,Mushfiqur Rahim,Mosaddek Hossain,SL Malinga,1,0,"",""
ball,2,31.2,Bangladesh,Mosaddek Hossain,Mushfiqur Rahim,SL Malinga,0,2,"",""
ball,2,31.3,Bangladesh,Mushfiqur Rahim,Mosaddek Hossain,SL Malinga,0,0,"",""
ball,2,31.4,Bangladesh,Mushfiqur Rahim,Mosaddek Hossain,SL Malinga,0,0,"",""
ball,2,31.5,Bangladesh,Mushfiqur Rahim,Mosaddek Hossain,SL Malinga,4,0,"",""
ball,2,31.6,Bangladesh,Mushfiqur Rahim,Mosaddek Hossain,SL Malinga,0,1,"",""
ball,2,31.7,Bangladesh,Mosaddek Hossain,Mushfiqur Rahim,SL Malinga,1,0,"",""
ball,2,32.1,Bangladesh,Mosaddek Hossain,Mushfiqur Rahim,DM de Silva,0,0,"",""
ball,2,32.2,Bangladesh,Mosaddek Hossain,Mushfiqur Rahim,DM de Silva,0,0,"",""
ball,2,32.3,Bangladesh,Mosaddek Hossain,Mushfiqur Rahim,DM de Silva,1,0,"",""
ball,2,32.4,Bangladesh,Mushfiqur Rahim,Mosaddek Hossain,DM de Silva,0,1,"",""
ball,2,32.5,Bangladesh,Mushfiqur Rahim,Mosaddek Hossain,DM de Silva,1,0,"",""
ball,2,32.6,Bangladesh,Mosaddek Hossain,Mushfiqur Rahim,DM de Silva,1,0,"",""
ball,2,32.7,Bangladesh,Mushfiqur Rahim,Mosaddek Hossain,DM de Silva,0,0,"",""
ball,2,33.1,Bangladesh,Mosaddek Hossain,Mushfiqur Rahim,CBRLS Kumara,1,0,"",""
ball,2,33.2,Bangladesh,Mushfiqur Rahim,Mosaddek Hossain,CBRLS Kumara,1,0,"",""
ball,2,33.3,Bangladesh,Mosaddek Hossain,Mushfiqur Rahim,CBRLS Kumara,0,1,run out,Mosaddek Hossain
ball,2,33.4,Bangladesh,Mehedi Hasan Miraz,Mushfiqur Rahim,CBRLS Kumara,0,0,"",""
ball,2,33.5,Bangladesh,Mehedi Hasan Miraz,Mushfiqur Rahim,CBRLS Kumara,1,0,"",""
ball,2,33.6,Bangladesh,Mushfiqur Rahim,Mehedi Hasan Miraz,CBRLS Kumara,0,0,"",""
ball,2,33.7,Bangladesh,Mushfiqur Rahim,Mehedi Hasan Miraz,CBRLS Kumara,1,0,"",""
ball,2,34.1,Bangladesh,Mushfiqur Rahim,Mehedi Hasan Miraz,DM de Silva,1,0,"",""
ball,2,34.2,Bangladesh,Mehedi Hasan Miraz,Mushfiqur Rahim,DM de Silva,1,0,"",""
ball,2,34.3,Bangladesh,Mushfiqur Rahim,Mehedi Hasan Miraz,DM de Silva,0,0,"",""
ball,2,34.4,Bangladesh,Mushfiqur Rahim,Mehedi Hasan Miraz,DM de Silva,1,0,"",""
ball,2,34.5,Bangladesh,Mehedi Hasan Miraz,Mushfiqur Rahim,DM de Silva,0,0,"",""
ball,2,34.6,Bangladesh,Mehedi Hasan Miraz,Mushfiqur Rahim,DM de Silva,0,0,caught,Mehedi Hasan Miraz
ball,2,35.1,Bangladesh,Mushfiqur Rahim,Shafiul Islam,CBRLS Kumara,1,0,"",""
ball,2,35.2,Bangladesh,Shafiul Islam,Mushfiqur Rahim,CBRLS Kumara,0,0,"",""
ball,2,35.3,Bangladesh,Shafiul Islam,Mushfiqur Rahim,CBRLS Kumara,0,1,"",""
ball,2,35.4,Bangladesh,Shafiul Islam,Mushfiqur Rahim,CBRLS Kumara,0,0,"",""
ball,2,35.5,Bangladesh,Shafiul Islam,Mushfiqur Rahim,CBRLS Kumara,0,0,"",""
ball,2,35.6,Bangladesh,Shafiul Islam,Mushfiqur Rahim,CBRLS Kumara,1,0,"",""
ball,2,35.7,Bangladesh,Mushfiqur Rahim,Shafiul Islam,CBRLS Kumara,1,0,"",""
ball,2,36.1,Bangladesh,Mushfiqur Rahim,Shafiul Islam,DM de Silva,0,0,"",""
ball,2,36.2,Bangladesh,Mushfiqur Rahim,Shafiul Islam,DM de Silva,1,0,"",""
ball,2,36.3,Bangladesh,Shafiul Islam,Mushfiqur Rahim,DM de Silva,0,0,"",""
ball,2,36.4,Bangladesh,Shafiul Islam,Mushfiqur Rahim,DM de Silva,0,0,"",""
ball,2,36.5,Bangladesh,Shafiul Islam,Mushfiqur Rahim,DM de Silva,1,0,"",""
ball,2,36.6,Bangladesh,Mushfiqur Rahim,Shafiul Islam,DM de Silva,1,0,"",""
ball,2,37.1,Bangladesh,Mushfiqur Rahim,Shafiul Islam,SL Malinga,1,0,"",""
ball,2,37.2,Bangladesh,Shafiul Islam,Mushfiqur Rahim,SL Malinga,0,1,"",""
ball,2,37.3,Bangladesh,Mushfiqur Rahim,Shafiul Islam,SL Malinga,0,0,"",""
ball,2,37.4,Bangladesh,Mushfiqur Rahim,Shafiul Islam,SL Malinga,0,0,"",""
ball,2,37.5,Bangladesh,Mushfiqur Rahim,Shafiul Islam,SL Malinga,0,1,"",""
ball,2,37.6,Bangladesh,Mushfiqur Rahim,Shafiul Islam,SL Malinga,0,1,"",""
ball,2,37.7,Bangladesh,Mushfiqur Rahim,Shafiul Islam,SL Malinga,0,0,"",""
ball,2,37.8,Bangladesh,Mushfiqur Rahim,Shafiul Islam,SL Malinga,1,0,"",""
ball,2,38.1,Bangladesh,Mushfiqur Rahim,Shafiul Islam,N Pradeep,0,0,caught,Mushfiqur Rahim
ball,2,38.2,Bangladesh,Rubel Hossain,Shafiul Islam,N Pradeep,1,0,"",""
ball,2,38.3,Bangladesh,Shafiul Islam,Rubel Hossain,N Pradeep,0,0,bowled,Shafiul Islam
ball,2,38.4,Bangladesh,Mustafizur Rahman,Rubel Hossain,N Pradeep,0,0,"",""
ball,2,38.5,Bangladesh,Mustafizur Rahman,Rubel Hossain,N Pradeep,0,0,"",""
ball,2,38.6,Bangladesh,Mustafizur Rahman,Rubel Hossain,N Pradeep,3,0,"",""
ball,2,39.1,Bangladesh,Mustafizur Rahman,Rubel Hossain,SL Malinga,0,0,"",""
ball,2,39.2,Bangladesh,Mustafizur Rahman,Rubel Hossain,SL Malinga,0,0,"",""
ball,2,39.3,Bangladesh,Mustafizur Rahman,Rubel Hossain,SL Malinga,0,0,"",""
ball,2,39.4,Bangladesh,Mustafizur Rahman,Rubel Hossain,SL Malinga,1,0,"",""
ball,2,39.5,Bangladesh,Rubel Hossain,Mustafizur Rahman,SL Malinga,0,0,"",""
ball,2,39.6,Bangladesh,Rubel Hossain,Mustafizur Rahman,SL Malinga,0,0,"",""
ball,2,40.1,Bangladesh,Mustafizur Rahman,Rubel Hossain,N Pradeep,4,0,"",""
ball,2,40.2,Bangladesh,Mustafizur Rahman,Rubel Hossain,N Pradeep,4,0,"",""
ball,2,40.3,Bangladesh,Mustafizur Rahman,Rubel Hossain,N Pradeep,0,0,"",""
ball,2,40.4,Bangladesh,Mustafizur Rahman,Rubel Hossain,N Pradeep,0,0,"",""
ball,2,40.5,Bangladesh,Mustafizur Rahman,Rubel Hossain,N Pradeep,2,0,"",""
ball,2,40.6,Bangladesh,Mustafizur Rahman,Rubel Hossain,N Pradeep,4,0,"",""
ball,2,41.1,Bangladesh,Rubel Hossain,Mustafizur Rahman,SL Malinga,4,0,"",""
ball,2,41.2,Bangladesh,Rubel Hossain,Mustafizur Rahman,SL Malinga,0,0,"",""
ball,2,41.3,Bangladesh,Rubel Hossain,Mustafizur Rahman,SL Malinga,1,0,"",""
ball,2,41.4,Bangladesh,Mustafizur Rahman,Rubel Hossain,SL Malinga,0,0,caught,Mustafizur Rahman
