version,1.3.0
info,team,Oman
info,team,Papua New Guinea
info,gender,male
info,season,2019
info,date,2019/08/14
info,competition,ICC Men's Cricket World Cup League 2
info,match_number,1
info,venue,Mannofield Park
info,city,Aberdeen
info,toss_winner,Oman
info,toss_decision,field
info,player_of_match,Sandeep Goud
info,umpire,AJT Dowdalls
info,umpire,DH Mclean
info,reserve_umpire,R Black
info,match_referee,DT Jukes
info,winner,Oman
info,winner_wickets,4
ball,1,0.1,Papua New Guinea,TP Ura,G Toka,Bilal Khan,0,1,"",""
ball,1,0.2,Papua New Guinea,TP Ura,G Toka,Bilal Khan,0,1,"",""
ball,1,0.3,Papua New Guinea,TP Ura,G Toka,Bilal Khan,0,1,"",""
ball,1,0.4,Papua New Guinea,TP Ura,G Toka,Bilal Khan,0,0,"",""
ball,1,0.5,Papua New Guinea,TP Ura,G Toka,Bilal Khan,0,0,"",""
ball,1,0.6,Papua New Guinea,TP Ura,G Toka,Bilal Khan,0,0,"",""
ball,1,0.7,Papua New Guinea,TP Ura,G Toka,Bilal Khan,0,0,"",""
ball,1,0.8,Papua New Guinea,TP Ura,G Toka,Bilal Khan,0,0,"",""
ball,1,0.9,Papua New Guinea,TP Ura,G Toka,Bilal Khan,0,0,"",""
ball,1,1.1,Papua New Guinea,G Toka,TP Ura,Kaleemullah,0,0,"",""
ball,1,1.2,Papua New Guinea,G Toka,TP Ura,Kaleemullah,0,0,"",""
ball,1,1.3,Papua New Guinea,G Toka,TP Ura,Kaleemullah,0,0,"",""
ball,1,1.4,Papua New Guinea,G Toka,TP Ura,Kaleemullah,0,0,"",""
ball,1,1.5,Papua New Guinea,G Toka,TP Ura,Kaleemullah,0,0,"",""
ball,1,1.6,Papua New Guinea,G Toka,TP Ura,Kaleemullah,2,0,"",""
ball,1,2.1,Papua New Guinea,TP Ura,G Toka,Bilal Khan,2,0,"",""
ball,1,2.2,Papua New Guinea,TP Ura,G Toka,Bilal Khan,0,0,"",""
ball,1,2.3,Papua New Guinea,TP Ura,G Toka,Bilal Khan,0,0,"",""
ball,1,2.4,Papua New Guinea,TP Ura,G Toka,Bilal Khan,2,0,"",""
ball,1,2.5,Papua New Guinea,TP Ura,G Toka,Bilal Khan,0,0,"",""
ball,1,2.6,Papua New Guinea,TP Ura,G Toka,Bilal Khan,0,0,"",""
ball,1,3.1,Papua New Guinea,G Toka,TP Ura,Kaleemullah,0,0,"",""
ball,1,3.2,Papua New Guinea,G Toka,TP Ura,Kaleemullah,1,0,"",""
ball,1,3.3,Papua New Guinea,TP Ura,G Toka,Kaleemullah,0,0,"",""
ball,1,3.4,Papua New Guinea,TP Ura,G Toka,Kaleemullah,0,0,"",""
ball,1,3.5,Papua New Guinea,TP Ura,G Toka,Kaleemullah,2,0,"",""
ball,1,3.6,Papua New Guinea,TP Ura,G Toka,Kaleemullah,0,0,"",""
ball,1,4.1,Papua New Guinea,G Toka,TP Ura,Bilal Khan,0,0,"",""
ball,1,4.2,Papua New Guinea,G Toka,TP Ura,Bilal Khan,0,0,"",""
ball,1,4.3,Papua New Guinea,G Toka,TP Ura,Bilal Khan,0,0,"",""
ball,1,4.4,Papua New Guinea,G Toka,TP Ura,Bilal Khan,0,0,"",""
ball,1,4.5,Papua New Guinea,G Toka,TP Ura,Bilal Khan,0,1,"",""
ball,1,4.6,Papua New Guinea,TP Ura,G Toka,Bilal Khan,0,0,"",""
ball,1,5.1,Papua New Guinea,G Toka,TP Ura,Kaleemullah,0,1,"",""
ball,1,5.2,Papua New Guinea,G Toka,TP Ura,Kaleemullah,1,0,"",""
ball,1,5.3,Papua New Guinea,TP Ura,G Toka,Kaleemullah,1,0,"",""
ball,1,5.4,Papua New Guinea,G Toka,TP Ura,Kaleemullah,4,0,"",""
ball,1,5.5,Papua New Guinea,G Toka,TP Ura,Kaleemullah,0,0,"",""
ball,1,5.6,Papua New Guinea,G Toka,TP Ura,Kaleemullah,4,0,"",""
ball,1,5.7,Papua New Guinea,G Toka,TP Ura,Kaleemullah,0,0,"",""
ball,1,6.1,Papua New Guinea,TP Ura,G Toka,Bilal Khan,0,0,"",""
ball,1,6.2,Papua New Guinea,TP Ura,G Toka,Bilal Khan,0,0,"",""
ball,1,6.3,Papua New Guinea,TP Ura,G Toka,Bilal Khan,0,0,"",""
ball,1,6.4,Papua New Guinea,TP Ura,G Toka,Bilal Khan,0,0,"",""
ball,1,6.5,Papua New Guinea,TP Ura,G Toka,Bilal Khan,4,0,"",""
ball,1,6.6,Papua New Guinea,TP Ura,G Toka,Bilal Khan,0,0,"",""
ball,1,7.1,Papua New Guinea,G Toka,TP Ura,Kaleemullah,1,0,"",""
ball,1,7.2,Papua New Guinea,TP Ura,G Toka,Kaleemullah,4,0,"",""
ball,1,7.3,Papua New Guinea,TP Ura,G Toka,Kaleemullah,0,0,"",""
ball,1,7.4,Papua New Guinea,TP Ura,G Toka,Kaleemullah,1,0,"",""
ball,1,7.5,Papua New Guinea,G Toka,TP Ura,Kaleemullah,0,0,"",""
ball,1,7.6,Papua New Guinea,G Toka,TP Ura,Kaleemullah,0,0,"",""
ball,1,8.1,Papua New Guinea,TP Ura,G Toka,Fayyaz Butt,1,1,"",""
ball,1,8.2,Papua New Guinea,G Toka,TP Ura,Fayyaz Butt,0,0,"",""
ball,1,8.3,Papua New Guinea,G Toka,TP Ura,Fayyaz Butt,0,0,"",""
ball,1,8.4,Papua New Guinea,G Toka,TP Ura,Fayyaz Butt,0,0,"",""
ball,1,8.5,Papua New Guinea,G Toka,TP Ura,Fayyaz Butt,0,0,"",""
ball,1,8.6,Papua New Guinea,G Toka,TP Ura,Fayyaz Butt,1,0,"",""
ball,1,8.7,Papua New Guinea,TP Ura,G Toka,Fayyaz Butt,0,0,"",""
ball,1,9.1,Papua New Guinea,G Toka,TP Ura,Kaleemullah,0,0,"",""
ball,1,9.2,Papua New Guinea,G Toka,TP Ura,Kaleemullah,0,0,"",""
ball,1,9.3,Papua New Guinea,G Toka,TP Ura,Kaleemullah,2,0,"",""
ball,1,9.4,Papua New Guinea,G Toka,TP Ura,Kaleemullah,0,0,"",""
ball,1,9.5,Papua New Guinea,G Toka,TP Ura,Kaleemullah,2,0,"",""
ball,1,9.6,Papua New Guinea,G Toka,TP Ura,Kaleemullah,2,0,"",""
ball,1,10.1,Papua New Guinea,TP Ura,G Toka,Fayyaz Butt,0,0,"",""
ball,1,10.2,Papua New Guinea,TP Ura,G Toka,Fayyaz Butt,4,0,"",""
ball,1,10.3,Papua New Guinea,TP Ura,G Toka,Fayyaz Butt,1,0,"",""
ball,1,10.4,Papua New Guinea,G Toka,TP Ura,Fayyaz Butt,0,2,"",""
ball,1,10.5,Papua New Guinea,G Toka,TP Ura,Fayyaz Butt,0,0,"",""
ball,1,10.6,Papua New Guinea,G Toka,TP Ura,Fayyaz Butt,0,0,"",""
ball,1,11.1,Papua New Guinea,TP Ura,G Toka,Jay Odedra,6,0,"",""
ball,1,11.2,Papua New Guinea,TP Ura,G Toka,Jay Odedra,1,0,"",""
ball,1,11.3,Papua New Guinea,G Toka,TP Ura,Jay Odedra,1,0,"",""
ball,1,11.4,Papua New Guinea,TP Ura,G Toka,Jay Odedra,1,0,"",""
ball,1,11.5,Papua New Guinea,G Toka,TP Ura,Jay Odedra,2,0,"",""
ball,1,11.6,Papua New Guinea,G Toka,TP Ura,Jay Odedra,0,0,"",""
ball,1,12.1,Papua New Guinea,TP Ura,G Toka,Fayyaz Butt,4,0,"",""
ball,1,12.2,Papua New Guinea,TP Ura,G Toka,Fayyaz Butt,0,0,"",""
ball,1,12.3,Papua New Guinea,TP Ura,G Toka,Fayyaz Butt,0,0,"",""
ball,1,12.4,Papua New Guinea,TP Ura,G Toka,Fayyaz Butt,0,0,"",""
ball,1,12.5,Papua New Guinea,TP Ura,G Toka,Fayyaz Butt,0,0,"",""
ball,1,12.6,Papua New Guinea,TP Ura,G Toka,Fayyaz Butt,0,0,"",""
ball,1,13.1,Papua New Guinea,G Toka,TP Ura,Jay Odedra,0,1,"",""
ball,1,13.2,Papua New Guinea,G Toka,TP Ura,Jay Odedra,2,0,"",""
ball,1,13.3,Papua New Guinea,G Toka,TP Ura,Jay Odedra,0,0,"",""
ball,1,13.4,Papua New Guinea,G Toka,TP Ura,Jay Odedra,0,0,"",""
ball,1,13.5,Papua New Guinea,G Toka,TP Ura,Jay Odedra,2,0,"",""
ball,1,13.6,Papua New Guinea,TP Ura,G Toka,Jay Odedra,4,0,"",""
ball,1,13.7,Papua New Guinea,TP Ura,G Toka,Jay Odedra,0,0,"",""
ball,1,14.1,Papua New Guinea,G Toka,TP Ura,Fayyaz Butt,0,0,"",""
ball,1,14.2,Papua New Guinea,G Toka,TP Ura,Fayyaz Butt,1,0,"",""
ball,1,14.3,Papua New Guinea,TP Ura,G Toka,Fayyaz Butt,1,0,"",""
ball,1,14.4,Papua New Guinea,G Toka,TP Ura,Fayyaz Butt,1,0,"",""
ball,1,14.5,Papua New Guinea,TP Ura,G Toka,Fayyaz Butt,0,0,"",""
ball,1,14.6,Papua New Guinea,TP Ura,G Toka,Fayyaz Butt,0,0,"",""
ball,1,15.1,Papua New Guinea,G Toka,TP Ura,Zeeshan Maqsood,0,0,"",""
ball,1,15.2,Papua New Guinea,G Toka,TP Ura,Zeeshan Maqsood,0,0,bowled,G Toka
ball,1,15.3,Papua New Guinea,A Vala,TP Ura,Zeeshan Maqsood,1,0,"",""
ball,1,15.4,Papua New Guinea,TP Ura,A Vala,Zeeshan Maqsood,0,0,"",""
ball,1,15.5,Papua New Guinea,TP Ura,A Vala,Zeeshan Maqsood,0,0,"",""
ball,1,15.6,Papua New Guinea,TP Ura,A Vala,Zeeshan Maqsood,1,0,"",""
ball,1,16.1,Papua New Guinea,TP Ura,A Vala,Fayyaz Butt,0,0,"",""
ball,1,16.2,Papua New Guinea,TP Ura,A Vala,Fayyaz Butt,0,0,"",""
ball,1,16.3,Papua New Guinea,TP Ura,A Vala,Fayyaz Butt,1,0,"",""
ball,1,16.4,Papua New Guinea,A Vala,TP Ura,Fayyaz Butt,0,0,"",""
ball,1,16.5,Papua New Guinea,A Vala,TP Ura,Fayyaz Butt,2,0,"",""
ball,1,16.6,Papua New Guinea,A Vala,TP Ura,Fayyaz Butt,3,0,"",""
ball,1,17.1,Papua New Guinea,A Vala,TP Ura,Zeeshan Maqsood,1,0,"",""
ball,1,17.2,Papua New Guinea,TP Ura,A Vala,Zeeshan Maqsood,6,0,"",""
ball,1,17.3,Papua New Guinea,TP Ura,A Vala,Zeeshan Maqsood,1,0,"",""
ball,1,17.4,Papua New Guinea,A Vala,TP Ura,Zeeshan Maqsood,0,0,"",""
ball,1,17.5,Papua New Guinea,A Vala,TP Ura,Zeeshan Maqsood,0,0,"",""
ball,1,17.6,Papua New Guinea,A Vala,TP Ura,Zeeshan Maqsood,1,0,"",""
ball,1,18.1,Papua New Guinea,A Vala,TP Ura,Khawar Ali,0,0,"",""
ball,1,18.2,Papua New Guinea,A Vala,TP Ura,Khawar Ali,0,0,"",""
ball,1,18.3,Papua New Guinea,A Vala,TP Ura,Khawar Ali,0,0,"",""
ball,1,18.4,Papua New Guinea,A Vala,TP Ura,Khawar Ali,0,0,"",""
ball,1,18.5,Papua New Guinea,A Vala,TP Ura,Khawar Ali,1,0,"",""
ball,1,18.6,Papua New Guinea,TP Ura,A Vala,Khawar Ali,1,0,"",""
ball,1,19.1,Papua New Guinea,TP Ura,A Vala,Zeeshan Maqsood,0,0,"",""
ball,1,19.2,Papua New Guinea,TP Ura,A Vala,Zeeshan Maqsood,1,0,"",""
ball,1,19.3,Papua New Guinea,A Vala,TP Ura,Zeeshan Maqsood,1,0,"",""
ball,1,19.4,Papua New Guinea,TP Ura,A Vala,Zeeshan Maqsood,0,0,"",""
ball,1,19.5,Papua New Guinea,TP Ura,A Vala,Zeeshan Maqsood,1,0,"",""
ball,1,19.6,Papua New Guinea,A Vala,TP Ura,Zeeshan Maqsood,0,0,"",""
ball,1,20.1,Papua New Guinea,TP Ura,A Vala,Khawar Ali,1,0,"",""
ball,1,20.2,Papua New Guinea,A Vala,TP Ura,Khawar Ali,0,0,"",""
ball,1,20.3,Papua New Guinea,A Vala,TP Ura,Khawar Ali,1,0,"",""
ball,1,20.4,Papua New Guinea,TP Ura,A Vala,Khawar Ali,2,0,"",""
ball,1,20.5,Papua New Guinea,TP Ura,A Vala,Khawar Ali,0,0,"",""
ball,1,20.6,Papua New Guinea,TP Ura,A Vala,Khawar Ali,0,0,lbw,TP Ura
ball,1,21.1,Papua New Guinea,A Vala,L Siaka,Zeeshan Maqsood,0,0,"",""
ball,1,21.2,Papua New Guinea,A Vala,L Siaka,Zeeshan Maqsood,1,0,"",""
ball,1,21.3,Papua New Guinea,L Siaka,A Vala,Zeeshan Maqsood,0,0,"",""
ball,1,21.4,Papua New Guinea,L Siaka,A Vala,Zeeshan Maqsood,2,0,"",""
ball,1,21.5,Papua New Guinea,L Siaka,A Vala,Zeeshan Maqsood,0,0,"",""
ball,1,21.6,Papua New Guinea,L Siaka,A Vala,Zeeshan Maqsood,0,0,"",""
ball,1,22.1,Papua New Guinea,A Vala,L Siaka,Khawar Ali,1,0,"",""
ball,1,22.2,Papua New Guinea,L Siaka,A Vala,Khawar Ali,0,0,"",""
ball,1,22.3,Papua New Guinea,L Siaka,A Vala,Khawar Ali,0,0,"",""
ball,1,22.4,Papua New Guinea,L Siaka,A Vala,Khawar Ali,0,0,"",""
ball,1,22.5,Papua New Guinea,L Siaka,A Vala,Khawar Ali,0,0,"",""
ball,1,22.6,Papua New Guinea,L Siaka,A Vala,Khawar Ali,0,1,"",""
ball,1,22.7,Papua New Guinea,L Siaka,A Vala,Khawar Ali,0,0,"",""
ball,1,23.1,Papua New Guinea,A Vala,L Siaka,Zeeshan Maqsood,1,0,"",""
ball,1,23.2,Papua New Guinea,L Siaka,A Vala,Zeeshan Maqsood,0,0,"",""
ball,1,23.3,Papua New Guinea,L Siaka,A Vala,Zeeshan Maqsood,1,0,"",""
ball,1,23.4,Papua New Guinea,A Vala,L Siaka,Zeeshan Maqsood,1,0,"",""
ball,1,23.5,Papua New Guinea,L Siaka,A Vala,Zeeshan Maqsood,1,0,"",""
ball,1,23.6,Papua New Guinea,A Vala,L Siaka,Zeeshan Maqsood,0,0,"",""
ball,1,24.1,Papua New Guinea,L Siaka,A Vala,Khawar Ali,1,0,"",""
ball,1,24.2,Papua New Guinea,A Vala,L Siaka,Khawar Ali,0,0,"",""
ball,1,24.3,Papua New Guinea,A Vala,L Siaka,Khawar Ali,0,0,"",""
ball,1,24.4,Papua New Guinea,A Vala,L Siaka,Khawar Ali,1,0,"",""
ball,1,24.5,Papua New Guinea,L Siaka,A Vala,Khawar Ali,1,0,"",""
ball,1,24.6,Papua New Guinea,A Vala,L Siaka,Khawar Ali,0,0,"",""
ball,1,25.1,Papua New Guinea,L Siaka,A Vala,Zeeshan Maqsood,1,0,"",""
ball,1,25.2,Papua New Guinea,A Vala,L Siaka,Zeeshan Maqsood,0,0,"",""
ball,1,25.3,Papua New Guinea,A Vala,L Siaka,Zeeshan Maqsood,0,0,"",""
ball,1,25.4,Papua New Guinea,A Vala,L Siaka,Zeeshan Maqsood,0,0,"",""
ball,1,25.5,Papua New Guinea,A Vala,L Siaka,Zeeshan Maqsood,1,0,"",""
ball,1,25.6,Papua New Guinea,L Siaka,A Vala,Zeeshan Maqsood,0,0,"",""
ball,1,26.1,Papua New Guinea,A Vala,L Siaka,Khawar Ali,2,0,"",""
ball,1,26.2,Papua New Guinea,A Vala,L Siaka,Khawar Ali,1,0,"",""
ball,1,26.3,Papua New Guinea,L Siaka,A Vala,Khawar Ali,1,0,"",""
ball,1,26.4,Papua New Guinea,A Vala,L Siaka,Khawar Ali,1,0,"",""
ball,1,26.5,Papua New Guinea,L Siaka,A Vala,Khawar Ali,1,0,"",""
ball,1,26.6,Papua New Guinea,A Vala,L Siaka,Khawar Ali,0,0,"",""
ball,1,27.1,Papua New Guinea,L Siaka,A Vala,Jay Odedra,1,0,"",""
ball,1,27.2,Papua New Guinea,A Vala,L Siaka,Jay Odedra,1,0,"",""
ball,1,27.3,Papua New Guinea,L Siaka,A Vala,Jay Odedra,1,0,"",""
ball,1,27.4,Papua New Guinea,A Vala,L Siaka,Jay Odedra,1,0,"",""
ball,1,27.5,Papua New Guinea,L Siaka,A Vala,Jay Odedra,0,0,"",""
ball,1,27.6,Papua New Guinea,L Siaka,A Vala,Jay Odedra,0,0,"",""
ball,1,28.1,Papua New Guinea,A Vala,L Siaka,Khawar Ali,0,0,"",""
ball,1,28.2,Papua New Guinea,A Vala,L Siaka,Khawar Ali,1,0,"",""
ball,1,28.3,Papua New Guinea,L Siaka,A Vala,Khawar Ali,0,0,"",""
ball,1,28.4,Papua New Guinea,L Siaka,A Vala,Khawar Ali,0,0,"",""
ball,1,28.5,Papua New Guinea,L Siaka,A Vala,Khawar Ali,1,0,"",""
ball,1,28.6,Papua New Guinea,A Vala,L Siaka,Khawar Ali,0,0,caught,A Vala
ball,1,29.1,Papua New Guinea,CJA Amini,L Siaka,Jay Odedra,0,0,"",""
ball,1,29.2,Papua New Guinea,CJA Amini,L Siaka,Jay Odedra,0,0,"",""
ball,1,29.3,Papua New Guinea,CJA Amini,L Siaka,Jay Odedra,0,0,"",""
ball,1,29.4,Papua New Guinea,CJA Amini,L Siaka,Jay Odedra,0,0,"",""
ball,1,29.5,Papua New Guinea,CJA Amini,L Siaka,Jay Odedra,0,0,"",""
ball,1,29.6,Papua New Guinea,CJA Amini,L Siaka,Jay Odedra,2,0,"",""
ball,1,30.1,Papua New Guinea,L Siaka,CJA Amini,Khawar Ali,2,0,"",""
ball,1,30.2,Papua New Guinea,L Siaka,CJA Amini,Khawar Ali,4,0,"",""
ball,1,30.3,Papua New Guinea,L Siaka,CJA Amini,Khawar Ali,0,0,"",""
ball,1,30.4,Papua New Guinea,L Siaka,CJA Amini,Khawar Ali,0,1,"",""
ball,1,30.5,Papua New Guinea,L Siaka,CJA Amini,Khawar Ali,0,0,"",""
ball,1,30.6,Papua New Guinea,L Siaka,CJA Amini,Khawar Ali,1,0,"",""
ball,1,30.7,Papua New Guinea,CJA Amini,L Siaka,Khawar Ali,3,0,"",""
ball,1,31.1,Papua New Guinea,CJA Amini,L Siaka,Jay Odedra,1,0,"",""
ball,1,31.2,Papua New Guinea,L Siaka,CJA Amini,Jay Odedra,0,2,"",""
ball,1,31.3,Papua New Guinea,L Siaka,CJA Amini,Jay Odedra,1,0,"",""
ball,1,31.4,Papua New Guinea,CJA Amini,L Siaka,Jay Odedra,1,0,"",""
ball,1,31.5,Papua New Guinea,L Siaka,CJA Amini,Jay Odedra,3,0,"",""
ball,1,31.6,Papua New Guinea,CJA Amini,L Siaka,Jay Odedra,0,0,run out,CJA Amini
ball,1,32.1,Papua New Guinea,S Bau,L Siaka,Bilal Khan,0,0,"",""
ball,1,32.2,Papua New Guinea,S Bau,L Siaka,Bilal Khan,3,0,"",""
ball,1,32.3,Papua New Guinea,L Siaka,S Bau,Bilal Khan,4,0,"",""
ball,1,32.4,Papua New Guinea,L Siaka,S Bau,Bilal Khan,0,0,"",""
ball,1,32.5,Papua New Guinea,L Siaka,S Bau,Bilal Khan,1,0,"",""
ball,1,32.6,Papua New Guinea,S Bau,L Siaka,Bilal Khan,0,0,"",""
ball,1,33.1,Papua New Guinea,L Siaka,S Bau,Jay Odedra,0,0,"",""
ball,1,33.2,Papua New Guinea,L Siaka,S Bau,Jay Odedra,1,0,"",""
ball,1,33.3,Papua New Guinea,S Bau,L Siaka,Jay Odedra,0,0,"",""
ball,1,33.4,Papua New Guinea,S Bau,L Siaka,Jay Odedra,1,0,"",""
ball,1,33.5,Papua New Guinea,L Siaka,S Bau,Jay Odedra,0,0,"",""
ball,1,33.6,Papua New Guinea,L Siaka,S Bau,Jay Odedra,0,0,"",""
ball,1,34.1,Papua New Guinea,S Bau,L Siaka,Bilal Khan,2,0,"",""
ball,1,34.2,Papua New Guinea,S Bau,L Siaka,Bilal Khan,1,0,"",""
ball,1,34.3,Papua New Guinea,L Siaka,S Bau,Bilal Khan,1,0,"",""
ball,1,34.4,Papua New Guinea,S Bau,L Siaka,Bilal Khan,1,0,"",""
ball,1,34.5,Papua New Guinea,L Siaka,S Bau,Bilal Khan,0,0,"",""
ball,1,34.6,Papua New Guinea,L Siaka,S Bau,Bilal Khan,3,0,"",""
ball,1,35.1,Papua New Guinea,L Siaka,S Bau,Jay Odedra,0,0,"",""
ball,1,35.2,Papua New Guinea,L Siaka,S Bau,Jay Odedra,2,0,"",""
ball,1,35.3,Papua New Guinea,L Siaka,S Bau,Jay Odedra,0,0,"",""
ball,1,35.4,Papua New Guinea,L Siaka,S Bau,Jay Odedra,0,0,"",""
ball,1,35.5,Papua New Guinea,L Siaka,S Bau,Jay Odedra,1,0,"",""
ball,1,35.6,Papua New Guinea,S Bau,L Siaka,Jay Odedra,0,0,"",""
ball,1,36.1,Papua New Guinea,L Siaka,S Bau,Zeeshan Maqsood,0,0,"",""
ball,1,36.2,Papua New Guinea,L Siaka,S Bau,Zeeshan Maqsood,2,0,"",""
ball,1,36.3,Papua New Guinea,L Siaka,S Bau,Zeeshan Maqsood,0,0,"",""
ball,1,36.4,Papua New Guinea,L Siaka,S Bau,Zeeshan Maqsood,0,0,"",""
ball,1,36.5,Papua New Guinea,L Siaka,S Bau,Zeeshan Maqsood,0,0,"",""
ball,1,36.6,Papua New Guinea,L Siaka,S Bau,Zeeshan Maqsood,1,0,"",""
ball,1,37.1,Papua New Guinea,L Siaka,S Bau,Jay Odedra,1,0,"",""
ball,1,37.2,Papua New Guinea,S Bau,L Siaka,Jay Odedra,1,0,"",""
ball,1,37.3,Papua New Guinea,L Siaka,S Bau,Jay Odedra,1,0,"",""
ball,1,37.4,Papua New Guinea,S Bau,L Siaka,Jay Odedra,6,0,"",""
ball,1,37.5,Papua New Guinea,S Bau,L Siaka,Jay Odedra,0,0,caught,S Bau
ball,1,37.6,Papua New Guinea,K Doriga,L Siaka,Jay Odedra,0,0,"",""
ball,1,38.1,Papua New Guinea,L Siaka,K Doriga,Zeeshan Maqsood,0,0,caught and bowled,L Siaka
ball,1,38.2,Papua New Guinea,CA Soper,K Doriga,Zeeshan Maqsood,0,0,"",""
ball,1,38.3,Papua New Guinea,CA Soper,K Doriga,Zeeshan Maqsood,0,0,"",""
ball,1,38.4,Papua New Guinea,CA Soper,K Doriga,Zeeshan Maqsood,0,2,"",""
ball,1,38.5,Papua New Guinea,CA Soper,K Doriga,Zeeshan Maqsood,1,0,"",""
ball,1,38.6,Papua New Guinea,K Doriga,CA Soper,Zeeshan Maqsood,0,0,"",""
ball,1,39.1,Papua New Guinea,CA Soper,K Doriga,Jay Odedra,0,0,"",""
ball,1,39.2,Papua New Guinea,CA Soper,K Doriga,Jay Odedra,0,0,"",""
ball,1,39.3,Papua New Guinea,CA Soper,K Doriga,Jay Odedra,0,0,"",""
ball,1,39.4,Papua New Guinea,CA Soper,K Doriga,Jay Odedra,0,0,"",""
ball,1,39.5,Papua New Guinea,CA Soper,K Doriga,Jay Odedra,0,0,"",""
ball,1,39.6,Papua New Guinea,CA Soper,K Doriga,Jay Odedra,0,0,"",""
ball,1,40.1,Papua New Guinea,K Doriga,CA Soper,Zeeshan Maqsood,1,0,"",""
ball,1,40.2,Papua New Guinea,CA Soper,K Doriga,Zeeshan Maqsood,2,0,"",""
ball,1,40.3,Papua New Guinea,CA Soper,K Doriga,Zeeshan Maqsood,1,0,"",""
ball,1,40.4,Papua New Guinea,K Doriga,CA Soper,Zeeshan Maqsood,0,0,"",""
ball,1,40.5,Papua New Guinea,K Doriga,CA Soper,Zeeshan Maqsood,0,0,caught,K Doriga
ball,1,40.6,Papua New Guinea,N Vanua,CA Soper,Zeeshan Maqsood,2,0,"",""
ball,1,41.1,Papua New Guinea,CA Soper,N Vanua,Jay Odedra,0,0,"",""
ball,1,41.2,Papua New Guinea,CA Soper,N Vanua,Jay Odedra,1,0,"",""
ball,1,41.3,Papua New Guinea,N Vanua,CA Soper,Jay Odedra,0,0,"",""
ball,1,41.4,Papua New Guinea,N Vanua,CA Soper,Jay Odedra,1,0,"",""
ball,1,41.5,Papua New Guinea,CA Soper,N Vanua,Jay Odedra,0,0,"",""
ball,1,41.6,Papua New Guinea,CA Soper,N Vanua,Jay Odedra,0,0,"",""
ball,1,42.1,Papua New Guinea,N Vanua,CA Soper,Zeeshan Maqsood,1,0,"",""
ball,1,42.2,Papua New Guinea,CA Soper,N Vanua,Zeeshan Maqsood,1,0,"",""
ball,1,42.3,Papua New Guinea,N Vanua,CA Soper,Zeeshan Maqsood,0,0,"",""
ball,1,42.4,Papua New Guinea,N Vanua,CA Soper,Zeeshan Maqsood,0,0,"",""
ball,1,42.5,Papua New Guinea,N Vanua,CA Soper,Zeeshan Maqsood,0,0,"",""
ball,1,42.6,Papua New Guinea,N Vanua,CA Soper,Zeeshan Maqsood,0,0,"",""
ball,1,43.1,Papua New Guinea,CA Soper,N Vanua,Aqib Ilyas,0,1,"",""
ball,1,43.2,Papua New Guinea,N Vanua,CA Soper,Aqib Ilyas,0,0,caught,N Vanua
ball,1,43.3,Papua New Guinea,CA Soper,D Ravu,Aqib Ilyas,0,0,"",""
ball,1,43.4,Papua New Guinea,CA Soper,D Ravu,Aqib Ilyas,0,0,"",""
ball,1,43.5,Papua New Guinea,CA Soper,D Ravu,Aqib Ilyas,0,0,"",""
ball,1,43.6,Papua New Guinea,CA Soper,D Ravu,Aqib Ilyas,1,0,"",""
ball,1,44.1,Papua New Guinea,CA Soper,D Ravu,Khawar Ali,0,0,"",""
ball,1,44.2,Papua New Guinea,CA Soper,D Ravu,Khawar Ali,0,0,"",""
ball,1,44.3,Papua New Guinea,CA Soper,D Ravu,Khawar Ali,1,0,"",""
ball,1,44.4,Papua New Guinea,D Ravu,CA Soper,Khawar Ali,1,0,"",""
ball,1,44.5,Papua New Guinea,CA Soper,D Ravu,Khawar Ali,0,0,"",""
ball,1,44.6,Papua New Guinea,CA Soper,D Ravu,Khawar Ali,1,0,"",""
ball,1,45.1,Papua New Guinea,CA Soper,D Ravu,Aqib Ilyas,1,0,"",""
ball,1,45.2,Papua New Guinea,D Ravu,CA Soper,Aqib Ilyas,0,0,"",""
ball,1,45.3,Papua New Guinea,D Ravu,CA Soper,Aqib Ilyas,1,0,"",""
ball,1,45.4,Papua New Guinea,CA Soper,D Ravu,Aqib Ilyas,0,1,"",""
ball,1,45.5,Papua New Guinea,CA Soper,D Ravu,Aqib Ilyas,0,0,"",""
ball,1,45.6,Papua New Guinea,CA Soper,D Ravu,Aqib Ilyas,1,0,"",""
ball,1,45.7,Papua New Guinea,D Ravu,CA Soper,Aqib Ilyas,0,0,"",""
ball,1,46.1,Papua New Guinea,CA Soper,D Ravu,Khawar Ali,1,0,"",""
ball,1,46.2,Papua New Guinea,D Ravu,CA Soper,Khawar Ali,0,0,"",""
ball,1,46.3,Papua New Guinea,D Ravu,CA Soper,Khawar Ali,0,0,"",""
ball,1,46.4,Papua New Guinea,D Ravu,CA Soper,Khawar Ali,1,0,"",""
ball,1,46.5,Papua New Guinea,CA Soper,D Ravu,Khawar Ali,1,0,"",""
ball,1,46.6,Papua New Guinea,D Ravu,CA Soper,Khawar Ali,1,0,"",""
ball,1,47.1,Papua New Guinea,D Ravu,CA Soper,Aqib Ilyas,0,0,"",""
ball,1,47.2,Papua New Guinea,D Ravu,CA Soper,Aqib Ilyas,0,0,"",""
ball,1,47.3,Papua New Guinea,D Ravu,CA Soper,Aqib Ilyas,1,0,"",""
ball,1,47.4,Papua New Guinea,CA Soper,D Ravu,Aqib Ilyas,6,0,"",""
ball,1,47.5,Papua New Guinea,CA Soper,D Ravu,Aqib Ilyas,1,0,"",""
ball,1,47.6,Papua New Guinea,D Ravu,CA Soper,Aqib Ilyas,0,0,"",""
ball,1,48.1,Papua New Guinea,CA Soper,D Ravu,Khawar Ali,0,0,"",""
ball,1,48.2,Papua New Guinea,CA Soper,D Ravu,Khawar Ali,0,0,"",""
ball,1,48.3,Papua New Guinea,CA Soper,D Ravu,Khawar Ali,2,0,"",""
ball,1,48.4,Papua New Guinea,CA Soper,D Ravu,Khawar Ali,1,0,"",""
ball,1,48.5,Papua New Guinea,D Ravu,CA Soper,Khawar Ali,0,1,"",""
ball,1,48.6,Papua New Guinea,CA Soper,D Ravu,Khawar Ali,1,0,"",""
ball,1,49.1,Papua New Guinea,CA Soper,D Ravu,Bilal Khan,0,1,"",""
ball,1,49.2,Papua New Guinea,D Ravu,CA Soper,Bilal Khan,1,0,"",""
ball,1,49.3,Papua New Guinea,CA Soper,D Ravu,Bilal Khan,0,0,"",""
ball,1,49.4,Papua New Guinea,CA Soper,D Ravu,Bilal Khan,4,0,"",""
ball,1,49.5,Papua New Guinea,CA Soper,D Ravu,Bilal Khan,1,0,"",""
ball,1,49.6,Papua New Guinea,D Ravu,CA Soper,Bilal Khan,0,0,"",""
ball,2,0.1,Oman,Khawar Ali,Jatinder Singh,N Pokana,0,0,"",""
ball,2,0.2,Oman,Khawar Ali,Jatinder Singh,N Pokana,0,0,"",""
ball,2,0.3,Oman,Khawar Ali,Jatinder Singh,N Pokana,0,1,"",""
ball,2,0.4,Oman,Khawar Ali,Jatinder Singh,N Pokana,0,0,"",""
ball,2,0.5,Oman,Khawar Ali,Jatinder Singh,N Pokana,0,0,"",""
ball,2,0.6,Oman,Khawar Ali,Jatinder Singh,N Pokana,0,0,"",""
ball,2,0.7,Oman,Khawar Ali,Jatinder Singh,N Pokana,0,0,"",""
ball,2,1.1,Oman,Jatinder Singh,Khawar Ali,N Vanua,0,0,"",""
ball,2,1.2,Oman,Jatinder Singh,Khawar Ali,N Vanua,0,0,"",""
ball,2,1.3,Oman,Jatinder Singh,Khawar Ali,N Vanua,4,0,"",""
ball,2,1.4,Oman,Jatinder Singh,Khawar Ali,N Vanua,1,0,"",""
ball,2,1.5,Oman,Khawar Ali,Jatinder Singh,N Vanua,0,0,"",""
ball,2,1.6,Oman,Khawar Ali,Jatinder Singh,N Vanua,0,0,"",""
ball,2,2.1,Oman,Jatinder Singh,Khawar Ali,N Pokana,0,0,"",""
ball,2,2.2,Oman,Jatinder Singh,Khawar Ali,N Pokana,0,1,"",""
ball,2,2.3,Oman,Jatinder Singh,Khawar Ali,N Pokana,0,0,"",""
ball,2,2.4,Oman,Jatinder Singh,Khawar Ali,N Pokana,0,0,"",""
ball,2,2.5,Oman,Jatinder Singh,Khawar Ali,N Pokana,0,0,"",""
ball,2,2.6,Oman,Jatinder Singh,Khawar Ali,N Pokana,1,0,"",""
ball,2,2.7,Oman,Khawar Ali,Jatinder Singh,N Pokana,1,0,"",""
ball,2,3.1,Oman,Khawar Ali,Jatinder Singh,N Vanua,0,0,"",""
ball,2,3.2,Oman,Khawar Ali,Jatinder Singh,N Vanua,0,0,"",""
ball,2,3.3,Oman,Khawar Ali,Jatinder Singh,N Vanua,0,0,"",""
ball,2,3.4,Oman,Khawar Ali,Jatinder Singh,N Vanua,0,0,"",""
ball,2,3.5,Oman,Khawar Ali,Jatinder Singh,N Vanua,0,0,"",""
ball,2,3.6,Oman,Khawar Ali,Jatinder Singh,N Vanua,1,0,"",""
ball,2,4.1,Oman,Khawar Ali,Jatinder Singh,N Pokana,2,0,"",""
ball,2,4.2,Oman,Khawar Ali,Jatinder Singh,N Pokana,1,0,"",""
ball,2,4.3,Oman,Jatinder Singh,Khawar Ali,N Pokana,2,0,"",""
ball,2,4.4,Oman,Jatinder Singh,Khawar Ali,N Pokana,0,0,"",""
ball,2,4.5,Oman,Jatinder Singh,Khawar Ali,N Pokana,0,0,"",""
ball,2,4.6,Oman,Jatinder Singh,Khawar Ali,N Pokana,0,0,"",""
ball,2,5.1,Oman,Khawar Ali,Jatinder Singh,N Vanua,2,0,"",""
ball,2,5.2,Oman,Khawar Ali,Jatinder Singh,N Vanua,0,0,"",""
ball,2,5.3,Oman,Khawar Ali,Jatinder Singh,N Vanua,0,0,"",""
ball,2,5.4,Oman,Khawar Ali,Jatinder Singh,N Vanua,0,0,"",""
ball,2,5.5,Oman,Khawar Ali,Jatinder Singh,N Vanua,0,0,"",""
ball,2,5.6,Oman,Khawar Ali,Jatinder Singh,N Vanua,1,0,"",""
ball,2,6.1,Oman,Khawar Ali,Jatinder Singh,N Pokana,0,0,"",""
ball,2,6.2,Oman,Khawar Ali,Jatinder Singh,N Pokana,1,0,"",""
ball,2,6.3,Oman,Jatinder Singh,Khawar Ali,N Pokana,1,0,"",""
ball,2,6.4,Oman,Khawar Ali,Jatinder Singh,N Pokana,0,0,"",""
ball,2,6.5,Oman,Khawar Ali,Jatinder Singh,N Pokana,0,0,caught,Khawar Ali
ball,2,6.6,Oman,Aqib Ilyas,Jatinder Singh,N Pokana,0,0,"",""
ball,2,7.1,Oman,Jatinder Singh,Aqib Ilyas,N Vanua,0,0,"",""
ball,2,7.2,Oman,Jatinder Singh,Aqib Ilyas,N Vanua,0,0,"",""
ball,2,7.3,Oman,Jatinder Singh,Aqib Ilyas,N Vanua,0,0,"",""
ball,2,7.4,Oman,Jatinder Singh,Aqib Ilyas,N Vanua,0,0,"",""
ball,2,7.5,Oman,Jatinder Singh,Aqib Ilyas,N Vanua,1,0,"",""
ball,2,7.6,Oman,Aqib Ilyas,Jatinder Singh,N Vanua,1,0,"",""
ball,2,8.1,Oman,Aqib Ilyas,Jatinder Singh,N Pokana,0,0,"",""
ball,2,8.2,Oman,Aqib Ilyas,Jatinder Singh,N Pokana,1,0,"",""
ball,2,8.3,Oman,Jatinder Singh,Aqib Ilyas,N Pokana,0,0,"",""
ball,2,8.4,Oman,Jatinder Singh,Aqib Ilyas,N Pokana,0,0,"",""
ball,2,8.5,Oman,Jatinder Singh,Aqib Ilyas,N Pokana,0,0,"",""
ball,2,8.6,Oman,Jatinder Singh,Aqib Ilyas,N Pokana,0,0,"",""
ball,2,9.1,Oman,Aqib Ilyas,Jatinder Singh,N Vanua,2,0,"",""
ball,2,9.2,Oman,Aqib Ilyas,Jatinder Singh,N Vanua,1,0,"",""
ball,2,9.3,Oman,Jatinder Singh,Aqib Ilyas,N Vanua,1,0,"",""
ball,2,9.4,Oman,Aqib Ilyas,Jatinder Singh,N Vanua,0,0,"",""
ball,2,9.5,Oman,Aqib Ilyas,Jatinder Singh,N Vanua,0,0,"",""
ball,2,9.6,Oman,Aqib Ilyas,Jatinder Singh,N Vanua,2,0,"",""
ball,2,10.1,Oman,Jatinder Singh,Aqib Ilyas,D Ravu,0,0,"",""
ball,2,10.2,Oman,Jatinder Singh,Aqib Ilyas,D Ravu,1,0,"",""
ball,2,10.3,Oman,Aqib Ilyas,Jatinder Singh,D Ravu,1,0,"",""
ball,2,10.4,Oman,Jatinder Singh,Aqib Ilyas,D Ravu,4,0,"",""
ball,2,10.5,Oman,Jatinder Singh,Aqib Ilyas,D Ravu,1,0,"",""
ball,2,10.6,Oman,Aqib Ilyas,Jatinder Singh,D Ravu,0,0,"",""
ball,2,11.1,Oman,Jatinder Singh,Aqib Ilyas,N Vanua,0,0,"",""
ball,2,11.2,Oman,Jatinder Singh,Aqib Ilyas,N Vanua,1,0,"",""
ball,2,11.3,Oman,Aqib Ilyas,Jatinder Singh,N Vanua,2,0,"",""
ball,2,11.4,Oman,Aqib Ilyas,Jatinder Singh,N Vanua,0,1,"",""
ball,2,11.5,Oman,Jatinder Singh,Aqib Ilyas,N Vanua,0,0,"",""
ball,2,11.6,Oman,Jatinder Singh,Aqib Ilyas,N Vanua,0,0,"",""
ball,2,12.1,Oman,Aqib Ilyas,Jatinder Singh,CJA Amini,4,0,"",""
ball,2,12.2,Oman,Aqib Ilyas,Jatinder Singh,CJA Amini,4,0,"",""
ball,2,12.3,Oman,Aqib Ilyas,Jatinder Singh,CJA Amini,1,0,"",""
ball,2,12.4,Oman,Jatinder Singh,Aqib Ilyas,CJA Amini,0,0,"",""
ball,2,12.5,Oman,Jatinder Singh,Aqib Ilyas,CJA Amini,0,0,"",""
ball,2,12.6,Oman,Jatinder Singh,Aqib Ilyas,CJA Amini,1,0,"",""
ball,2,13.1,Oman,Jatinder Singh,Aqib Ilyas,D Ravu,1,0,"",""
ball,2,13.2,Oman,Aqib Ilyas,Jatinder Singh,D Ravu,1,0,"",""
ball,2,13.3,Oman,Jatinder Singh,Aqib Ilyas,D Ravu,0,0,"",""
ball,2,13.4,Oman,Jatinder Singh,Aqib Ilyas,D Ravu,0,0,"",""
ball,2,13.5,Oman,Jatinder Singh,Aqib Ilyas,D Ravu,0,0,"",""
ball,2,13.6,Oman,Jatinder Singh,Aqib Ilyas,D Ravu,0,0,"",""
ball,2,14.1,Oman,Aqib Ilyas,Jatinder Singh,CJA Amini,0,0,"",""
ball,2,14.2,Oman,Aqib Ilyas,Jatinder Singh,CJA Amini,2,0,"",""
ball,2,14.3,Oman,Aqib Ilyas,Jatinder Singh,CJA Amini,1,0,"",""
ball,2,14.4,Oman,Jatinder Singh,Aqib Ilyas,CJA Amini,0,0,bowled,Jatinder Singh
ball,2,14.5,Oman,Zeeshan Maqsood,Aqib Ilyas,CJA Amini,0,0,"",""
ball,2,14.6,Oman,Zeeshan Maqsood,Aqib Ilyas,CJA Amini,0,0,"",""
ball,2,15.1,Oman,Aqib Ilyas,Zeeshan Maqsood,D Ravu,0,0,"",""
ball,2,15.2,Oman,Aqib Ilyas,Zeeshan Maqsood,D Ravu,0,0,"",""
ball,2,15.3,Oman,Aqib Ilyas,Zeeshan Maqsood,D Ravu,0,0,"",""
ball,2,15.4,Oman,Aqib Ilyas,Zeeshan Maqsood,D Ravu,1,0,"",""
ball,2,15.5,Oman,Zeeshan Maqsood,Aqib Ilyas,D Ravu,1,0,"",""
ball,2,15.6,Oman,Aqib Ilyas,Zeeshan Maqsood,D Ravu,4,0,"",""
ball,2,16.1,Oman,Zeeshan Maqsood,Aqib Ilyas,CJA Amini,0,0,"",""
ball,2,16.2,Oman,Zeeshan Maqsood,Aqib Ilyas,CJA Amini,0,0,"",""
ball,2,16.3,Oman,Zeeshan Maqsood,Aqib Ilyas,CJA Amini,1,0,"",""
ball,2,16.4,Oman,Aqib Ilyas,Zeeshan Maqsood,CJA Amini,1,0,"",""
ball,2,16.5,Oman,Zeeshan Maqsood,Aqib Ilyas,CJA Amini,1,0,"",""
ball,2,16.6,Oman,Aqib Ilyas,Zeeshan Maqsood,CJA Amini,1,0,"",""
ball,2,17.1,Oman,Aqib Ilyas,Zeeshan Maqsood,A Vala,1,0,"",""
ball,2,17.2,Oman,Zeeshan Maqsood,Aqib Ilyas,A Vala,0,0,"",""
ball,2,17.3,Oman,Zeeshan Maqsood,Aqib Ilyas,A Vala,2,0,"",""
ball,2,17.4,Oman,Zeeshan Maqsood,Aqib Ilyas,A Vala,0,0,"",""
ball,2,17.5,Oman,Zeeshan Maqsood,Aqib Ilyas,A Vala,0,0,"",""
ball,2,17.6,Oman,Zeeshan Maqsood,Aqib Ilyas,A Vala,1,0,"",""
ball,2,18.1,Oman,Zeeshan Maqsood,Aqib Ilyas,CJA Amini,0,0,"",""
ball,2,18.2,Oman,Zeeshan Maqsood,Aqib Ilyas,CJA Amini,0,0,"",""
ball,2,18.3,Oman,Zeeshan Maqsood,Aqib Ilyas,CJA Amini,1,0,"",""
ball,2,18.4,Oman,Aqib Ilyas,Zeeshan Maqsood,CJA Amini,1,0,"",""
ball,2,18.5,Oman,Zeeshan Maqsood,Aqib Ilyas,CJA Amini,0,0,"",""
ball,2,18.6,Oman,Zeeshan Maqsood,Aqib Ilyas,CJA Amini,0,0,"",""
ball,2,19.1,Oman,Aqib Ilyas,Zeeshan Maqsood,A Vala,0,0,"",""
ball,2,19.2,Oman,Aqib Ilyas,Zeeshan Maqsood,A Vala,0,0,"",""
ball,2,19.3,Oman,Aqib Ilyas,Zeeshan Maqsood,A Vala,1,0,"",""
ball,2,19.4,Oman,Zeeshan Maqsood,Aqib Ilyas,A Vala,1,0,"",""
ball,2,19.5,Oman,Aqib Ilyas,Zeeshan Maqsood,A Vala,0,0,"",""
ball,2,19.6,Oman,Aqib Ilyas,Zeeshan Maqsood,A Vala,1,0,"",""
ball,2,20.1,Oman,Aqib Ilyas,Zeeshan Maqsood,CJA Amini,0,0,"",""
ball,2,20.2,Oman,Aqib Ilyas,Zeeshan Maqsood,CJA Amini,1,0,"",""
ball,2,20.3,Oman,Zeeshan Maqsood,Aqib Ilyas,CJA Amini,1,0,"",""
ball,2,20.4,Oman,Aqib Ilyas,Zeeshan Maqsood,CJA Amini,1,0,"",""
ball,2,20.5,Oman,Zeeshan Maqsood,Aqib Ilyas,CJA Amini,0,1,"",""
ball,2,20.6,Oman,Zeeshan Maqsood,Aqib Ilyas,CJA Amini,1,0,"",""
ball,2,20.7,Oman,Aqib Ilyas,Zeeshan Maqsood,CJA Amini,4,0,"",""
ball,2,21.1,Oman,Zeeshan Maqsood,Aqib Ilyas,A Vala,0,0,"",""
ball,2,21.2,Oman,Zeeshan Maqsood,Aqib Ilyas,A Vala,0,0,"",""
ball,2,21.3,Oman,Zeeshan Maqsood,Aqib Ilyas,A Vala,2,0,"",""
ball,2,21.4,Oman,Zeeshan Maqsood,Aqib Ilyas,A Vala,0,0,"",""
ball,2,21.5,Oman,Zeeshan Maqsood,Aqib Ilyas,A Vala,1,0,"",""
ball,2,21.6,Oman,Aqib Ilyas,Zeeshan Maqsood,A Vala,0,0,"",""
ball,2,22.1,Oman,Zeeshan Maqsood,Aqib Ilyas,CA Soper,0,1,"",""
ball,2,22.2,Oman,Aqib Ilyas,Zeeshan Maqsood,CA Soper,1,0,"",""
ball,2,22.3,Oman,Zeeshan Maqsood,Aqib Ilyas,CA Soper,1,0,"",""
ball,2,22.4,Oman,Aqib Ilyas,Zeeshan Maqsood,CA Soper,0,0,caught,Aqib Ilyas
ball,2,22.5,Oman,Mohammad Nadeem,Zeeshan Maqsood,CA Soper,0,1,"",""
ball,2,22.6,Oman,Mohammad Nadeem,Zeeshan Maqsood,CA Soper,0,0,"",""
ball,2,22.7,Oman,Mohammad Nadeem,Zeeshan Maqsood,CA Soper,0,0,"",""
ball,2,23.1,Oman,Zeeshan Maqsood,Mohammad Nadeem,A Vala,0,0,"",""
ball,2,23.2,Oman,Zeeshan Maqsood,Mohammad Nadeem,A Vala,1,0,"",""
ball,2,23.3,Oman,Mohammad Nadeem,Zeeshan Maqsood,A Vala,1,0,"",""
ball,2,23.4,Oman,Zeeshan Maqsood,Mohammad Nadeem,A Vala,4,0,"",""
ball,2,23.5,Oman,Zeeshan Maqsood,Mohammad Nadeem,A Vala,2,0,"",""
ball,2,23.6,Oman,Zeeshan Maqsood,Mohammad Nadeem,A Vala,0,0,bowled,Zeeshan Maqsood
ball,2,24.1,Oman,Mohammad Nadeem,Suraj Kumar,CA Soper,0,0,"",""
ball,2,24.2,Oman,Mohammad Nadeem,Suraj Kumar,CA Soper,0,0,"",""
ball,2,24.3,Oman,Mohammad Nadeem,Suraj Kumar,CA Soper,0,0,"",""
ball,2,24.4,Oman,Mohammad Nadeem,Suraj Kumar,CA Soper,0,0,"",""
ball,2,24.5,Oman,Mohammad Nadeem,Suraj Kumar,CA Soper,0,0,"",""
ball,2,24.6,Oman,Mohammad Nadeem,Suraj Kumar,CA Soper,0,1,"",""
ball,2,24.7,Oman,Mohammad Nadeem,Suraj Kumar,CA Soper,0,0,"",""
ball,2,25.1,Oman,Suraj Kumar,Mohammad Nadeem,A Vala,0,0,"",""
ball,2,25.2,Oman,Suraj Kumar,Mohammad Nadeem,A Vala,0,0,"",""
ball,2,25.3,Oman,Suraj Kumar,Mohammad Nadeem,A Vala,0,0,"",""
ball,2,25.4,Oman,Suraj Kumar,Mohammad Nadeem,A Vala,1,0,"",""
ball,2,25.5,Oman,Mohammad Nadeem,Suraj Kumar,A Vala,2,0,"",""
ball,2,25.6,Oman,Mohammad Nadeem,Suraj Kumar,A Vala,1,0,"",""
ball,2,26.1,Oman,Mohammad Nadeem,Suraj Kumar,CA Soper,1,0,"",""
ball,2,26.2,Oman,Suraj Kumar,Mohammad Nadeem,CA Soper,1,0,"",""
ball,2,26.3,Oman,Mohammad Nadeem,Suraj Kumar,CA Soper,0,1,"",""
ball,2,26.4,Oman,Mohammad Nadeem,Suraj Kumar,CA Soper,0,0,"",""
ball,2,26.5,Oman,Mohammad Nadeem,Suraj Kumar,CA Soper,0,1,"",""
ball,2,26.6,Oman,Mohammad Nadeem,Suraj Kumar,CA Soper,0,0,"",""
ball,2,26.7,Oman,Mohammad Nadeem,Suraj Kumar,CA Soper,0,0,"",""
ball,2,26.8,Oman,Mohammad Nadeem,Suraj Kumar,CA Soper,1,0,"",""
ball,2,27.1,Oman,Mohammad Nadeem,Suraj Kumar,CJA Amini,0,0,"",""
ball,2,27.2,Oman,Mohammad Nadeem,Suraj Kumar,CJA Amini,0,0,caught and bowled,Mohammad Nadeem
ball,2,27.3,Oman,Sandeep Goud,Suraj Kumar,CJA Amini,1,0,"",""
ball,2,27.4,Oman,Suraj Kumar,Sandeep Goud,CJA Amini,0,0,"",""
ball,2,27.5,Oman,Suraj Kumar,Sandeep Goud,CJA Amini,0,0,"",""
ball,2,27.6,Oman,Suraj Kumar,Sandeep Goud,CJA Amini,1,0,"",""
ball,2,28.1,Oman,Suraj Kumar,Sandeep Goud,CA Soper,0,0,"",""
ball,2,28.2,Oman,Suraj Kumar,Sandeep Goud,CA Soper,1,0,"",""
ball,2,28.3,Oman,Sandeep Goud,Suraj Kumar,CA Soper,0,0,"",""
ball,2,28.4,Oman,Sandeep Goud,Suraj Kumar,CA Soper,0,0,"",""
ball,2,28.5,Oman,Sandeep Goud,Suraj Kumar,CA Soper,0,0,"",""
ball,2,28.6,Oman,Sandeep Goud,Suraj Kumar,CA Soper,0,0,"",""
ball,2,29.1,Oman,Suraj Kumar,Sandeep Goud,CJA Amini,0,0,"",""
ball,2,29.2,Oman,Suraj Kumar,Sandeep Goud,CJA Amini,0,0,"",""
ball,2,29.3,Oman,Suraj Kumar,Sandeep Goud,CJA Amini,4,0,"",""
ball,2,29.4,Oman,Suraj Kumar,Sandeep Goud,CJA Amini,1,0,"",""
ball,2,29.5,Oman,Sandeep Goud,Suraj Kumar,CJA Amini,0,0,"",""
ball,2,29.6,Oman,Sandeep Goud,Suraj Kumar,CJA Amini,1,0,"",""
ball,2,30.1,Oman,Sandeep Goud,Suraj Kumar,CA Soper,2,0,"",""
ball,2,30.2,Oman,Sandeep Goud,Suraj Kumar,CA Soper,1,0,"",""
ball,2,30.3,Oman,Suraj Kumar,Sandeep Goud,CA Soper,0,0,"",""
ball,2,30.4,Oman,Suraj Kumar,Sandeep Goud,CA Soper,0,0,"",""
ball,2,30.5,Oman,Suraj Kumar,Sandeep Goud,CA Soper,1,0,"",""
ball,2,30.6,Oman,Sandeep Goud,Suraj Kumar,CA Soper,0,0,"",""
ball,2,31.1,Oman,Suraj Kumar,Sandeep Goud,CJA Amini,2,0,"",""
ball,2,31.2,Oman,Suraj Kumar,Sandeep Goud,CJA Amini,1,0,"",""
ball,2,31.3,Oman,Sandeep Goud,Suraj Kumar,CJA Amini,0,0,"",""
ball,2,31.4,Oman,Sandeep Goud,Suraj Kumar,CJA Amini,1,0,"",""
ball,2,31.5,Oman,Suraj Kumar,Sandeep Goud,CJA Amini,0,0,"",""
ball,2,31.6,Oman,Suraj Kumar,Sandeep Goud,CJA Amini,0,0,"",""
ball,2,32.1,Oman,Sandeep Goud,Suraj Kumar,CA Soper,0,0,"",""
ball,2,32.2,Oman,Sandeep Goud,Suraj Kumar,CA Soper,0,0,"",""
ball,2,32.3,Oman,Sandeep Goud,Suraj Kumar,CA Soper,0,0,"",""
ball,2,32.4,Oman,Sandeep Goud,Suraj Kumar,CA Soper,0,0,"",""
ball,2,32.5,Oman,Sandeep Goud,Suraj Kumar,CA Soper,1,0,"",""
ball,2,32.6,Oman,Suraj Kumar,Sandeep Goud,CA Soper,0,0,"",""
ball,2,33.1,Oman,Sandeep Goud,Suraj Kumar,N Vanua,0,0,"",""
ball,2,33.2,Oman,Sandeep Goud,Suraj Kumar,N Vanua,0,0,"",""
ball,2,33.3,Oman,Sandeep Goud,Suraj Kumar,N Vanua,0,0,"",""
ball,2,33.4,Oman,Sandeep Goud,Suraj Kumar,N Vanua,0,0,"",""
ball,2,33.5,Oman,Sandeep Goud,Suraj Kumar,N Vanua,0,0,"",""
ball,2,33.6,Oman,Sandeep Goud,Suraj Kumar,N Vanua,0,0,"",""
ball,2,34.1,Oman,Suraj Kumar,Sandeep Goud,N Pokana,0,1,"",""
ball,2,34.2,Oman,Suraj Kumar,Sandeep Goud,N Pokana,1,0,"",""
ball,2,34.3,Oman,Sandeep Goud,Suraj Kumar,N Pokana,1,0,"",""
ball,2,34.4,Oman,Suraj Kumar,Sandeep Goud,N Pokana,0,0,"",""
ball,2,34.5,Oman,Suraj Kumar,Sandeep Goud,N Pokana,0,0,"",""
ball,2,34.6,Oman,Suraj Kumar,Sandeep Goud,N Pokana,0,0,"",""
ball,2,34.7,Oman,Suraj Kumar,Sandeep Goud,N Pokana,1,0,"",""
ball,2,35.1,Oman,Suraj Kumar,Sandeep Goud,N Vanua,1,0,"",""
ball,2,35.2,Oman,Sandeep Goud,Suraj Kumar,N Vanua,2,0,"",""
ball,2,35.3,Oman,Sandeep Goud,Suraj Kumar,N Vanua,1,0,"",""
ball,2,35.4,Oman,Suraj Kumar,Sandeep Goud,N Vanua,4,0,"",""
ball,2,35.5,Oman,Suraj Kumar,Sandeep Goud,N Vanua,2,0,"",""
ball,2,35.6,Oman,Suraj Kumar,Sandeep Goud,N Vanua,0,0,"",""
ball,2,36.1,Oman,Sandeep Goud,Suraj Kumar,N Pokana,1,0,"",""
ball,2,36.2,Oman,Suraj Kumar,Sandeep Goud,N Pokana,1,0,"",""
ball,2,36.3,Oman,Sandeep Goud,Suraj Kumar,N Pokana,1,0,"",""
ball,2,36.4,Oman,Suraj Kumar,Sandeep Goud,N Pokana,1,0,run out,Suraj Kumar
ball,2,36.5,Oman,Fayyaz Butt,Sandeep Goud,N Pokana,2,0,"",""
ball,2,36.6,Oman,Fayyaz Butt,Sandeep Goud,N Pokana,4,0,"",""
ball,2,37.1,Oman,Sandeep Goud,Fayyaz Butt,D Ravu,0,0,"",""
ball,2,37.2,Oman,Sandeep Goud,Fayyaz Butt,D Ravu,0,0,"",""
ball,2,37.3,Oman,Sandeep Goud,Fayyaz Butt,D Ravu,1,0,"",""
ball,2,37.4,Oman,Fayyaz Butt,Sandeep Goud,D Ravu,0,0,"",""
ball,2,37.5,Oman,Fayyaz Butt,Sandeep Goud,D Ravu,1,0,"",""
ball,2,37.6,Oman,Sandeep Goud,Fayyaz Butt,D Ravu,0,0,"",""
ball,2,38.1,Oman,Fayyaz Butt,Sandeep Goud,CA Soper,1,0,"",""
ball,2,38.2,Oman,Sandeep Goud,Fayyaz Butt,CA Soper,2,0,"",""
ball,2,38.3,Oman,Sandeep Goud,Fayyaz Butt,CA Soper,1,0,"",""
ball,2,38.4,Oman,Fayyaz Butt,Sandeep Goud,CA Soper,1,0,"",""
ball,2,38.5,Oman,Sandeep Goud,Fayyaz Butt,CA Soper,0,0,"",""
ball,2,38.6,Oman,Sandeep Goud,Fayyaz Butt,CA Soper,0,0,"",""
ball,2,39.1,Oman,Fayyaz Butt,Sandeep Goud,D Ravu,0,0,"",""
ball,2,39.2,Oman,Fayyaz Butt,Sandeep Goud,D Ravu,0,0,"",""
ball,2,39.3,Oman,Fayyaz Butt,Sandeep Goud,D Ravu,1,0,"",""
ball,2,39.4,Oman,Sandeep Goud,Fayyaz Butt,D Ravu,0,0,"",""
ball,2,39.5,Oman,Sandeep Goud,Fayyaz Butt,D Ravu,1,0,"",""
ball,2,39.6,Oman,Fayyaz Butt,Sandeep Goud,D Ravu,1,0,"",""
ball,2,40.1,Oman,Fayyaz Butt,Sandeep Goud,CJA Amini,1,0,"",""
ball,2,40.2,Oman,Sandeep Goud,Fayyaz Butt,CJA Amini,0,0,"",""
ball,2,40.3,Oman,Sandeep Goud,Fayyaz Butt,CJA Amini,0,0,"",""
ball,2,40.4,Oman,Sandeep Goud,Fayyaz Butt,CJA Amini,1,0,"",""
ball,2,40.5,Oman,Fayyaz Butt,Sandeep Goud,CJA Amini,0,0,"",""
ball,2,40.6,Oman,Fayyaz Butt,Sandeep Goud,CJA Amini,0,0,"",""
ball,2,41.1,Oman,Sandeep Goud,Fayyaz Butt,D Ravu,0,0,"",""
ball,2,41.2,Oman,Sandeep Goud,Fayyaz Butt,D Ravu,1,0,"",""
ball,2,41.3,Oman,Fayyaz Butt,Sandeep Goud,D Ravu,1,0,"",""
ball,2,41.4,Oman,Sandeep Goud,Fayyaz Butt,D Ravu,1,0,"",""
ball,2,41.5,Oman,Fayyaz Butt,Sandeep Goud,D Ravu,1,0,"",""
ball,2,41.6,Oman,Sandeep Goud,Fayyaz Butt,D Ravu,1,0,"",""
ball,2,42.1,Oman,Sandeep Goud,Fayyaz Butt,CJA Amini,4,0,"",""
ball,2,42.2,Oman,Sandeep Goud,Fayyaz Butt,CJA Amini,0,0,"",""
ball,2,42.3,Oman,Sandeep Goud,Fayyaz Butt,CJA Amini,1,0,"",""
ball,2,42.4,Oman,Fayyaz Butt,Sandeep Goud,CJA Amini,1,0,"",""
ball,2,42.5,Oman,Sandeep Goud,Fayyaz Butt,CJA Amini,1,0,"",""
ball,2,42.6,Oman,Fayyaz Butt,Sandeep Goud,CJA Amini,0,0,"",""
ball,2,43.1,Oman,Sandeep Goud,Fayyaz Butt,D Ravu,6,0,"",""
ball,2,43.2,Oman,Sandeep Goud,Fayyaz Butt,D Ravu,2,0,"",""
ball,2,43.3,Oman,Sandeep Goud,Fayyaz Butt,D Ravu,1,0,"",""
ball,2,43.4,Oman,Fayyaz Butt,Sandeep Goud,D Ravu,4,0,"",""
ball,2,43.5,Oman,Fayyaz Butt,Sandeep Goud,D Ravu,0,0,"",""
ball,2,43.6,Oman,Fayyaz Butt,Sandeep Goud,D Ravu,2,0,"",""
ball,2,44.1,Oman,Sandeep Goud,Fayyaz Butt,CA Soper,1,0,"",""
ball,2,44.2,Oman,Fayyaz Butt,Sandeep Goud,CA Soper,1,0,"",""
ball,2,44.3,Oman,Sandeep Goud,Fayyaz Butt,CA Soper,1,0,"",""
ball,2,44.4,Oman,Fayyaz Butt,Sandeep Goud,CA Soper,0,0,"",""
ball,2,44.5,Oman,Fayyaz Butt,Sandeep Goud,CA Soper,1,0,"",""
ball,2,44.6,Oman,Sandeep Goud,Fayyaz Butt,CA Soper,0,0,"",""
ball,2,45.1,Oman,Fayyaz Butt,Sandeep Goud,N Vanua,1,0,"",""
ball,2,45.2,Oman,Sandeep Goud,Fayyaz Butt,N Vanua,1,0,"",""
ball,2,45.3,Oman,Fayyaz Butt,Sandeep Goud,N Vanua,1,0,"",""
ball,2,45.4,Oman,Sandeep Goud,Fayyaz Butt,N Vanua,1,0,"",""
ball,2,45.5,Oman,Fayyaz Butt,Sandeep Goud,N Vanua,0,0,"",""
ball,2,45.6,Oman,Fayyaz Butt,Sandeep Goud,N Vanua,0,1,"",""
ball,2,45.7,Oman,Fayyaz Butt,Sandeep Goud,N Vanua,1,0,"",""
ball,2,46.1,Oman,Fayyaz Butt,Sandeep Goud,N Pokana,1,0,"",""
ball,2,46.2,Oman,Sandeep Goud,Fayyaz Butt,N Pokana,4,0,"",""
ball,2,46.3,Oman,Sandeep Goud,Fayyaz Butt,N Pokana,0,0,"",""
ball,2,46.4,Oman,Sandeep Goud,Fayyaz Butt,N Pokana,0,0,"",""
ball,2,46.5,Oman,Sandeep Goud,Fayyaz Butt,N Pokana,0,2,"",""
ball,2,46.6,Oman,Sandeep Goud,Fayyaz Butt,N Pokana,1,0,"",""
ball,2,47.1,Oman,Sandeep Goud,Fayyaz Butt,CA Soper,6,0,"",""
ball,2,47.2,Oman,Sandeep Goud,Fayyaz Butt,CA Soper,1,0,"",""
ball,2,47.3,Oman,Fayyaz Butt,Sandeep Goud,CA Soper,2,0,"",""
ball,2,47.4,Oman,Fayyaz Butt,Sandeep Goud,CA Soper,1,0,"",""
ball,2,47.5,Oman,Sandeep Goud,Fayyaz Butt,CA Soper,0,0,"",""
ball,2,47.6,Oman,Sandeep Goud,Fayyaz Butt,CA Soper,1,0,"",""
ball,2,48.1,Oman,Sandeep Goud,Fayyaz Butt,N Vanua,1,0,"",""
ball,2,48.2,Oman,Fayyaz Butt,Sandeep Goud,N Vanua,1,0,"",""
ball,2,48.3,Oman,Sandeep Goud,Fayyaz Butt,N Vanua,2,0,"",""
ball,2,48.4,Oman,Sandeep Goud,Fayyaz Butt,N Vanua,2,0,"",""
ball,2,48.5,Oman,Sandeep Goud,Fayyaz Butt,N Vanua,1,1,"",""
ball,2,48.6,Oman,Fayyaz Butt,Sandeep Goud,N Vanua,1,0,"",""
ball,2,48.7,Oman,Sandeep Goud,Fayyaz Butt,N Vanua,1,0,"",""
ball,2,49.1,Oman,Sandeep Goud,Fayyaz Butt,CA Soper,6,0,"",""
