version,1.3.0
info,team,United States of America
info,team,Papua New Guinea
info,gender,male
info,season,2019
info,date,2019/09/19
info,competition,ICC Men's Cricket World Cup League 2
info,match_number,3
info,venue,Central Broward Regional Park Stadium Turf Ground
info,city,Lauderhill
info,toss_winner,United States of America
info,toss_decision,bat
info,player_of_match,K Gore
info,umpire,JM Williams
info,umpire,Vijaya Mallela
info,reserve_umpire,SN Bandekar
info,match_referee,DT Jukes
info,winner,United States of America
info,winner_runs,62
ball,1,0.1,United States of America,JS Malhotra,XM Marshall,N Pokana,0,0,"",""
ball,1,0.2,United States of America,JS Malhotra,XM Marshall,N Pokana,0,0,"",""
ball,1,0.3,United States of America,JS Malhotra,XM Marshall,N Pokana,2,0,"",""
ball,1,0.4,United States of America,JS Malhotra,XM Marshall,N Pokana,1,0,"",""
ball,1,0.5,United States of America,XM Marshall,JS Malhotra,N Pokana,0,0,"",""
ball,1,0.6,United States of America,XM Marshall,JS Malhotra,N Pokana,0,1,"",""
ball,1,0.7,United States of America,XM Marshall,JS Malhotra,N Pokana,0,0,"",""
ball,1,1.1,United States of America,JS Malhotra,XM Marshall,N Vanua,0,1,"",""
ball,1,1.2,United States of America,JS Malhotra,XM Marshall,N Vanua,0,1,"",""
ball,1,1.3,United States of America,JS Malhotra,XM Marshall,N Vanua,0,0,"",""
ball,1,1.4,United States of America,JS Malhotra,XM Marshall,N Vanua,0,0,"",""
ball,1,1.5,United States of America,JS Malhotra,XM Marshall,N Vanua,0,0,caught,JS Malhotra
ball,1,1.6,United States of America,Steven Ryan Taylor,XM Marshall,N Vanua,0,0,"",""
ball,1,1.7,United States of America,Steven Ryan Taylor,XM Marshall,N Vanua,0,0,"",""
ball,1,1.8,United States of America,Steven Ryan Taylor,XM Marshall,N Vanua,0,0,"",""
ball,1,2.1,United States of America,XM Marshall,Steven Ryan Taylor,N Pokana,2,0,"",""
ball,1,2.2,United States of America,XM Marshall,Steven Ryan Taylor,N Pokana,0,0,"",""
ball,1,2.3,United States of America,XM Marshall,Steven Ryan Taylor,N Pokana,2,0,"",""
ball,1,2.4,United States of America,XM Marshall,Steven Ryan Taylor,N Pokana,4,0,"",""
ball,1,2.5,United States of America,XM Marshall,Steven Ryan Taylor,N Pokana,0,0,"",""
ball,1,2.6,United States of America,XM Marshall,Steven Ryan Taylor,N Pokana,0,0,"",""
ball,1,3.1,United States of America,Steven Ryan Taylor,XM Marshall,N Vanua,2,0,"",""
ball,1,3.2,United States of America,Steven Ryan Taylor,XM Marshall,N Vanua,0,1,"",""
ball,1,3.3,United States of America,Steven Ryan Taylor,XM Marshall,N Vanua,0,0,"",""
ball,1,3.4,United States of America,Steven Ryan Taylor,XM Marshall,N Vanua,0,0,"",""
ball,1,3.5,United States of America,Steven Ryan Taylor,XM Marshall,N Vanua,4,0,"",""
ball,1,3.6,United States of America,Steven Ryan Taylor,XM Marshall,N Vanua,0,1,"",""
ball,1,3.7,United States of America,Steven Ryan Taylor,XM Marshall,N Vanua,0,0,"",""
ball,1,3.8,United States of America,Steven Ryan Taylor,XM Marshall,N Vanua,1,0,"",""
ball,1,4.1,United States of America,Steven Ryan Taylor,XM Marshall,N Pokana,0,0,"",""
ball,1,4.2,United States of America,Steven Ryan Taylor,XM Marshall,N Pokana,0,0,"",""
ball,1,4.3,United States of America,Steven Ryan Taylor,XM Marshall,N Pokana,0,0,"",""
ball,1,4.4,United States of America,Steven Ryan Taylor,XM Marshall,N Pokana,0,0,"",""
ball,1,4.5,United States of America,Steven Ryan Taylor,XM Marshall,N Pokana,0,0,"",""
ball,1,4.6,United States of America,Steven Ryan Taylor,XM Marshall,N Pokana,2,0,"",""
ball,1,5.1,United States of America,XM Marshall,Steven Ryan Taylor,N Vanua,0,0,"",""
ball,1,5.2,United States of America,XM Marshall,Steven Ryan Taylor,N Vanua,1,0,"",""
ball,1,5.3,United States of America,Steven Ryan Taylor,XM Marshall,N Vanua,0,0,"",""
ball,1,5.4,United States of America,Steven Ryan Taylor,XM Marshall,N Vanua,1,0,"",""
ball,1,5.5,United States of America,XM Marshall,Steven Ryan Taylor,N Vanua,0,0,"",""
ball,1,5.6,United States of America,XM Marshall,Steven Ryan Taylor,N Vanua,0,0,"",""
ball,1,6.1,United States of America,Steven Ryan Taylor,XM Marshall,N Pokana,2,0,"",""
ball,1,6.2,United States of America,Steven Ryan Taylor,XM Marshall,N Pokana,1,0,"",""
ball,1,6.3,United States of America,XM Marshall,Steven Ryan Taylor,N Pokana,0,0,"",""
ball,1,6.4,United States of America,XM Marshall,Steven Ryan Taylor,N Pokana,1,0,"",""
ball,1,6.5,United States of America,Steven Ryan Taylor,XM Marshall,N Pokana,0,0,"",""
ball,1,6.6,United States of America,Steven Ryan Taylor,XM Marshall,N Pokana,0,0,"",""
ball,1,7.1,United States of America,XM Marshall,Steven Ryan Taylor,N Vanua,1,0,"",""
ball,1,7.2,United States of America,Steven Ryan Taylor,XM Marshall,N Vanua,1,0,"",""
ball,1,7.3,United States of America,XM Marshall,Steven Ryan Taylor,N Vanua,0,0,"",""
ball,1,7.4,United States of America,XM Marshall,Steven Ryan Taylor,N Vanua,0,0,"",""
ball,1,7.5,United States of America,XM Marshall,Steven Ryan Taylor,N Vanua,2,0,"",""
ball,1,7.6,United States of America,XM Marshall,Steven Ryan Taylor,N Vanua,0,0,"",""
ball,1,8.1,United States of America,Steven Ryan Taylor,XM Marshall,N Pokana,0,0,"",""
ball,1,8.2,United States of America,Steven Ryan Taylor,XM Marshall,N Pokana,0,0,"",""
ball,1,8.3,United States of America,Steven Ryan Taylor,XM Marshall,N Pokana,0,0,"",""
ball,1,8.4,United States of America,Steven Ryan Taylor,XM Marshall,N Pokana,0,0,"",""
ball,1,8.5,United States of America,Steven Ryan Taylor,XM Marshall,N Pokana,0,0,"",""
ball,1,8.6,United States of America,Steven Ryan Taylor,XM Marshall,N Pokana,0,0,caught,Steven Ryan Taylor
ball,1,9.1,United States of America,XM Marshall,MD Patel,CA Soper,0,0,"",""
ball,1,9.2,United States of America,XM Marshall,MD Patel,CA Soper,4,0,"",""
ball,1,9.3,United States of America,XM Marshall,MD Patel,CA Soper,0,0,lbw,XM Marshall
ball,1,9.4,United States of America,Aaron Jones,MD Patel,CA Soper,0,0,"",""
ball,1,9.5,United States of America,Aaron Jones,MD Patel,CA Soper,0,0,"",""
ball,1,9.6,United States of America,Aaron Jones,MD Patel,CA Soper,0,0,"",""
ball,1,10.1,United States of America,MD Patel,Aaron Jones,J Kila,0,0,"",""
ball,1,10.2,United States of America,MD Patel,Aaron Jones,J Kila,2,0,"",""
ball,1,10.3,United States of America,MD Patel,Aaron Jones,J Kila,0,0,"",""
ball,1,10.4,United States of America,MD Patel,Aaron Jones,J Kila,0,0,"",""
ball,1,10.5,United States of America,MD Patel,Aaron Jones,J Kila,0,0,"",""
ball,1,10.6,United States of America,MD Patel,Aaron Jones,J Kila,0,0,"",""
ball,1,11.1,United States of America,Aaron Jones,MD Patel,CA Soper,0,0,"",""
ball,1,11.2,United States of America,Aaron Jones,MD Patel,CA Soper,1,0,"",""
ball,1,11.3,United States of America,MD Patel,Aaron Jones,CA Soper,0,0,"",""
ball,1,11.4,United States of America,MD Patel,Aaron Jones,CA Soper,0,0,"",""
ball,1,11.5,United States of America,MD Patel,Aaron Jones,CA Soper,0,0,"",""
ball,1,11.6,United States of America,MD Patel,Aaron Jones,CA Soper,1,0,"",""
ball,1,12.1,United States of America,MD Patel,Aaron Jones,J Kila,3,0,"",""
ball,1,12.2,United States of America,Aaron Jones,MD Patel,J Kila,0,0,"",""
ball,1,12.3,United States of America,Aaron Jones,MD Patel,J Kila,0,0,"",""
ball,1,12.4,United States of America,Aaron Jones,MD Patel,J Kila,0,0,"",""
ball,1,12.5,United States of America,Aaron Jones,MD Patel,J Kila,0,1,"",""
ball,1,12.6,United States of America,Aaron Jones,MD Patel,J Kila,0,0,"",""
ball,1,12.7,United States of America,Aaron Jones,MD Patel,J Kila,0,0,"",""
ball,1,13.1,United States of America,MD Patel,Aaron Jones,CJA Amini,0,0,"",""
ball,1,13.2,United States of America,MD Patel,Aaron Jones,CJA Amini,0,0,"",""
ball,1,13.3,United States of America,MD Patel,Aaron Jones,CJA Amini,1,0,"",""
ball,1,13.4,United States of America,Aaron Jones,MD Patel,CJA Amini,0,0,"",""
ball,1,13.5,United States of America,Aaron Jones,MD Patel,CJA Amini,1,0,"",""
ball,1,13.6,United States of America,MD Patel,Aaron Jones,CJA Amini,1,0,"",""
ball,1,14.1,United States of America,MD Patel,Aaron Jones,J Kila,1,0,"",""
ball,1,14.2,United States of America,Aaron Jones,MD Patel,J Kila,0,0,"",""
ball,1,14.3,United States of America,Aaron Jones,MD Patel,J Kila,0,0,"",""
ball,1,14.4,United States of America,Aaron Jones,MD Patel,J Kila,0,0,"",""
ball,1,14.5,United States of America,Aaron Jones,MD Patel,J Kila,0,0,"",""
ball,1,14.6,United States of America,Aaron Jones,MD Patel,J Kila,0,1,"",""
ball,1,15.1,United States of America,Aaron Jones,MD Patel,CJA Amini,0,0,"",""
ball,1,15.2,United States of America,Aaron Jones,MD Patel,CJA Amini,0,0,"",""
ball,1,15.3,United States of America,Aaron Jones,MD Patel,CJA Amini,0,1,"",""
ball,1,15.4,United States of America,MD Patel,Aaron Jones,CJA Amini,0,0,"",""
ball,1,15.5,United States of America,MD Patel,Aaron Jones,CJA Amini,0,0,"",""
ball,1,15.6,United States of America,MD Patel,Aaron Jones,CJA Amini,0,0,"",""
ball,1,16.1,United States of America,Aaron Jones,MD Patel,J Kila,0,0,caught,Aaron Jones
ball,1,16.2,United States of America,NK Patel,MD Patel,J Kila,0,0,"",""
ball,1,16.3,United States of America,NK Patel,MD Patel,J Kila,6,0,"",""
ball,1,16.4,United States of America,NK Patel,MD Patel,J Kila,0,0,"",""
ball,1,16.5,United States of America,NK Patel,MD Patel,J Kila,0,0,"",""
ball,1,16.6,United States of America,NK Patel,MD Patel,J Kila,0,0,"",""
ball,1,17.1,United States of America,MD Patel,NK Patel,CJA Amini,2,0,"",""
ball,1,17.2,United States of America,MD Patel,NK Patel,CJA Amini,1,0,"",""
ball,1,17.3,United States of America,NK Patel,MD Patel,CJA Amini,0,0,"",""
ball,1,17.4,United States of America,NK Patel,MD Patel,CJA Amini,0,0,"",""
ball,1,17.5,United States of America,NK Patel,MD Patel,CJA Amini,0,0,"",""
ball,1,17.6,United States of America,NK Patel,MD Patel,CJA Amini,0,0,"",""
ball,1,18.1,United States of America,MD Patel,NK Patel,J Kila,1,0,"",""
ball,1,18.2,United States of America,NK Patel,MD Patel,J Kila,0,0,"",""
ball,1,18.3,United States of America,NK Patel,MD Patel,J Kila,0,0,lbw,NK Patel
ball,1,18.4,United States of America,K Gore,MD Patel,J Kila,1,0,"",""
ball,1,18.5,United States of America,MD Patel,K Gore,J Kila,0,0,"",""
ball,1,18.6,United States of America,MD Patel,K Gore,J Kila,0,0,"",""
ball,1,19.1,United States of America,K Gore,MD Patel,CJA Amini,0,0,"",""
ball,1,19.2,United States of America,K Gore,MD Patel,CJA Amini,0,0,"",""
ball,1,19.3,United States of America,K Gore,MD Patel,CJA Amini,0,0,"",""
ball,1,19.4,United States of America,K Gore,MD Patel,CJA Amini,0,0,"",""
ball,1,19.5,United States of America,K Gore,MD Patel,CJA Amini,0,0,"",""
ball,1,19.6,United States of America,K Gore,MD Patel,CJA Amini,0,0,"",""
ball,1,20.1,United States of America,MD Patel,K Gore,J Kila,0,0,"",""
ball,1,20.2,United States of America,MD Patel,K Gore,J Kila,0,0,"",""
ball,1,20.3,United States of America,MD Patel,K Gore,J Kila,0,0,"",""
ball,1,20.4,United States of America,MD Patel,K Gore,J Kila,0,0,"",""
ball,1,20.5,United States of America,MD Patel,K Gore,J Kila,1,0,"",""
ball,1,20.6,United States of America,K Gore,MD Patel,J Kila,0,0,"",""
ball,1,21.1,United States of America,MD Patel,K Gore,CJA Amini,1,0,"",""
ball,1,21.2,United States of America,K Gore,MD Patel,CJA Amini,0,0,"",""
ball,1,21.3,United States of America,K Gore,MD Patel,CJA Amini,0,0,"",""
ball,1,21.4,United States of America,K Gore,MD Patel,CJA Amini,0,0,"",""
ball,1,21.5,United States of America,K Gore,MD Patel,CJA Amini,1,0,"",""
ball,1,21.6,United States of America,MD Patel,K Gore,CJA Amini,1,0,"",""
ball,1,22.1,United States of America,MD Patel,K Gore,J Kila,0,0,"",""
ball,1,22.2,United States of America,MD Patel,K Gore,J Kila,0,0,"",""
ball,1,22.3,United States of America,MD Patel,K Gore,J Kila,4,0,"",""
ball,1,22.4,United States of America,MD Patel,K Gore,J Kila,1,0,"",""
ball,1,22.5,United States of America,K Gore,MD Patel,J Kila,0,0,"",""
ball,1,22.6,United States of America,K Gore,MD Patel,J Kila,0,0,"",""
ball,1,23.1,United States of America,MD Patel,K Gore,CJA Amini,1,0,"",""
ball,1,23.2,United States of America,K Gore,MD Patel,CJA Amini,0,0,"",""
ball,1,23.3,United States of America,K Gore,MD Patel,CJA Amini,0,0,"",""
ball,1,23.4,United States of America,K Gore,MD Patel,CJA Amini,4,0,"",""
ball,1,23.5,United States of America,K Gore,MD Patel,CJA Amini,0,0,"",""
ball,1,23.6,United States of America,K Gore,MD Patel,CJA Amini,0,0,"",""
ball,1,24.1,United States of America,MD Patel,K Gore,L Siaka,0,0,"",""
ball,1,24.2,United States of America,MD Patel,K Gore,L Siaka,0,0,"",""
ball,1,24.3,United States of America,MD Patel,K Gore,L Siaka,0,0,"",""
ball,1,24.4,United States of America,MD Patel,K Gore,L Siaka,1,0,"",""
ball,1,24.5,United States of America,K Gore,MD Patel,L Siaka,0,0,"",""
ball,1,24.6,United States of America,K Gore,MD Patel,L Siaka,0,0,"",""
ball,1,25.1,United States of America,MD Patel,K Gore,CJA Amini,1,0,"",""
ball,1,25.2,United States of America,K Gore,MD Patel,CJA Amini,0,1,"",""
ball,1,25.3,United States of America,K Gore,MD Patel,CJA Amini,1,0,"",""
ball,1,25.4,United States of America,MD Patel,K Gore,CJA Amini,0,0,"",""
ball,1,25.5,United States of America,MD Patel,K Gore,CJA Amini,3,0,"",""
ball,1,25.6,United States of America,K Gore,MD Patel,CJA Amini,4,0,"",""
ball,1,25.7,United States of America,K Gore,MD Patel,CJA Amini,0,0,"",""
ball,1,26.1,United States of America,MD Patel,K Gore,L Siaka,1,0,"",""
ball,1,26.2,United States of America,K Gore,MD Patel,L Siaka,0,0,"",""
ball,1,26.3,United States of America,K Gore,MD Patel,L Siaka,2,0,"",""
ball,1,26.4,United States of America,K Gore,MD Patel,L Siaka,2,0,"",""
ball,1,26.5,United States of America,K Gore,MD Patel,L Siaka,0,0,"",""
ball,1,26.6,United States of America,K Gore,MD Patel,L Siaka,0,0,"",""
ball,1,27.1,United States of America,MD Patel,K Gore,A Vala,1,0,"",""
ball,1,27.2,United States of America,K Gore,MD Patel,A Vala,0,0,"",""
ball,1,27.3,United States of America,K Gore,MD Patel,A Vala,1,0,"",""
ball,1,27.4,United States of America,MD Patel,K Gore,A Vala,1,0,"",""
ball,1,27.5,United States of America,K Gore,MD Patel,A Vala,0,0,"",""
ball,1,27.6,United States of America,K Gore,MD Patel,A Vala,0,0,"",""
ball,1,28.1,United States of America,MD Patel,K Gore,L Siaka,1,0,"",""
ball,1,28.2,United States of America,K Gore,MD Patel,L Siaka,0,0,lbw,K Gore
ball,1,28.3,United States of America,TK Patel,MD Patel,L Siaka,0,0,"",""
ball,1,28.4,United States of America,TK Patel,MD Patel,L Siaka,0,0,"",""
ball,1,28.5,United States of America,TK Patel,MD Patel,L Siaka,0,0,"",""
ball,1,28.6,United States of America,TK Patel,MD Patel,L Siaka,0,0,"",""
ball,1,29.1,United States of America,MD Patel,TK Patel,A Vala,0,0,"",""
ball,1,29.2,United States of America,MD Patel,TK Patel,A Vala,0,0,"",""
ball,1,29.3,United States of America,MD Patel,TK Patel,A Vala,1,0,"",""
ball,1,29.4,United States of America,TK Patel,MD Patel,A Vala,1,0,"",""
ball,1,29.5,United States of America,MD Patel,TK Patel,A Vala,0,0,"",""
ball,1,29.6,United States of America,MD Patel,TK Patel,A Vala,0,0,"",""
ball,1,30.1,United States of America,TK Patel,MD Patel,L Siaka,0,0,"",""
ball,1,30.2,United States of America,TK Patel,MD Patel,L Siaka,0,0,"",""
ball,1,30.3,United States of America,TK Patel,MD Patel,L Siaka,0,0,"",""
ball,1,30.4,United States of America,TK Patel,MD Patel,L Siaka,0,0,caught,TK Patel
ball,1,30.5,United States of America,EH Hutchinson,MD Patel,L Siaka,2,0,"",""
ball,1,30.6,United States of America,EH Hutchinson,MD Patel,L Siaka,4,0,"",""
ball,1,31.1,United States of America,MD Patel,EH Hutchinson,CJA Amini,2,0,"",""
ball,1,31.2,United States of America,MD Patel,EH Hutchinson,CJA Amini,1,0,"",""
ball,1,31.3,United States of America,EH Hutchinson,MD Patel,CJA Amini,0,0,"",""
ball,1,31.4,United States of America,EH Hutchinson,MD Patel,CJA Amini,6,0,"",""
ball,1,31.5,United States of America,EH Hutchinson,MD Patel,CJA Amini,0,0,"",""
ball,1,31.6,United States of America,EH Hutchinson,MD Patel,CJA Amini,0,0,"",""
ball,1,32.1,United States of America,MD Patel,EH Hutchinson,L Siaka,0,0,"",""
ball,1,32.2,United States of America,MD Patel,EH Hutchinson,L Siaka,1,0,"",""
ball,1,32.3,United States of America,EH Hutchinson,MD Patel,L Siaka,2,0,"",""
ball,1,32.4,United States of America,EH Hutchinson,MD Patel,L Siaka,1,0,"",""
ball,1,32.5,United States of America,MD Patel,EH Hutchinson,L Siaka,0,0,"",""
ball,1,32.6,United States of America,MD Patel,EH Hutchinson,L Siaka,1,0,"",""
ball,1,33.1,United States of America,MD Patel,EH Hutchinson,CJA Amini,1,0,"",""
ball,1,33.2,United States of America,EH Hutchinson,MD Patel,CJA Amini,0,0,"",""
ball,1,33.3,United States of America,EH Hutchinson,MD Patel,CJA Amini,3,0,"",""
ball,1,33.4,United States of America,MD Patel,EH Hutchinson,CJA Amini,1,0,"",""
ball,1,33.5,United States of America,EH Hutchinson,MD Patel,CJA Amini,0,0,"",""
ball,1,33.6,United States of America,EH Hutchinson,MD Patel,CJA Amini,0,0,"",""
ball,1,34.1,United States of America,MD Patel,EH Hutchinson,L Siaka,0,0,"",""
ball,1,34.2,United States of America,MD Patel,EH Hutchinson,L Siaka,1,0,"",""
ball,1,34.3,United States of America,EH Hutchinson,MD Patel,L Siaka,1,0,"",""
ball,1,34.4,United States of America,MD Patel,EH Hutchinson,L Siaka,0,0,"",""
ball,1,34.5,United States of America,MD Patel,EH Hutchinson,L Siaka,1,0,"",""
ball,1,34.6,United States of America,EH Hutchinson,MD Patel,L Siaka,0,0,"",""
ball,1,35.1,United States of America,MD Patel,EH Hutchinson,CJA Amini,0,0,"",""
ball,1,35.2,United States of America,MD Patel,EH Hutchinson,CJA Amini,0,0,"",""
ball,1,35.3,United States of America,MD Patel,EH Hutchinson,CJA Amini,1,0,"",""
ball,1,35.4,United States of America,EH Hutchinson,MD Patel,CJA Amini,1,0,"",""
ball,1,35.5,United States of America,MD Patel,EH Hutchinson,CJA Amini,0,0,"",""
ball,1,35.6,United States of America,MD Patel,EH Hutchinson,CJA Amini,1,0,"",""
ball,1,36.1,United States of America,MD Patel,EH Hutchinson,L Siaka,0,0,"",""
ball,1,36.2,United States of America,MD Patel,EH Hutchinson,L Siaka,0,0,"",""
ball,1,36.3,United States of America,MD Patel,EH Hutchinson,L Siaka,0,0,"",""
ball,1,36.4,United States of America,MD Patel,EH Hutchinson,L Siaka,0,0,"",""
ball,1,36.5,United States of America,MD Patel,EH Hutchinson,L Siaka,0,0,"",""
ball,1,36.6,United States of America,MD Patel,EH Hutchinson,L Siaka,0,1,"",""
ball,1,36.7,United States of America,MD Patel,EH Hutchinson,L Siaka,4,0,"",""
ball,1,37.1,United States of America,EH Hutchinson,MD Patel,N Pokana,0,0,"",""
ball,1,37.2,United States of America,EH Hutchinson,MD Patel,N Pokana,0,0,"",""
ball,1,37.3,United States of America,EH Hutchinson,MD Patel,N Pokana,4,0,"",""
ball,1,37.4,United States of America,EH Hutchinson,MD Patel,N Pokana,0,0,"",""
ball,1,37.5,United States of America,EH Hutchinson,MD Patel,N Pokana,4,0,"",""
ball,1,37.6,United States of America,EH Hutchinson,MD Patel,N Pokana,0,0,"",""
ball,1,38.1,United States of America,MD Patel,EH Hutchinson,L Siaka,2,0,"",""
ball,1,38.2,United States of America,MD Patel,EH Hutchinson,L Siaka,0,0,"",""
ball,1,38.3,United States of America,MD Patel,EH Hutchinson,L Siaka,0,0,"",""
ball,1,38.4,United States of America,MD Patel,EH Hutchinson,L Siaka,1,0,"",""
ball,1,38.5,United States of America,EH Hutchinson,MD Patel,L Siaka,0,0,"",""
ball,1,38.6,United States of America,EH Hutchinson,MD Patel,L Siaka,0,0,"",""
ball,1,39.1,United States of America,MD Patel,EH Hutchinson,N Pokana,1,0,"",""
ball,1,39.2,United States of America,EH Hutchinson,MD Patel,N Pokana,0,0,caught,EH Hutchinson
ball,1,39.3,United States of America,MD Patel,Jasdeep Singh,N Pokana,1,0,"",""
ball,1,39.4,United States of America,Jasdeep Singh,MD Patel,N Pokana,1,0,"",""
ball,1,39.5,United States of America,MD Patel,Jasdeep Singh,N Pokana,1,0,"",""
ball,1,39.6,United States of America,Jasdeep Singh,MD Patel,N Pokana,0,0,"",""
ball,1,40.1,United States of America,MD Patel,Jasdeep Singh,L Siaka,1,0,"",""
ball,1,40.2,United States of America,Jasdeep Singh,MD Patel,L Siaka,0,0,"",""
ball,1,40.3,United States of America,Jasdeep Singh,MD Patel,L Siaka,0,0,"",""
ball,1,40.4,United States of America,Jasdeep Singh,MD Patel,L Siaka,0,0,"",""
ball,1,40.5,United States of America,Jasdeep Singh,MD Patel,L Siaka,0,0,"",""
ball,1,40.6,United States of America,Jasdeep Singh,MD Patel,L Siaka,1,0,"",""
ball,1,41.1,United States of America,Jasdeep Singh,MD Patel,N Pokana,1,0,"",""
ball,1,41.2,United States of America,MD Patel,Jasdeep Singh,N Pokana,0,1,"",""
ball,1,41.3,United States of America,Jasdeep Singh,MD Patel,N Pokana,1,0,"",""
ball,1,41.4,United States of America,MD Patel,Jasdeep Singh,N Pokana,1,0,"",""
ball,1,41.5,United States of America,Jasdeep Singh,MD Patel,N Pokana,0,0,"",""
ball,1,41.6,United States of America,Jasdeep Singh,MD Patel,N Pokana,0,0,"",""
ball,1,42.1,United States of America,MD Patel,Jasdeep Singh,L Siaka,0,0,"",""
ball,1,42.2,United States of America,MD Patel,Jasdeep Singh,L Siaka,0,0,"",""
ball,1,42.3,United States of America,MD Patel,Jasdeep Singh,L Siaka,1,0,"",""
ball,1,42.4,United States of America,Jasdeep Singh,MD Patel,L Siaka,1,0,"",""
ball,1,42.5,United States of America,MD Patel,Jasdeep Singh,L Siaka,0,1,"",""
ball,1,42.6,United States of America,Jasdeep Singh,MD Patel,L Siaka,0,0,"",""
ball,1,43.1,United States of America,MD Patel,Jasdeep Singh,N Pokana,0,0,"",""
ball,1,43.2,United States of America,MD Patel,Jasdeep Singh,N Pokana,4,0,"",""
ball,1,43.3,United States of America,MD Patel,Jasdeep Singh,N Pokana,2,0,"",""
ball,1,43.4,United States of America,MD Patel,Jasdeep Singh,N Pokana,1,0,"",""
ball,1,43.5,United States of America,Jasdeep Singh,MD Patel,N Pokana,0,0,"",""
ball,1,43.6,United States of America,Jasdeep Singh,MD Patel,N Pokana,1,0,"",""
ball,1,44.1,United States of America,Jasdeep Singh,MD Patel,J Kila,1,0,"",""
ball,1,44.2,United States of America,MD Patel,Jasdeep Singh,J Kila,0,0,"",""
ball,1,44.3,United States of America,MD Patel,Jasdeep Singh,J Kila,1,0,"",""
ball,1,44.4,United States of America,Jasdeep Singh,MD Patel,J Kila,1,0,"",""
ball,1,44.5,United States of America,MD Patel,Jasdeep Singh,J Kila,1,0,"",""
ball,1,44.6,United States of America,Jasdeep Singh,MD Patel,J Kila,0,0,"",""
ball,1,45.1,United States of America,MD Patel,Jasdeep Singh,N Pokana,1,0,"",""
ball,1,45.2,United States of America,Jasdeep Singh,MD Patel,N Pokana,1,0,"",""
ball,1,45.3,United States of America,MD Patel,Jasdeep Singh,N Pokana,0,0,caught,MD Patel
ball,1,45.4,United States of America,Jasdeep Singh,SN Netravalkar,N Pokana,0,0,"",""
ball,1,45.5,United States of America,Jasdeep Singh,SN Netravalkar,N Pokana,1,0,"",""
ball,1,45.6,United States of America,SN Netravalkar,Jasdeep Singh,N Pokana,0,0,"",""
ball,1,46.1,United States of America,Jasdeep Singh,SN Netravalkar,J Kila,1,0,"",""
ball,1,46.2,United States of America,SN Netravalkar,Jasdeep Singh,J Kila,0,0,"",""
ball,1,46.3,United States of America,SN Netravalkar,Jasdeep Singh,J Kila,1,0,"",""
ball,1,46.4,United States of America,Jasdeep Singh,SN Netravalkar,J Kila,0,0,"",""
ball,1,46.5,United States of America,Jasdeep Singh,SN Netravalkar,J Kila,0,0,"",""
ball,1,46.6,United States of America,Jasdeep Singh,SN Netravalkar,J Kila,0,0,"",""
ball,1,47.1,United States of America,SN Netravalkar,Jasdeep Singh,N Vanua,0,0,"",""
ball,1,47.2,United States of America,SN Netravalkar,Jasdeep Singh,N Vanua,0,0,"",""
ball,1,47.3,United States of America,SN Netravalkar,Jasdeep Singh,N Vanua,0,0,"",""
ball,1,47.4,United States of America,SN Netravalkar,Jasdeep Singh,N Vanua,0,0,"",""
ball,1,47.5,United States of America,SN Netravalkar,Jasdeep Singh,N Vanua,0,0,"",""
ball,1,47.6,United States of America,SN Netravalkar,Jasdeep Singh,N Vanua,0,0,"",""
ball,1,48.1,United States of America,Jasdeep Singh,SN Netravalkar,J Kila,0,0,bowled,Jasdeep Singh
ball,2,0.1,Papua New Guinea,TP Ura,G Toka,SN Netravalkar,0,0,"",""
ball,2,0.2,Papua New Guinea,TP Ura,G Toka,SN Netravalkar,2,0,"",""
ball,2,0.3,Papua New Guinea,TP Ura,G Toka,SN Netravalkar,0,0,"",""
ball,2,0.4,Papua New Guinea,TP Ura,G Toka,SN Netravalkar,0,0,"",""
ball,2,0.5,Papua New Guinea,TP Ura,G Toka,SN Netravalkar,0,0,"",""
ball,2,0.6,Papua New Guinea,TP Ura,G Toka,SN Netravalkar,0,0,"",""
ball,2,1.1,Papua New Guinea,G Toka,TP Ura,Jasdeep Singh,0,0,"",""
ball,2,1.2,Papua New Guinea,G Toka,TP Ura,Jasdeep Singh,0,0,"",""
ball,2,1.3,Papua New Guinea,G Toka,TP Ura,Jasdeep Singh,0,0,"",""
ball,2,1.4,Papua New Guinea,G Toka,TP Ura,Jasdeep Singh,0,0,"",""
ball,2,1.5,Papua New Guinea,G Toka,TP Ura,Jasdeep Singh,0,0,"",""
ball,2,1.6,Papua New Guinea,G Toka,TP Ura,Jasdeep Singh,0,0,"",""
ball,2,2.1,Papua New Guinea,TP Ura,G Toka,SN Netravalkar,1,0,"",""
ball,2,2.2,Papua New Guinea,G Toka,TP Ura,SN Netravalkar,0,0,"",""
ball,2,2.3,Papua New Guinea,G Toka,TP Ura,SN Netravalkar,0,0,"",""
ball,2,2.4,Papua New Guinea,G Toka,TP Ura,SN Netravalkar,0,0,"",""
ball,2,2.5,Papua New Guinea,G Toka,TP Ura,SN Netravalkar,0,0,"",""
ball,2,2.6,Papua New Guinea,G Toka,TP Ura,SN Netravalkar,0,0,"",""
ball,2,3.1,Papua New Guinea,TP Ura,G Toka,Jasdeep Singh,6,0,"",""
ball,2,3.2,Papua New Guinea,TP Ura,G Toka,Jasdeep Singh,0,0,"",""
ball,2,3.3,Papua New Guinea,TP Ura,G Toka,Jasdeep Singh,0,0,"",""
ball,2,3.4,Papua New Guinea,TP Ura,G Toka,Jasdeep Singh,0,0,"",""
ball,2,3.5,Papua New Guinea,TP Ura,G Toka,Jasdeep Singh,0,0,"",""
ball,2,3.6,Papua New Guinea,TP Ura,G Toka,Jasdeep Singh,2,0,"",""
ball,2,4.1,Papua New Guinea,G Toka,TP Ura,Steven Ryan Taylor,0,5,"",""
ball,2,4.2,Papua New Guinea,G Toka,TP Ura,Steven Ryan Taylor,1,0,"",""
ball,2,4.3,Papua New Guinea,TP Ura,G Toka,Steven Ryan Taylor,2,0,"",""
ball,2,4.4,Papua New Guinea,TP Ura,G Toka,Steven Ryan Taylor,0,0,"",""
ball,2,4.5,Papua New Guinea,TP Ura,G Toka,Steven Ryan Taylor,1,0,"",""
ball,2,4.6,Papua New Guinea,G Toka,TP Ura,Steven Ryan Taylor,0,0,"",""
ball,2,4.7,Papua New Guinea,G Toka,TP Ura,Steven Ryan Taylor,0,0,"",""
ball,2,5.1,Papua New Guinea,TP Ura,G Toka,K Gore,1,0,"",""
ball,2,5.2,Papua New Guinea,G Toka,TP Ura,K Gore,0,0,"",""
ball,2,5.3,Papua New Guinea,G Toka,TP Ura,K Gore,1,0,"",""
ball,2,5.4,Papua New Guinea,TP Ura,G Toka,K Gore,4,0,"",""
ball,2,5.5,Papua New Guinea,TP Ura,G Toka,K Gore,0,1,"",""
ball,2,5.6,Papua New Guinea,G Toka,TP Ura,K Gore,3,0,"",""
ball,2,6.1,Papua New Guinea,G Toka,TP Ura,Steven Ryan Taylor,0,0,"",""
ball,2,6.2,Papua New Guinea,G Toka,TP Ura,Steven Ryan Taylor,1,0,"",""
ball,2,6.3,Papua New Guinea,TP Ura,G Toka,Steven Ryan Taylor,0,0,caught,TP Ura
ball,2,6.4,Papua New Guinea,A Vala,G Toka,Steven Ryan Taylor,0,0,"",""
ball,2,6.5,Papua New Guinea,A Vala,G Toka,Steven Ryan Taylor,0,0,"",""
ball,2,6.6,Papua New Guinea,A Vala,G Toka,Steven Ryan Taylor,2,0,"",""
ball,2,7.1,Papua New Guinea,G Toka,A Vala,SN Netravalkar,0,0,caught,G Toka
ball,2,7.2,Papua New Guinea,L Siaka,A Vala,SN Netravalkar,0,0,"",""
ball,2,7.3,Papua New Guinea,L Siaka,A Vala,SN Netravalkar,0,0,"",""
ball,2,7.4,Papua New Guinea,L Siaka,A Vala,SN Netravalkar,0,0,"",""
ball,2,7.5,Papua New Guinea,L Siaka,A Vala,SN Netravalkar,0,0,"",""
ball,2,7.6,Papua New Guinea,L Siaka,A Vala,SN Netravalkar,0,0,"",""
ball,2,8.1,Papua New Guinea,A Vala,L Siaka,Steven Ryan Taylor,1,0,"",""
ball,2,8.2,Papua New Guinea,L Siaka,A Vala,Steven Ryan Taylor,0,0,"",""
ball,2,8.3,Papua New Guinea,L Siaka,A Vala,Steven Ryan Taylor,0,0,"",""
ball,2,8.4,Papua New Guinea,L Siaka,A Vala,Steven Ryan Taylor,2,0,"",""
ball,2,8.5,Papua New Guinea,L Siaka,A Vala,Steven Ryan Taylor,0,0,"",""
ball,2,8.6,Papua New Guinea,L Siaka,A Vala,Steven Ryan Taylor,0,0,"",""
ball,2,9.1,Papua New Guinea,A Vala,L Siaka,SN Netravalkar,0,1,"",""
ball,2,9.2,Papua New Guinea,L Siaka,A Vala,SN Netravalkar,0,0,"",""
ball,2,9.3,Papua New Guinea,L Siaka,A Vala,SN Netravalkar,0,0,"",""
ball,2,9.4,Papua New Guinea,L Siaka,A Vala,SN Netravalkar,1,0,"",""
ball,2,9.5,Papua New Guinea,A Vala,L Siaka,SN Netravalkar,0,0,"",""
ball,2,9.6,Papua New Guinea,A Vala,L Siaka,SN Netravalkar,0,0,"",""
ball,2,10.1,Papua New Guinea,L Siaka,A Vala,Steven Ryan Taylor,0,0,"",""
ball,2,10.2,Papua New Guinea,L Siaka,A Vala,Steven Ryan Taylor,0,0,"",""
ball,2,10.3,Papua New Guinea,L Siaka,A Vala,Steven Ryan Taylor,0,0,"",""
ball,2,10.4,Papua New Guinea,L Siaka,A Vala,Steven Ryan Taylor,0,0,"",""
ball,2,10.5,Papua New Guinea,L Siaka,A Vala,Steven Ryan Taylor,0,0,"",""
ball,2,10.6,Papua New Guinea,L Siaka,A Vala,Steven Ryan Taylor,0,0,"",""
ball,2,11.1,Papua New Guinea,A Vala,L Siaka,SN Netravalkar,0,0,"",""
ball,2,11.2,Papua New Guinea,A Vala,L Siaka,SN Netravalkar,0,0,"",""
ball,2,11.3,Papua New Guinea,A Vala,L Siaka,SN Netravalkar,0,0,"",""
ball,2,11.4,Papua New Guinea,A Vala,L Siaka,SN Netravalkar,4,0,"",""
ball,2,11.5,Papua New Guinea,A Vala,L Siaka,SN Netravalkar,0,0,"",""
ball,2,11.6,Papua New Guinea,A Vala,L Siaka,SN Netravalkar,2,0,"",""
ball,2,12.1,Papua New Guinea,L Siaka,A Vala,Steven Ryan Taylor,0,0,"",""
ball,2,12.2,Papua New Guinea,L Siaka,A Vala,Steven Ryan Taylor,0,1,"",""
ball,2,12.3,Papua New Guinea,L Siaka,A Vala,Steven Ryan Taylor,0,0,"",""
ball,2,12.4,Papua New Guinea,L Siaka,A Vala,Steven Ryan Taylor,1,0,"",""
ball,2,12.5,Papua New Guinea,A Vala,L Siaka,Steven Ryan Taylor,0,0,"",""
ball,2,12.6,Papua New Guinea,A Vala,L Siaka,Steven Ryan Taylor,0,0,"",""
ball,2,12.7,Papua New Guinea,A Vala,L Siaka,Steven Ryan Taylor,0,0,"",""
ball,2,13.1,Papua New Guinea,L Siaka,A Vala,TK Patel,0,0,lbw,L Siaka
ball,2,13.2,Papua New Guinea,K Doriga,A Vala,TK Patel,0,0,"",""
ball,2,13.3,Papua New Guinea,K Doriga,A Vala,TK Patel,0,0,"",""
ball,2,13.4,Papua New Guinea,K Doriga,A Vala,TK Patel,0,0,"",""
ball,2,13.5,Papua New Guinea,K Doriga,A Vala,TK Patel,2,0,"",""
ball,2,13.6,Papua New Guinea,K Doriga,A Vala,TK Patel,0,0,"",""
ball,2,14.1,Papua New Guinea,A Vala,K Doriga,Steven Ryan Taylor,0,0,"",""
ball,2,14.2,Papua New Guinea,A Vala,K Doriga,Steven Ryan Taylor,0,0,"",""
ball,2,14.3,Papua New Guinea,A Vala,K Doriga,Steven Ryan Taylor,0,0,"",""
ball,2,14.4,Papua New Guinea,A Vala,K Doriga,Steven Ryan Taylor,0,0,"",""
ball,2,14.5,Papua New Guinea,A Vala,K Doriga,Steven Ryan Taylor,0,0,"",""
ball,2,14.6,Papua New Guinea,A Vala,K Doriga,Steven Ryan Taylor,0,0,"",""
ball,2,15.1,Papua New Guinea,K Doriga,A Vala,TK Patel,1,0,"",""
ball,2,15.2,Papua New Guinea,A Vala,K Doriga,TK Patel,4,0,"",""
ball,2,15.3,Papua New Guinea,A Vala,K Doriga,TK Patel,0,0,"",""
ball,2,15.4,Papua New Guinea,A Vala,K Doriga,TK Patel,4,0,"",""
ball,2,15.5,Papua New Guinea,A Vala,K Doriga,TK Patel,1,0,"",""
ball,2,15.6,Papua New Guinea,K Doriga,A Vala,TK Patel,0,0,"",""
ball,2,16.1,Papua New Guinea,A Vala,K Doriga,Steven Ryan Taylor,0,0,"",""
ball,2,16.2,Papua New Guinea,A Vala,K Doriga,Steven Ryan Taylor,0,0,"",""
ball,2,16.3,Papua New Guinea,A Vala,K Doriga,Steven Ryan Taylor,2,0,"",""
ball,2,16.4,Papua New Guinea,A Vala,K Doriga,Steven Ryan Taylor,0,0,"",""
ball,2,16.5,Papua New Guinea,A Vala,K Doriga,Steven Ryan Taylor,0,0,"",""
ball,2,16.6,Papua New Guinea,A Vala,K Doriga,Steven Ryan Taylor,6,0,"",""
ball,2,17.1,Papua New Guinea,K Doriga,A Vala,TK Patel,1,0,"",""
ball,2,17.2,Papua New Guinea,A Vala,K Doriga,TK Patel,0,0,"",""
ball,2,17.3,Papua New Guinea,A Vala,K Doriga,TK Patel,1,0,"",""
ball,2,17.4,Papua New Guinea,K Doriga,A Vala,TK Patel,0,0,"",""
ball,2,17.5,Papua New Guinea,K Doriga,A Vala,TK Patel,2,0,"",""
ball,2,17.6,Papua New Guinea,K Doriga,A Vala,TK Patel,0,0,"",""
ball,2,18.1,Papua New Guinea,A Vala,K Doriga,Jasdeep Singh,1,0,"",""
ball,2,18.2,Papua New Guinea,K Doriga,A Vala,Jasdeep Singh,0,0,"",""
ball,2,18.3,Papua New Guinea,K Doriga,A Vala,Jasdeep Singh,0,1,"",""
ball,2,18.4,Papua New Guinea,K Doriga,A Vala,Jasdeep Singh,0,0,"",""
ball,2,18.5,Papua New Guinea,K Doriga,A Vala,Jasdeep Singh,0,0,"",""
ball,2,18.6,Papua New Guinea,K Doriga,A Vala,Jasdeep Singh,0,0,"",""
ball,2,18.7,Papua New Guinea,K Doriga,A Vala,Jasdeep Singh,0,0,"",""
ball,2,19.1,Papua New Guinea,A Vala,K Doriga,K Gore,0,0,"",""
ball,2,19.2,Papua New Guinea,A Vala,K Doriga,K Gore,1,0,"",""
ball,2,19.3,Papua New Guinea,K Doriga,A Vala,K Gore,0,0,"",""
ball,2,19.4,Papua New Guinea,K Doriga,A Vala,K Gore,0,0,"",""
ball,2,19.5,Papua New Guinea,K Doriga,A Vala,K Gore,1,0,"",""
ball,2,19.6,Papua New Guinea,A Vala,K Doriga,K Gore,1,0,"",""
ball,2,20.1,Papua New Guinea,A Vala,K Doriga,Jasdeep Singh,0,0,"",""
ball,2,20.2,Papua New Guinea,A Vala,K Doriga,Jasdeep Singh,0,0,"",""
ball,2,20.3,Papua New Guinea,A Vala,K Doriga,Jasdeep Singh,4,0,"",""
ball,2,20.4,Papua New Guinea,A Vala,K Doriga,Jasdeep Singh,1,0,"",""
ball,2,20.5,Papua New Guinea,K Doriga,A Vala,Jasdeep Singh,0,0,"",""
ball,2,20.6,Papua New Guinea,K Doriga,A Vala,Jasdeep Singh,2,0,"",""
ball,2,21.1,Papua New Guinea,A Vala,K Doriga,K Gore,1,0,"",""
ball,2,21.2,Papua New Guinea,K Doriga,A Vala,K Gore,0,0,"",""
ball,2,21.3,Papua New Guinea,K Doriga,A Vala,K Gore,0,0,"",""
ball,2,21.4,Papua New Guinea,K Doriga,A Vala,K Gore,1,0,"",""
ball,2,21.5,Papua New Guinea,A Vala,K Doriga,K Gore,0,0,"",""
ball,2,21.6,Papua New Guinea,A Vala,K Doriga,K Gore,1,0,"",""
ball,2,22.1,Papua New Guinea,A Vala,K Doriga,NK Patel,0,0,"",""
ball,2,22.2,Papua New Guinea,A Vala,K Doriga,NK Patel,0,0,"",""
ball,2,22.3,Papua New Guinea,A Vala,K Doriga,NK Patel,1,0,"",""
ball,2,22.4,Papua New Guinea,K Doriga,A Vala,NK Patel,1,0,"",""
ball,2,22.5,Papua New Guinea,A Vala,K Doriga,NK Patel,0,0,lbw,A Vala
ball,2,22.6,Papua New Guinea,CJA Amini,K Doriga,NK Patel,1,0,"",""
ball,2,23.1,Papua New Guinea,CJA Amini,K Doriga,K Gore,0,0,"",""
ball,2,23.2,Papua New Guinea,CJA Amini,K Doriga,K Gore,0,0,"",""
ball,2,23.3,Papua New Guinea,CJA Amini,K Doriga,K Gore,0,0,"",""
ball,2,23.4,Papua New Guinea,CJA Amini,K Doriga,K Gore,0,0,"",""
ball,2,23.5,Papua New Guinea,CJA Amini,K Doriga,K Gore,0,0,"",""
ball,2,23.6,Papua New Guinea,CJA Amini,K Doriga,K Gore,0,0,"",""
ball,2,24.1,Papua New Guinea,K Doriga,CJA Amini,NK Patel,0,0,"",""
ball,2,24.2,Papua New Guinea,K Doriga,CJA Amini,NK Patel,0,0,"",""
ball,2,24.3,Papua New Guinea,K Doriga,CJA Amini,NK Patel,0,0,"",""
ball,2,24.4,Papua New Guinea,K Doriga,CJA Amini,NK Patel,0,0,"",""
ball,2,24.5,Papua New Guinea,K Doriga,CJA Amini,NK Patel,0,0,"",""
ball,2,24.6,Papua New Guinea,K Doriga,CJA Amini,NK Patel,0,0,"",""
ball,2,25.1,Papua New Guinea,CJA Amini,K Doriga,K Gore,0,0,bowled,CJA Amini
ball,2,25.2,Papua New Guinea,H Hiri,K Doriga,K Gore,0,0,"",""
ball,2,25.3,Papua New Guinea,H Hiri,K Doriga,K Gore,0,0,"",""
ball,2,25.4,Papua New Guinea,H Hiri,K Doriga,K Gore,0,0,bowled,H Hiri
ball,2,25.5,Papua New Guinea,J Kila,K Doriga,K Gore,0,0,"",""
ball,2,25.6,Papua New Guinea,J Kila,K Doriga,K Gore,0,0,lbw,J Kila
ball,2,26.1,Papua New Guinea,K Doriga,N Vanua,NK Patel,0,0,"",""
ball,2,26.2,Papua New Guinea,K Doriga,N Vanua,NK Patel,0,0,"",""
ball,2,26.3,Papua New Guinea,K Doriga,N Vanua,NK Patel,0,0,"",""
ball,2,26.4,Papua New Guinea,K Doriga,N Vanua,NK Patel,1,0,"",""
ball,2,26.5,Papua New Guinea,N Vanua,K Doriga,NK Patel,0,0,"",""
ball,2,26.6,Papua New Guinea,N Vanua,K Doriga,NK Patel,0,0,"",""
ball,2,27.1,Papua New Guinea,K Doriga,N Vanua,K Gore,0,0,"",""
ball,2,27.2,Papua New Guinea,K Doriga,N Vanua,K Gore,0,0,"",""
ball,2,27.3,Papua New Guinea,K Doriga,N Vanua,K Gore,0,0,"",""
ball,2,27.4,Papua New Guinea,K Doriga,N Vanua,K Gore,0,0,"",""
ball,2,27.5,Papua New Guinea,K Doriga,N Vanua,K Gore,0,0,"",""
ball,2,27.6,Papua New Guinea,K Doriga,N Vanua,K Gore,1,0,"",""
ball,2,28.1,Papua New Guinea,K Doriga,N Vanua,NK Patel,0,0,"",""
ball,2,28.2,Papua New Guinea,K Doriga,N Vanua,NK Patel,0,0,"",""
ball,2,28.3,Papua New Guinea,K Doriga,N Vanua,NK Patel,0,0,"",""
ball,2,28.4,Papua New Guinea,K Doriga,N Vanua,NK Patel,0,0,stumped,K Doriga
ball,2,28.5,Papua New Guinea,CA Soper,N Vanua,NK Patel,1,0,"",""
ball,2,28.6,Papua New Guinea,N Vanua,CA Soper,NK Patel,0,0,"",""
ball,2,29.1,Papua New Guinea,CA Soper,N Vanua,K Gore,2,0,"",""
ball,2,29.2,Papua New Guinea,CA Soper,N Vanua,K Gore,0,0,"",""
ball,2,29.3,Papua New Guinea,CA Soper,N Vanua,K Gore,0,0,"",""
ball,2,29.4,Papua New Guinea,CA Soper,N Vanua,K Gore,0,0,"",""
ball,2,29.5,Papua New Guinea,CA Soper,N Vanua,K Gore,0,0,"",""
ball,2,29.6,Papua New Guinea,CA Soper,N Vanua,K Gore,0,0,"",""
ball,2,30.1,Papua New Guinea,N Vanua,CA Soper,NK Patel,0,0,"",""
ball,2,30.2,Papua New Guinea,N Vanua,CA Soper,NK Patel,0,0,"",""
ball,2,30.3,Papua New Guinea,N Vanua,CA Soper,NK Patel,0,0,"",""
ball,2,30.4,Papua New Guinea,N Vanua,CA Soper,NK Patel,0,0,"",""
ball,2,30.5,Papua New Guinea,N Vanua,CA Soper,NK Patel,1,0,"",""
ball,2,30.6,Papua New Guinea,CA Soper,N Vanua,NK Patel,0,0,"",""
ball,2,31.1,Papua New Guinea,N Vanua,CA Soper,K Gore,0,0,"",""
ball,2,31.2,Papua New Guinea,N Vanua,CA Soper,K Gore,0,0,"",""
ball,2,31.3,Papua New Guinea,N Vanua,CA Soper,K Gore,0,0,"",""
ball,2,31.4,Papua New Guinea,N Vanua,CA Soper,K Gore,0,0,caught,N Vanua
ball,2,31.5,Papua New Guinea,N Pokana,CA Soper,K Gore,0,0,"",""
ball,2,31.6,Papua New Guinea,N Pokana,CA Soper,K Gore,0,0,"",""
ball,2,32.1,Papua New Guinea,CA Soper,N Pokana,NK Patel,0,0,"",""
ball,2,32.2,Papua New Guinea,CA Soper,N Pokana,NK Patel,0,0,"",""
ball,2,32.3,Papua New Guinea,CA Soper,N Pokana,NK Patel,4,0,"",""
ball,2,32.4,Papua New Guinea,CA Soper,N Pokana,NK Patel,0,0,"",""
ball,2,32.5,Papua New Guinea,CA Soper,N Pokana,NK Patel,1,0,"",""
ball,2,32.6,Papua New Guinea,N Pokana,CA Soper,NK Patel,0,0,"",""
ball,2,33.1,Papua New Guinea,CA Soper,N Pokana,K Gore,0,0,"",""
ball,2,33.2,Papua New Guinea,CA Soper,N Pokana,K Gore,0,0,"",""
ball,2,33.3,Papua New Guinea,CA Soper,N Pokana,K Gore,0,0,"",""
ball,2,33.4,Papua New Guinea,CA Soper,N Pokana,K Gore,0,0,"",""
ball,2,33.5,Papua New Guinea,CA Soper,N Pokana,K Gore,0,0,"",""
ball,2,33.6,Papua New Guinea,CA Soper,N Pokana,K Gore,1,0,"",""
ball,2,34.1,Papua New Guinea,CA Soper,N Pokana,TK Patel,0,0,"",""
ball,2,34.2,Papua New Guinea,CA Soper,N Pokana,TK Patel,0,0,"",""
ball,2,34.3,Papua New Guinea,CA Soper,N Pokana,TK Patel,1,0,"",""
ball,2,34.4,Papua New Guinea,N Pokana,CA Soper,TK Patel,0,0,"",""
ball,2,34.5,Papua New Guinea,N Pokana,CA Soper,TK Patel,6,0,"",""
ball,2,34.6,Papua New Guinea,N Pokana,CA Soper,TK Patel,0,0,"",""
ball,2,35.1,Papua New Guinea,CA Soper,N Pokana,K Gore,0,0,"",""
ball,2,35.2,Papua New Guinea,CA Soper,N Pokana,K Gore,1,0,"",""
ball,2,35.3,Papua New Guinea,N Pokana,CA Soper,K Gore,0,0,"",""
ball,2,35.4,Papua New Guinea,N Pokana,CA Soper,K Gore,0,0,"",""
ball,2,35.5,Papua New Guinea,N Pokana,CA Soper,K Gore,0,0,"",""
ball,2,35.6,Papua New Guinea,N Pokana,CA Soper,K Gore,0,0,"",""
ball,2,36.1,Papua New Guinea,CA Soper,N Pokana,Steven Ryan Taylor,0,0,"",""
ball,2,36.2,Papua New Guinea,CA Soper,N Pokana,Steven Ryan Taylor,0,0,"",""
ball,2,36.3,Papua New Guinea,CA Soper,N Pokana,Steven Ryan Taylor,1,0,"",""
ball,2,36.4,Papua New Guinea,N Pokana,CA Soper,Steven Ryan Taylor,4,0,"",""
ball,2,36.5,Papua New Guinea,N Pokana,CA Soper,Steven Ryan Taylor,0,0,"",""
ball,2,36.6,Papua New Guinea,N Pokana,CA Soper,Steven Ryan Taylor,0,0,"",""
ball,2,37.1,Papua New Guinea,CA Soper,N Pokana,TK Patel,1,0,"",""
ball,2,37.2,Papua New Guinea,N Pokana,CA Soper,TK Patel,0,0,"",""
ball,2,37.3,Papua New Guinea,N Pokana,CA Soper,TK Patel,1,0,"",""
ball,2,37.4,Papua New Guinea,CA Soper,N Pokana,TK Patel,0,0,"",""
ball,2,37.5,Papua New Guinea,CA Soper,N Pokana,TK Patel,0,0,"",""
ball,2,37.6,Papua New Guinea,CA Soper,N Pokana,TK Patel,0,0,"",""
ball,2,38.1,Papua New Guinea,N Pokana,CA Soper,Steven Ryan Taylor,0,0,bowled,N Pokana
