version,1.3.0
info,team,Namibia
info,team,Papua New Guinea
info,gender,male
info,season,2019
info,date,2019/09/23
info,competition,ICC Men's Cricket World Cup League 2
info,match_number,6
info,venue,Central Broward Regional Park Stadium Turf Ground
info,city,Lauderhill
info,toss_winner,Namibia
info,toss_decision,bat
info,player_of_match,A Vala
info,umpire,JM Williams
info,umpire,Vijaya Mallela
info,reserve_umpire,SN Bandekar
info,match_referee,DT Jukes
info,winner,Namibia
info,winner_runs,27
ball,1,0.1,Namibia,SJ Baard,JP Kotze,N Vanua,0,0,"",""
ball,1,0.2,Namibia,SJ Baard,JP Kotze,N Vanua,0,0,"",""
ball,1,0.3,Namibia,SJ Baard,JP Kotze,N Vanua,0,0,"",""
ball,1,0.4,Namibia,SJ Baard,JP Kotze,N Vanua,0,0,"",""
ball,1,0.5,Namibia,SJ Baard,JP Kotze,N Vanua,0,0,"",""
ball,1,0.6,Namibia,SJ Baard,JP Kotze,N Vanua,4,0,"",""
ball,1,1.1,Namibia,JP Kotze,SJ Baard,N Pokana,2,0,"",""
ball,1,1.2,Namibia,JP Kotze,SJ Baard,N Pokana,0,0,"",""
ball,1,1.3,Namibia,JP Kotze,SJ Baard,N Pokana,0,0,"",""
ball,1,1.4,Namibia,JP Kotze,SJ Baard,N Pokana,0,0,"",""
ball,1,1.5,Namibia,JP Kotze,SJ Baard,N Pokana,0,0,"",""
ball,1,1.6,Namibia,JP Kotze,SJ Baard,N Pokana,0,0,"",""
ball,1,2.1,Namibia,SJ Baard,JP Kotze,N Vanua,0,0,"",""
ball,1,2.2,Namibia,SJ Baard,JP Kotze,N Vanua,0,0,"",""
ball,1,2.3,Namibia,SJ Baard,JP Kotze,N Vanua,2,0,"",""
ball,1,2.4,Namibia,SJ Baard,JP Kotze,N Vanua,2,0,"",""
ball,1,2.5,Namibia,SJ Baard,JP Kotze,N Vanua,4,0,"",""
ball,1,2.6,Namibia,SJ Baard,JP Kotze,N Vanua,0,0,"",""
ball,1,3.1,Namibia,JP Kotze,SJ Baard,N Pokana,0,0,"",""
ball,1,3.2,Namibia,JP Kotze,SJ Baard,N Pokana,0,0,"",""
ball,1,3.3,Namibia,JP Kotze,SJ Baard,N Pokana,0,0,"",""
ball,1,3.4,Namibia,JP Kotze,SJ Baard,N Pokana,0,0,"",""
ball,1,3.5,Namibia,JP Kotze,SJ Baard,N Pokana,1,0,"",""
ball,1,3.6,Namibia,SJ Baard,JP Kotze,N Pokana,0,0,"",""
ball,1,4.1,Namibia,JP Kotze,SJ Baard,N Vanua,0,0,"",""
ball,1,4.2,Namibia,JP Kotze,SJ Baard,N Vanua,1,0,"",""
ball,1,4.3,Namibia,SJ Baard,JP Kotze,N Vanua,2,0,"",""
ball,1,4.4,Namibia,SJ Baard,JP Kotze,N Vanua,0,0,"",""
ball,1,4.5,Namibia,SJ Baard,JP Kotze,N Vanua,1,0,"",""
ball,1,4.6,Namibia,JP Kotze,SJ Baard,N Vanua,0,0,"",""
ball,1,5.1,Namibia,SJ Baard,JP Kotze,N Pokana,0,0,"",""
ball,1,5.2,Namibia,SJ Baard,JP Kotze,N Pokana,0,0,"",""
ball,1,5.3,Namibia,SJ Baard,JP Kotze,N Pokana,0,0,"",""
ball,1,5.4,Namibia,SJ Baard,JP Kotze,N Pokana,0,0,"",""
ball,1,5.5,Namibia,SJ Baard,JP Kotze,N Pokana,0,0,"",""
ball,1,5.6,Namibia,SJ Baard,JP Kotze,N Pokana,1,0,"",""
ball,1,6.1,Namibia,SJ Baard,JP Kotze,N Vanua,0,0,"",""
ball,1,6.2,Namibia,SJ Baard,JP Kotze,N Vanua,0,0,"",""
ball,1,6.3,Namibia,SJ Baard,JP Kotze,N Vanua,4,0,"",""
ball,1,6.4,Namibia,SJ Baard,JP Kotze,N Vanua,4,0,"",""
ball,1,6.5,Namibia,SJ Baard,JP Kotze,N Vanua,0,0,"",""
ball,1,6.6,Namibia,SJ Baard,JP Kotze,N Vanua,2,0,"",""
ball,1,7.1,Namibia,JP Kotze,SJ Baard,N Pokana,0,0,"",""
ball,1,7.2,Namibia,JP Kotze,SJ Baard,N Pokana,4,0,"",""
ball,1,7.3,Namibia,JP Kotze,SJ Baard,N Pokana,0,0,"",""
ball,1,7.4,Namibia,JP Kotze,SJ Baard,N Pokana,0,1,"",""
ball,1,7.5,Namibia,JP Kotze,SJ Baard,N Pokana,0,0,"",""
ball,1,7.6,Namibia,JP Kotze,SJ Baard,N Pokana,0,0,"",""
ball,1,7.7,Namibia,JP Kotze,SJ Baard,N Pokana,1,0,"",""
ball,1,8.1,Namibia,JP Kotze,SJ Baard,A Vala,2,0,"",""
ball,1,8.2,Namibia,JP Kotze,SJ Baard,A Vala,0,0,"",""
ball,1,8.3,Namibia,JP Kotze,SJ Baard,A Vala,0,0,"",""
ball,1,8.4,Namibia,JP Kotze,SJ Baard,A Vala,0,0,"",""
ball,1,8.5,Namibia,JP Kotze,SJ Baard,A Vala,1,0,"",""
ball,1,8.6,Namibia,SJ Baard,JP Kotze,A Vala,1,0,"",""
ball,1,9.1,Namibia,SJ Baard,JP Kotze,J Kila,0,0,"",""
ball,1,9.2,Namibia,SJ Baard,JP Kotze,J Kila,0,0,"",""
ball,1,9.3,Namibia,SJ Baard,JP Kotze,J Kila,0,0,"",""
ball,1,9.4,Namibia,SJ Baard,JP Kotze,J Kila,0,0,"",""
ball,1,9.5,Namibia,SJ Baard,JP Kotze,J Kila,0,0,"",""
ball,1,9.6,Namibia,SJ Baard,JP Kotze,J Kila,0,0,"",""
ball,1,10.1,Namibia,JP Kotze,SJ Baard,A Vala,0,0,"",""
ball,1,10.2,Namibia,JP Kotze,SJ Baard,A Vala,4,0,"",""
ball,1,10.3,Namibia,JP Kotze,SJ Baard,A Vala,2,0,"",""
ball,1,10.4,Namibia,JP Kotze,SJ Baard,A Vala,0,0,"",""
ball,1,10.5,Namibia,JP Kotze,SJ Baard,A Vala,0,0,"",""
ball,1,10.6,Namibia,JP Kotze,SJ Baard,A Vala,1,0,"",""
ball,1,11.1,Namibia,JP Kotze,SJ Baard,J Kila,0,0,"",""
ball,1,11.2,Namibia,JP Kotze,SJ Baard,J Kila,4,0,"",""
ball,1,11.3,Namibia,JP Kotze,SJ Baard,J Kila,1,0,"",""
ball,1,11.4,Namibia,SJ Baard,JP Kotze,J Kila,0,0,"",""
ball,1,11.5,Namibia,SJ Baard,JP Kotze,J Kila,6,0,"",""
ball,1,11.6,Namibia,SJ Baard,JP Kotze,J Kila,0,0,"",""
ball,1,12.1,Namibia,JP Kotze,SJ Baard,A Vala,1,0,"",""
ball,1,12.2,Namibia,SJ Baard,JP Kotze,A Vala,1,0,"",""
ball,1,12.3,Namibia,JP Kotze,SJ Baard,A Vala,0,0,bowled,JP Kotze
ball,1,12.4,Namibia,CG Williams,SJ Baard,A Vala,0,0,"",""
ball,1,12.5,Namibia,CG Williams,SJ Baard,A Vala,0,0,"",""
ball,1,12.6,Namibia,CG Williams,SJ Baard,A Vala,0,0,"",""
ball,1,13.1,Namibia,SJ Baard,CG Williams,J Kila,1,0,"",""
ball,1,13.2,Namibia,CG Williams,SJ Baard,J Kila,0,0,"",""
ball,1,13.3,Namibia,CG Williams,SJ Baard,J Kila,0,0,"",""
ball,1,13.4,Namibia,CG Williams,SJ Baard,J Kila,0,0,"",""
ball,1,13.5,Namibia,CG Williams,SJ Baard,J Kila,0,0,"",""
ball,1,13.6,Namibia,CG Williams,SJ Baard,J Kila,1,0,"",""
ball,1,14.1,Namibia,CG Williams,SJ Baard,CJA Amini,0,0,"",""
ball,1,14.2,Namibia,CG Williams,SJ Baard,CJA Amini,0,0,"",""
ball,1,14.3,Namibia,CG Williams,SJ Baard,CJA Amini,0,0,"",""
ball,1,14.4,Namibia,CG Williams,SJ Baard,CJA Amini,0,0,"",""
ball,1,14.5,Namibia,CG Williams,SJ Baard,CJA Amini,0,0,"",""
ball,1,14.6,Namibia,CG Williams,SJ Baard,CJA Amini,0,0,"",""
ball,1,15.1,Namibia,SJ Baard,CG Williams,J Kila,0,0,"",""
ball,1,15.2,Namibia,SJ Baard,CG Williams,J Kila,0,0,"",""
ball,1,15.3,Namibia,SJ Baard,CG Williams,J Kila,1,0,"",""
ball,1,15.4,Namibia,CG Williams,SJ Baard,J Kila,0,0,"",""
ball,1,15.5,Namibia,CG Williams,SJ Baard,J Kila,4,0,"",""
ball,1,15.6,Namibia,CG Williams,SJ Baard,J Kila,0,0,"",""
ball,1,16.1,Namibia,SJ Baard,CG Williams,CJA Amini,0,0,"",""
ball,1,16.2,Namibia,SJ Baard,CG Williams,CJA Amini,0,0,"",""
ball,1,16.3,Namibia,SJ Baard,CG Williams,CJA Amini,0,1,"",""
ball,1,16.4,Namibia,SJ Baard,CG Williams,CJA Amini,0,0,"",""
ball,1,16.5,Namibia,SJ Baard,CG Williams,CJA Amini,0,0,"",""
ball,1,16.6,Namibia,SJ Baard,CG Williams,CJA Amini,1,0,"",""
ball,1,16.7,Namibia,CG Williams,SJ Baard,CJA Amini,1,0,"",""
ball,1,17.1,Namibia,CG Williams,SJ Baard,J Kila,0,0,"",""
ball,1,17.2,Namibia,CG Williams,SJ Baard,J Kila,1,0,"",""
ball,1,17.3,Namibia,SJ Baard,CG Williams,J Kila,1,0,"",""
ball,1,17.4,Namibia,CG Williams,SJ Baard,J Kila,1,0,"",""
ball,1,17.5,Namibia,SJ Baard,CG Williams,J Kila,1,0,"",""
ball,1,17.6,Namibia,CG Williams,SJ Baard,J Kila,0,0,"",""
ball,1,18.1,Namibia,SJ Baard,CG Williams,CJA Amini,1,0,"",""
ball,1,18.2,Namibia,CG Williams,SJ Baard,CJA Amini,1,0,"",""
ball,1,18.3,Namibia,SJ Baard,CG Williams,CJA Amini,0,0,"",""
ball,1,18.4,Namibia,SJ Baard,CG Williams,CJA Amini,0,0,"",""
ball,1,18.5,Namibia,SJ Baard,CG Williams,CJA Amini,0,0,"",""
ball,1,18.6,Namibia,SJ Baard,CG Williams,CJA Amini,1,0,"",""
ball,1,19.1,Namibia,SJ Baard,CG Williams,L Siaka,0,0,"",""
ball,1,19.2,Namibia,SJ Baard,CG Williams,L Siaka,0,0,"",""
ball,1,19.3,Namibia,SJ Baard,CG Williams,L Siaka,0,0,"",""
ball,1,19.4,Namibia,SJ Baard,CG Williams,L Siaka,2,0,"",""
ball,1,19.5,Namibia,SJ Baard,CG Williams,L Siaka,0,0,"",""
ball,1,19.6,Namibia,SJ Baard,CG Williams,L Siaka,4,0,"",""
ball,1,20.1,Namibia,CG Williams,SJ Baard,CJA Amini,4,0,"",""
ball,1,20.2,Namibia,CG Williams,SJ Baard,CJA Amini,1,0,"",""
ball,1,20.3,Namibia,SJ Baard,CG Williams,CJA Amini,1,0,"",""
ball,1,20.4,Namibia,CG Williams,SJ Baard,CJA Amini,0,0,"",""
ball,1,20.5,Namibia,CG Williams,SJ Baard,CJA Amini,0,0,"",""
ball,1,20.6,Namibia,CG Williams,SJ Baard,CJA Amini,1,0,"",""
ball,1,21.1,Namibia,CG Williams,SJ Baard,L Siaka,1,0,"",""
ball,1,21.2,Namibia,SJ Baard,CG Williams,L Siaka,0,0,"",""
ball,1,21.3,Namibia,SJ Baard,CG Williams,L Siaka,0,0,"",""
ball,1,21.4,Namibia,SJ Baard,CG Williams,L Siaka,1,0,"",""
ball,1,21.5,Namibia,CG Williams,SJ Baard,L Siaka,0,0,"",""
ball,1,21.6,Namibia,CG Williams,SJ Baard,L Siaka,0,0,"",""
ball,1,22.1,Namibia,SJ Baard,CG Williams,CJA Amini,0,0,"",""
ball,1,22.2,Namibia,SJ Baard,CG Williams,CJA Amini,1,0,"",""
ball,1,22.3,Namibia,CG Williams,SJ Baard,CJA Amini,0,0,"",""
ball,1,22.4,Namibia,CG Williams,SJ Baard,CJA Amini,1,0,"",""
ball,1,22.5,Namibia,SJ Baard,CG Williams,CJA Amini,1,0,"",""
ball,1,22.6,Namibia,CG Williams,SJ Baard,CJA Amini,1,0,"",""
ball,1,23.1,Namibia,CG Williams,SJ Baard,L Siaka,0,0,"",""
ball,1,23.2,Namibia,CG Williams,SJ Baard,L Siaka,0,0,"",""
ball,1,23.3,Namibia,CG Williams,SJ Baard,L Siaka,2,0,"",""
ball,1,23.4,Namibia,CG Williams,SJ Baard,L Siaka,1,0,"",""
ball,1,23.5,Namibia,SJ Baard,CG Williams,L Siaka,2,0,"",""
ball,1,23.6,Namibia,SJ Baard,CG Williams,L Siaka,0,0,"",""
ball,1,24.1,Namibia,CG Williams,SJ Baard,A Vala,1,0,"",""
ball,1,24.2,Namibia,SJ Baard,CG Williams,A Vala,2,0,"",""
ball,1,24.3,Namibia,SJ Baard,CG Williams,A Vala,1,0,"",""
ball,1,24.4,Namibia,CG Williams,SJ Baard,A Vala,0,0,"",""
ball,1,24.5,Namibia,CG Williams,SJ Baard,A Vala,1,0,"",""
ball,1,24.6,Namibia,SJ Baard,CG Williams,A Vala,0,0,"",""
ball,1,25.1,Namibia,CG Williams,SJ Baard,R Hekure,1,0,"",""
ball,1,25.2,Namibia,SJ Baard,CG Williams,R Hekure,0,0,"",""
ball,1,25.3,Namibia,SJ Baard,CG Williams,R Hekure,1,0,"",""
ball,1,25.4,Namibia,CG Williams,SJ Baard,R Hekure,2,0,"",""
ball,1,25.5,Namibia,CG Williams,SJ Baard,R Hekure,0,0,"",""
ball,1,25.6,Namibia,CG Williams,SJ Baard,R Hekure,0,0,"",""
ball,1,26.1,Namibia,SJ Baard,CG Williams,A Vala,0,0,"",""
ball,1,26.2,Namibia,SJ Baard,CG Williams,A Vala,1,0,"",""
ball,1,26.3,Namibia,CG Williams,SJ Baard,A Vala,1,0,"",""
ball,1,26.4,Namibia,SJ Baard,CG Williams,A Vala,1,0,"",""
ball,1,26.5,Namibia,CG Williams,SJ Baard,A Vala,1,0,"",""
ball,1,26.6,Namibia,SJ Baard,CG Williams,A Vala,1,0,"",""
ball,1,27.1,Namibia,SJ Baard,CG Williams,R Hekure,0,0,"",""
ball,1,27.2,Namibia,SJ Baard,CG Williams,R Hekure,1,0,"",""
ball,1,27.3,Namibia,CG Williams,SJ Baard,R Hekure,0,0,"",""
ball,1,27.4,Namibia,CG Williams,SJ Baard,R Hekure,1,0,"",""
ball,1,27.5,Namibia,SJ Baard,CG Williams,R Hekure,1,0,"",""
ball,1,27.6,Namibia,CG Williams,SJ Baard,R Hekure,0,0,"",""
ball,1,28.1,Namibia,SJ Baard,CG Williams,A Vala,0,0,"",""
ball,1,28.2,Namibia,SJ Baard,CG Williams,A Vala,0,1,"",""
ball,1,28.3,Namibia,SJ Baard,CG Williams,A Vala,1,0,"",""
ball,1,28.4,Namibia,CG Williams,SJ Baard,A Vala,3,0,"",""
ball,1,28.5,Namibia,SJ Baard,CG Williams,A Vala,1,0,"",""
ball,1,28.6,Namibia,CG Williams,SJ Baard,A Vala,0,0,caught,CG Williams
ball,1,28.7,Namibia,SJ Baard,MG Erasmus,A Vala,4,0,"",""
ball,1,29.1,Namibia,MG Erasmus,SJ Baard,R Hekure,2,0,"",""
ball,1,29.2,Namibia,MG Erasmus,SJ Baard,R Hekure,0,0,"",""
ball,1,29.3,Namibia,MG Erasmus,SJ Baard,R Hekure,0,0,"",""
ball,1,29.4,Namibia,MG Erasmus,SJ Baard,R Hekure,0,0,"",""
ball,1,29.5,Namibia,MG Erasmus,SJ Baard,R Hekure,0,0,caught,MG Erasmus
ball,1,29.6,Namibia,ZE Green,SJ Baard,R Hekure,0,0,"",""
ball,1,30.1,Namibia,SJ Baard,ZE Green,A Vala,1,0,"",""
ball,1,30.2,Namibia,ZE Green,SJ Baard,A Vala,0,0,"",""
ball,1,30.3,Namibia,ZE Green,SJ Baard,A Vala,0,0,"",""
ball,1,30.4,Namibia,ZE Green,SJ Baard,A Vala,0,0,"",""
ball,1,30.5,Namibia,ZE Green,SJ Baard,A Vala,0,0,"",""
ball,1,30.6,Namibia,ZE Green,SJ Baard,A Vala,0,0,"",""
ball,1,31.1,Namibia,SJ Baard,ZE Green,R Hekure,0,0,"",""
ball,1,31.2,Namibia,SJ Baard,ZE Green,R Hekure,0,0,"",""
ball,1,31.3,Namibia,SJ Baard,ZE Green,R Hekure,1,0,"",""
ball,1,31.4,Namibia,ZE Green,SJ Baard,R Hekure,0,0,"",""
ball,1,31.5,Namibia,ZE Green,SJ Baard,R Hekure,0,0,"",""
ball,1,31.6,Namibia,ZE Green,SJ Baard,R Hekure,0,0,"",""
ball,1,32.1,Namibia,SJ Baard,ZE Green,A Vala,0,0,"",""
ball,1,32.2,Namibia,SJ Baard,ZE Green,A Vala,0,0,"",""
ball,1,32.3,Namibia,SJ Baard,ZE Green,A Vala,1,0,"",""
ball,1,32.4,Namibia,ZE Green,SJ Baard,A Vala,0,0,"",""
ball,1,32.5,Namibia,ZE Green,SJ Baard,A Vala,0,0,"",""
ball,1,32.6,Namibia,ZE Green,SJ Baard,A Vala,1,0,"",""
ball,1,33.1,Namibia,ZE Green,SJ Baard,R Hekure,0,0,"",""
ball,1,33.2,Namibia,ZE Green,SJ Baard,R Hekure,0,0,"",""
ball,1,33.3,Namibia,ZE Green,SJ Baard,R Hekure,0,0,"",""
ball,1,33.4,Namibia,ZE Green,SJ Baard,R Hekure,0,0,"",""
ball,1,33.5,Namibia,ZE Green,SJ Baard,R Hekure,0,0,"",""
ball,1,33.6,Namibia,ZE Green,SJ Baard,R Hekure,0,1,"",""
ball,1,34.1,Namibia,ZE Green,SJ Baard,A Vala,0,1,"",""
ball,1,34.2,Namibia,ZE Green,SJ Baard,A Vala,0,0,"",""
ball,1,34.3,Namibia,ZE Green,SJ Baard,A Vala,0,0,"",""
ball,1,34.4,Namibia,ZE Green,SJ Baard,A Vala,0,0,"",""
ball,1,34.5,Namibia,ZE Green,SJ Baard,A Vala,1,0,"",""
ball,1,34.6,Namibia,SJ Baard,ZE Green,A Vala,1,0,"",""
ball,1,34.7,Namibia,ZE Green,SJ Baard,A Vala,0,0,"",""
ball,1,35.1,Namibia,SJ Baard,ZE Green,R Hekure,1,1,"",""
ball,1,35.2,Namibia,ZE Green,SJ Baard,R Hekure,1,0,"",""
ball,1,35.3,Namibia,SJ Baard,ZE Green,R Hekure,0,0,"",""
ball,1,35.4,Namibia,SJ Baard,ZE Green,R Hekure,0,0,caught,SJ Baard
ball,1,35.5,Namibia,ZE Green,JJ Smit,R Hekure,1,0,"",""
ball,1,35.6,Namibia,JJ Smit,ZE Green,R Hekure,0,0,"",""
ball,1,35.7,Namibia,JJ Smit,ZE Green,R Hekure,0,0,"",""
ball,1,36.1,Namibia,ZE Green,JJ Smit,A Vala,1,0,"",""
ball,1,36.2,Namibia,JJ Smit,ZE Green,A Vala,0,0,"",""
ball,1,36.3,Namibia,JJ Smit,ZE Green,A Vala,1,0,"",""
ball,1,36.4,Namibia,ZE Green,JJ Smit,A Vala,1,0,"",""
ball,1,36.5,Namibia,JJ Smit,ZE Green,A Vala,1,0,"",""
ball,1,36.6,Namibia,ZE Green,JJ Smit,A Vala,6,1,"",""
ball,1,36.7,Namibia,ZE Green,JJ Smit,A Vala,2,0,"",""
ball,1,37.1,Namibia,JJ Smit,ZE Green,R Hekure,0,0,"",""
ball,1,37.2,Namibia,JJ Smit,ZE Green,R Hekure,1,0,"",""
ball,1,37.3,Namibia,ZE Green,JJ Smit,R Hekure,1,0,"",""
ball,1,37.4,Namibia,JJ Smit,ZE Green,R Hekure,1,0,"",""
ball,1,37.5,Namibia,ZE Green,JJ Smit,R Hekure,1,0,"",""
ball,1,37.6,Namibia,JJ Smit,ZE Green,R Hekure,0,0,"",""
ball,1,38.1,Namibia,ZE Green,JJ Smit,CJA Amini,0,0,"",""
ball,1,38.2,Namibia,ZE Green,JJ Smit,CJA Amini,1,0,"",""
ball,1,38.3,Namibia,JJ Smit,ZE Green,CJA Amini,1,0,"",""
ball,1,38.4,Namibia,ZE Green,JJ Smit,CJA Amini,2,0,"",""
ball,1,38.5,Namibia,ZE Green,JJ Smit,CJA Amini,0,1,"",""
ball,1,38.6,Namibia,JJ Smit,ZE Green,CJA Amini,0,1,"",""
ball,1,38.7,Namibia,JJ Smit,ZE Green,CJA Amini,0,0,"",""
ball,1,39.1,Namibia,ZE Green,JJ Smit,R Hekure,2,0,"",""
ball,1,39.2,Namibia,ZE Green,JJ Smit,R Hekure,0,0,"",""
ball,1,39.3,Namibia,ZE Green,JJ Smit,R Hekure,0,0,"",""
ball,1,39.4,Namibia,ZE Green,JJ Smit,R Hekure,0,0,"",""
ball,1,39.5,Namibia,ZE Green,JJ Smit,R Hekure,0,0,"",""
ball,1,39.6,Namibia,ZE Green,JJ Smit,R Hekure,1,0,"",""
ball,1,40.1,Namibia,ZE Green,JJ Smit,CJA Amini,6,0,"",""
ball,1,40.2,Namibia,ZE Green,JJ Smit,CJA Amini,1,0,"",""
ball,1,40.3,Namibia,JJ Smit,ZE Green,CJA Amini,1,0,"",""
ball,1,40.4,Namibia,ZE Green,JJ Smit,CJA Amini,6,0,"",""
ball,1,40.5,Namibia,ZE Green,JJ Smit,CJA Amini,1,0,"",""
ball,1,40.6,Namibia,JJ Smit,ZE Green,CJA Amini,0,0,"",""
ball,1,41.1,Namibia,ZE Green,JJ Smit,R Hekure,1,0,"",""
ball,1,41.2,Namibia,JJ Smit,ZE Green,R Hekure,2,0,"",""
ball,1,41.3,Namibia,JJ Smit,ZE Green,R Hekure,0,0,"",""
ball,1,41.4,Namibia,JJ Smit,ZE Green,R Hekure,0,0,"",""
ball,1,41.5,Namibia,JJ Smit,ZE Green,R Hekure,0,0,"",""
ball,1,41.6,Namibia,JJ Smit,ZE Green,R Hekure,1,0,"",""
ball,1,42.1,Namibia,JJ Smit,ZE Green,N Vanua,0,0,"",""
ball,1,42.2,Namibia,JJ Smit,ZE Green,N Vanua,0,0,"",""
ball,1,42.3,Namibia,JJ Smit,ZE Green,N Vanua,1,0,"",""
ball,1,42.4,Namibia,ZE Green,JJ Smit,N Vanua,0,0,"",""
ball,1,42.5,Namibia,ZE Green,JJ Smit,N Vanua,4,0,"",""
ball,1,42.6,Namibia,ZE Green,JJ Smit,N Vanua,0,0,caught,ZE Green
ball,1,43.1,Namibia,JJ Smit,JN Frylinck,R Hekure,0,0,"",""
ball,1,43.2,Namibia,JJ Smit,JN Frylinck,R Hekure,0,0,"",""
ball,1,43.3,Namibia,JJ Smit,JN Frylinck,R Hekure,4,0,"",""
ball,1,43.4,Namibia,JJ Smit,JN Frylinck,R Hekure,1,0,"",""
ball,1,43.5,Namibia,JN Frylinck,JJ Smit,R Hekure,1,0,"",""
ball,1,43.6,Namibia,JJ Smit,JN Frylinck,R Hekure,1,0,"",""
ball,1,44.1,Namibia,JJ Smit,JN Frylinck,N Vanua,1,0,"",""
ball,1,44.2,Namibia,JN Frylinck,JJ Smit,N Vanua,0,1,"",""
ball,1,44.3,Namibia,JN Frylinck,JJ Smit,N Vanua,0,0,"",""
ball,1,44.4,Namibia,JN Frylinck,JJ Smit,N Vanua,2,0,"",""
ball,1,44.5,Namibia,JN Frylinck,JJ Smit,N Vanua,1,0,"",""
ball,1,44.6,Namibia,JJ Smit,JN Frylinck,N Vanua,0,5,"",""
ball,1,44.7,Namibia,JJ Smit,JN Frylinck,N Vanua,1,0,"",""
ball,1,44.8,Namibia,JN Frylinck,JJ Smit,N Vanua,1,0,"",""
ball,1,45.1,Namibia,JN Frylinck,JJ Smit,N Pokana,0,0,"",""
ball,1,45.2,Namibia,JN Frylinck,JJ Smit,N Pokana,0,0,"",""
ball,1,45.3,Namibia,JN Frylinck,JJ Smit,N Pokana,1,0,"",""
ball,1,45.4,Namibia,JJ Smit,JN Frylinck,N Pokana,6,0,"",""
ball,1,45.5,Namibia,JJ Smit,JN Frylinck,N Pokana,1,0,"",""
ball,1,45.6,Namibia,JN Frylinck,JJ Smit,N Pokana,1,0,"",""
ball,1,46.1,Namibia,JN Frylinck,JJ Smit,N Vanua,1,0,"",""
ball,1,46.2,Namibia,JJ Smit,JN Frylinck,N Vanua,6,0,"",""
ball,1,46.3,Namibia,JJ Smit,JN Frylinck,N Vanua,1,0,"",""
ball,1,46.4,Namibia,JN Frylinck,JJ Smit,N Vanua,0,1,"",""
ball,1,46.5,Namibia,JJ Smit,JN Frylinck,N Vanua,1,0,"",""
ball,1,46.6,Namibia,JN Frylinck,JJ Smit,N Vanua,0,0,run out,JJ Smit
ball,1,47.1,Namibia,JN Frylinck,HN Ya France,N Pokana,1,0,"",""
ball,1,47.2,Namibia,HN Ya France,JN Frylinck,N Pokana,2,0,"",""
ball,1,47.3,Namibia,HN Ya France,JN Frylinck,N Pokana,0,0,caught,HN Ya France
ball,1,47.4,Namibia,JN Frylinck,K Birkenstock,N Pokana,1,0,"",""
ball,1,47.5,Namibia,K Birkenstock,JN Frylinck,N Pokana,0,0,"",""
ball,1,47.6,Namibia,K Birkenstock,JN Frylinck,N Pokana,0,0,caught,K Birkenstock
ball,1,48.1,Namibia,BM Scholtz,JN Frylinck,N Vanua,1,0,"",""
ball,1,48.2,Namibia,JN Frylinck,BM Scholtz,N Vanua,1,0,"",""
ball,1,48.3,Namibia,BM Scholtz,JN Frylinck,N Vanua,4,0,"",""
ball,1,48.4,Namibia,BM Scholtz,JN Frylinck,N Vanua,1,0,"",""
ball,1,48.5,Namibia,JN Frylinck,BM Scholtz,N Vanua,6,0,"",""
ball,1,48.6,Namibia,JN Frylinck,BM Scholtz,N Vanua,4,0,"",""
ball,1,49.1,Namibia,BM Scholtz,JN Frylinck,N Pokana,0,0,"",""
ball,1,49.2,Namibia,BM Scholtz,JN Frylinck,N Pokana,0,0,caught,BM Scholtz
ball,1,49.3,Namibia,JN Frylinck,Z Groenewald,N Pokana,0,0,"",""
ball,1,49.4,Namibia,JN Frylinck,Z Groenewald,N Pokana,1,0,"",""
ball,1,49.5,Namibia,Z Groenewald,JN Frylinck,N Pokana,1,0,"",""
ball,1,49.6,Namibia,JN Frylinck,Z Groenewald,N Pokana,2,1,"",""
ball,1,49.7,Namibia,JN Frylinck,Z Groenewald,N Pokana,2,1,"",""
ball,1,49.8,Namibia,JN Frylinck,Z Groenewald,N Pokana,1,0,"",""
ball,2,0.1,Papua New Guinea,TP Ura,SK Atai,JJ Smit,4,0,"",""
ball,2,0.2,Papua New Guinea,TP Ura,SK Atai,JJ Smit,0,0,"",""
ball,2,0.3,Papua New Guinea,TP Ura,SK Atai,JJ Smit,1,0,"",""
ball,2,0.4,Papua New Guinea,SK Atai,TP Ura,JJ Smit,1,0,"",""
ball,2,0.5,Papua New Guinea,TP Ura,SK Atai,JJ Smit,0,0,"",""
ball,2,0.6,Papua New Guinea,TP Ura,SK Atai,JJ Smit,1,0,"",""
ball,2,1.1,Papua New Guinea,TP Ura,SK Atai,JN Frylinck,6,0,"",""
ball,2,1.2,Papua New Guinea,TP Ura,SK Atai,JN Frylinck,0,0,"",""
ball,2,1.3,Papua New Guinea,TP Ura,SK Atai,JN Frylinck,0,0,"",""
ball,2,1.4,Papua New Guinea,TP Ura,SK Atai,JN Frylinck,0,0,"",""
ball,2,1.5,Papua New Guinea,TP Ura,SK Atai,JN Frylinck,0,0,"",""
ball,2,1.6,Papua New Guinea,TP Ura,SK Atai,JN Frylinck,2,0,"",""
ball,2,2.1,Papua New Guinea,SK Atai,TP Ura,JJ Smit,0,0,"",""
ball,2,2.2,Papua New Guinea,SK Atai,TP Ura,JJ Smit,0,0,"",""
ball,2,2.3,Papua New Guinea,SK Atai,TP Ura,JJ Smit,0,0,"",""
ball,2,2.4,Papua New Guinea,SK Atai,TP Ura,JJ Smit,0,0,"",""
ball,2,2.5,Papua New Guinea,SK Atai,TP Ura,JJ Smit,0,0,"",""
ball,2,2.6,Papua New Guinea,SK Atai,TP Ura,JJ Smit,0,0,"",""
ball,2,3.1,Papua New Guinea,TP Ura,SK Atai,JN Frylinck,4,0,"",""
ball,2,3.2,Papua New Guinea,TP Ura,SK Atai,JN Frylinck,0,0,"",""
ball,2,3.3,Papua New Guinea,TP Ura,SK Atai,JN Frylinck,0,0,"",""
ball,2,3.4,Papua New Guinea,TP Ura,SK Atai,JN Frylinck,0,0,"",""
ball,2,3.5,Papua New Guinea,TP Ura,SK Atai,JN Frylinck,1,0,"",""
ball,2,3.6,Papua New Guinea,SK Atai,TP Ura,JN Frylinck,0,0,"",""
ball,2,4.1,Papua New Guinea,TP Ura,SK Atai,JJ Smit,4,0,"",""
ball,2,4.2,Papua New Guinea,TP Ura,SK Atai,JJ Smit,1,0,"",""
ball,2,4.3,Papua New Guinea,SK Atai,TP Ura,JJ Smit,0,0,"",""
ball,2,4.4,Papua New Guinea,SK Atai,TP Ura,JJ Smit,0,0,"",""
ball,2,4.5,Papua New Guinea,SK Atai,TP Ura,JJ Smit,0,0,"",""
ball,2,4.6,Papua New Guinea,SK Atai,TP Ura,JJ Smit,0,0,"",""
ball,2,5.1,Papua New Guinea,TP Ura,SK Atai,JN Frylinck,0,0,"",""
ball,2,5.2,Papua New Guinea,TP Ura,SK Atai,JN Frylinck,0,0,"",""
ball,2,5.3,Papua New Guinea,TP Ura,SK Atai,JN Frylinck,4,0,"",""
ball,2,5.4,Papua New Guinea,TP Ura,SK Atai,JN Frylinck,0,0,"",""
ball,2,5.5,Papua New Guinea,TP Ura,SK Atai,JN Frylinck,0,0,"",""
ball,2,5.6,Papua New Guinea,TP Ura,SK Atai,JN Frylinck,0,0,"",""
ball,2,6.1,Papua New Guinea,SK Atai,TP Ura,JJ Smit,0,0,"",""
ball,2,6.2,Papua New Guinea,SK Atai,TP Ura,JJ Smit,0,0,"",""
ball,2,6.3,Papua New Guinea,SK Atai,TP Ura,JJ Smit,0,0,"",""
ball,2,6.4,Papua New Guinea,SK Atai,TP Ura,JJ Smit,0,0,"",""
ball,2,6.5,Papua New Guinea,SK Atai,TP Ura,JJ Smit,0,0,"",""
ball,2,6.6,Papua New Guinea,SK Atai,TP Ura,JJ Smit,0,0,"",""
ball,2,7.1,Papua New Guinea,TP Ura,SK Atai,JN Frylinck,0,0,caught,TP Ura
ball,2,7.2,Papua New Guinea,A Vala,SK Atai,JN Frylinck,0,0,"",""
ball,2,7.3,Papua New Guinea,A Vala,SK Atai,JN Frylinck,0,0,"",""
ball,2,7.4,Papua New Guinea,A Vala,SK Atai,JN Frylinck,0,0,"",""
ball,2,7.5,Papua New Guinea,A Vala,SK Atai,JN Frylinck,0,0,"",""
ball,2,7.6,Papua New Guinea,A Vala,SK Atai,JN Frylinck,1,0,"",""
ball,2,8.1,Papua New Guinea,A Vala,SK Atai,JJ Smit,1,0,"",""
ball,2,8.2,Papua New Guinea,SK Atai,A Vala,JJ Smit,0,0,"",""
ball,2,8.3,Papua New Guinea,SK Atai,A Vala,JJ Smit,2,0,"",""
ball,2,8.4,Papua New Guinea,SK Atai,A Vala,JJ Smit,1,0,"",""
ball,2,8.5,Papua New Guinea,A Vala,SK Atai,JJ Smit,0,0,"",""
ball,2,8.6,Papua New Guinea,A Vala,SK Atai,JJ Smit,1,0,"",""
ball,2,9.1,Papua New Guinea,A Vala,SK Atai,JN Frylinck,1,0,"",""
ball,2,9.2,Papua New Guinea,SK Atai,A Vala,JN Frylinck,0,0,"",""
ball,2,9.3,Papua New Guinea,SK Atai,A Vala,JN Frylinck,1,0,"",""
ball,2,9.4,Papua New Guinea,A Vala,SK Atai,JN Frylinck,0,0,"",""
ball,2,9.5,Papua New Guinea,A Vala,SK Atai,JN Frylinck,0,0,"",""
ball,2,9.6,Papua New Guinea,A Vala,SK Atai,JN Frylinck,0,0,"",""
ball,2,10.1,Papua New Guinea,SK Atai,A Vala,HN Ya France,0,0,"",""
ball,2,10.2,Papua New Guinea,SK Atai,A Vala,HN Ya France,0,3,"",""
ball,2,10.3,Papua New Guinea,SK Atai,A Vala,HN Ya France,1,0,"",""
ball,2,10.4,Papua New Guinea,A Vala,SK Atai,HN Ya France,0,1,"",""
ball,2,10.5,Papua New Guinea,A Vala,SK Atai,HN Ya France,1,0,"",""
ball,2,10.6,Papua New Guinea,SK Atai,A Vala,HN Ya France,0,2,"",""
ball,2,10.7,Papua New Guinea,SK Atai,A Vala,HN Ya France,0,1,"",""
ball,2,10.8,Papua New Guinea,SK Atai,A Vala,HN Ya France,0,1,"",""
ball,2,10.9,Papua New Guinea,SK Atai,A Vala,HN Ya France,0,0,"",""
ball,2,10.1,Papua New Guinea,SK Atai,A Vala,HN Ya France,1,0,"",""
ball,2,11.1,Papua New Guinea,SK Atai,A Vala,Z Groenewald,0,0,"",""
ball,2,11.2,Papua New Guinea,SK Atai,A Vala,Z Groenewald,1,0,"",""
ball,2,11.3,Papua New Guinea,A Vala,SK Atai,Z Groenewald,0,0,"",""
ball,2,11.4,Papua New Guinea,A Vala,SK Atai,Z Groenewald,1,0,"",""
ball,2,11.5,Papua New Guinea,SK Atai,A Vala,Z Groenewald,0,0,"",""
ball,2,11.6,Papua New Guinea,SK Atai,A Vala,Z Groenewald,0,0,"",""
ball,2,12.1,Papua New Guinea,A Vala,SK Atai,HN Ya France,4,0,"",""
ball,2,12.2,Papua New Guinea,A Vala,SK Atai,HN Ya France,0,0,"",""
ball,2,12.3,Papua New Guinea,A Vala,SK Atai,HN Ya France,4,0,"",""
ball,2,12.4,Papua New Guinea,A Vala,SK Atai,HN Ya France,1,0,"",""
ball,2,12.5,Papua New Guinea,SK Atai,A Vala,HN Ya France,0,0,"",""
ball,2,12.6,Papua New Guinea,SK Atai,A Vala,HN Ya France,0,0,"",""
ball,2,13.1,Papua New Guinea,A Vala,SK Atai,Z Groenewald,2,0,"",""
ball,2,13.2,Papua New Guinea,A Vala,SK Atai,Z Groenewald,0,0,"",""
ball,2,13.3,Papua New Guinea,A Vala,SK Atai,Z Groenewald,1,0,"",""
ball,2,13.4,Papua New Guinea,SK Atai,A Vala,Z Groenewald,1,0,"",""
ball,2,13.5,Papua New Guinea,A Vala,SK Atai,Z Groenewald,0,0,"",""
ball,2,13.6,Papua New Guinea,A Vala,SK Atai,Z Groenewald,0,0,"",""
ball,2,14.1,Papua New Guinea,SK Atai,A Vala,MG Erasmus,1,0,"",""
ball,2,14.2,Papua New Guinea,A Vala,SK Atai,MG Erasmus,0,0,"",""
ball,2,14.3,Papua New Guinea,A Vala,SK Atai,MG Erasmus,0,0,"",""
ball,2,14.4,Papua New Guinea,A Vala,SK Atai,MG Erasmus,1,0,"",""
ball,2,14.5,Papua New Guinea,SK Atai,A Vala,MG Erasmus,0,0,"",""
ball,2,14.6,Papua New Guinea,SK Atai,A Vala,MG Erasmus,1,0,"",""
ball,2,15.1,Papua New Guinea,SK Atai,A Vala,Z Groenewald,0,0,"",""
ball,2,15.2,Papua New Guinea,SK Atai,A Vala,Z Groenewald,1,0,"",""
ball,2,15.3,Papua New Guinea,A Vala,SK Atai,Z Groenewald,4,0,"",""
ball,2,15.4,Papua New Guinea,A Vala,SK Atai,Z Groenewald,0,0,"",""
ball,2,15.5,Papua New Guinea,A Vala,SK Atai,Z Groenewald,1,0,"",""
ball,2,15.6,Papua New Guinea,SK Atai,A Vala,Z Groenewald,0,0,"",""
ball,2,16.1,Papua New Guinea,A Vala,SK Atai,MG Erasmus,0,0,"",""
ball,2,16.2,Papua New Guinea,A Vala,SK Atai,MG Erasmus,1,0,"",""
ball,2,16.3,Papua New Guinea,SK Atai,A Vala,MG Erasmus,0,0,"",""
ball,2,16.4,Papua New Guinea,SK Atai,A Vala,MG Erasmus,0,0,"",""
ball,2,16.5,Papua New Guinea,SK Atai,A Vala,MG Erasmus,1,0,"",""
ball,2,16.6,Papua New Guinea,A Vala,SK Atai,MG Erasmus,0,0,"",""
ball,2,17.1,Papua New Guinea,SK Atai,A Vala,Z Groenewald,1,0,"",""
ball,2,17.2,Papua New Guinea,A Vala,SK Atai,Z Groenewald,0,0,"",""
ball,2,17.3,Papua New Guinea,A Vala,SK Atai,Z Groenewald,4,0,"",""
ball,2,17.4,Papua New Guinea,A Vala,SK Atai,Z Groenewald,0,0,"",""
ball,2,17.5,Papua New Guinea,A Vala,SK Atai,Z Groenewald,0,0,"",""
ball,2,17.6,Papua New Guinea,A Vala,SK Atai,Z Groenewald,1,0,"",""
ball,2,18.1,Papua New Guinea,A Vala,SK Atai,MG Erasmus,0,0,"",""
ball,2,18.2,Papua New Guinea,A Vala,SK Atai,MG Erasmus,6,0,"",""
ball,2,18.3,Papua New Guinea,A Vala,SK Atai,MG Erasmus,0,0,"",""
ball,2,18.4,Papua New Guinea,A Vala,SK Atai,MG Erasmus,0,0,"",""
ball,2,18.5,Papua New Guinea,A Vala,SK Atai,MG Erasmus,1,0,"",""
ball,2,18.6,Papua New Guinea,SK Atai,A Vala,MG Erasmus,0,0,"",""
ball,2,19.1,Papua New Guinea,A Vala,SK Atai,CG Williams,0,0,"",""
ball,2,19.2,Papua New Guinea,A Vala,SK Atai,CG Williams,0,0,"",""
ball,2,19.3,Papua New Guinea,A Vala,SK Atai,CG Williams,1,0,"",""
ball,2,19.4,Papua New Guinea,SK Atai,A Vala,CG Williams,0,0,"",""
ball,2,19.5,Papua New Guinea,SK Atai,A Vala,CG Williams,0,1,"",""
ball,2,19.6,Papua New Guinea,A Vala,SK Atai,CG Williams,0,0,"",""
ball,2,20.1,Papua New Guinea,SK Atai,A Vala,MG Erasmus,0,0,"",""
ball,2,20.2,Papua New Guinea,SK Atai,A Vala,MG Erasmus,4,0,"",""
ball,2,20.3,Papua New Guinea,SK Atai,A Vala,MG Erasmus,0,0,"",""
ball,2,20.4,Papua New Guinea,SK Atai,A Vala,MG Erasmus,1,0,"",""
ball,2,20.5,Papua New Guinea,A Vala,SK Atai,MG Erasmus,0,0,"",""
ball,2,20.6,Papua New Guinea,A Vala,SK Atai,MG Erasmus,1,0,"",""
ball,2,21.1,Papua New Guinea,A Vala,SK Atai,BM Scholtz,0,0,"",""
ball,2,21.2,Papua New Guinea,A Vala,SK Atai,BM Scholtz,0,0,"",""
ball,2,21.3,Papua New Guinea,A Vala,SK Atai,BM Scholtz,1,0,"",""
ball,2,21.4,Papua New Guinea,SK Atai,A Vala,BM Scholtz,4,0,"",""
ball,2,21.5,Papua New Guinea,SK Atai,A Vala,BM Scholtz,0,0,"",""
ball,2,21.6,Papua New Guinea,SK Atai,A Vala,BM Scholtz,0,2,"",""
ball,2,22.1,Papua New Guinea,A Vala,SK Atai,CG Williams,0,0,"",""
ball,2,22.2,Papua New Guinea,A Vala,SK Atai,CG Williams,0,0,"",""
ball,2,22.3,Papua New Guinea,A Vala,SK Atai,CG Williams,0,0,"",""
ball,2,22.4,Papua New Guinea,A Vala,SK Atai,CG Williams,0,0,"",""
ball,2,22.5,Papua New Guinea,A Vala,SK Atai,CG Williams,1,0,"",""
ball,2,22.6,Papua New Guinea,SK Atai,A Vala,CG Williams,1,0,"",""
ball,2,23.1,Papua New Guinea,SK Atai,A Vala,BM Scholtz,0,0,bowled,SK Atai
ball,2,23.2,Papua New Guinea,L Siaka,A Vala,BM Scholtz,0,0,"",""
ball,2,23.3,Papua New Guinea,L Siaka,A Vala,BM Scholtz,0,0,caught,L Siaka
ball,2,23.4,Papua New Guinea,CJA Amini,A Vala,BM Scholtz,0,0,"",""
ball,2,23.5,Papua New Guinea,CJA Amini,A Vala,BM Scholtz,0,0,"",""
ball,2,23.6,Papua New Guinea,CJA Amini,A Vala,BM Scholtz,0,0,"",""
ball,2,24.1,Papua New Guinea,A Vala,CJA Amini,CG Williams,0,0,"",""
ball,2,24.2,Papua New Guinea,A Vala,CJA Amini,CG Williams,0,0,"",""
ball,2,24.3,Papua New Guinea,A Vala,CJA Amini,CG Williams,0,0,"",""
ball,2,24.4,Papua New Guinea,A Vala,CJA Amini,CG Williams,0,0,"",""
ball,2,24.5,Papua New Guinea,A Vala,CJA Amini,CG Williams,0,1,"",""
ball,2,24.6,Papua New Guinea,CJA Amini,A Vala,CG Williams,2,0,"",""
ball,2,25.1,Papua New Guinea,A Vala,CJA Amini,BM Scholtz,0,0,"",""
ball,2,25.2,Papua New Guinea,A Vala,CJA Amini,BM Scholtz,0,0,"",""
ball,2,25.3,Papua New Guinea,A Vala,CJA Amini,BM Scholtz,1,0,"",""
ball,2,25.4,Papua New Guinea,CJA Amini,A Vala,BM Scholtz,0,0,"",""
ball,2,25.5,Papua New Guinea,CJA Amini,A Vala,BM Scholtz,0,0,"",""
ball,2,25.6,Papua New Guinea,CJA Amini,A Vala,BM Scholtz,0,0,"",""
ball,2,26.1,Papua New Guinea,A Vala,CJA Amini,CG Williams,0,0,"",""
ball,2,26.2,Papua New Guinea,A Vala,CJA Amini,CG Williams,0,1,"",""
ball,2,26.3,Papua New Guinea,CJA Amini,A Vala,CG Williams,1,0,"",""
ball,2,26.4,Papua New Guinea,A Vala,CJA Amini,CG Williams,4,0,"",""
ball,2,26.5,Papua New Guinea,A Vala,CJA Amini,CG Williams,1,0,"",""
ball,2,26.6,Papua New Guinea,CJA Amini,A Vala,CG Williams,1,0,"",""
ball,2,27.1,Papua New Guinea,CJA Amini,A Vala,BM Scholtz,1,0,"",""
ball,2,27.2,Papua New Guinea,A Vala,CJA Amini,BM Scholtz,1,0,"",""
ball,2,27.3,Papua New Guinea,CJA Amini,A Vala,BM Scholtz,0,0,"",""
ball,2,27.4,Papua New Guinea,CJA Amini,A Vala,BM Scholtz,1,0,"",""
ball,2,27.5,Papua New Guinea,A Vala,CJA Amini,BM Scholtz,0,0,"",""
ball,2,27.6,Papua New Guinea,A Vala,CJA Amini,BM Scholtz,1,0,"",""
ball,2,28.1,Papua New Guinea,A Vala,CJA Amini,CG Williams,0,0,"",""
ball,2,28.2,Papua New Guinea,A Vala,CJA Amini,CG Williams,0,0,run out,CJA Amini
ball,2,28.3,Papua New Guinea,K Doriga,A Vala,CG Williams,0,0,"",""
ball,2,28.4,Papua New Guinea,K Doriga,A Vala,CG Williams,0,0,"",""
ball,2,28.5,Papua New Guinea,K Doriga,A Vala,CG Williams,1,0,"",""
ball,2,28.6,Papua New Guinea,A Vala,K Doriga,CG Williams,0,0,"",""
ball,2,29.1,Papua New Guinea,K Doriga,A Vala,BM Scholtz,0,0,"",""
ball,2,29.2,Papua New Guinea,K Doriga,A Vala,BM Scholtz,0,0,caught,K Doriga
ball,2,29.3,Papua New Guinea,A Vala,R Hekure,BM Scholtz,1,0,"",""
ball,2,29.4,Papua New Guinea,R Hekure,A Vala,BM Scholtz,0,0,"",""
ball,2,29.5,Papua New Guinea,R Hekure,A Vala,BM Scholtz,0,0,"",""
ball,2,29.6,Papua New Guinea,R Hekure,A Vala,BM Scholtz,0,0,"",""
ball,2,30.1,Papua New Guinea,A Vala,R Hekure,CG Williams,1,0,"",""
ball,2,30.2,Papua New Guinea,R Hekure,A Vala,CG Williams,1,0,"",""
ball,2,30.3,Papua New Guinea,A Vala,R Hekure,CG Williams,0,1,"",""
ball,2,30.4,Papua New Guinea,R Hekure,A Vala,CG Williams,0,0,"",""
ball,2,30.5,Papua New Guinea,R Hekure,A Vala,CG Williams,0,1,"",""
ball,2,30.6,Papua New Guinea,A Vala,R Hekure,CG Williams,0,0,"",""
ball,2,31.1,Papua New Guinea,R Hekure,A Vala,BM Scholtz,1,0,"",""
ball,2,31.2,Papua New Guinea,A Vala,R Hekure,BM Scholtz,1,0,"",""
ball,2,31.3,Papua New Guinea,R Hekure,A Vala,BM Scholtz,0,0,lbw,R Hekure
ball,2,31.4,Papua New Guinea,H Hiri,A Vala,BM Scholtz,0,0,"",""
ball,2,31.5,Papua New Guinea,H Hiri,A Vala,BM Scholtz,0,0,"",""
ball,2,31.6,Papua New Guinea,H Hiri,A Vala,BM Scholtz,0,0,"",""
ball,2,32.1,Papua New Guinea,A Vala,H Hiri,CG Williams,1,0,"",""
ball,2,32.2,Papua New Guinea,H Hiri,A Vala,CG Williams,0,0,"",""
ball,2,32.3,Papua New Guinea,H Hiri,A Vala,CG Williams,0,0,"",""
ball,2,32.4,Papua New Guinea,H Hiri,A Vala,CG Williams,0,0,"",""
ball,2,32.5,Papua New Guinea,H Hiri,A Vala,CG Williams,0,0,"",""
ball,2,32.6,Papua New Guinea,H Hiri,A Vala,CG Williams,0,0,"",""
ball,2,33.1,Papua New Guinea,A Vala,H Hiri,BM Scholtz,1,0,"",""
ball,2,33.2,Papua New Guinea,H Hiri,A Vala,BM Scholtz,2,0,"",""
ball,2,33.3,Papua New Guinea,H Hiri,A Vala,BM Scholtz,0,0,"",""
ball,2,33.4,Papua New Guinea,H Hiri,A Vala,BM Scholtz,0,0,"",""
ball,2,33.5,Papua New Guinea,H Hiri,A Vala,BM Scholtz,0,0,"",""
ball,2,33.6,Papua New Guinea,H Hiri,A Vala,BM Scholtz,1,0,"",""
ball,2,34.1,Papua New Guinea,H Hiri,A Vala,CG Williams,2,0,"",""
ball,2,34.2,Papua New Guinea,H Hiri,A Vala,CG Williams,1,0,"",""
ball,2,34.3,Papua New Guinea,A Vala,H Hiri,CG Williams,6,0,"",""
ball,2,34.4,Papua New Guinea,A Vala,H Hiri,CG Williams,0,0,"",""
ball,2,34.5,Papua New Guinea,A Vala,H Hiri,CG Williams,4,0,"",""
ball,2,34.6,Papua New Guinea,A Vala,H Hiri,CG Williams,1,0,"",""
ball,2,35.1,Papua New Guinea,A Vala,H Hiri,BM Scholtz,1,0,"",""
ball,2,35.2,Papua New Guinea,H Hiri,A Vala,BM Scholtz,3,0,"",""
ball,2,35.3,Papua New Guinea,A Vala,H Hiri,BM Scholtz,1,0,"",""
ball,2,35.4,Papua New Guinea,H Hiri,A Vala,BM Scholtz,1,0,"",""
ball,2,35.5,Papua New Guinea,A Vala,H Hiri,BM Scholtz,4,0,"",""
ball,2,35.6,Papua New Guinea,A Vala,H Hiri,BM Scholtz,0,0,"",""
ball,2,36.1,Papua New Guinea,H Hiri,A Vala,JJ Smit,1,0,"",""
ball,2,36.2,Papua New Guinea,A Vala,H Hiri,JJ Smit,2,0,"",""
ball,2,36.3,Papua New Guinea,A Vala,H Hiri,JJ Smit,1,0,"",""
ball,2,36.4,Papua New Guinea,H Hiri,A Vala,JJ Smit,1,0,"",""
ball,2,36.5,Papua New Guinea,A Vala,H Hiri,JJ Smit,2,0,"",""
ball,2,36.6,Papua New Guinea,A Vala,H Hiri,JJ Smit,0,0,"",""
ball,2,37.1,Papua New Guinea,H Hiri,A Vala,Z Groenewald,0,0,"",""
ball,2,37.2,Papua New Guinea,H Hiri,A Vala,Z Groenewald,0,0,"",""
ball,2,37.3,Papua New Guinea,H Hiri,A Vala,Z Groenewald,1,0,"",""
ball,2,37.4,Papua New Guinea,A Vala,H Hiri,Z Groenewald,1,0,"",""
ball,2,37.5,Papua New Guinea,H Hiri,A Vala,Z Groenewald,2,0,"",""
ball,2,37.6,Papua New Guinea,H Hiri,A Vala,Z Groenewald,1,0,"",""
ball,2,38.1,Papua New Guinea,H Hiri,A Vala,JJ Smit,0,0,"",""
ball,2,38.2,Papua New Guinea,H Hiri,A Vala,JJ Smit,0,0,caught,H Hiri
ball,2,38.3,Papua New Guinea,A Vala,N Vanua,JJ Smit,0,0,"",""
ball,2,38.4,Papua New Guinea,A Vala,N Vanua,JJ Smit,1,0,"",""
ball,2,38.5,Papua New Guinea,N Vanua,A Vala,JJ Smit,0,0,"",""
ball,2,38.6,Papua New Guinea,N Vanua,A Vala,JJ Smit,0,0,"",""
ball,2,39.1,Papua New Guinea,A Vala,N Vanua,Z Groenewald,1,0,"",""
ball,2,39.2,Papua New Guinea,N Vanua,A Vala,Z Groenewald,0,0,"",""
ball,2,39.3,Papua New Guinea,N Vanua,A Vala,Z Groenewald,0,0,"",""
ball,2,39.4,Papua New Guinea,N Vanua,A Vala,Z Groenewald,1,0,"",""
ball,2,39.5,Papua New Guinea,A Vala,N Vanua,Z Groenewald,1,0,"",""
ball,2,39.6,Papua New Guinea,N Vanua,A Vala,Z Groenewald,0,0,"",""
ball,2,40.1,Papua New Guinea,A Vala,N Vanua,JN Frylinck,1,0,"",""
ball,2,40.2,Papua New Guinea,N Vanua,A Vala,JN Frylinck,2,0,"",""
ball,2,40.3,Papua New Guinea,N Vanua,A Vala,JN Frylinck,1,0,"",""
ball,2,40.4,Papua New Guinea,A Vala,N Vanua,JN Frylinck,0,0,"",""
ball,2,40.5,Papua New Guinea,A Vala,N Vanua,JN Frylinck,1,0,"",""
ball,2,40.6,Papua New Guinea,N Vanua,A Vala,JN Frylinck,1,0,"",""
ball,2,41.1,Papua New Guinea,N Vanua,A Vala,Z Groenewald,0,0,"",""
ball,2,41.2,Papua New Guinea,N Vanua,A Vala,Z Groenewald,0,1,"",""
ball,2,41.3,Papua New Guinea,N Vanua,A Vala,Z Groenewald,6,0,"",""
ball,2,41.4,Papua New Guinea,N Vanua,A Vala,Z Groenewald,1,0,"",""
ball,2,41.5,Papua New Guinea,A Vala,N Vanua,Z Groenewald,1,0,"",""
ball,2,41.6,Papua New Guinea,N Vanua,A Vala,Z Groenewald,1,0,"",""
ball,2,41.7,Papua New Guinea,A Vala,N Vanua,Z Groenewald,0,0,"",""
ball,2,42.1,Papua New Guinea,N Vanua,A Vala,JN Frylinck,0,0,"",""
ball,2,42.2,Papua New Guinea,N Vanua,A Vala,JN Frylinck,1,0,"",""
ball,2,42.3,Papua New Guinea,A Vala,N Vanua,JN Frylinck,6,0,"",""
ball,2,42.4,Papua New Guinea,A Vala,N Vanua,JN Frylinck,6,0,"",""
ball,2,42.5,Papua New Guinea,A Vala,N Vanua,JN Frylinck,0,0,"",""
ball,2,42.6,Papua New Guinea,A Vala,N Vanua,JN Frylinck,1,0,"",""
ball,2,43.1,Papua New Guinea,A Vala,N Vanua,CG Williams,1,0,"",""
ball,2,43.2,Papua New Guinea,N Vanua,A Vala,CG Williams,1,0,"",""
ball,2,43.3,Papua New Guinea,A Vala,N Vanua,CG Williams,2,0,"",""
ball,2,43.4,Papua New Guinea,A Vala,N Vanua,CG Williams,2,0,"",""
ball,2,43.5,Papua New Guinea,A Vala,N Vanua,CG Williams,1,0,"",""
ball,2,43.6,Papua New Guinea,N Vanua,A Vala,CG Williams,0,0,caught,N Vanua
ball,2,44.1,Papua New Guinea,A Vala,J Kila,JJ Smit,1,0,"",""
ball,2,44.2,Papua New Guinea,J Kila,A Vala,JJ Smit,1,0,"",""
ball,2,44.3,Papua New Guinea,A Vala,J Kila,JJ Smit,1,0,"",""
ball,2,44.4,Papua New Guinea,J Kila,A Vala,JJ Smit,0,0,run out,A Vala
ball,2,44.5,Papua New Guinea,N Pokana,J Kila,JJ Smit,1,0,"",""
ball,2,44.6,Papua New Guinea,J Kila,N Pokana,JJ Smit,1,0,"",""
ball,2,45.1,Papua New Guinea,J Kila,N Pokana,JN Frylinck,1,0,"",""
ball,2,45.2,Papua New Guinea,N Pokana,J Kila,JN Frylinck,1,0,"",""
ball,2,45.3,Papua New Guinea,J Kila,N Pokana,JN Frylinck,1,0,"",""
ball,2,45.4,Papua New Guinea,N Pokana,J Kila,JN Frylinck,1,0,"",""
ball,2,45.5,Papua New Guinea,J Kila,N Pokana,JN Frylinck,4,0,"",""
ball,2,45.6,Papua New Guinea,J Kila,N Pokana,JN Frylinck,1,0,"",""
ball,2,46.1,Papua New Guinea,J Kila,N Pokana,JJ Smit,0,0,"",""
ball,2,46.2,Papua New Guinea,J Kila,N Pokana,JJ Smit,1,0,"",""
ball,2,46.3,Papua New Guinea,N Pokana,J Kila,JJ Smit,1,0,"",""
ball,2,46.4,Papua New Guinea,J Kila,N Pokana,JJ Smit,2,0,"",""
ball,2,46.5,Papua New Guinea,J Kila,N Pokana,JJ Smit,0,0,"",""
ball,2,46.6,Papua New Guinea,J Kila,N Pokana,JJ Smit,0,0,"",""
ball,2,47.1,Papua New Guinea,N Pokana,J Kila,JN Frylinck,4,0,"",""
ball,2,47.2,Papua New Guinea,N Pokana,J Kila,JN Frylinck,1,0,"",""
ball,2,47.3,Papua New Guinea,J Kila,N Pokana,JN Frylinck,0,0,caught,J Kila
