version,1.3.0
info,team,West Indies
info,team,Ireland
info,gender,male
info,season,2019/20
info,date,2020/01/07
info,series,Ireland tour of West Indies 2019/20
info,match_number,1
info,venue,"Kensington Oval, Barbados"
info,city,Bridgetown
info,toss_winner,Ireland
info,toss_decision,bat
info,player_of_match,AS Joseph
info,umpire,JS Wilson
info,umpire,RSA Palliyaguruge
info,reserve_umpire,GO Brathwaite
info,tv_umpire,RK Illingworth
info,match_referee,JJ Crowe
info,winner,West Indies
info,winner_wickets,5
ball,1,0.1,Ireland,PR Stirling,GJ Delany,SS Cottrell,2,0,"",""
ball,1,0.2,Ireland,PR Stirling,GJ Delany,SS Cottrell,0,0,"",""
ball,1,0.3,Ireland,PR Stirling,GJ Delany,SS Cottrell,0,0,"",""
ball,1,0.4,Ireland,PR Stirling,GJ Delany,SS Cottrell,2,0,"",""
ball,1,0.5,Ireland,PR Stirling,GJ Delany,SS Cottrell,0,0,"",""
ball,1,0.6,Ireland,PR Stirling,GJ Delany,SS Cottrell,0,0,"",""
ball,1,1.1,Ireland,GJ Delany,PR Stirling,KMA Paul,0,0,"",""
ball,1,1.2,Ireland,GJ Delany,PR Stirling,KMA Paul,4,0,"",""
ball,1,1.3,Ireland,GJ Delany,PR Stirling,KMA Paul,0,0,"",""
ball,1,1.4,Ireland,GJ Delany,PR Stirling,KMA Paul,0,0,"",""
ball,1,1.5,Ireland,GJ Delany,PR Stirling,KMA Paul,0,1,"",""
ball,1,1.6,Ireland,GJ Delany,PR Stirling,KMA Paul,1,0,"",""
ball,1,1.7,Ireland,PR Stirling,GJ Delany,KMA Paul,0,0,"",""
ball,1,2.1,Ireland,GJ Delany,PR Stirling,SS Cottrell,0,0,"",""
ball,1,2.2,Ireland,GJ Delany,PR Stirling,SS Cottrell,0,0,"",""
ball,1,2.3,Ireland,GJ Delany,PR Stirling,SS Cottrell,0,0,"",""
ball,1,2.4,Ireland,GJ Delany,PR Stirling,SS Cottrell,4,0,"",""
ball,1,2.5,Ireland,GJ Delany,PR Stirling,SS Cottrell,0,0,"",""
ball,1,2.6,Ireland,GJ Delany,PR Stirling,SS Cottrell,0,0,"",""
ball,1,3.1,Ireland,PR Stirling,GJ Delany,KMA Paul,0,0,"",""
ball,1,3.2,Ireland,PR Stirling,GJ Delany,KMA Paul,2,0,"",""
ball,1,3.3,Ireland,PR Stirling,GJ Delany,KMA Paul,0,0,"",""
ball,1,3.4,Ireland,PR Stirling,GJ Delany,KMA Paul,0,1,"",""
ball,1,3.5,Ireland,PR Stirling,GJ Delany,KMA Paul,1,0,"",""
ball,1,3.6,Ireland,GJ Delany,PR Stirling,KMA Paul,0,0,"",""
ball,1,3.7,Ireland,GJ Delany,PR Stirling,KMA Paul,4,0,"",""
ball,1,4.1,Ireland,PR Stirling,GJ Delany,SS Cottrell,0,0,"",""
ball,1,4.2,Ireland,PR Stirling,GJ Delany,SS Cottrell,0,0,"",""
ball,1,4.3,Ireland,PR Stirling,GJ Delany,SS Cottrell,0,0,"",""
ball,1,4.4,Ireland,PR Stirling,GJ Delany,SS Cottrell,4,0,"",""
ball,1,4.5,Ireland,PR Stirling,GJ Delany,SS Cottrell,0,0,"",""
ball,1,4.6,Ireland,PR Stirling,GJ Delany,SS Cottrell,0,0,"",""
ball,1,5.1,Ireland,GJ Delany,PR Stirling,KMA Paul,0,0,"",""
ball,1,5.2,Ireland,GJ Delany,PR Stirling,KMA Paul,0,0,"",""
ball,1,5.3,Ireland,GJ Delany,PR Stirling,KMA Paul,0,0,"",""
ball,1,5.4,Ireland,GJ Delany,PR Stirling,KMA Paul,0,0,"",""
ball,1,5.5,Ireland,GJ Delany,PR Stirling,KMA Paul,0,0,"",""
ball,1,5.6,Ireland,GJ Delany,PR Stirling,KMA Paul,0,1,"",""
ball,1,5.7,Ireland,GJ Delany,PR Stirling,KMA Paul,0,1,"",""
ball,1,5.8,Ireland,GJ Delany,PR Stirling,KMA Paul,2,0,"",""
ball,1,6.1,Ireland,PR Stirling,GJ Delany,AS Joseph,4,0,"",""
ball,1,6.2,Ireland,PR Stirling,GJ Delany,AS Joseph,0,0,"",""
ball,1,6.3,Ireland,PR Stirling,GJ Delany,AS Joseph,0,0,caught,PR Stirling
ball,1,6.4,Ireland,A Balbirnie,GJ Delany,AS Joseph,0,0,"",""
ball,1,6.5,Ireland,A Balbirnie,GJ Delany,AS Joseph,1,0,"",""
ball,1,6.6,Ireland,GJ Delany,A Balbirnie,AS Joseph,0,0,"",""
ball,1,7.1,Ireland,A Balbirnie,GJ Delany,KMA Paul,0,0,"",""
ball,1,7.2,Ireland,A Balbirnie,GJ Delany,KMA Paul,4,0,"",""
ball,1,7.3,Ireland,A Balbirnie,GJ Delany,KMA Paul,0,0,"",""
ball,1,7.4,Ireland,A Balbirnie,GJ Delany,KMA Paul,4,0,"",""
ball,1,7.5,Ireland,A Balbirnie,GJ Delany,KMA Paul,0,0,"",""
ball,1,7.6,Ireland,A Balbirnie,GJ Delany,KMA Paul,0,0,"",""
ball,1,8.1,Ireland,GJ Delany,A Balbirnie,AS Joseph,0,0,"",""
ball,1,8.2,Ireland,GJ Delany,A Balbirnie,AS Joseph,1,0,"",""
ball,1,8.3,Ireland,A Balbirnie,GJ Delany,AS Joseph,0,0,"",""
ball,1,8.4,Ireland,A Balbirnie,GJ Delany,AS Joseph,0,0,"",""
ball,1,8.5,Ireland,A Balbirnie,GJ Delany,AS Joseph,6,0,"",""
ball,1,8.6,Ireland,A Balbirnie,GJ Delany,AS Joseph,1,0,"",""
ball,1,9.1,Ireland,A Balbirnie,GJ Delany,RL Chase,0,0,caught,A Balbirnie
ball,1,9.2,Ireland,WTS Porterfield,GJ Delany,RL Chase,0,0,"",""
ball,1,9.3,Ireland,WTS Porterfield,GJ Delany,RL Chase,1,0,"",""
ball,1,9.4,Ireland,GJ Delany,WTS Porterfield,RL Chase,0,0,"",""
ball,1,9.5,Ireland,GJ Delany,WTS Porterfield,RL Chase,0,0,"",""
ball,1,9.6,Ireland,GJ Delany,WTS Porterfield,RL Chase,0,0,"",""
ball,1,10.1,Ireland,WTS Porterfield,GJ Delany,AS Joseph,1,0,"",""
ball,1,10.2,Ireland,GJ Delany,WTS Porterfield,AS Joseph,0,0,"",""
ball,1,10.3,Ireland,GJ Delany,WTS Porterfield,AS Joseph,1,0,"",""
ball,1,10.4,Ireland,WTS Porterfield,GJ Delany,AS Joseph,1,0,"",""
ball,1,10.5,Ireland,GJ Delany,WTS Porterfield,AS Joseph,0,0,"",""
ball,1,10.6,Ireland,GJ Delany,WTS Porterfield,AS Joseph,0,0,"",""
ball,1,11.1,Ireland,WTS Porterfield,GJ Delany,RL Chase,0,0,"",""
ball,1,11.2,Ireland,WTS Porterfield,GJ Delany,RL Chase,1,0,"",""
ball,1,11.3,Ireland,GJ Delany,WTS Porterfield,RL Chase,1,0,"",""
ball,1,11.4,Ireland,WTS Porterfield,GJ Delany,RL Chase,0,0,"",""
ball,1,11.5,Ireland,WTS Porterfield,GJ Delany,RL Chase,1,0,"",""
ball,1,11.6,Ireland,GJ Delany,WTS Porterfield,RL Chase,0,0,"",""
ball,1,12.1,Ireland,WTS Porterfield,GJ Delany,AS Joseph,0,0,"",""
ball,1,12.2,Ireland,WTS Porterfield,GJ Delany,AS Joseph,0,0,"",""
ball,1,12.3,Ireland,WTS Porterfield,GJ Delany,AS Joseph,0,0,"",""
ball,1,12.4,Ireland,WTS Porterfield,GJ Delany,AS Joseph,0,0,"",""
ball,1,12.5,Ireland,WTS Porterfield,GJ Delany,AS Joseph,0,1,"",""
ball,1,12.6,Ireland,WTS Porterfield,GJ Delany,AS Joseph,1,0,"",""
ball,1,12.7,Ireland,GJ Delany,WTS Porterfield,AS Joseph,0,0,"",""
ball,1,13.1,Ireland,WTS Porterfield,GJ Delany,RL Chase,0,0,"",""
ball,1,13.2,Ireland,WTS Porterfield,GJ Delany,RL Chase,0,0,"",""
ball,1,13.3,Ireland,WTS Porterfield,GJ Delany,RL Chase,1,0,"",""
ball,1,13.4,Ireland,GJ Delany,WTS Porterfield,RL Chase,0,0,"",""
ball,1,13.5,Ireland,GJ Delany,WTS Porterfield,RL Chase,0,0,"",""
ball,1,13.6,Ireland,GJ Delany,WTS Porterfield,RL Chase,1,0,"",""
ball,1,14.1,Ireland,GJ Delany,WTS Porterfield,AS Joseph,0,0,"",""
ball,1,14.2,Ireland,GJ Delany,WTS Porterfield,AS Joseph,0,0,"",""
ball,1,14.3,Ireland,GJ Delany,WTS Porterfield,AS Joseph,0,0,caught,GJ Delany
ball,1,14.4,Ireland,KJ O'Brien,WTS Porterfield,AS Joseph,1,0,"",""
ball,1,14.5,Ireland,WTS Porterfield,KJ O'Brien,AS Joseph,0,0,"",""
ball,1,14.6,Ireland,WTS Porterfield,KJ O'Brien,AS Joseph,1,0,"",""
ball,1,15.1,Ireland,WTS Porterfield,KJ O'Brien,RL Chase,1,0,"",""
ball,1,15.2,Ireland,KJ O'Brien,WTS Porterfield,RL Chase,2,0,"",""
ball,1,15.3,Ireland,KJ O'Brien,WTS Porterfield,RL Chase,0,0,"",""
ball,1,15.4,Ireland,KJ O'Brien,WTS Porterfield,RL Chase,0,0,"",""
ball,1,15.5,Ireland,KJ O'Brien,WTS Porterfield,RL Chase,0,0,"",""
ball,1,15.6,Ireland,KJ O'Brien,WTS Porterfield,RL Chase,1,0,"",""
ball,1,16.1,Ireland,KJ O'Brien,WTS Porterfield,AS Joseph,0,0,lbw,KJ O'Brien
ball,1,16.2,Ireland,L Tucker,WTS Porterfield,AS Joseph,0,1,"",""
ball,1,16.3,Ireland,L Tucker,WTS Porterfield,AS Joseph,0,0,"",""
ball,1,16.4,Ireland,L Tucker,WTS Porterfield,AS Joseph,0,0,"",""
ball,1,16.5,Ireland,L Tucker,WTS Porterfield,AS Joseph,0,0,"",""
ball,1,16.6,Ireland,L Tucker,WTS Porterfield,AS Joseph,0,0,"",""
ball,1,16.7,Ireland,L Tucker,WTS Porterfield,AS Joseph,0,0,"",""
ball,1,17.1,Ireland,WTS Porterfield,L Tucker,RL Chase,1,0,"",""
ball,1,17.2,Ireland,L Tucker,WTS Porterfield,RL Chase,1,0,"",""
ball,1,17.3,Ireland,WTS Porterfield,L Tucker,RL Chase,0,0,"",""
ball,1,17.4,Ireland,WTS Porterfield,L Tucker,RL Chase,4,0,"",""
ball,1,17.5,Ireland,WTS Porterfield,L Tucker,RL Chase,0,0,"",""
ball,1,17.6,Ireland,WTS Porterfield,L Tucker,RL Chase,0,0,"",""
ball,1,18.1,Ireland,L Tucker,WTS Porterfield,AS Joseph,1,0,"",""
ball,1,18.2,Ireland,WTS Porterfield,L Tucker,AS Joseph,1,0,"",""
ball,1,18.3,Ireland,L Tucker,WTS Porterfield,AS Joseph,1,0,"",""
ball,1,18.4,Ireland,WTS Porterfield,L Tucker,AS Joseph,0,0,"",""
ball,1,18.5,Ireland,WTS Porterfield,L Tucker,AS Joseph,0,0,"",""
ball,1,18.6,Ireland,WTS Porterfield,L Tucker,AS Joseph,0,0,"",""
ball,1,19.1,Ireland,L Tucker,WTS Porterfield,RL Chase,0,0,"",""
ball,1,19.2,Ireland,L Tucker,WTS Porterfield,RL Chase,0,0,"",""
ball,1,19.3,Ireland,L Tucker,WTS Porterfield,RL Chase,0,0,"",""
ball,1,19.4,Ireland,L Tucker,WTS Porterfield,RL Chase,1,0,"",""
ball,1,19.5,Ireland,WTS Porterfield,L Tucker,RL Chase,0,0,"",""
ball,1,19.6,Ireland,WTS Porterfield,L Tucker,RL Chase,0,0,"",""
ball,1,20.1,Ireland,L Tucker,WTS Porterfield,SS Cottrell,1,0,"",""
ball,1,20.2,Ireland,WTS Porterfield,L Tucker,SS Cottrell,0,0,caught,WTS Porterfield
ball,1,20.3,Ireland,Simi Singh,L Tucker,SS Cottrell,0,0,"",""
ball,1,20.4,Ireland,Simi Singh,L Tucker,SS Cottrell,0,0,"",""
ball,1,20.5,Ireland,Simi Singh,L Tucker,SS Cottrell,1,0,"",""
ball,1,20.6,Ireland,L Tucker,Simi Singh,SS Cottrell,0,0,"",""
ball,1,21.1,Ireland,Simi Singh,L Tucker,RL Chase,1,0,"",""
ball,1,21.2,Ireland,L Tucker,Simi Singh,RL Chase,0,0,"",""
ball,1,21.3,Ireland,L Tucker,Simi Singh,RL Chase,1,0,"",""
ball,1,21.4,Ireland,Simi Singh,L Tucker,RL Chase,1,0,"",""
ball,1,21.5,Ireland,L Tucker,Simi Singh,RL Chase,1,0,"",""
ball,1,21.6,Ireland,Simi Singh,L Tucker,RL Chase,1,0,"",""
ball,1,22.1,Ireland,Simi Singh,L Tucker,SS Cottrell,0,0,"",""
ball,1,22.2,Ireland,Simi Singh,L Tucker,SS Cottrell,1,0,"",""
ball,1,22.3,Ireland,L Tucker,Simi Singh,SS Cottrell,0,1,"",""
ball,1,22.4,Ireland,Simi Singh,L Tucker,SS Cottrell,0,0,"",""
ball,1,22.5,Ireland,Simi Singh,L Tucker,SS Cottrell,0,0,caught,Simi Singh
ball,1,22.6,Ireland,MR Adair,L Tucker,SS Cottrell,4,0,"",""
ball,1,23.1,Ireland,L Tucker,MR Adair,HR Walsh,0,2,"",""
ball,1,23.2,Ireland,L Tucker,MR Adair,HR Walsh,0,0,"",""
ball,1,23.3,Ireland,L Tucker,MR Adair,HR Walsh,0,0,"",""
ball,1,23.4,Ireland,L Tucker,MR Adair,HR Walsh,2,0,"",""
ball,1,23.5,Ireland,L Tucker,MR Adair,HR Walsh,0,0,"",""
ball,1,23.6,Ireland,L Tucker,MR Adair,HR Walsh,1,0,"",""
ball,1,24.1,Ireland,L Tucker,MR Adair,SS Cottrell,1,0,"",""
ball,1,24.2,Ireland,MR Adair,L Tucker,SS Cottrell,1,0,"",""
ball,1,24.3,Ireland,L Tucker,MR Adair,SS Cottrell,0,0,"",""
ball,1,24.4,Ireland,L Tucker,MR Adair,SS Cottrell,0,0,"",""
ball,1,24.5,Ireland,L Tucker,MR Adair,SS Cottrell,4,0,"",""
ball,1,24.6,Ireland,L Tucker,MR Adair,SS Cottrell,0,0,"",""
ball,1,25.1,Ireland,MR Adair,L Tucker,HR Walsh,0,0,"",""
ball,1,25.2,Ireland,MR Adair,L Tucker,HR Walsh,0,0,"",""
ball,1,25.3,Ireland,MR Adair,L Tucker,HR Walsh,1,0,"",""
ball,1,25.4,Ireland,L Tucker,MR Adair,HR Walsh,4,0,"",""
ball,1,25.5,Ireland,L Tucker,MR Adair,HR Walsh,0,0,"",""
ball,1,25.6,Ireland,L Tucker,MR Adair,HR Walsh,1,0,"",""
ball,1,26.1,Ireland,L Tucker,MR Adair,KMA Paul,1,0,"",""
ball,1,26.2,Ireland,MR Adair,L Tucker,KMA Paul,0,0,"",""
ball,1,26.3,Ireland,MR Adair,L Tucker,KMA Paul,1,0,"",""
ball,1,26.4,Ireland,L Tucker,MR Adair,KMA Paul,0,0,"",""
ball,1,26.5,Ireland,L Tucker,MR Adair,KMA Paul,0,0,"",""
ball,1,26.6,Ireland,L Tucker,MR Adair,KMA Paul,0,0,"",""
ball,1,27.1,Ireland,MR Adair,L Tucker,HR Walsh,0,0,"",""
ball,1,27.2,Ireland,MR Adair,L Tucker,HR Walsh,0,0,"",""
ball,1,27.3,Ireland,MR Adair,L Tucker,HR Walsh,1,0,"",""
ball,1,27.4,Ireland,L Tucker,MR Adair,HR Walsh,1,0,"",""
ball,1,27.5,Ireland,MR Adair,L Tucker,HR Walsh,1,0,"",""
ball,1,27.6,Ireland,L Tucker,MR Adair,HR Walsh,0,0,"",""
ball,1,28.1,Ireland,MR Adair,L Tucker,KMA Paul,0,0,"",""
ball,1,28.2,Ireland,MR Adair,L Tucker,KMA Paul,0,0,"",""
ball,1,28.3,Ireland,MR Adair,L Tucker,KMA Paul,1,0,"",""
ball,1,28.4,Ireland,L Tucker,MR Adair,KMA Paul,0,0,"",""
ball,1,28.5,Ireland,L Tucker,MR Adair,KMA Paul,1,0,"",""
ball,1,28.6,Ireland,MR Adair,L Tucker,KMA Paul,0,0,"",""
ball,1,29.1,Ireland,L Tucker,MR Adair,RL Chase,1,0,"",""
ball,1,29.2,Ireland,MR Adair,L Tucker,RL Chase,1,0,"",""
ball,1,29.3,Ireland,L Tucker,MR Adair,RL Chase,0,0,"",""
ball,1,29.4,Ireland,L Tucker,MR Adair,RL Chase,0,0,"",""
ball,1,29.5,Ireland,L Tucker,MR Adair,RL Chase,0,0,"",""
ball,1,29.6,Ireland,L Tucker,MR Adair,RL Chase,0,0,"",""
ball,1,30.1,Ireland,MR Adair,L Tucker,HR Walsh,1,0,"",""
ball,1,30.2,Ireland,L Tucker,MR Adair,HR Walsh,1,0,"",""
ball,1,30.3,Ireland,MR Adair,L Tucker,HR Walsh,0,0,"",""
ball,1,30.4,Ireland,MR Adair,L Tucker,HR Walsh,1,0,"",""
ball,1,30.5,Ireland,L Tucker,MR Adair,HR Walsh,0,0,"",""
ball,1,30.6,Ireland,L Tucker,MR Adair,HR Walsh,0,1,"",""
ball,1,30.7,Ireland,L Tucker,MR Adair,HR Walsh,0,0,"",""
ball,1,31.1,Ireland,MR Adair,L Tucker,RL Chase,0,0,"",""
ball,1,31.2,Ireland,MR Adair,L Tucker,RL Chase,1,0,"",""
ball,1,31.3,Ireland,L Tucker,MR Adair,RL Chase,0,0,"",""
ball,1,31.4,Ireland,L Tucker,MR Adair,RL Chase,0,0,"",""
ball,1,31.5,Ireland,L Tucker,MR Adair,RL Chase,1,0,"",""
ball,1,31.6,Ireland,MR Adair,L Tucker,RL Chase,6,0,"",""
ball,1,32.1,Ireland,L Tucker,MR Adair,HR Walsh,0,0,"",""
ball,1,32.2,Ireland,L Tucker,MR Adair,HR Walsh,0,1,"",""
ball,1,32.3,Ireland,MR Adair,L Tucker,HR Walsh,1,0,"",""
ball,1,32.4,Ireland,L Tucker,MR Adair,HR Walsh,0,0,"",""
ball,1,32.5,Ireland,L Tucker,MR Adair,HR Walsh,0,0,"",""
ball,1,32.6,Ireland,L Tucker,MR Adair,HR Walsh,0,0,"",""
ball,1,33.1,Ireland,MR Adair,L Tucker,RL Chase,0,0,"",""
ball,1,33.2,Ireland,MR Adair,L Tucker,RL Chase,1,0,"",""
ball,1,33.3,Ireland,L Tucker,MR Adair,RL Chase,1,0,"",""
ball,1,33.4,Ireland,MR Adair,L Tucker,RL Chase,0,0,"",""
ball,1,33.5,Ireland,MR Adair,L Tucker,RL Chase,1,0,"",""
ball,1,33.6,Ireland,L Tucker,MR Adair,RL Chase,0,0,"",""
ball,1,34.1,Ireland,MR Adair,L Tucker,AS Joseph,0,0,"",""
ball,1,34.2,Ireland,MR Adair,L Tucker,AS Joseph,4,0,"",""
ball,1,34.3,Ireland,MR Adair,L Tucker,AS Joseph,1,0,"",""
ball,1,34.4,Ireland,L Tucker,MR Adair,AS Joseph,1,0,"",""
ball,1,34.5,Ireland,MR Adair,L Tucker,AS Joseph,0,0,"",""
ball,1,34.6,Ireland,MR Adair,L Tucker,AS Joseph,1,0,"",""
ball,1,35.1,Ireland,MR Adair,L Tucker,HR Walsh,0,0,"",""
ball,1,35.2,Ireland,MR Adair,L Tucker,HR Walsh,0,0,stumped,MR Adair
ball,1,35.3,Ireland,AR McBrine,L Tucker,HR Walsh,1,0,"",""
ball,1,35.4,Ireland,L Tucker,AR McBrine,HR Walsh,0,0,"",""
ball,1,35.5,Ireland,L Tucker,AR McBrine,HR Walsh,0,0,"",""
ball,1,35.6,Ireland,L Tucker,AR McBrine,HR Walsh,1,0,"",""
ball,1,36.1,Ireland,L Tucker,AR McBrine,AS Joseph,1,0,"",""
ball,1,36.2,Ireland,AR McBrine,L Tucker,AS Joseph,0,0,"",""
ball,1,36.3,Ireland,AR McBrine,L Tucker,AS Joseph,0,0,"",""
ball,1,36.4,Ireland,AR McBrine,L Tucker,AS Joseph,0,0,"",""
ball,1,36.5,Ireland,AR McBrine,L Tucker,AS Joseph,0,0,"",""
ball,1,36.6,Ireland,AR McBrine,L Tucker,AS Joseph,0,1,"",""
ball,1,37.1,Ireland,AR McBrine,L Tucker,HR Walsh,2,0,"",""
ball,1,37.2,Ireland,AR McBrine,L Tucker,HR Walsh,0,0,"",""
ball,1,37.3,Ireland,AR McBrine,L Tucker,HR Walsh,0,0,"",""
ball,1,37.4,Ireland,AR McBrine,L Tucker,HR Walsh,1,0,"",""
ball,1,37.5,Ireland,L Tucker,AR McBrine,HR Walsh,0,0,"",""
ball,1,37.6,Ireland,L Tucker,AR McBrine,HR Walsh,1,0,"",""
ball,1,38.1,Ireland,L Tucker,AR McBrine,AS Joseph,0,0,"",""
ball,1,38.2,Ireland,L Tucker,AR McBrine,AS Joseph,0,0,"",""
ball,1,38.3,Ireland,L Tucker,AR McBrine,AS Joseph,0,0,caught,L Tucker
ball,1,38.4,Ireland,BJ McCarthy,AR McBrine,AS Joseph,0,0,"",""
ball,1,38.5,Ireland,BJ McCarthy,AR McBrine,AS Joseph,0,0,"",""
ball,1,38.6,Ireland,BJ McCarthy,AR McBrine,AS Joseph,0,0,"",""
ball,1,39.1,Ireland,AR McBrine,BJ McCarthy,HR Walsh,0,0,"",""
ball,1,39.2,Ireland,AR McBrine,BJ McCarthy,HR Walsh,0,0,caught,AR McBrine
ball,1,39.3,Ireland,WB Rankin,BJ McCarthy,HR Walsh,0,0,"",""
ball,1,39.4,Ireland,WB Rankin,BJ McCarthy,HR Walsh,0,0,"",""
ball,1,39.5,Ireland,WB Rankin,BJ McCarthy,HR Walsh,2,0,"",""
ball,1,39.6,Ireland,WB Rankin,BJ McCarthy,HR Walsh,0,0,"",""
ball,1,40.1,Ireland,BJ McCarthy,WB Rankin,SS Cottrell,0,1,"",""
ball,1,40.2,Ireland,BJ McCarthy,WB Rankin,SS Cottrell,0,0,"",""
ball,1,40.3,Ireland,BJ McCarthy,WB Rankin,SS Cottrell,0,0,"",""
ball,1,40.4,Ireland,BJ McCarthy,WB Rankin,SS Cottrell,4,0,"",""
ball,1,40.5,Ireland,BJ McCarthy,WB Rankin,SS Cottrell,2,0,"",""
ball,1,40.6,Ireland,BJ McCarthy,WB Rankin,SS Cottrell,1,0,"",""
ball,1,40.7,Ireland,WB Rankin,BJ McCarthy,SS Cottrell,2,0,"",""
ball,1,41.1,Ireland,BJ McCarthy,WB Rankin,HR Walsh,0,0,"",""
ball,1,41.2,Ireland,BJ McCarthy,WB Rankin,HR Walsh,1,0,"",""
ball,1,41.3,Ireland,WB Rankin,BJ McCarthy,HR Walsh,0,0,"",""
ball,1,41.4,Ireland,WB Rankin,BJ McCarthy,HR Walsh,0,0,"",""
ball,1,41.5,Ireland,WB Rankin,BJ McCarthy,HR Walsh,0,4,"",""
ball,1,41.6,Ireland,WB Rankin,BJ McCarthy,HR Walsh,1,0,"",""
ball,1,42.1,Ireland,WB Rankin,BJ McCarthy,SS Cottrell,0,0,"",""
ball,1,42.2,Ireland,WB Rankin,BJ McCarthy,SS Cottrell,0,0,"",""
ball,1,42.3,Ireland,WB Rankin,BJ McCarthy,SS Cottrell,0,0,"",""
ball,1,42.4,Ireland,WB Rankin,BJ McCarthy,SS Cottrell,0,0,"",""
ball,1,42.5,Ireland,WB Rankin,BJ McCarthy,SS Cottrell,0,0,"",""
ball,1,42.6,Ireland,WB Rankin,BJ McCarthy,SS Cottrell,0,0,"",""
ball,1,43.1,Ireland,BJ McCarthy,WB Rankin,HR Walsh,1,0,"",""
ball,1,43.2,Ireland,WB Rankin,BJ McCarthy,HR Walsh,0,1,"",""
ball,1,43.3,Ireland,WB Rankin,BJ McCarthy,HR Walsh,0,0,"",""
ball,1,43.4,Ireland,WB Rankin,BJ McCarthy,HR Walsh,0,0,"",""
ball,1,43.5,Ireland,WB Rankin,BJ McCarthy,HR Walsh,0,0,"",""
ball,1,43.6,Ireland,WB Rankin,BJ McCarthy,HR Walsh,1,0,"",""
ball,1,43.7,Ireland,BJ McCarthy,WB Rankin,HR Walsh,0,0,"",""
ball,1,44.1,Ireland,WB Rankin,BJ McCarthy,KMA Paul,0,0,"",""
ball,1,44.2,Ireland,WB Rankin,BJ McCarthy,KMA Paul,0,0,"",""
ball,1,44.3,Ireland,WB Rankin,BJ McCarthy,KMA Paul,0,0,"",""
ball,1,44.4,Ireland,WB Rankin,BJ McCarthy,KMA Paul,0,0,"",""
ball,1,44.5,Ireland,WB Rankin,BJ McCarthy,KMA Paul,4,0,"",""
ball,1,44.6,Ireland,WB Rankin,BJ McCarthy,KMA Paul,0,0,"",""
ball,1,45.1,Ireland,BJ McCarthy,WB Rankin,SS Cottrell,4,0,"",""
ball,1,45.2,Ireland,BJ McCarthy,WB Rankin,SS Cottrell,0,1,"",""
ball,1,45.3,Ireland,WB Rankin,BJ McCarthy,SS Cottrell,0,0,"",""
ball,1,45.4,Ireland,WB Rankin,BJ McCarthy,SS Cottrell,0,0,"",""
ball,1,45.5,Ireland,WB Rankin,BJ McCarthy,SS Cottrell,0,0,"",""
ball,1,45.6,Ireland,WB Rankin,BJ McCarthy,SS Cottrell,0,0,"",""
ball,1,46.1,Ireland,BJ McCarthy,WB Rankin,KMA Paul,0,0,caught,BJ McCarthy
ball,2,0.1,West Indies,SD Hope,E Lewis,AR McBrine,0,0,"",""
ball,2,0.2,West Indies,SD Hope,E Lewis,AR McBrine,1,0,"",""
ball,2,0.3,West Indies,E Lewis,SD Hope,AR McBrine,0,0,"",""
ball,2,0.4,West Indies,E Lewis,SD Hope,AR McBrine,0,0,"",""
ball,2,0.5,West Indies,E Lewis,SD Hope,AR McBrine,4,0,"",""
ball,2,0.6,West Indies,E Lewis,SD Hope,AR McBrine,0,0,"",""
ball,2,1.1,West Indies,SD Hope,E Lewis,BJ McCarthy,0,1,"",""
ball,2,1.2,West Indies,SD Hope,E Lewis,BJ McCarthy,1,0,"",""
ball,2,1.3,West Indies,E Lewis,SD Hope,BJ McCarthy,0,0,"",""
ball,2,1.4,West Indies,E Lewis,SD Hope,BJ McCarthy,4,0,"",""
ball,2,1.5,West Indies,E Lewis,SD Hope,BJ McCarthy,0,0,"",""
ball,2,1.6,West Indies,E Lewis,SD Hope,BJ McCarthy,0,0,"",""
ball,2,1.7,West Indies,E Lewis,SD Hope,BJ McCarthy,0,0,"",""
ball,2,2.1,West Indies,SD Hope,E Lewis,AR McBrine,0,0,"",""
ball,2,2.2,West Indies,SD Hope,E Lewis,AR McBrine,0,0,"",""
ball,2,2.3,West Indies,SD Hope,E Lewis,AR McBrine,1,0,"",""
ball,2,2.4,West Indies,E Lewis,SD Hope,AR McBrine,0,0,"",""
ball,2,2.5,West Indies,E Lewis,SD Hope,AR McBrine,0,0,"",""
ball,2,2.6,West Indies,E Lewis,SD Hope,AR McBrine,1,0,"",""
ball,2,3.1,West Indies,E Lewis,SD Hope,BJ McCarthy,0,0,"",""
ball,2,3.2,West Indies,E Lewis,SD Hope,BJ McCarthy,1,0,"",""
ball,2,3.3,West Indies,SD Hope,E Lewis,BJ McCarthy,0,0,"",""
ball,2,3.4,West Indies,SD Hope,E Lewis,BJ McCarthy,4,0,"",""
ball,2,3.5,West Indies,SD Hope,E Lewis,BJ McCarthy,4,0,"",""
ball,2,3.6,West Indies,SD Hope,E Lewis,BJ McCarthy,1,0,"",""
ball,2,4.1,West Indies,SD Hope,E Lewis,AR McBrine,0,0,"",""
ball,2,4.2,West Indies,SD Hope,E Lewis,AR McBrine,0,0,"",""
ball,2,4.3,West Indies,SD Hope,E Lewis,AR McBrine,1,0,"",""
ball,2,4.4,West Indies,E Lewis,SD Hope,AR McBrine,0,0,"",""
ball,2,4.5,West Indies,E Lewis,SD Hope,AR McBrine,0,1,"",""
ball,2,4.6,West Indies,E Lewis,SD Hope,AR McBrine,0,0,"",""
ball,2,4.7,West Indies,E Lewis,SD Hope,AR McBrine,1,0,"",""
ball,2,5.1,West Indies,E Lewis,SD Hope,BJ McCarthy,0,0,"",""
ball,2,5.2,West Indies,E Lewis,SD Hope,BJ McCarthy,0,0,"",""
ball,2,5.3,West Indies,E Lewis,SD Hope,BJ McCarthy,0,0,"",""
ball,2,5.4,West Indies,E Lewis,SD Hope,BJ McCarthy,1,0,"",""
ball,2,5.5,West Indies,SD Hope,E Lewis,BJ McCarthy,0,0,caught,SD Hope
ball,2,5.6,West Indies,E Lewis,BA King,BJ McCarthy,2,0,"",""
ball,2,6.1,West Indies,BA King,E Lewis,MR Adair,0,0,"",""
ball,2,6.2,West Indies,BA King,E Lewis,MR Adair,1,0,"",""
ball,2,6.3,West Indies,E Lewis,BA King,MR Adair,2,0,"",""
ball,2,6.4,West Indies,E Lewis,BA King,MR Adair,0,1,"",""
ball,2,6.5,West Indies,E Lewis,BA King,MR Adair,0,0,"",""
ball,2,6.6,West Indies,E Lewis,BA King,MR Adair,0,0,"",""
ball,2,6.7,West Indies,E Lewis,BA King,MR Adair,4,0,"",""
ball,2,7.1,West Indies,BA King,E Lewis,BJ McCarthy,0,0,"",""
ball,2,7.2,West Indies,BA King,E Lewis,BJ McCarthy,0,0,"",""
ball,2,7.3,West Indies,BA King,E Lewis,BJ McCarthy,0,0,"",""
ball,2,7.4,West Indies,BA King,E Lewis,BJ McCarthy,0,0,"",""
ball,2,7.5,West Indies,BA King,E Lewis,BJ McCarthy,0,0,"",""
ball,2,7.6,West Indies,BA King,E Lewis,BJ McCarthy,0,0,"",""
ball,2,8.1,West Indies,E Lewis,BA King,MR Adair,0,0,"",""
ball,2,8.2,West Indies,E Lewis,BA King,MR Adair,0,0,"",""
ball,2,8.3,West Indies,E Lewis,BA King,MR Adair,4,0,"",""
ball,2,8.4,West Indies,E Lewis,BA King,MR Adair,6,0,"",""
ball,2,8.5,West Indies,E Lewis,BA King,MR Adair,0,0,"",""
ball,2,8.6,West Indies,E Lewis,BA King,MR Adair,6,0,"",""
ball,2,9.1,West Indies,BA King,E Lewis,BJ McCarthy,0,1,"",""
ball,2,9.2,West Indies,E Lewis,BA King,BJ McCarthy,0,0,"",""
ball,2,9.3,West Indies,E Lewis,BA King,BJ McCarthy,4,0,"",""
ball,2,9.4,West Indies,E Lewis,BA King,BJ McCarthy,0,0,"",""
ball,2,9.5,West Indies,E Lewis,BA King,BJ McCarthy,0,0,"",""
ball,2,9.6,West Indies,E Lewis,BA King,BJ McCarthy,4,0,"",""
ball,2,10.1,West Indies,BA King,E Lewis,Simi Singh,0,0,"",""
ball,2,10.2,West Indies,BA King,E Lewis,Simi Singh,2,0,"",""
ball,2,10.3,West Indies,BA King,E Lewis,Simi Singh,0,0,"",""
ball,2,10.4,West Indies,BA King,E Lewis,Simi Singh,1,0,"",""
ball,2,10.5,West Indies,E Lewis,BA King,Simi Singh,0,0,"",""
ball,2,10.6,West Indies,E Lewis,BA King,Simi Singh,0,0,"",""
ball,2,11.1,West Indies,BA King,E Lewis,WB Rankin,1,0,"",""
ball,2,11.2,West Indies,E Lewis,BA King,WB Rankin,0,0,"",""
ball,2,11.3,West Indies,E Lewis,BA King,WB Rankin,0,1,"",""
ball,2,11.4,West Indies,BA King,E Lewis,WB Rankin,0,0,"",""
ball,2,11.5,West Indies,BA King,E Lewis,WB Rankin,1,0,"",""
ball,2,11.6,West Indies,E Lewis,BA King,WB Rankin,1,0,"",""
ball,2,12.1,West Indies,E Lewis,BA King,Simi Singh,0,0,"",""
ball,2,12.2,West Indies,E Lewis,BA King,Simi Singh,0,0,"",""
ball,2,12.3,West Indies,E Lewis,BA King,Simi Singh,1,0,"",""
ball,2,12.4,West Indies,BA King,E Lewis,Simi Singh,0,0,"",""
ball,2,12.5,West Indies,BA King,E Lewis,Simi Singh,1,0,"",""
ball,2,12.6,West Indies,E Lewis,BA King,Simi Singh,4,0,"",""
ball,2,13.1,West Indies,BA King,E Lewis,WB Rankin,0,0,"",""
ball,2,13.2,West Indies,BA King,E Lewis,WB Rankin,0,0,"",""
ball,2,13.3,West Indies,BA King,E Lewis,WB Rankin,2,0,"",""
ball,2,13.4,West Indies,BA King,E Lewis,WB Rankin,2,0,"",""
ball,2,13.5,West Indies,BA King,E Lewis,WB Rankin,0,0,"",""
ball,2,13.6,West Indies,BA King,E Lewis,WB Rankin,0,0,"",""
ball,2,14.1,West Indies,E Lewis,BA King,Simi Singh,4,0,"",""
ball,2,14.2,West Indies,E Lewis,BA King,Simi Singh,0,0,"",""
ball,2,14.3,West Indies,E Lewis,BA King,Simi Singh,0,0,"",""
ball,2,14.4,West Indies,E Lewis,BA King,Simi Singh,1,0,"",""
ball,2,14.5,West Indies,BA King,E Lewis,Simi Singh,0,0,"",""
ball,2,14.6,West Indies,BA King,E Lewis,Simi Singh,0,0,"",""
ball,2,15.1,West Indies,E Lewis,BA King,WB Rankin,1,0,"",""
ball,2,15.2,West Indies,BA King,E Lewis,WB Rankin,0,0,"",""
ball,2,15.3,West Indies,BA King,E Lewis,WB Rankin,0,0,"",""
ball,2,15.4,West Indies,BA King,E Lewis,WB Rankin,0,0,"",""
ball,2,15.5,West Indies,BA King,E Lewis,WB Rankin,4,0,"",""
ball,2,15.6,West Indies,BA King,E Lewis,WB Rankin,0,0,"",""
ball,2,16.1,West Indies,E Lewis,BA King,Simi Singh,1,0,"",""
ball,2,16.2,West Indies,BA King,E Lewis,Simi Singh,0,0,"",""
ball,2,16.3,West Indies,BA King,E Lewis,Simi Singh,1,0,"",""
ball,2,16.4,West Indies,E Lewis,BA King,Simi Singh,0,0,"",""
ball,2,16.5,West Indies,E Lewis,BA King,Simi Singh,1,0,"",""
ball,2,16.6,West Indies,BA King,E Lewis,Simi Singh,0,0,"",""
ball,2,17.1,West Indies,E Lewis,BA King,WB Rankin,0,0,"",""
ball,2,17.2,West Indies,E Lewis,BA King,WB Rankin,0,1,"",""
ball,2,17.3,West Indies,BA King,E Lewis,WB Rankin,0,0,"",""
ball,2,17.4,West Indies,BA King,E Lewis,WB Rankin,0,0,"",""
ball,2,17.5,West Indies,BA King,E Lewis,WB Rankin,4,0,"",""
ball,2,17.6,West Indies,BA King,E Lewis,WB Rankin,0,0,"",""
ball,2,18.1,West Indies,E Lewis,BA King,Simi Singh,1,0,"",""
ball,2,18.2,West Indies,BA King,E Lewis,Simi Singh,0,0,"",""
ball,2,18.3,West Indies,BA King,E Lewis,Simi Singh,0,0,caught,BA King
ball,2,18.4,West Indies,SO Hetmyer,E Lewis,Simi Singh,0,0,"",""
ball,2,18.5,West Indies,SO Hetmyer,E Lewis,Simi Singh,0,0,"",""
ball,2,18.6,West Indies,SO Hetmyer,E Lewis,Simi Singh,4,0,"",""
ball,2,19.1,West Indies,E Lewis,SO Hetmyer,WB Rankin,4,0,"",""
ball,2,19.2,West Indies,E Lewis,SO Hetmyer,WB Rankin,0,1,"",""
ball,2,19.3,West Indies,SO Hetmyer,E Lewis,WB Rankin,0,0,"",""
ball,2,19.4,West Indies,SO Hetmyer,E Lewis,WB Rankin,4,0,"",""
ball,2,19.5,West Indies,SO Hetmyer,E Lewis,WB Rankin,0,0,"",""
ball,2,19.6,West Indies,SO Hetmyer,E Lewis,WB Rankin,0,0,"",""
ball,2,20.1,West Indies,E Lewis,SO Hetmyer,Simi Singh,1,0,"",""
ball,2,20.2,West Indies,SO Hetmyer,E Lewis,Simi Singh,0,0,caught,SO Hetmyer
ball,2,20.3,West Indies,E Lewis,N Pooran,Simi Singh,0,0,"",""
ball,2,20.4,West Indies,E Lewis,N Pooran,Simi Singh,0,0,"",""
ball,2,20.5,West Indies,E Lewis,N Pooran,Simi Singh,0,0,"",""
ball,2,20.6,West Indies,E Lewis,N Pooran,Simi Singh,0,0,"",""
ball,2,21.1,West Indies,N Pooran,E Lewis,AR McBrine,2,0,"",""
ball,2,21.2,West Indies,N Pooran,E Lewis,AR McBrine,0,0,"",""
ball,2,21.3,West Indies,N Pooran,E Lewis,AR McBrine,0,0,"",""
ball,2,21.4,West Indies,N Pooran,E Lewis,AR McBrine,6,0,"",""
ball,2,21.5,West Indies,N Pooran,E Lewis,AR McBrine,4,0,"",""
ball,2,21.6,West Indies,N Pooran,E Lewis,AR McBrine,4,0,"",""
ball,2,22.1,West Indies,E Lewis,N Pooran,Simi Singh,1,0,"",""
ball,2,22.2,West Indies,N Pooran,E Lewis,Simi Singh,0,0,"",""
ball,2,22.3,West Indies,N Pooran,E Lewis,Simi Singh,0,0,"",""
ball,2,22.4,West Indies,N Pooran,E Lewis,Simi Singh,0,0,"",""
ball,2,22.5,West Indies,N Pooran,E Lewis,Simi Singh,0,0,"",""
ball,2,22.6,West Indies,N Pooran,E Lewis,Simi Singh,1,0,"",""
ball,2,23.1,West Indies,N Pooran,E Lewis,AR McBrine,0,0,caught,N Pooran
ball,2,23.2,West Indies,RL Chase,E Lewis,AR McBrine,2,0,"",""
ball,2,23.3,West Indies,RL Chase,E Lewis,AR McBrine,1,0,"",""
ball,2,23.4,West Indies,E Lewis,RL Chase,AR McBrine,1,0,"",""
ball,2,23.5,West Indies,RL Chase,E Lewis,AR McBrine,0,0,"",""
ball,2,23.6,West Indies,RL Chase,E Lewis,AR McBrine,0,0,"",""
ball,2,24.1,West Indies,E Lewis,RL Chase,Simi Singh,4,0,"",""
ball,2,24.2,West Indies,E Lewis,RL Chase,Simi Singh,0,0,"",""
ball,2,24.3,West Indies,E Lewis,RL Chase,Simi Singh,0,0,"",""
ball,2,24.4,West Indies,E Lewis,RL Chase,Simi Singh,0,0,"",""
ball,2,24.5,West Indies,E Lewis,RL Chase,Simi Singh,1,0,"",""
ball,2,24.6,West Indies,RL Chase,E Lewis,Simi Singh,0,0,"",""
ball,2,25.1,West Indies,E Lewis,RL Chase,AR McBrine,0,0,"",""
ball,2,25.2,West Indies,E Lewis,RL Chase,AR McBrine,4,0,"",""
ball,2,25.3,West Indies,E Lewis,RL Chase,AR McBrine,0,0,"",""
ball,2,25.4,West Indies,E Lewis,RL Chase,AR McBrine,0,0,"",""
ball,2,25.5,West Indies,E Lewis,RL Chase,AR McBrine,1,0,"",""
ball,2,25.6,West Indies,RL Chase,E Lewis,AR McBrine,0,0,"",""
ball,2,26.1,West Indies,E Lewis,RL Chase,Simi Singh,0,0,"",""
ball,2,26.2,West Indies,E Lewis,RL Chase,Simi Singh,0,0,"",""
ball,2,26.3,West Indies,E Lewis,RL Chase,Simi Singh,4,0,"",""
ball,2,26.4,West Indies,E Lewis,RL Chase,Simi Singh,2,0,"",""
ball,2,26.5,West Indies,E Lewis,RL Chase,Simi Singh,0,0,"",""
ball,2,26.6,West Indies,E Lewis,RL Chase,Simi Singh,1,0,"",""
ball,2,27.1,West Indies,E Lewis,RL Chase,AR McBrine,1,0,"",""
ball,2,27.2,West Indies,RL Chase,E Lewis,AR McBrine,0,0,"",""
ball,2,27.3,West Indies,RL Chase,E Lewis,AR McBrine,0,0,"",""
ball,2,27.4,West Indies,RL Chase,E Lewis,AR McBrine,1,0,"",""
ball,2,27.5,West Indies,E Lewis,RL Chase,AR McBrine,1,0,"",""
ball,2,27.6,West Indies,RL Chase,E Lewis,AR McBrine,2,0,"",""
ball,2,28.1,West Indies,E Lewis,RL Chase,Simi Singh,1,0,"",""
ball,2,28.2,West Indies,RL Chase,E Lewis,Simi Singh,4,0,"",""
ball,2,28.3,West Indies,RL Chase,E Lewis,Simi Singh,0,0,"",""
ball,2,28.4,West Indies,RL Chase,E Lewis,Simi Singh,1,0,"",""
ball,2,28.5,West Indies,E Lewis,RL Chase,Simi Singh,1,0,"",""
ball,2,28.6,West Indies,RL Chase,E Lewis,Simi Singh,0,0,"",""
ball,2,29.1,West Indies,E Lewis,RL Chase,BJ McCarthy,2,0,"",""
ball,2,29.2,West Indies,E Lewis,RL Chase,BJ McCarthy,0,0,"",""
ball,2,29.3,West Indies,E Lewis,RL Chase,BJ McCarthy,1,0,"",""
ball,2,29.4,West Indies,RL Chase,E Lewis,BJ McCarthy,0,0,"",""
ball,2,29.5,West Indies,RL Chase,E Lewis,BJ McCarthy,1,0,"",""
ball,2,29.6,West Indies,E Lewis,RL Chase,BJ McCarthy,1,0,"",""
ball,2,30.1,West Indies,E Lewis,RL Chase,WB Rankin,0,0,"",""
ball,2,30.2,West Indies,E Lewis,RL Chase,WB Rankin,0,0,"",""
ball,2,30.3,West Indies,E Lewis,RL Chase,WB Rankin,0,0,"",""
ball,2,30.4,West Indies,E Lewis,RL Chase,WB Rankin,0,0,"",""
ball,2,30.5,West Indies,E Lewis,RL Chase,WB Rankin,1,0,"",""
ball,2,30.6,West Indies,RL Chase,E Lewis,WB Rankin,1,0,"",""
ball,2,31.1,West Indies,RL Chase,E Lewis,BJ McCarthy,1,0,"",""
ball,2,31.2,West Indies,E Lewis,RL Chase,BJ McCarthy,1,0,"",""
ball,2,31.3,West Indies,RL Chase,E Lewis,BJ McCarthy,0,1,"",""
ball,2,31.4,West Indies,RL Chase,E Lewis,BJ McCarthy,0,0,"",""
ball,2,31.5,West Indies,RL Chase,E Lewis,BJ McCarthy,4,0,"",""
ball,2,31.6,West Indies,RL Chase,E Lewis,BJ McCarthy,1,0,"",""
ball,2,31.7,West Indies,E Lewis,RL Chase,BJ McCarthy,0,0,"",""
ball,2,32.1,West Indies,RL Chase,E Lewis,WB Rankin,0,0,"",""
ball,2,32.2,West Indies,RL Chase,E Lewis,WB Rankin,0,0,"",""
ball,2,32.3,West Indies,RL Chase,E Lewis,WB Rankin,0,0,"",""
ball,2,32.4,West Indies,RL Chase,E Lewis,WB Rankin,0,0,"",""
ball,2,32.5,West Indies,RL Chase,E Lewis,WB Rankin,0,0,caught,RL Chase
ball,2,32.6,West Indies,KA Pollard,E Lewis,WB Rankin,0,0,"",""
ball,2,33.1,West Indies,E Lewis,KA Pollard,BJ McCarthy,2,0,"",""
ball,2,33.2,West Indies,E Lewis,KA Pollard,BJ McCarthy,4,0,"",""
