version,1.3.0
info,team,Scotland
info,team,United States of America
info,gender,male
info,season,2019/20
info,date,2019/12/14
info,competition,ICC Men's Cricket World Cup League 2
info,match_number,5
info,venue,ICC Academy
info,city,Dubai
info,toss_winner,Scotland
info,toss_decision,field
info,player_of_match,JH Davey
info,umpire,Iftikhar Ali
info,umpire,Shiju Sam
info,reserve_umpire,Ahsan Raza
info,match_referee,GS Lakshmi
info,winner,Scotland
info,winner_wickets,4
ball,1,0.1,United States of America,XM Marshall,MD Patel,SM Sharif,2,0,"",""
ball,1,0.2,United States of America,XM Marshall,MD Patel,SM Sharif,0,0,"",""
ball,1,0.3,United States of America,XM Marshall,MD Patel,SM Sharif,0,0,"",""
ball,1,0.4,United States of America,XM Marshall,MD Patel,SM Sharif,0,0,"",""
ball,1,0.5,United States of America,XM Marshall,MD Patel,SM Sharif,0,0,"",""
ball,1,0.6,United States of America,XM Marshall,MD Patel,SM Sharif,4,0,"",""
ball,1,1.1,United States of America,MD Patel,XM Marshall,JH Davey,0,0,"",""
ball,1,1.2,United States of America,MD Patel,XM Marshall,JH Davey,0,0,caught,MD Patel
ball,1,1.3,United States of America,Steven Ryan Taylor,XM Marshall,JH Davey,1,0,"",""
ball,1,1.4,United States of America,XM Marshall,Steven Ryan Taylor,JH Davey,1,0,"",""
ball,1,1.5,United States of America,Steven Ryan Taylor,XM Marshall,JH Davey,1,0,"",""
ball,1,1.6,United States of America,XM Marshall,Steven Ryan Taylor,JH Davey,0,0,"",""
ball,1,2.1,United States of America,Steven Ryan Taylor,XM Marshall,SM Sharif,0,0,"",""
ball,1,2.2,United States of America,Steven Ryan Taylor,XM Marshall,SM Sharif,1,0,"",""
ball,1,2.3,United States of America,XM Marshall,Steven Ryan Taylor,SM Sharif,0,0,"",""
ball,1,2.4,United States of America,XM Marshall,Steven Ryan Taylor,SM Sharif,0,0,"",""
ball,1,2.5,United States of America,XM Marshall,Steven Ryan Taylor,SM Sharif,0,0,"",""
ball,1,2.6,United States of America,XM Marshall,Steven Ryan Taylor,SM Sharif,0,0,"",""
ball,1,3.1,United States of America,Steven Ryan Taylor,XM Marshall,JH Davey,1,0,"",""
ball,1,3.2,United States of America,XM Marshall,Steven Ryan Taylor,JH Davey,0,1,"",""
ball,1,3.3,United States of America,Steven Ryan Taylor,XM Marshall,JH Davey,0,0,"",""
ball,1,3.4,United States of America,Steven Ryan Taylor,XM Marshall,JH Davey,0,0,"",""
ball,1,3.5,United States of America,Steven Ryan Taylor,XM Marshall,JH Davey,0,0,"",""
ball,1,3.6,United States of America,Steven Ryan Taylor,XM Marshall,JH Davey,0,0,"",""
ball,1,4.1,United States of America,XM Marshall,Steven Ryan Taylor,SM Sharif,0,0,"",""
ball,1,4.2,United States of America,XM Marshall,Steven Ryan Taylor,SM Sharif,0,1,"",""
ball,1,4.3,United States of America,XM Marshall,Steven Ryan Taylor,SM Sharif,4,0,"",""
ball,1,4.4,United States of America,XM Marshall,Steven Ryan Taylor,SM Sharif,0,0,"",""
ball,1,4.5,United States of America,XM Marshall,Steven Ryan Taylor,SM Sharif,0,0,"",""
ball,1,4.6,United States of America,XM Marshall,Steven Ryan Taylor,SM Sharif,0,0,"",""
ball,1,4.7,United States of America,XM Marshall,Steven Ryan Taylor,SM Sharif,0,0,"",""
ball,1,5.1,United States of America,Steven Ryan Taylor,XM Marshall,JH Davey,1,0,"",""
ball,1,5.2,United States of America,XM Marshall,Steven Ryan Taylor,JH Davey,1,0,"",""
ball,1,5.3,United States of America,Steven Ryan Taylor,XM Marshall,JH Davey,1,0,"",""
ball,1,5.4,United States of America,XM Marshall,Steven Ryan Taylor,JH Davey,0,0,"",""
ball,1,5.5,United States of America,XM Marshall,Steven Ryan Taylor,JH Davey,2,0,"",""
ball,1,5.6,United States of America,XM Marshall,Steven Ryan Taylor,JH Davey,1,0,"",""
ball,1,6.1,United States of America,XM Marshall,Steven Ryan Taylor,SM Sharif,0,0,"",""
ball,1,6.2,United States of America,XM Marshall,Steven Ryan Taylor,SM Sharif,1,0,"",""
ball,1,6.3,United States of America,Steven Ryan Taylor,XM Marshall,SM Sharif,0,0,"",""
ball,1,6.4,United States of America,Steven Ryan Taylor,XM Marshall,SM Sharif,1,0,"",""
ball,1,6.5,United States of America,XM Marshall,Steven Ryan Taylor,SM Sharif,2,0,"",""
ball,1,6.6,United States of America,XM Marshall,Steven Ryan Taylor,SM Sharif,0,0,"",""
ball,1,7.1,United States of America,Steven Ryan Taylor,XM Marshall,AC Evans,0,1,"",""
ball,1,7.2,United States of America,Steven Ryan Taylor,XM Marshall,AC Evans,0,0,"",""
ball,1,7.3,United States of America,Steven Ryan Taylor,XM Marshall,AC Evans,4,0,"",""
ball,1,7.4,United States of America,Steven Ryan Taylor,XM Marshall,AC Evans,0,0,"",""
ball,1,7.5,United States of America,Steven Ryan Taylor,XM Marshall,AC Evans,0,1,"",""
ball,1,7.6,United States of America,XM Marshall,Steven Ryan Taylor,AC Evans,0,0,"",""
ball,1,7.7,United States of America,XM Marshall,Steven Ryan Taylor,AC Evans,4,0,"",""
ball,1,8.1,United States of America,Steven Ryan Taylor,XM Marshall,JH Davey,0,0,"",""
ball,1,8.2,United States of America,Steven Ryan Taylor,XM Marshall,JH Davey,2,0,"",""
ball,1,8.3,United States of America,Steven Ryan Taylor,XM Marshall,JH Davey,2,0,"",""
ball,1,8.4,United States of America,Steven Ryan Taylor,XM Marshall,JH Davey,1,0,"",""
ball,1,8.5,United States of America,XM Marshall,Steven Ryan Taylor,JH Davey,1,0,"",""
ball,1,8.6,United States of America,Steven Ryan Taylor,XM Marshall,JH Davey,1,0,"",""
ball,1,9.1,United States of America,Steven Ryan Taylor,XM Marshall,AC Evans,0,0,"",""
ball,1,9.2,United States of America,Steven Ryan Taylor,XM Marshall,AC Evans,1,0,"",""
ball,1,9.3,United States of America,XM Marshall,Steven Ryan Taylor,AC Evans,0,0,"",""
ball,1,9.4,United States of America,XM Marshall,Steven Ryan Taylor,AC Evans,0,0,"",""
ball,1,9.5,United States of America,XM Marshall,Steven Ryan Taylor,AC Evans,4,0,"",""
ball,1,9.6,United States of America,XM Marshall,Steven Ryan Taylor,AC Evans,4,0,"",""
ball,1,10.1,United States of America,Steven Ryan Taylor,XM Marshall,JH Davey,1,0,"",""
ball,1,10.2,United States of America,XM Marshall,Steven Ryan Taylor,JH Davey,0,0,"",""
ball,1,10.3,United States of America,XM Marshall,Steven Ryan Taylor,JH Davey,0,0,"",""
ball,1,10.4,United States of America,XM Marshall,Steven Ryan Taylor,JH Davey,0,0,"",""
ball,1,10.5,United States of America,XM Marshall,Steven Ryan Taylor,JH Davey,0,0,"",""
ball,1,10.6,United States of America,XM Marshall,Steven Ryan Taylor,JH Davey,2,0,"",""
ball,1,11.1,United States of America,Steven Ryan Taylor,XM Marshall,AC Evans,0,0,"",""
ball,1,11.2,United States of America,Steven Ryan Taylor,XM Marshall,AC Evans,0,0,"",""
ball,1,11.3,United States of America,Steven Ryan Taylor,XM Marshall,AC Evans,1,0,"",""
ball,1,11.4,United States of America,XM Marshall,Steven Ryan Taylor,AC Evans,3,0,"",""
ball,1,11.5,United States of America,Steven Ryan Taylor,XM Marshall,AC Evans,0,0,"",""
ball,1,11.6,United States of America,Steven Ryan Taylor,XM Marshall,AC Evans,4,0,"",""
ball,1,12.1,United States of America,XM Marshall,Steven Ryan Taylor,MRJ Watt,0,0,"",""
ball,1,12.2,United States of America,XM Marshall,Steven Ryan Taylor,MRJ Watt,0,0,"",""
ball,1,12.3,United States of America,XM Marshall,Steven Ryan Taylor,MRJ Watt,0,0,"",""
ball,1,12.4,United States of America,XM Marshall,Steven Ryan Taylor,MRJ Watt,1,0,"",""
ball,1,12.5,United States of America,Steven Ryan Taylor,XM Marshall,MRJ Watt,0,0,"",""
ball,1,12.6,United States of America,Steven Ryan Taylor,XM Marshall,MRJ Watt,0,0,"",""
ball,1,13.1,United States of America,XM Marshall,Steven Ryan Taylor,AC Evans,0,0,"",""
ball,1,13.2,United States of America,XM Marshall,Steven Ryan Taylor,AC Evans,0,0,"",""
ball,1,13.3,United States of America,XM Marshall,Steven Ryan Taylor,AC Evans,1,0,"",""
ball,1,13.4,United States of America,Steven Ryan Taylor,XM Marshall,AC Evans,0,0,"",""
ball,1,13.5,United States of America,Steven Ryan Taylor,XM Marshall,AC Evans,0,0,"",""
ball,1,13.6,United States of America,Steven Ryan Taylor,XM Marshall,AC Evans,0,0,"",""
ball,1,14.1,United States of America,XM Marshall,Steven Ryan Taylor,MRJ Watt,6,0,"",""
ball,1,14.2,United States of America,XM Marshall,Steven Ryan Taylor,MRJ Watt,1,0,"",""
ball,1,14.3,United States of America,Steven Ryan Taylor,XM Marshall,MRJ Watt,0,0,"",""
ball,1,14.4,United States of America,Steven Ryan Taylor,XM Marshall,MRJ Watt,1,0,"",""
ball,1,14.5,United States of America,XM Marshall,Steven Ryan Taylor,MRJ Watt,0,0,"",""
ball,1,14.6,United States of America,XM Marshall,Steven Ryan Taylor,MRJ Watt,0,0,"",""
ball,1,15.1,United States of America,Steven Ryan Taylor,XM Marshall,Hamza Tahir,0,0,"",""
ball,1,15.2,United States of America,Steven Ryan Taylor,XM Marshall,Hamza Tahir,0,0,"",""
ball,1,15.3,United States of America,Steven Ryan Taylor,XM Marshall,Hamza Tahir,0,0,"",""
ball,1,15.4,United States of America,Steven Ryan Taylor,XM Marshall,Hamza Tahir,0,0,"",""
ball,1,15.5,United States of America,Steven Ryan Taylor,XM Marshall,Hamza Tahir,2,0,"",""
ball,1,15.6,United States of America,Steven Ryan Taylor,XM Marshall,Hamza Tahir,1,0,"",""
ball,1,16.1,United States of America,Steven Ryan Taylor,XM Marshall,MRJ Watt,0,0,"",""
ball,1,16.2,United States of America,Steven Ryan Taylor,XM Marshall,MRJ Watt,1,0,"",""
ball,1,16.3,United States of America,XM Marshall,Steven Ryan Taylor,MRJ Watt,0,0,"",""
ball,1,16.4,United States of America,XM Marshall,Steven Ryan Taylor,MRJ Watt,0,0,"",""
ball,1,16.5,United States of America,XM Marshall,Steven Ryan Taylor,MRJ Watt,0,0,"",""
ball,1,16.6,United States of America,XM Marshall,Steven Ryan Taylor,MRJ Watt,0,0,"",""
ball,1,17.1,United States of America,Steven Ryan Taylor,XM Marshall,Hamza Tahir,1,0,"",""
ball,1,17.2,United States of America,XM Marshall,Steven Ryan Taylor,Hamza Tahir,0,0,"",""
ball,1,17.3,United States of America,XM Marshall,Steven Ryan Taylor,Hamza Tahir,1,0,"",""
ball,1,17.4,United States of America,Steven Ryan Taylor,XM Marshall,Hamza Tahir,0,0,"",""
ball,1,17.5,United States of America,Steven Ryan Taylor,XM Marshall,Hamza Tahir,0,1,"",""
ball,1,17.6,United States of America,Steven Ryan Taylor,XM Marshall,Hamza Tahir,1,0,"",""
ball,1,17.7,United States of America,XM Marshall,Steven Ryan Taylor,Hamza Tahir,1,0,"",""
ball,1,18.1,United States of America,XM Marshall,Steven Ryan Taylor,MRJ Watt,1,0,"",""
ball,1,18.2,United States of America,Steven Ryan Taylor,XM Marshall,MRJ Watt,0,0,"",""
ball,1,18.3,United States of America,Steven Ryan Taylor,XM Marshall,MRJ Watt,1,0,"",""
ball,1,18.4,United States of America,XM Marshall,Steven Ryan Taylor,MRJ Watt,0,0,"",""
ball,1,18.5,United States of America,XM Marshall,Steven Ryan Taylor,MRJ Watt,0,0,"",""
ball,1,18.6,United States of America,XM Marshall,Steven Ryan Taylor,MRJ Watt,0,0,"",""
ball,1,19.1,United States of America,Steven Ryan Taylor,XM Marshall,Hamza Tahir,0,0,"",""
ball,1,19.2,United States of America,Steven Ryan Taylor,XM Marshall,Hamza Tahir,4,0,"",""
ball,1,19.3,United States of America,Steven Ryan Taylor,XM Marshall,Hamza Tahir,1,0,"",""
ball,1,19.4,United States of America,XM Marshall,Steven Ryan Taylor,Hamza Tahir,1,0,"",""
ball,1,19.5,United States of America,Steven Ryan Taylor,XM Marshall,Hamza Tahir,1,0,"",""
ball,1,19.6,United States of America,XM Marshall,Steven Ryan Taylor,Hamza Tahir,1,0,"",""
ball,1,20.1,United States of America,XM Marshall,Steven Ryan Taylor,MRJ Watt,0,0,"",""
ball,1,20.2,United States of America,XM Marshall,Steven Ryan Taylor,MRJ Watt,0,0,caught,XM Marshall
ball,1,20.3,United States of America,Steven Ryan Taylor,Aaron Jones,MRJ Watt,0,0,"",""
ball,1,20.4,United States of America,Steven Ryan Taylor,Aaron Jones,MRJ Watt,0,0,"",""
ball,1,20.5,United States of America,Steven Ryan Taylor,Aaron Jones,MRJ Watt,0,0,"",""
ball,1,20.6,United States of America,Steven Ryan Taylor,Aaron Jones,MRJ Watt,0,0,"",""
ball,1,21.1,United States of America,Aaron Jones,Steven Ryan Taylor,Hamza Tahir,0,0,"",""
ball,1,21.2,United States of America,Aaron Jones,Steven Ryan Taylor,Hamza Tahir,0,0,"",""
ball,1,21.3,United States of America,Aaron Jones,Steven Ryan Taylor,Hamza Tahir,0,0,"",""
ball,1,21.4,United States of America,Aaron Jones,Steven Ryan Taylor,Hamza Tahir,0,0,"",""
ball,1,21.5,United States of America,Aaron Jones,Steven Ryan Taylor,Hamza Tahir,0,0,"",""
ball,1,21.6,United States of America,Aaron Jones,Steven Ryan Taylor,Hamza Tahir,0,0,caught,Aaron Jones
ball,1,22.1,United States of America,Steven Ryan Taylor,IG Holland,SM Sharif,0,0,"",""
ball,1,22.2,United States of America,Steven Ryan Taylor,IG Holland,SM Sharif,0,0,"",""
ball,1,22.3,United States of America,Steven Ryan Taylor,IG Holland,SM Sharif,0,0,"",""
ball,1,22.4,United States of America,Steven Ryan Taylor,IG Holland,SM Sharif,1,0,"",""
ball,1,22.5,United States of America,IG Holland,Steven Ryan Taylor,SM Sharif,1,0,"",""
ball,1,22.6,United States of America,Steven Ryan Taylor,IG Holland,SM Sharif,1,0,"",""
ball,1,23.1,United States of America,Steven Ryan Taylor,IG Holland,Hamza Tahir,1,0,"",""
ball,1,23.2,United States of America,IG Holland,Steven Ryan Taylor,Hamza Tahir,1,0,"",""
ball,1,23.3,United States of America,Steven Ryan Taylor,IG Holland,Hamza Tahir,1,0,"",""
ball,1,23.4,United States of America,IG Holland,Steven Ryan Taylor,Hamza Tahir,1,0,"",""
ball,1,23.5,United States of America,Steven Ryan Taylor,IG Holland,Hamza Tahir,1,0,"",""
ball,1,23.6,United States of America,IG Holland,Steven Ryan Taylor,Hamza Tahir,0,0,"",""
ball,1,24.1,United States of America,Steven Ryan Taylor,IG Holland,SM Sharif,0,0,"",""
ball,1,24.2,United States of America,Steven Ryan Taylor,IG Holland,SM Sharif,0,0,"",""
ball,1,24.3,United States of America,Steven Ryan Taylor,IG Holland,SM Sharif,1,0,"",""
ball,1,24.4,United States of America,IG Holland,Steven Ryan Taylor,SM Sharif,4,0,"",""
ball,1,24.5,United States of America,IG Holland,Steven Ryan Taylor,SM Sharif,0,0,"",""
ball,1,24.6,United States of America,IG Holland,Steven Ryan Taylor,SM Sharif,0,0,"",""
ball,1,25.1,United States of America,Steven Ryan Taylor,IG Holland,Hamza Tahir,1,0,"",""
ball,1,25.2,United States of America,IG Holland,Steven Ryan Taylor,Hamza Tahir,1,0,"",""
ball,1,25.3,United States of America,Steven Ryan Taylor,IG Holland,Hamza Tahir,4,0,"",""
ball,1,25.4,United States of America,Steven Ryan Taylor,IG Holland,Hamza Tahir,0,0,"",""
ball,1,25.5,United States of America,Steven Ryan Taylor,IG Holland,Hamza Tahir,0,0,"",""
ball,1,25.6,United States of America,Steven Ryan Taylor,IG Holland,Hamza Tahir,0,0,"",""
ball,1,26.1,United States of America,IG Holland,Steven Ryan Taylor,MRJ Watt,0,0,"",""
ball,1,26.2,United States of America,IG Holland,Steven Ryan Taylor,MRJ Watt,0,0,bowled,IG Holland
ball,1,26.3,United States of America,Akshay Homraj,Steven Ryan Taylor,MRJ Watt,0,0,"",""
ball,1,26.4,United States of America,Akshay Homraj,Steven Ryan Taylor,MRJ Watt,0,0,"",""
ball,1,26.5,United States of America,Akshay Homraj,Steven Ryan Taylor,MRJ Watt,1,0,"",""
ball,1,26.6,United States of America,Steven Ryan Taylor,Akshay Homraj,MRJ Watt,0,0,"",""
ball,1,27.1,United States of America,Akshay Homraj,Steven Ryan Taylor,AC Evans,1,0,"",""
ball,1,27.2,United States of America,Steven Ryan Taylor,Akshay Homraj,AC Evans,1,0,"",""
ball,1,27.3,United States of America,Akshay Homraj,Steven Ryan Taylor,AC Evans,0,0,"",""
ball,1,27.4,United States of America,Akshay Homraj,Steven Ryan Taylor,AC Evans,0,1,"",""
ball,1,27.5,United States of America,Akshay Homraj,Steven Ryan Taylor,AC Evans,0,0,"",""
ball,1,27.6,United States of America,Akshay Homraj,Steven Ryan Taylor,AC Evans,0,0,"",""
ball,1,27.7,United States of America,Akshay Homraj,Steven Ryan Taylor,AC Evans,0,0,"",""
ball,1,28.1,United States of America,Steven Ryan Taylor,Akshay Homraj,MRJ Watt,1,0,"",""
ball,1,28.2,United States of America,Akshay Homraj,Steven Ryan Taylor,MRJ Watt,0,0,"",""
ball,1,28.3,United States of America,Akshay Homraj,Steven Ryan Taylor,MRJ Watt,1,0,"",""
ball,1,28.4,United States of America,Steven Ryan Taylor,Akshay Homraj,MRJ Watt,0,0,"",""
ball,1,28.5,United States of America,Steven Ryan Taylor,Akshay Homraj,MRJ Watt,1,0,"",""
ball,1,28.6,United States of America,Akshay Homraj,Steven Ryan Taylor,MRJ Watt,0,0,"",""
ball,1,29.1,United States of America,Steven Ryan Taylor,Akshay Homraj,AC Evans,4,0,"",""
ball,1,29.2,United States of America,Steven Ryan Taylor,Akshay Homraj,AC Evans,0,0,caught,Steven Ryan Taylor
ball,1,29.3,United States of America,NK Patel,Akshay Homraj,AC Evans,1,0,"",""
ball,1,29.4,United States of America,Akshay Homraj,NK Patel,AC Evans,0,0,"",""
ball,1,29.5,United States of America,Akshay Homraj,NK Patel,AC Evans,0,0,"",""
ball,1,29.6,United States of America,Akshay Homraj,NK Patel,AC Evans,2,0,"",""
ball,1,30.1,United States of America,NK Patel,Akshay Homraj,JH Davey,0,0,"",""
ball,1,30.2,United States of America,NK Patel,Akshay Homraj,JH Davey,1,0,"",""
ball,1,30.3,United States of America,Akshay Homraj,NK Patel,JH Davey,1,0,"",""
ball,1,30.4,United States of America,NK Patel,Akshay Homraj,JH Davey,0,0,"",""
ball,1,30.5,United States of America,NK Patel,Akshay Homraj,JH Davey,1,0,"",""
ball,1,30.6,United States of America,Akshay Homraj,NK Patel,JH Davey,2,0,"",""
ball,1,31.1,United States of America,NK Patel,Akshay Homraj,AC Evans,4,0,"",""
ball,1,31.2,United States of America,NK Patel,Akshay Homraj,AC Evans,0,1,"",""
ball,1,31.3,United States of America,Akshay Homraj,NK Patel,AC Evans,0,0,"",""
ball,1,31.4,United States of America,Akshay Homraj,NK Patel,AC Evans,0,0,"",""
ball,1,31.5,United States of America,Akshay Homraj,NK Patel,AC Evans,1,0,"",""
ball,1,31.6,United States of America,NK Patel,Akshay Homraj,AC Evans,1,0,"",""
ball,1,32.1,United States of America,NK Patel,Akshay Homraj,JH Davey,1,0,"",""
ball,1,32.2,United States of America,Akshay Homraj,NK Patel,JH Davey,0,0,"",""
ball,1,32.3,United States of America,Akshay Homraj,NK Patel,JH Davey,1,0,"",""
ball,1,32.4,United States of America,NK Patel,Akshay Homraj,JH Davey,0,0,"",""
ball,1,32.5,United States of America,NK Patel,Akshay Homraj,JH Davey,0,0,"",""
ball,1,32.6,United States of America,NK Patel,Akshay Homraj,JH Davey,1,0,"",""
ball,1,33.1,United States of America,NK Patel,Akshay Homraj,Hamza Tahir,1,0,"",""
ball,1,33.2,United States of America,Akshay Homraj,NK Patel,Hamza Tahir,1,0,"",""
ball,1,33.3,United States of America,NK Patel,Akshay Homraj,Hamza Tahir,0,0,"",""
ball,1,33.4,United States of America,NK Patel,Akshay Homraj,Hamza Tahir,1,0,"",""
ball,1,33.5,United States of America,Akshay Homraj,NK Patel,Hamza Tahir,0,0,"",""
ball,1,33.6,United States of America,Akshay Homraj,NK Patel,Hamza Tahir,0,0,"",""
ball,1,34.1,United States of America,NK Patel,Akshay Homraj,JH Davey,0,0,"",""
ball,1,34.2,United States of America,NK Patel,Akshay Homraj,JH Davey,0,0,"",""
ball,1,34.3,United States of America,NK Patel,Akshay Homraj,JH Davey,0,1,"",""
ball,1,34.4,United States of America,Akshay Homraj,NK Patel,JH Davey,1,0,"",""
ball,1,34.5,United States of America,NK Patel,Akshay Homraj,JH Davey,1,0,"",""
ball,1,34.6,United States of America,Akshay Homraj,NK Patel,JH Davey,6,0,"",""
ball,1,35.1,United States of America,NK Patel,Akshay Homraj,Hamza Tahir,0,0,"",""
ball,1,35.2,United States of America,NK Patel,Akshay Homraj,Hamza Tahir,0,0,"",""
ball,1,35.3,United States of America,NK Patel,Akshay Homraj,Hamza Tahir,0,0,"",""
ball,1,35.4,United States of America,NK Patel,Akshay Homraj,Hamza Tahir,0,0,"",""
ball,1,35.5,United States of America,NK Patel,Akshay Homraj,Hamza Tahir,2,0,"",""
ball,1,35.6,United States of America,NK Patel,Akshay Homraj,Hamza Tahir,1,0,"",""
ball,1,36.1,United States of America,NK Patel,Akshay Homraj,AC Evans,1,0,"",""
ball,1,36.2,United States of America,Akshay Homraj,NK Patel,AC Evans,0,0,"",""
ball,1,36.3,United States of America,Akshay Homraj,NK Patel,AC Evans,2,0,"",""
ball,1,36.4,United States of America,Akshay Homraj,NK Patel,AC Evans,1,0,"",""
ball,1,36.5,United States of America,NK Patel,Akshay Homraj,AC Evans,0,0,"",""
ball,1,36.6,United States of America,NK Patel,Akshay Homraj,AC Evans,0,0,"",""
ball,1,37.1,United States of America,Akshay Homraj,NK Patel,Hamza Tahir,0,0,"",""
ball,1,37.2,United States of America,Akshay Homraj,NK Patel,Hamza Tahir,1,0,"",""
ball,1,37.3,United States of America,NK Patel,Akshay Homraj,Hamza Tahir,0,0,"",""
ball,1,37.4,United States of America,NK Patel,Akshay Homraj,Hamza Tahir,4,0,"",""
ball,1,37.5,United States of America,NK Patel,Akshay Homraj,Hamza Tahir,0,0,"",""
ball,1,37.6,United States of America,NK Patel,Akshay Homraj,Hamza Tahir,2,0,"",""
ball,1,38.1,United States of America,Akshay Homraj,NK Patel,AC Evans,1,0,"",""
ball,1,38.2,United States of America,NK Patel,Akshay Homraj,AC Evans,0,0,"",""
ball,1,38.3,United States of America,NK Patel,Akshay Homraj,AC Evans,0,1,"",""
ball,1,38.4,United States of America,NK Patel,Akshay Homraj,AC Evans,4,0,"",""
ball,1,38.5,United States of America,NK Patel,Akshay Homraj,AC Evans,0,0,"",""
ball,1,38.6,United States of America,NK Patel,Akshay Homraj,AC Evans,0,0,"",""
ball,1,38.7,United States of America,NK Patel,Akshay Homraj,AC Evans,1,0,"",""
ball,1,39.1,United States of America,NK Patel,Akshay Homraj,Hamza Tahir,1,0,"",""
ball,1,39.2,United States of America,Akshay Homraj,NK Patel,Hamza Tahir,0,0,"",""
ball,1,39.3,United States of America,Akshay Homraj,NK Patel,Hamza Tahir,4,0,"",""
ball,1,39.4,United States of America,Akshay Homraj,NK Patel,Hamza Tahir,0,0,caught,Akshay Homraj
ball,1,39.5,United States of America,CAH Stevenson,NK Patel,Hamza Tahir,0,0,"",""
ball,1,39.6,United States of America,CAH Stevenson,NK Patel,Hamza Tahir,0,0,"",""
ball,1,40.1,United States of America,NK Patel,CAH Stevenson,MRJ Watt,1,0,"",""
ball,1,40.2,United States of America,CAH Stevenson,NK Patel,MRJ Watt,0,0,"",""
ball,1,40.3,United States of America,CAH Stevenson,NK Patel,MRJ Watt,0,0,"",""
ball,1,40.4,United States of America,CAH Stevenson,NK Patel,MRJ Watt,0,1,"",""
ball,1,40.5,United States of America,CAH Stevenson,NK Patel,MRJ Watt,1,0,"",""
ball,1,40.6,United States of America,NK Patel,CAH Stevenson,MRJ Watt,0,0,"",""
ball,1,40.7,United States of America,NK Patel,CAH Stevenson,MRJ Watt,1,0,"",""
ball,1,41.1,United States of America,NK Patel,CAH Stevenson,SM Sharif,0,0,"",""
ball,1,41.2,United States of America,NK Patel,CAH Stevenson,SM Sharif,1,0,"",""
ball,1,41.3,United States of America,CAH Stevenson,NK Patel,SM Sharif,0,0,"",""
ball,1,41.4,United States of America,CAH Stevenson,NK Patel,SM Sharif,1,0,"",""
ball,1,41.5,United States of America,NK Patel,CAH Stevenson,SM Sharif,1,0,"",""
ball,1,41.6,United States of America,CAH Stevenson,NK Patel,SM Sharif,1,0,"",""
ball,1,42.1,United States of America,CAH Stevenson,NK Patel,MRJ Watt,0,0,"",""
ball,1,42.2,United States of America,CAH Stevenson,NK Patel,MRJ Watt,1,0,"",""
ball,1,42.3,United States of America,NK Patel,CAH Stevenson,MRJ Watt,1,0,"",""
ball,1,42.4,United States of America,CAH Stevenson,NK Patel,MRJ Watt,1,0,"",""
ball,1,42.5,United States of America,NK Patel,CAH Stevenson,MRJ Watt,0,0,"",""
ball,1,42.6,United States of America,NK Patel,CAH Stevenson,MRJ Watt,1,0,"",""
ball,1,43.1,United States of America,NK Patel,CAH Stevenson,SM Sharif,0,0,"",""
ball,1,43.2,United States of America,NK Patel,CAH Stevenson,SM Sharif,1,0,"",""
ball,1,43.3,United States of America,CAH Stevenson,NK Patel,SM Sharif,1,0,"",""
ball,1,43.4,United States of America,NK Patel,CAH Stevenson,SM Sharif,1,0,"",""
ball,1,43.5,United States of America,CAH Stevenson,NK Patel,SM Sharif,0,0,"",""
ball,1,43.6,United States of America,CAH Stevenson,NK Patel,SM Sharif,1,0,"",""
ball,1,44.1,United States of America,CAH Stevenson,NK Patel,MRJ Watt,1,0,"",""
ball,1,44.2,United States of America,NK Patel,CAH Stevenson,MRJ Watt,1,0,"",""
ball,1,44.3,United States of America,CAH Stevenson,NK Patel,MRJ Watt,6,0,"",""
ball,1,44.4,United States of America,CAH Stevenson,NK Patel,MRJ Watt,1,0,"",""
ball,1,44.5,United States of America,NK Patel,CAH Stevenson,MRJ Watt,0,0,lbw,NK Patel
ball,1,44.6,United States of America,J Theron,CAH Stevenson,MRJ Watt,0,0,"",""
ball,1,45.1,United States of America,CAH Stevenson,J Theron,SM Sharif,1,0,"",""
ball,1,45.2,United States of America,J Theron,CAH Stevenson,SM Sharif,0,0,"",""
ball,1,45.3,United States of America,J Theron,CAH Stevenson,SM Sharif,0,0,"",""
ball,1,45.4,United States of America,J Theron,CAH Stevenson,SM Sharif,0,0,"",""
ball,1,45.5,United States of America,J Theron,CAH Stevenson,SM Sharif,1,0,"",""
ball,1,45.6,United States of America,CAH Stevenson,J Theron,SM Sharif,4,0,"",""
ball,1,46.1,United States of America,J Theron,CAH Stevenson,JH Davey,1,0,"",""
ball,1,46.2,United States of America,CAH Stevenson,J Theron,JH Davey,0,0,"",""
ball,1,46.3,United States of America,CAH Stevenson,J Theron,JH Davey,1,0,"",""
ball,1,46.4,United States of America,J Theron,CAH Stevenson,JH Davey,1,0,"",""
ball,1,46.5,United States of America,CAH Stevenson,J Theron,JH Davey,1,0,"",""
ball,1,46.6,United States of America,J Theron,CAH Stevenson,JH Davey,2,0,"",""
ball,1,47.1,United States of America,CAH Stevenson,J Theron,SM Sharif,0,0,"",""
ball,1,47.2,United States of America,CAH Stevenson,J Theron,SM Sharif,4,0,"",""
ball,1,47.3,United States of America,CAH Stevenson,J Theron,SM Sharif,0,1,"",""
ball,1,47.4,United States of America,J Theron,CAH Stevenson,SM Sharif,1,0,"",""
ball,1,47.5,United States of America,CAH Stevenson,J Theron,SM Sharif,4,0,"",""
ball,1,47.6,United States of America,CAH Stevenson,J Theron,SM Sharif,2,0,"",""
ball,1,48.1,United States of America,J Theron,CAH Stevenson,JH Davey,0,0,caught,J Theron
ball,1,48.2,United States of America,CAH Stevenson,SN Netravalkar,JH Davey,0,0,"",""
ball,1,48.3,United States of America,CAH Stevenson,SN Netravalkar,JH Davey,1,0,"",""
ball,1,48.4,United States of America,SN Netravalkar,CAH Stevenson,JH Davey,2,0,"",""
ball,1,48.5,United States of America,SN Netravalkar,CAH Stevenson,JH Davey,1,0,"",""
ball,1,48.6,United States of America,CAH Stevenson,SN Netravalkar,JH Davey,0,0,"",""
ball,1,49.1,United States of America,SN Netravalkar,CAH Stevenson,AC Evans,4,0,"",""
ball,1,49.2,United States of America,SN Netravalkar,CAH Stevenson,AC Evans,0,0,caught,SN Netravalkar
ball,1,49.3,United States of America,CAH Stevenson,NP Kenjige,AC Evans,0,0,"",""
ball,1,49.4,United States of America,CAH Stevenson,NP Kenjige,AC Evans,1,0,"",""
ball,1,49.5,United States of America,NP Kenjige,CAH Stevenson,AC Evans,3,0,"",""
ball,1,49.6,United States of America,CAH Stevenson,NP Kenjige,AC Evans,0,2,"",""
ball,1,49.7,United States of America,NP Kenjige,CAH Stevenson,AC Evans,3,0,"",""
ball,2,0.1,Scotland,MH Cross,KJ Coetzer,SN Netravalkar,0,0,"",""
ball,2,0.2,Scotland,MH Cross,KJ Coetzer,SN Netravalkar,0,0,"",""
ball,2,0.3,Scotland,MH Cross,KJ Coetzer,SN Netravalkar,0,0,"",""
ball,2,0.4,Scotland,MH Cross,KJ Coetzer,SN Netravalkar,0,0,"",""
ball,2,0.5,Scotland,MH Cross,KJ Coetzer,SN Netravalkar,0,0,"",""
ball,2,0.6,Scotland,MH Cross,KJ Coetzer,SN Netravalkar,0,0,"",""
ball,2,1.1,Scotland,KJ Coetzer,MH Cross,J Theron,0,0,"",""
ball,2,1.2,Scotland,KJ Coetzer,MH Cross,J Theron,0,0,"",""
ball,2,1.3,Scotland,KJ Coetzer,MH Cross,J Theron,0,0,"",""
ball,2,1.4,Scotland,KJ Coetzer,MH Cross,J Theron,0,0,"",""
ball,2,1.5,Scotland,KJ Coetzer,MH Cross,J Theron,0,0,"",""
ball,2,1.6,Scotland,KJ Coetzer,MH Cross,J Theron,0,0,"",""
ball,2,2.1,Scotland,MH Cross,KJ Coetzer,SN Netravalkar,0,0,"",""
ball,2,2.2,Scotland,MH Cross,KJ Coetzer,SN Netravalkar,0,0,"",""
ball,2,2.3,Scotland,MH Cross,KJ Coetzer,SN Netravalkar,0,0,"",""
ball,2,2.4,Scotland,MH Cross,KJ Coetzer,SN Netravalkar,0,0,"",""
ball,2,2.5,Scotland,MH Cross,KJ Coetzer,SN Netravalkar,4,0,"",""
ball,2,2.6,Scotland,MH Cross,KJ Coetzer,SN Netravalkar,0,0,"",""
ball,2,3.1,Scotland,KJ Coetzer,MH Cross,J Theron,1,0,"",""
ball,2,3.2,Scotland,MH Cross,KJ Coetzer,J Theron,0,0,"",""
ball,2,3.3,Scotland,MH Cross,KJ Coetzer,J Theron,1,0,"",""
ball,2,3.4,Scotland,KJ Coetzer,MH Cross,J Theron,0,0,"",""
ball,2,3.5,Scotland,KJ Coetzer,MH Cross,J Theron,0,0,"",""
ball,2,3.6,Scotland,KJ Coetzer,MH Cross,J Theron,0,1,"",""
ball,2,3.7,Scotland,KJ Coetzer,MH Cross,J Theron,0,0,"",""
ball,2,4.1,Scotland,MH Cross,KJ Coetzer,SN Netravalkar,0,0,"",""
ball,2,4.2,Scotland,MH Cross,KJ Coetzer,SN Netravalkar,0,0,"",""
ball,2,4.3,Scotland,MH Cross,KJ Coetzer,SN Netravalkar,2,0,"",""
ball,2,4.4,Scotland,MH Cross,KJ Coetzer,SN Netravalkar,0,0,"",""
ball,2,4.5,Scotland,MH Cross,KJ Coetzer,SN Netravalkar,0,0,"",""
ball,2,4.6,Scotland,MH Cross,KJ Coetzer,SN Netravalkar,2,0,"",""
ball,2,5.1,Scotland,KJ Coetzer,MH Cross,J Theron,4,0,"",""
ball,2,5.2,Scotland,KJ Coetzer,MH Cross,J Theron,1,0,"",""
ball,2,5.3,Scotland,MH Cross,KJ Coetzer,J Theron,3,0,"",""
ball,2,5.4,Scotland,KJ Coetzer,MH Cross,J Theron,0,0,"",""
ball,2,5.5,Scotland,KJ Coetzer,MH Cross,J Theron,0,0,"",""
ball,2,5.6,Scotland,KJ Coetzer,MH Cross,J Theron,0,0,"",""
ball,2,6.1,Scotland,MH Cross,KJ Coetzer,SN Netravalkar,0,0,"",""
ball,2,6.2,Scotland,MH Cross,KJ Coetzer,SN Netravalkar,0,0,"",""
ball,2,6.3,Scotland,MH Cross,KJ Coetzer,SN Netravalkar,0,0,"",""
ball,2,6.4,Scotland,MH Cross,KJ Coetzer,SN Netravalkar,4,1,"",""
ball,2,6.5,Scotland,MH Cross,KJ Coetzer,SN Netravalkar,0,0,"",""
ball,2,6.6,Scotland,MH Cross,KJ Coetzer,SN Netravalkar,0,0,"",""
ball,2,6.7,Scotland,MH Cross,KJ Coetzer,SN Netravalkar,0,0,"",""
ball,2,7.1,Scotland,KJ Coetzer,MH Cross,J Theron,0,0,"",""
ball,2,7.2,Scotland,KJ Coetzer,MH Cross,J Theron,0,0,"",""
ball,2,7.3,Scotland,KJ Coetzer,MH Cross,J Theron,0,0,"",""
ball,2,7.4,Scotland,KJ Coetzer,MH Cross,J Theron,0,0,"",""
ball,2,7.5,Scotland,KJ Coetzer,MH Cross,J Theron,0,0,"",""
ball,2,7.6,Scotland,KJ Coetzer,MH Cross,J Theron,0,0,"",""
ball,2,8.1,Scotland,MH Cross,KJ Coetzer,SN Netravalkar,0,0,"",""
ball,2,8.2,Scotland,MH Cross,KJ Coetzer,SN Netravalkar,0,0,caught,MH Cross
ball,2,8.3,Scotland,MA Jones,KJ Coetzer,SN Netravalkar,0,0,"",""
ball,2,8.4,Scotland,MA Jones,KJ Coetzer,SN Netravalkar,0,0,"",""
ball,2,8.5,Scotland,MA Jones,KJ Coetzer,SN Netravalkar,1,0,"",""
ball,2,8.6,Scotland,KJ Coetzer,MA Jones,SN Netravalkar,0,0,"",""
ball,2,9.1,Scotland,MA Jones,KJ Coetzer,J Theron,1,0,"",""
ball,2,9.2,Scotland,KJ Coetzer,MA Jones,J Theron,1,0,"",""
ball,2,9.3,Scotland,MA Jones,KJ Coetzer,J Theron,1,0,"",""
ball,2,9.4,Scotland,KJ Coetzer,MA Jones,J Theron,0,0,"",""
ball,2,9.5,Scotland,KJ Coetzer,MA Jones,J Theron,0,1,"",""
ball,2,9.6,Scotland,KJ Coetzer,MA Jones,J Theron,0,0,"",""
ball,2,9.7,Scotland,KJ Coetzer,MA Jones,J Theron,0,0,"",""
ball,2,10.1,Scotland,MA Jones,KJ Coetzer,SN Netravalkar,0,0,"",""
ball,2,10.2,Scotland,MA Jones,KJ Coetzer,SN Netravalkar,0,0,"",""
ball,2,10.3,Scotland,MA Jones,KJ Coetzer,SN Netravalkar,4,0,"",""
ball,2,10.4,Scotland,MA Jones,KJ Coetzer,SN Netravalkar,0,0,"",""
ball,2,10.5,Scotland,MA Jones,KJ Coetzer,SN Netravalkar,0,0,"",""
ball,2,10.6,Scotland,MA Jones,KJ Coetzer,SN Netravalkar,0,0,"",""
ball,2,11.1,Scotland,KJ Coetzer,MA Jones,CAH Stevenson,0,0,"",""
ball,2,11.2,Scotland,KJ Coetzer,MA Jones,CAH Stevenson,2,0,"",""
ball,2,11.3,Scotland,KJ Coetzer,MA Jones,CAH Stevenson,4,0,"",""
ball,2,11.4,Scotland,KJ Coetzer,MA Jones,CAH Stevenson,0,0,"",""
ball,2,11.5,Scotland,KJ Coetzer,MA Jones,CAH Stevenson,0,0,"",""
ball,2,11.6,Scotland,KJ Coetzer,MA Jones,CAH Stevenson,0,0,caught,KJ Coetzer
ball,2,12.1,Scotland,MA Jones,CS MacLeod,SN Netravalkar,0,0,"",""
ball,2,12.2,Scotland,MA Jones,CS MacLeod,SN Netravalkar,1,0,"",""
ball,2,12.3,Scotland,CS MacLeod,MA Jones,SN Netravalkar,0,0,"",""
ball,2,12.4,Scotland,CS MacLeod,MA Jones,SN Netravalkar,1,0,"",""
ball,2,12.5,Scotland,MA Jones,CS MacLeod,SN Netravalkar,0,0,"",""
ball,2,12.6,Scotland,MA Jones,CS MacLeod,SN Netravalkar,0,0,"",""
ball,2,13.1,Scotland,CS MacLeod,MA Jones,CAH Stevenson,0,0,"",""
ball,2,13.2,Scotland,CS MacLeod,MA Jones,CAH Stevenson,0,0,"",""
ball,2,13.3,Scotland,CS MacLeod,MA Jones,CAH Stevenson,0,0,"",""
ball,2,13.4,Scotland,CS MacLeod,MA Jones,CAH Stevenson,1,0,"",""
ball,2,13.5,Scotland,MA Jones,CS MacLeod,CAH Stevenson,0,0,"",""
ball,2,13.6,Scotland,MA Jones,CS MacLeod,CAH Stevenson,3,0,"",""
ball,2,14.1,Scotland,MA Jones,CS MacLeod,IG Holland,0,0,"",""
ball,2,14.2,Scotland,MA Jones,CS MacLeod,IG Holland,0,0,"",""
ball,2,14.3,Scotland,MA Jones,CS MacLeod,IG Holland,0,0,"",""
ball,2,14.4,Scotland,MA Jones,CS MacLeod,IG Holland,3,0,"",""
ball,2,14.5,Scotland,CS MacLeod,MA Jones,IG Holland,0,0,"",""
ball,2,14.6,Scotland,CS MacLeod,MA Jones,IG Holland,0,0,"",""
ball,2,15.1,Scotland,MA Jones,CS MacLeod,CAH Stevenson,1,0,"",""
ball,2,15.2,Scotland,CS MacLeod,MA Jones,CAH Stevenson,4,0,"",""
ball,2,15.3,Scotland,CS MacLeod,MA Jones,CAH Stevenson,0,0,"",""
ball,2,15.4,Scotland,CS MacLeod,MA Jones,CAH Stevenson,2,0,"",""
ball,2,15.5,Scotland,CS MacLeod,MA Jones,CAH Stevenson,0,5,"",""
ball,2,15.6,Scotland,CS MacLeod,MA Jones,CAH Stevenson,1,0,"",""
ball,2,15.7,Scotland,MA Jones,CS MacLeod,CAH Stevenson,1,0,"",""
ball,2,16.1,Scotland,MA Jones,CS MacLeod,IG Holland,0,0,"",""
ball,2,16.2,Scotland,MA Jones,CS MacLeod,IG Holland,0,0,"",""
ball,2,16.3,Scotland,MA Jones,CS MacLeod,IG Holland,0,0,"",""
ball,2,16.4,Scotland,MA Jones,CS MacLeod,IG Holland,1,0,"",""
ball,2,16.5,Scotland,CS MacLeod,MA Jones,IG Holland,0,0,"",""
ball,2,16.6,Scotland,CS MacLeod,MA Jones,IG Holland,0,0,"",""
ball,2,17.1,Scotland,MA Jones,CS MacLeod,CAH Stevenson,0,0,"",""
ball,2,17.2,Scotland,MA Jones,CS MacLeod,CAH Stevenson,0,0,"",""
ball,2,17.3,Scotland,MA Jones,CS MacLeod,CAH Stevenson,0,0,"",""
ball,2,17.4,Scotland,MA Jones,CS MacLeod,CAH Stevenson,0,0,"",""
ball,2,17.5,Scotland,MA Jones,CS MacLeod,CAH Stevenson,6,0,"",""
ball,2,17.6,Scotland,MA Jones,CS MacLeod,CAH Stevenson,0,0,"",""
ball,2,18.1,Scotland,CS MacLeod,MA Jones,IG Holland,0,0,"",""
ball,2,18.2,Scotland,CS MacLeod,MA Jones,IG Holland,4,0,"",""
ball,2,18.3,Scotland,CS MacLeod,MA Jones,IG Holland,0,0,"",""
ball,2,18.4,Scotland,CS MacLeod,MA Jones,IG Holland,1,0,"",""
ball,2,18.5,Scotland,MA Jones,CS MacLeod,IG Holland,0,0,"",""
ball,2,18.6,Scotland,MA Jones,CS MacLeod,IG Holland,1,0,"",""
ball,2,19.1,Scotland,MA Jones,CS MacLeod,CAH Stevenson,0,0,lbw,MA Jones
ball,2,19.2,Scotland,RD Berrington,CS MacLeod,CAH Stevenson,0,0,"",""
ball,2,19.3,Scotland,RD Berrington,CS MacLeod,CAH Stevenson,0,1,"",""
ball,2,19.4,Scotland,RD Berrington,CS MacLeod,CAH Stevenson,0,0,"",""
ball,2,19.5,Scotland,RD Berrington,CS MacLeod,CAH Stevenson,1,0,"",""
ball,2,19.6,Scotland,CS MacLeod,RD Berrington,CAH Stevenson,0,0,"",""
ball,2,19.7,Scotland,CS MacLeod,RD Berrington,CAH Stevenson,4,0,"",""
ball,2,20.1,Scotland,RD Berrington,CS MacLeod,IG Holland,0,0,"",""
ball,2,20.2,Scotland,RD Berrington,CS MacLeod,IG Holland,0,0,"",""
ball,2,20.3,Scotland,RD Berrington,CS MacLeod,IG Holland,0,0,"",""
ball,2,20.4,Scotland,RD Berrington,CS MacLeod,IG Holland,0,0,"",""
ball,2,20.5,Scotland,RD Berrington,CS MacLeod,IG Holland,0,0,"",""
ball,2,20.6,Scotland,RD Berrington,CS MacLeod,IG Holland,1,0,"",""
ball,2,21.1,Scotland,RD Berrington,CS MacLeod,CAH Stevenson,0,0,"",""
ball,2,21.2,Scotland,RD Berrington,CS MacLeod,CAH Stevenson,6,0,"",""
ball,2,21.3,Scotland,RD Berrington,CS MacLeod,CAH Stevenson,4,0,"",""
ball,2,21.4,Scotland,RD Berrington,CS MacLeod,CAH Stevenson,0,4,"",""
ball,2,21.5,Scotland,RD Berrington,CS MacLeod,CAH Stevenson,3,0,"",""
ball,2,21.6,Scotland,CS MacLeod,RD Berrington,CAH Stevenson,0,1,"",""
ball,2,21.7,Scotland,CS MacLeod,RD Berrington,CAH Stevenson,0,0,"",""
ball,2,22.1,Scotland,RD Berrington,CS MacLeod,IG Holland,1,0,"",""
ball,2,22.2,Scotland,CS MacLeod,RD Berrington,IG Holland,0,0,"",""
ball,2,22.3,Scotland,CS MacLeod,RD Berrington,IG Holland,0,4,"",""
ball,2,22.4,Scotland,CS MacLeod,RD Berrington,IG Holland,1,0,"",""
ball,2,22.5,Scotland,RD Berrington,CS MacLeod,IG Holland,0,0,"",""
ball,2,22.6,Scotland,RD Berrington,CS MacLeod,IG Holland,1,0,"",""
ball,2,23.1,Scotland,RD Berrington,CS MacLeod,NP Kenjige,0,1,"",""
ball,2,23.2,Scotland,RD Berrington,CS MacLeod,NP Kenjige,0,0,"",""
ball,2,23.3,Scotland,RD Berrington,CS MacLeod,NP Kenjige,0,0,"",""
ball,2,23.4,Scotland,RD Berrington,CS MacLeod,NP Kenjige,1,0,"",""
ball,2,23.5,Scotland,CS MacLeod,RD Berrington,NP Kenjige,1,0,"",""
ball,2,23.6,Scotland,RD Berrington,CS MacLeod,NP Kenjige,1,0,"",""
ball,2,23.7,Scotland,CS MacLeod,RD Berrington,NP Kenjige,1,0,"",""
ball,2,24.1,Scotland,CS MacLeod,RD Berrington,NK Patel,1,0,"",""
ball,2,24.2,Scotland,RD Berrington,CS MacLeod,NK Patel,0,0,"",""
ball,2,24.3,Scotland,RD Berrington,CS MacLeod,NK Patel,1,0,"",""
ball,2,24.4,Scotland,CS MacLeod,RD Berrington,NK Patel,0,0,"",""
ball,2,24.5,Scotland,CS MacLeod,RD Berrington,NK Patel,4,0,"",""
ball,2,24.6,Scotland,CS MacLeod,RD Berrington,NK Patel,2,0,"",""
ball,2,25.1,Scotland,RD Berrington,CS MacLeod,NP Kenjige,0,0,"",""
ball,2,25.2,Scotland,RD Berrington,CS MacLeod,NP Kenjige,1,0,"",""
ball,2,25.3,Scotland,CS MacLeod,RD Berrington,NP Kenjige,1,0,"",""
ball,2,25.4,Scotland,RD Berrington,CS MacLeod,NP Kenjige,1,0,"",""
ball,2,25.5,Scotland,CS MacLeod,RD Berrington,NP Kenjige,1,0,"",""
ball,2,25.6,Scotland,RD Berrington,CS MacLeod,NP Kenjige,0,0,"",""
ball,2,26.1,Scotland,CS MacLeod,RD Berrington,NK Patel,0,0,"",""
ball,2,26.2,Scotland,CS MacLeod,RD Berrington,NK Patel,0,0,"",""
ball,2,26.3,Scotland,CS MacLeod,RD Berrington,NK Patel,0,0,"",""
ball,2,26.4,Scotland,CS MacLeod,RD Berrington,NK Patel,0,0,"",""
ball,2,26.5,Scotland,CS MacLeod,RD Berrington,NK Patel,1,0,"",""
ball,2,26.6,Scotland,RD Berrington,CS MacLeod,NK Patel,0,0,"",""
ball,2,27.1,Scotland,CS MacLeod,RD Berrington,NP Kenjige,0,0,"",""
ball,2,27.2,Scotland,CS MacLeod,RD Berrington,NP Kenjige,1,0,"",""
ball,2,27.3,Scotland,RD Berrington,CS MacLeod,NP Kenjige,0,0,"",""
ball,2,27.4,Scotland,RD Berrington,CS MacLeod,NP Kenjige,0,0,"",""
ball,2,27.5,Scotland,RD Berrington,CS MacLeod,NP Kenjige,1,0,"",""
ball,2,27.6,Scotland,CS MacLeod,RD Berrington,NP Kenjige,2,0,"",""
ball,2,28.1,Scotland,RD Berrington,CS MacLeod,NK Patel,1,0,"",""
ball,2,28.2,Scotland,CS MacLeod,RD Berrington,NK Patel,4,0,"",""
ball,2,28.3,Scotland,CS MacLeod,RD Berrington,NK Patel,0,0,"",""
ball,2,28.4,Scotland,CS MacLeod,RD Berrington,NK Patel,1,0,"",""
ball,2,28.5,Scotland,RD Berrington,CS MacLeod,NK Patel,0,0,"",""
ball,2,28.6,Scotland,RD Berrington,CS MacLeod,NK Patel,0,0,"",""
ball,2,29.1,Scotland,CS MacLeod,RD Berrington,SN Netravalkar,2,0,"",""
ball,2,29.2,Scotland,CS MacLeod,RD Berrington,SN Netravalkar,0,0,"",""
ball,2,29.3,Scotland,CS MacLeod,RD Berrington,SN Netravalkar,0,0,"",""
ball,2,29.4,Scotland,CS MacLeod,RD Berrington,SN Netravalkar,1,0,"",""
ball,2,29.5,Scotland,RD Berrington,CS MacLeod,SN Netravalkar,0,0,"",""
ball,2,29.6,Scotland,RD Berrington,CS MacLeod,SN Netravalkar,0,0,"",""
ball,2,30.1,Scotland,CS MacLeod,RD Berrington,NK Patel,0,0,"",""
ball,2,30.2,Scotland,CS MacLeod,RD Berrington,NK Patel,1,0,"",""
ball,2,30.3,Scotland,RD Berrington,CS MacLeod,NK Patel,4,0,"",""
ball,2,30.4,Scotland,RD Berrington,CS MacLeod,NK Patel,0,0,"",""
ball,2,30.5,Scotland,RD Berrington,CS MacLeod,NK Patel,1,0,"",""
ball,2,30.6,Scotland,CS MacLeod,RD Berrington,NK Patel,1,0,"",""
ball,2,31.1,Scotland,CS MacLeod,RD Berrington,SN Netravalkar,0,0,"",""
ball,2,31.2,Scotland,CS MacLeod,RD Berrington,SN Netravalkar,1,0,"",""
ball,2,31.3,Scotland,RD Berrington,CS MacLeod,SN Netravalkar,1,0,"",""
ball,2,31.4,Scotland,CS MacLeod,RD Berrington,SN Netravalkar,0,0,"",""
ball,2,31.5,Scotland,CS MacLeod,RD Berrington,SN Netravalkar,0,0,"",""
ball,2,31.6,Scotland,CS MacLeod,RD Berrington,SN Netravalkar,0,0,"",""
ball,2,32.1,Scotland,RD Berrington,CS MacLeod,NK Patel,4,0,"",""
ball,2,32.2,Scotland,RD Berrington,CS MacLeod,NK Patel,2,0,"",""
ball,2,32.3,Scotland,RD Berrington,CS MacLeod,NK Patel,0,0,lbw,RD Berrington
ball,2,32.4,Scotland,HG Munsey,CS MacLeod,NK Patel,0,0,"",""
ball,2,32.5,Scotland,HG Munsey,CS MacLeod,NK Patel,0,0,"",""
ball,2,32.6,Scotland,HG Munsey,CS MacLeod,NK Patel,0,0,"",""
ball,2,33.1,Scotland,CS MacLeod,HG Munsey,J Theron,1,0,"",""
ball,2,33.2,Scotland,HG Munsey,CS MacLeod,J Theron,0,0,"",""
ball,2,33.3,Scotland,HG Munsey,CS MacLeod,J Theron,0,0,"",""
ball,2,33.4,Scotland,HG Munsey,CS MacLeod,J Theron,1,0,"",""
ball,2,33.5,Scotland,CS MacLeod,HG Munsey,J Theron,1,0,"",""
ball,2,33.6,Scotland,HG Munsey,CS MacLeod,J Theron,0,1,"",""
ball,2,33.7,Scotland,HG Munsey,CS MacLeod,J Theron,0,0,"",""
ball,2,34.1,Scotland,CS MacLeod,HG Munsey,NK Patel,2,0,"",""
ball,2,34.2,Scotland,CS MacLeod,HG Munsey,NK Patel,0,0,"",""
ball,2,34.3,Scotland,CS MacLeod,HG Munsey,NK Patel,0,0,"",""
ball,2,34.4,Scotland,CS MacLeod,HG Munsey,NK Patel,0,0,"",""
ball,2,34.5,Scotland,CS MacLeod,HG Munsey,NK Patel,1,0,"",""
ball,2,34.6,Scotland,HG Munsey,CS MacLeod,NK Patel,0,0,"",""
ball,2,35.1,Scotland,CS MacLeod,HG Munsey,J Theron,1,0,"",""
ball,2,35.2,Scotland,HG Munsey,CS MacLeod,J Theron,0,0,"",""
ball,2,35.3,Scotland,HG Munsey,CS MacLeod,J Theron,1,0,"",""
ball,2,35.4,Scotland,CS MacLeod,HG Munsey,J Theron,1,0,"",""
ball,2,35.5,Scotland,HG Munsey,CS MacLeod,J Theron,1,0,"",""
ball,2,35.6,Scotland,CS MacLeod,HG Munsey,J Theron,0,0,"",""
ball,2,36.1,Scotland,HG Munsey,CS MacLeod,NK Patel,4,0,"",""
ball,2,36.2,Scotland,HG Munsey,CS MacLeod,NK Patel,1,0,"",""
ball,2,36.3,Scotland,CS MacLeod,HG Munsey,NK Patel,0,0,"",""
ball,2,36.4,Scotland,CS MacLeod,HG Munsey,NK Patel,1,0,"",""
ball,2,36.5,Scotland,HG Munsey,CS MacLeod,NK Patel,4,0,"",""
ball,2,36.6,Scotland,HG Munsey,CS MacLeod,NK Patel,0,0,"",""
ball,2,37.1,Scotland,CS MacLeod,HG Munsey,CAH Stevenson,1,0,"",""
ball,2,37.2,Scotland,HG Munsey,CS MacLeod,CAH Stevenson,0,0,"",""
ball,2,37.3,Scotland,HG Munsey,CS MacLeod,CAH Stevenson,0,0,"",""
ball,2,37.4,Scotland,HG Munsey,CS MacLeod,CAH Stevenson,0,0,"",""
ball,2,37.5,Scotland,HG Munsey,CS MacLeod,CAH Stevenson,0,0,"",""
ball,2,37.6,Scotland,HG Munsey,CS MacLeod,CAH Stevenson,0,0,"",""
ball,2,38.1,Scotland,CS MacLeod,HG Munsey,IG Holland,1,0,"",""
ball,2,38.2,Scotland,HG Munsey,CS MacLeod,IG Holland,0,0,"",""
ball,2,38.3,Scotland,HG Munsey,CS MacLeod,IG Holland,0,0,"",""
ball,2,38.4,Scotland,HG Munsey,CS MacLeod,IG Holland,4,0,"",""
ball,2,38.5,Scotland,HG Munsey,CS MacLeod,IG Holland,0,0,"",""
ball,2,38.6,Scotland,HG Munsey,CS MacLeod,IG Holland,0,0,"",""
ball,2,39.1,Scotland,CS MacLeod,HG Munsey,CAH Stevenson,4,0,"",""
ball,2,39.2,Scotland,CS MacLeod,HG Munsey,CAH Stevenson,1,0,"",""
ball,2,39.3,Scotland,HG Munsey,CS MacLeod,CAH Stevenson,0,0,"",""
ball,2,39.4,Scotland,HG Munsey,CS MacLeod,CAH Stevenson,0,0,caught,HG Munsey
ball,2,39.5,Scotland,SM Sharif,CS MacLeod,CAH Stevenson,1,0,"",""
ball,2,39.6,Scotland,CS MacLeod,SM Sharif,CAH Stevenson,1,0,"",""
ball,2,40.1,Scotland,CS MacLeod,SM Sharif,IG Holland,1,0,"",""
ball,2,40.2,Scotland,SM Sharif,CS MacLeod,IG Holland,0,0,"",""
ball,2,40.3,Scotland,SM Sharif,CS MacLeod,IG Holland,0,0,run out,CS MacLeod
ball,2,40.4,Scotland,JH Davey,SM Sharif,IG Holland,0,0,"",""
ball,2,40.5,Scotland,JH Davey,SM Sharif,IG Holland,1,0,"",""
ball,2,40.6,Scotland,SM Sharif,JH Davey,IG Holland,0,0,"",""
ball,2,41.1,Scotland,JH Davey,SM Sharif,CAH Stevenson,0,0,"",""
ball,2,41.2,Scotland,JH Davey,SM Sharif,CAH Stevenson,1,0,"",""
ball,2,41.3,Scotland,SM Sharif,JH Davey,CAH Stevenson,1,0,"",""
ball,2,41.4,Scotland,JH Davey,SM Sharif,CAH Stevenson,0,0,"",""
ball,2,41.5,Scotland,JH Davey,SM Sharif,CAH Stevenson,0,0,"",""
ball,2,41.6,Scotland,JH Davey,SM Sharif,CAH Stevenson,0,0,"",""
ball,2,42.1,Scotland,SM Sharif,JH Davey,IG Holland,1,0,"",""
ball,2,42.2,Scotland,JH Davey,SM Sharif,IG Holland,0,0,"",""
ball,2,42.3,Scotland,JH Davey,SM Sharif,IG Holland,0,0,"",""
ball,2,42.4,Scotland,JH Davey,SM Sharif,IG Holland,0,0,"",""
ball,2,42.5,Scotland,JH Davey,SM Sharif,IG Holland,1,0,"",""
ball,2,42.6,Scotland,SM Sharif,JH Davey,IG Holland,0,0,"",""
ball,2,43.1,Scotland,JH Davey,SM Sharif,CAH Stevenson,0,1,"",""
ball,2,43.2,Scotland,JH Davey,SM Sharif,CAH Stevenson,4,0,"",""
ball,2,43.3,Scotland,JH Davey,SM Sharif,CAH Stevenson,1,0,"",""
ball,2,43.4,Scotland,SM Sharif,JH Davey,CAH Stevenson,0,1,"",""
ball,2,43.5,Scotland,SM Sharif,JH Davey,CAH Stevenson,0,0,"",""
ball,2,43.6,Scotland,SM Sharif,JH Davey,CAH Stevenson,0,0,"",""
ball,2,43.7,Scotland,SM Sharif,JH Davey,CAH Stevenson,0,0,"",""
ball,2,43.8,Scotland,SM Sharif,JH Davey,CAH Stevenson,0,0,"",""
ball,2,44.1,Scotland,JH Davey,SM Sharif,IG Holland,0,0,"",""
ball,2,44.2,Scotland,JH Davey,SM Sharif,IG Holland,0,1,"",""
ball,2,44.3,Scotland,SM Sharif,JH Davey,IG Holland,1,0,"",""
ball,2,44.4,Scotland,JH Davey,SM Sharif,IG Holland,1,0,"",""
ball,2,44.5,Scotland,SM Sharif,JH Davey,IG Holland,0,0,"",""
ball,2,44.6,Scotland,SM Sharif,JH Davey,IG Holland,0,1,"",""
ball,2,45.1,Scotland,SM Sharif,JH Davey,J Theron,1,0,"",""
ball,2,45.2,Scotland,JH Davey,SM Sharif,J Theron,2,0,"",""
ball,2,45.3,Scotland,JH Davey,SM Sharif,J Theron,2,0,"",""
ball,2,45.4,Scotland,JH Davey,SM Sharif,J Theron,1,0,"",""
ball,2,45.5,Scotland,SM Sharif,JH Davey,J Theron,2,0,"",""
ball,2,45.6,Scotland,SM Sharif,JH Davey,J Theron,0,1,"",""
ball,2,46.1,Scotland,SM Sharif,JH Davey,IG Holland,0,0,"",""
ball,2,46.2,Scotland,SM Sharif,JH Davey,IG Holland,1,0,"",""
ball,2,46.3,Scotland,JH Davey,SM Sharif,IG Holland,6,0,"",""
ball,2,46.4,Scotland,JH Davey,SM Sharif,IG Holland,1,0,"",""
ball,2,46.5,Scotland,SM Sharif,JH Davey,IG Holland,4,0,"",""
ball,2,46.6,Scotland,SM Sharif,JH Davey,IG Holland,0,0,"",""
ball,2,47.1,Scotland,JH Davey,SM Sharif,J Theron,0,1,"",""
ball,2,47.2,Scotland,JH Davey,SM Sharif,J Theron,1,0,"",""
ball,2,47.3,Scotland,SM Sharif,JH Davey,J Theron,2,0,"",""
ball,2,47.4,Scotland,SM Sharif,JH Davey,J Theron,0,0,"",""
ball,2,47.5,Scotland,SM Sharif,JH Davey,J Theron,4,0,"",""
ball,2,47.6,Scotland,SM Sharif,JH Davey,J Theron,2,0,"",""
ball,2,47.7,Scotland,SM Sharif,JH Davey,J Theron,0,1,"",""
ball,2,47.8,Scotland,SM Sharif,JH Davey,J Theron,4,0,"",""
ball,2,48.1,Scotland,JH Davey,SM Sharif,SN Netravalkar,1,0,"",""
ball,2,48.2,Scotland,SM Sharif,JH Davey,SN Netravalkar,1,0,"",""
ball,2,48.3,Scotland,JH Davey,SM Sharif,SN Netravalkar,2,0,"",""
ball,2,48.4,Scotland,JH Davey,SM Sharif,SN Netravalkar,1,0,"",""
ball,2,48.5,Scotland,SM Sharif,JH Davey,SN Netravalkar,1,0,"",""
