version,1.3.0
info,team,Namibia
info,team,United Arab Emirates
info,gender,male
info,season,2019/20
info,date,2020/01/06
info,competition,ICC Men's Cricket World Cup League 2
info,match_number,2
info,venue,Al Amerat Cricket Ground Oman Cricket (Ministry Turf 1)
info,city,Al Amarat
info,toss_winner,Namibia
info,toss_decision,field
info,player_of_match,Rohan Mustafa
info,umpire,Rahul Asher
info,umpire,Vinod Babu
info,reserve_umpire,LE Hannibal
info,match_referee,Muhammad Javed
info,winner,United Arab Emirates
info,winner_runs,8
ball,1,0.1,United Arab Emirates,Chirag Suri,V Aravind,JN Frylinck,0,0,"",""
ball,1,0.2,United Arab Emirates,Chirag Suri,V Aravind,JN Frylinck,0,0,"",""
ball,1,0.3,United Arab Emirates,Chirag Suri,V Aravind,JN Frylinck,0,0,"",""
ball,1,0.4,United Arab Emirates,Chirag Suri,V Aravind,JN Frylinck,0,0,"",""
ball,1,0.5,United Arab Emirates,Chirag Suri,V Aravind,JN Frylinck,0,0,"",""
ball,1,0.6,United Arab Emirates,Chirag Suri,V Aravind,JN Frylinck,0,0,"",""
ball,1,1.1,United Arab Emirates,V Aravind,Chirag Suri,JJ Smit,1,0,"",""
ball,1,1.2,United Arab Emirates,Chirag Suri,V Aravind,JJ Smit,0,0,"",""
ball,1,1.3,United Arab Emirates,Chirag Suri,V Aravind,JJ Smit,4,0,"",""
ball,1,1.4,United Arab Emirates,Chirag Suri,V Aravind,JJ Smit,4,0,"",""
ball,1,1.5,United Arab Emirates,Chirag Suri,V Aravind,JJ Smit,0,0,"",""
ball,1,1.6,United Arab Emirates,Chirag Suri,V Aravind,JJ Smit,0,0,"",""
ball,1,2.1,United Arab Emirates,V Aravind,Chirag Suri,JN Frylinck,0,0,"",""
ball,1,2.2,United Arab Emirates,V Aravind,Chirag Suri,JN Frylinck,1,0,"",""
ball,1,2.3,United Arab Emirates,Chirag Suri,V Aravind,JN Frylinck,0,0,"",""
ball,1,2.4,United Arab Emirates,Chirag Suri,V Aravind,JN Frylinck,6,0,"",""
ball,1,2.5,United Arab Emirates,Chirag Suri,V Aravind,JN Frylinck,0,0,"",""
ball,1,2.6,United Arab Emirates,Chirag Suri,V Aravind,JN Frylinck,0,0,"",""
ball,1,3.1,United Arab Emirates,V Aravind,Chirag Suri,JJ Smit,0,0,"",""
ball,1,3.2,United Arab Emirates,V Aravind,Chirag Suri,JJ Smit,0,0,"",""
ball,1,3.3,United Arab Emirates,V Aravind,Chirag Suri,JJ Smit,0,0,"",""
ball,1,3.4,United Arab Emirates,V Aravind,Chirag Suri,JJ Smit,0,0,caught,V Aravind
ball,1,3.5,United Arab Emirates,DDP D'Silva,Chirag Suri,JJ Smit,0,1,"",""
ball,1,3.6,United Arab Emirates,DDP D'Silva,Chirag Suri,JJ Smit,0,0,"",""
ball,1,3.7,United Arab Emirates,DDP D'Silva,Chirag Suri,JJ Smit,0,0,"",""
ball,1,4.1,United Arab Emirates,Chirag Suri,DDP D'Silva,JN Frylinck,0,0,"",""
ball,1,4.2,United Arab Emirates,Chirag Suri,DDP D'Silva,JN Frylinck,0,0,"",""
ball,1,4.3,United Arab Emirates,Chirag Suri,DDP D'Silva,JN Frylinck,0,0,"",""
ball,1,4.4,United Arab Emirates,Chirag Suri,DDP D'Silva,JN Frylinck,0,0,"",""
ball,1,4.5,United Arab Emirates,Chirag Suri,DDP D'Silva,JN Frylinck,1,0,"",""
ball,1,4.6,United Arab Emirates,DDP D'Silva,Chirag Suri,JN Frylinck,0,0,"",""
ball,1,5.1,United Arab Emirates,Chirag Suri,DDP D'Silva,JJ Smit,0,0,"",""
ball,1,5.2,United Arab Emirates,Chirag Suri,DDP D'Silva,JJ Smit,0,1,"",""
ball,1,5.3,United Arab Emirates,Chirag Suri,DDP D'Silva,JJ Smit,2,0,"",""
ball,1,5.4,United Arab Emirates,Chirag Suri,DDP D'Silva,JJ Smit,0,1,"",""
ball,1,5.5,United Arab Emirates,Chirag Suri,DDP D'Silva,JJ Smit,0,0,"",""
ball,1,5.6,United Arab Emirates,Chirag Suri,DDP D'Silva,JJ Smit,2,0,"",""
ball,1,5.7,United Arab Emirates,Chirag Suri,DDP D'Silva,JJ Smit,0,0,"",""
ball,1,5.8,United Arab Emirates,Chirag Suri,DDP D'Silva,JJ Smit,0,0,"",""
ball,1,6.1,United Arab Emirates,DDP D'Silva,Chirag Suri,JN Frylinck,0,0,"",""
ball,1,6.2,United Arab Emirates,DDP D'Silva,Chirag Suri,JN Frylinck,0,0,"",""
ball,1,6.3,United Arab Emirates,DDP D'Silva,Chirag Suri,JN Frylinck,0,0,"",""
ball,1,6.4,United Arab Emirates,DDP D'Silva,Chirag Suri,JN Frylinck,0,0,"",""
ball,1,6.5,United Arab Emirates,DDP D'Silva,Chirag Suri,JN Frylinck,0,0,"",""
ball,1,6.6,United Arab Emirates,DDP D'Silva,Chirag Suri,JN Frylinck,0,0,"",""
ball,1,7.1,United Arab Emirates,Chirag Suri,DDP D'Silva,JJ Smit,0,0,"",""
ball,1,7.2,United Arab Emirates,Chirag Suri,DDP D'Silva,JJ Smit,0,0,"",""
ball,1,7.3,United Arab Emirates,Chirag Suri,DDP D'Silva,JJ Smit,0,0,"",""
ball,1,7.4,United Arab Emirates,Chirag Suri,DDP D'Silva,JJ Smit,0,0,"",""
ball,1,7.5,United Arab Emirates,Chirag Suri,DDP D'Silva,JJ Smit,0,0,"",""
ball,1,7.6,United Arab Emirates,Chirag Suri,DDP D'Silva,JJ Smit,2,0,"",""
ball,1,8.1,United Arab Emirates,DDP D'Silva,Chirag Suri,JN Frylinck,0,0,"",""
ball,1,8.2,United Arab Emirates,DDP D'Silva,Chirag Suri,JN Frylinck,0,0,"",""
ball,1,8.3,United Arab Emirates,DDP D'Silva,Chirag Suri,JN Frylinck,0,0,"",""
ball,1,8.4,United Arab Emirates,DDP D'Silva,Chirag Suri,JN Frylinck,0,0,"",""
ball,1,8.5,United Arab Emirates,DDP D'Silva,Chirag Suri,JN Frylinck,0,0,"",""
ball,1,8.6,United Arab Emirates,DDP D'Silva,Chirag Suri,JN Frylinck,0,0,"",""
ball,1,9.1,United Arab Emirates,Chirag Suri,DDP D'Silva,JJ Smit,0,0,"",""
ball,1,9.2,United Arab Emirates,Chirag Suri,DDP D'Silva,JJ Smit,0,0,"",""
ball,1,9.3,United Arab Emirates,Chirag Suri,DDP D'Silva,JJ Smit,0,0,"",""
ball,1,9.4,United Arab Emirates,Chirag Suri,DDP D'Silva,JJ Smit,1,0,"",""
ball,1,9.5,United Arab Emirates,DDP D'Silva,Chirag Suri,JJ Smit,0,0,"",""
ball,1,9.6,United Arab Emirates,DDP D'Silva,Chirag Suri,JJ Smit,0,0,"",""
ball,1,10.1,United Arab Emirates,Chirag Suri,DDP D'Silva,JN Frylinck,0,0,caught,Chirag Suri
ball,1,10.2,United Arab Emirates,Basil Hameed,DDP D'Silva,JN Frylinck,0,0,"",""
ball,1,10.3,United Arab Emirates,Basil Hameed,DDP D'Silva,JN Frylinck,0,0,"",""
ball,1,10.4,United Arab Emirates,Basil Hameed,DDP D'Silva,JN Frylinck,0,0,"",""
ball,1,10.5,United Arab Emirates,Basil Hameed,DDP D'Silva,JN Frylinck,2,0,"",""
ball,1,10.6,United Arab Emirates,Basil Hameed,DDP D'Silva,JN Frylinck,0,0,"",""
ball,1,11.1,United Arab Emirates,DDP D'Silva,Basil Hameed,CG Williams,2,0,"",""
ball,1,11.2,United Arab Emirates,DDP D'Silva,Basil Hameed,CG Williams,0,0,"",""
ball,1,11.3,United Arab Emirates,DDP D'Silva,Basil Hameed,CG Williams,0,0,"",""
ball,1,11.4,United Arab Emirates,DDP D'Silva,Basil Hameed,CG Williams,0,0,"",""
ball,1,11.5,United Arab Emirates,DDP D'Silva,Basil Hameed,CG Williams,0,1,"",""
ball,1,11.6,United Arab Emirates,DDP D'Silva,Basil Hameed,CG Williams,0,0,"",""
ball,1,11.7,United Arab Emirates,DDP D'Silva,Basil Hameed,CG Williams,0,0,"",""
ball,1,12.1,United Arab Emirates,Basil Hameed,DDP D'Silva,B Shikongo,0,1,"",""
ball,1,12.2,United Arab Emirates,Basil Hameed,DDP D'Silva,B Shikongo,0,1,"",""
ball,1,12.3,United Arab Emirates,Basil Hameed,DDP D'Silva,B Shikongo,4,0,"",""
ball,1,12.4,United Arab Emirates,Basil Hameed,DDP D'Silva,B Shikongo,0,1,"",""
ball,1,12.5,United Arab Emirates,Basil Hameed,DDP D'Silva,B Shikongo,0,1,"",""
ball,1,12.6,United Arab Emirates,Basil Hameed,DDP D'Silva,B Shikongo,0,0,"",""
ball,1,12.7,United Arab Emirates,Basil Hameed,DDP D'Silva,B Shikongo,0,0,"",""
ball,1,12.8,United Arab Emirates,Basil Hameed,DDP D'Silva,B Shikongo,1,0,"",""
ball,1,12.9,United Arab Emirates,DDP D'Silva,Basil Hameed,B Shikongo,4,0,"",""
ball,1,12.1,United Arab Emirates,DDP D'Silva,Basil Hameed,B Shikongo,0,0,"",""
ball,1,13.1,United Arab Emirates,Basil Hameed,DDP D'Silva,CG Williams,1,0,"",""
ball,1,13.2,United Arab Emirates,DDP D'Silva,Basil Hameed,CG Williams,0,1,"",""
ball,1,13.3,United Arab Emirates,DDP D'Silva,Basil Hameed,CG Williams,0,0,"",""
ball,1,13.4,United Arab Emirates,DDP D'Silva,Basil Hameed,CG Williams,1,0,"",""
ball,1,13.5,United Arab Emirates,Basil Hameed,DDP D'Silva,CG Williams,0,0,"",""
ball,1,13.6,United Arab Emirates,Basil Hameed,DDP D'Silva,CG Williams,0,0,"",""
ball,1,13.7,United Arab Emirates,Basil Hameed,DDP D'Silva,CG Williams,4,0,"",""
ball,1,14.1,United Arab Emirates,DDP D'Silva,Basil Hameed,BM Scholtz,1,0,"",""
ball,1,14.2,United Arab Emirates,Basil Hameed,DDP D'Silva,BM Scholtz,1,0,"",""
ball,1,14.3,United Arab Emirates,DDP D'Silva,Basil Hameed,BM Scholtz,1,0,"",""
ball,1,14.4,United Arab Emirates,Basil Hameed,DDP D'Silva,BM Scholtz,2,0,"",""
ball,1,14.5,United Arab Emirates,Basil Hameed,DDP D'Silva,BM Scholtz,1,0,"",""
ball,1,14.6,United Arab Emirates,DDP D'Silva,Basil Hameed,BM Scholtz,0,0,"",""
ball,1,15.1,United Arab Emirates,Basil Hameed,DDP D'Silva,CG Williams,1,0,"",""
ball,1,15.2,United Arab Emirates,DDP D'Silva,Basil Hameed,CG Williams,1,0,"",""
ball,1,15.3,United Arab Emirates,Basil Hameed,DDP D'Silva,CG Williams,0,0,"",""
ball,1,15.4,United Arab Emirates,Basil Hameed,DDP D'Silva,CG Williams,0,0,"",""
ball,1,15.5,United Arab Emirates,Basil Hameed,DDP D'Silva,CG Williams,1,0,"",""
ball,1,15.6,United Arab Emirates,DDP D'Silva,Basil Hameed,CG Williams,1,0,"",""
ball,1,16.1,United Arab Emirates,DDP D'Silva,Basil Hameed,BM Scholtz,1,0,"",""
ball,1,16.2,United Arab Emirates,Basil Hameed,DDP D'Silva,BM Scholtz,0,0,"",""
ball,1,16.3,United Arab Emirates,Basil Hameed,DDP D'Silva,BM Scholtz,0,0,"",""
ball,1,16.4,United Arab Emirates,Basil Hameed,DDP D'Silva,BM Scholtz,0,0,"",""
ball,1,16.5,United Arab Emirates,Basil Hameed,DDP D'Silva,BM Scholtz,0,0,"",""
ball,1,16.6,United Arab Emirates,Basil Hameed,DDP D'Silva,BM Scholtz,0,0,caught and bowled,Basil Hameed
ball,1,17.1,United Arab Emirates,DDP D'Silva,Muhammad Usman,CG Williams,0,0,"",""
ball,1,17.2,United Arab Emirates,DDP D'Silva,Muhammad Usman,CG Williams,0,0,"",""
ball,1,17.3,United Arab Emirates,DDP D'Silva,Muhammad Usman,CG Williams,1,0,"",""
ball,1,17.4,United Arab Emirates,Muhammad Usman,DDP D'Silva,CG Williams,0,0,"",""
ball,1,17.5,United Arab Emirates,Muhammad Usman,DDP D'Silva,CG Williams,0,0,"",""
ball,1,17.6,United Arab Emirates,Muhammad Usman,DDP D'Silva,CG Williams,0,0,"",""
ball,1,18.1,United Arab Emirates,DDP D'Silva,Muhammad Usman,BM Scholtz,0,0,"",""
ball,1,18.2,United Arab Emirates,DDP D'Silva,Muhammad Usman,BM Scholtz,0,0,"",""
ball,1,18.3,United Arab Emirates,DDP D'Silva,Muhammad Usman,BM Scholtz,0,0,"",""
ball,1,18.4,United Arab Emirates,DDP D'Silva,Muhammad Usman,BM Scholtz,1,0,"",""
ball,1,18.5,United Arab Emirates,Muhammad Usman,DDP D'Silva,BM Scholtz,0,0,"",""
ball,1,18.6,United Arab Emirates,Muhammad Usman,DDP D'Silva,BM Scholtz,0,0,"",""
ball,1,19.1,United Arab Emirates,DDP D'Silva,Muhammad Usman,CG Williams,4,0,"",""
ball,1,19.2,United Arab Emirates,DDP D'Silva,Muhammad Usman,CG Williams,0,0,"",""
ball,1,19.3,United Arab Emirates,DDP D'Silva,Muhammad Usman,CG Williams,1,0,"",""
ball,1,19.4,United Arab Emirates,Muhammad Usman,DDP D'Silva,CG Williams,0,0,"",""
ball,1,19.5,United Arab Emirates,Muhammad Usman,DDP D'Silva,CG Williams,0,0,"",""
ball,1,19.6,United Arab Emirates,Muhammad Usman,DDP D'Silva,CG Williams,1,0,"",""
ball,1,20.1,United Arab Emirates,Muhammad Usman,DDP D'Silva,BM Scholtz,1,0,"",""
ball,1,20.2,United Arab Emirates,DDP D'Silva,Muhammad Usman,BM Scholtz,1,0,"",""
ball,1,20.3,United Arab Emirates,Muhammad Usman,DDP D'Silva,BM Scholtz,0,0,"",""
ball,1,20.4,United Arab Emirates,Muhammad Usman,DDP D'Silva,BM Scholtz,1,0,"",""
ball,1,20.5,United Arab Emirates,DDP D'Silva,Muhammad Usman,BM Scholtz,0,0,"",""
ball,1,20.6,United Arab Emirates,DDP D'Silva,Muhammad Usman,BM Scholtz,0,0,"",""
ball,1,21.1,United Arab Emirates,Muhammad Usman,DDP D'Silva,CG Williams,0,0,"",""
ball,1,21.2,United Arab Emirates,Muhammad Usman,DDP D'Silva,CG Williams,0,0,"",""
ball,1,21.3,United Arab Emirates,Muhammad Usman,DDP D'Silva,CG Williams,6,0,"",""
ball,1,21.4,United Arab Emirates,Muhammad Usman,DDP D'Silva,CG Williams,0,0,"",""
ball,1,21.5,United Arab Emirates,Muhammad Usman,DDP D'Silva,CG Williams,0,0,"",""
ball,1,21.6,United Arab Emirates,Muhammad Usman,DDP D'Silva,CG Williams,4,0,"",""
ball,1,22.1,United Arab Emirates,DDP D'Silva,Muhammad Usman,BM Scholtz,0,0,"",""
ball,1,22.2,United Arab Emirates,DDP D'Silva,Muhammad Usman,BM Scholtz,1,0,"",""
ball,1,22.3,United Arab Emirates,Muhammad Usman,DDP D'Silva,BM Scholtz,0,0,"",""
ball,1,22.4,United Arab Emirates,Muhammad Usman,DDP D'Silva,BM Scholtz,0,0,"",""
ball,1,22.5,United Arab Emirates,Muhammad Usman,DDP D'Silva,BM Scholtz,1,0,"",""
ball,1,22.6,United Arab Emirates,DDP D'Silva,Muhammad Usman,BM Scholtz,1,0,"",""
ball,1,23.1,United Arab Emirates,DDP D'Silva,Muhammad Usman,B Shikongo,0,0,"",""
ball,1,23.2,United Arab Emirates,DDP D'Silva,Muhammad Usman,B Shikongo,4,0,"",""
ball,1,23.3,United Arab Emirates,DDP D'Silva,Muhammad Usman,B Shikongo,0,0,"",""
ball,1,23.4,United Arab Emirates,DDP D'Silva,Muhammad Usman,B Shikongo,0,0,"",""
ball,1,23.5,United Arab Emirates,DDP D'Silva,Muhammad Usman,B Shikongo,0,0,"",""
ball,1,23.6,United Arab Emirates,DDP D'Silva,Muhammad Usman,B Shikongo,0,0,"",""
ball,1,24.1,United Arab Emirates,Muhammad Usman,DDP D'Silva,BM Scholtz,0,0,"",""
ball,1,24.2,United Arab Emirates,Muhammad Usman,DDP D'Silva,BM Scholtz,0,0,"",""
ball,1,24.3,United Arab Emirates,Muhammad Usman,DDP D'Silva,BM Scholtz,0,0,"",""
ball,1,24.4,United Arab Emirates,Muhammad Usman,DDP D'Silva,BM Scholtz,0,0,"",""
ball,1,24.5,United Arab Emirates,Muhammad Usman,DDP D'Silva,BM Scholtz,0,0,"",""
ball,1,24.6,United Arab Emirates,Muhammad Usman,DDP D'Silva,BM Scholtz,0,0,"",""
ball,1,25.1,United Arab Emirates,DDP D'Silva,Muhammad Usman,B Shikongo,4,0,"",""
ball,1,25.2,United Arab Emirates,DDP D'Silva,Muhammad Usman,B Shikongo,1,0,"",""
ball,1,25.3,United Arab Emirates,Muhammad Usman,DDP D'Silva,B Shikongo,1,0,"",""
ball,1,25.4,United Arab Emirates,DDP D'Silva,Muhammad Usman,B Shikongo,0,0,"",""
ball,1,25.5,United Arab Emirates,DDP D'Silva,Muhammad Usman,B Shikongo,0,0,caught,DDP D'Silva
ball,1,25.6,United Arab Emirates,Rohan Mustafa,Muhammad Usman,B Shikongo,0,1,"",""
ball,1,26.1,United Arab Emirates,Rohan Mustafa,Muhammad Usman,JJ Smit,0,0,"",""
ball,1,26.2,United Arab Emirates,Rohan Mustafa,Muhammad Usman,JJ Smit,1,0,"",""
ball,1,26.3,United Arab Emirates,Muhammad Usman,Rohan Mustafa,JJ Smit,0,1,"",""
ball,1,26.4,United Arab Emirates,Muhammad Usman,Rohan Mustafa,JJ Smit,4,0,"",""
ball,1,26.5,United Arab Emirates,Muhammad Usman,Rohan Mustafa,JJ Smit,1,0,"",""
ball,1,26.6,United Arab Emirates,Rohan Mustafa,Muhammad Usman,JJ Smit,0,0,"",""
ball,1,26.7,United Arab Emirates,Rohan Mustafa,Muhammad Usman,JJ Smit,0,0,"",""
ball,1,27.1,United Arab Emirates,Muhammad Usman,Rohan Mustafa,B Shikongo,0,0,"",""
ball,1,27.2,United Arab Emirates,Muhammad Usman,Rohan Mustafa,B Shikongo,0,0,"",""
ball,1,27.3,United Arab Emirates,Muhammad Usman,Rohan Mustafa,B Shikongo,1,0,"",""
ball,1,27.4,United Arab Emirates,Rohan Mustafa,Muhammad Usman,B Shikongo,0,0,"",""
ball,1,27.5,United Arab Emirates,Rohan Mustafa,Muhammad Usman,B Shikongo,0,0,"",""
ball,1,27.6,United Arab Emirates,Rohan Mustafa,Muhammad Usman,B Shikongo,0,0,"",""
ball,1,28.1,United Arab Emirates,Muhammad Usman,Rohan Mustafa,JJ Smit,0,0,"",""
ball,1,28.2,United Arab Emirates,Muhammad Usman,Rohan Mustafa,JJ Smit,0,1,"",""
ball,1,28.3,United Arab Emirates,Rohan Mustafa,Muhammad Usman,JJ Smit,0,0,"",""
ball,1,28.4,United Arab Emirates,Rohan Mustafa,Muhammad Usman,JJ Smit,0,0,"",""
ball,1,28.5,United Arab Emirates,Rohan Mustafa,Muhammad Usman,JJ Smit,4,0,"",""
ball,1,28.6,United Arab Emirates,Rohan Mustafa,Muhammad Usman,JJ Smit,1,0,"",""
ball,1,29.1,United Arab Emirates,Rohan Mustafa,Muhammad Usman,HN Ya France,0,0,"",""
ball,1,29.2,United Arab Emirates,Rohan Mustafa,Muhammad Usman,HN Ya France,1,0,"",""
ball,1,29.3,United Arab Emirates,Muhammad Usman,Rohan Mustafa,HN Ya France,0,0,"",""
ball,1,29.4,United Arab Emirates,Muhammad Usman,Rohan Mustafa,HN Ya France,0,0,"",""
ball,1,29.5,United Arab Emirates,Muhammad Usman,Rohan Mustafa,HN Ya France,1,0,"",""
ball,1,29.6,United Arab Emirates,Rohan Mustafa,Muhammad Usman,HN Ya France,0,0,"",""
ball,1,30.1,United Arab Emirates,Muhammad Usman,Rohan Mustafa,B Shikongo,0,0,"",""
ball,1,30.2,United Arab Emirates,Muhammad Usman,Rohan Mustafa,B Shikongo,0,0,"",""
ball,1,30.3,United Arab Emirates,Muhammad Usman,Rohan Mustafa,B Shikongo,0,0,"",""
ball,1,30.4,United Arab Emirates,Muhammad Usman,Rohan Mustafa,B Shikongo,6,0,"",""
ball,1,30.5,United Arab Emirates,Muhammad Usman,Rohan Mustafa,B Shikongo,1,0,"",""
ball,1,30.6,United Arab Emirates,Rohan Mustafa,Muhammad Usman,B Shikongo,0,0,"",""
ball,1,31.1,United Arab Emirates,Muhammad Usman,Rohan Mustafa,HN Ya France,0,0,"",""
ball,1,31.2,United Arab Emirates,Muhammad Usman,Rohan Mustafa,HN Ya France,0,0,"",""
ball,1,31.3,United Arab Emirates,Muhammad Usman,Rohan Mustafa,HN Ya France,0,0,"",""
ball,1,31.4,United Arab Emirates,Muhammad Usman,Rohan Mustafa,HN Ya France,0,0,"",""
ball,1,31.5,United Arab Emirates,Muhammad Usman,Rohan Mustafa,HN Ya France,1,0,"",""
ball,1,31.6,United Arab Emirates,Rohan Mustafa,Muhammad Usman,HN Ya France,1,0,"",""
ball,1,32.1,United Arab Emirates,Rohan Mustafa,Muhammad Usman,B Shikongo,1,0,"",""
ball,1,32.2,United Arab Emirates,Muhammad Usman,Rohan Mustafa,B Shikongo,3,0,"",""
ball,1,32.3,United Arab Emirates,Rohan Mustafa,Muhammad Usman,B Shikongo,1,0,"",""
ball,1,32.4,United Arab Emirates,Muhammad Usman,Rohan Mustafa,B Shikongo,4,0,"",""
ball,1,32.5,United Arab Emirates,Muhammad Usman,Rohan Mustafa,B Shikongo,0,0,caught,Muhammad Usman
ball,1,32.6,United Arab Emirates,CP Rizwan,Rohan Mustafa,B Shikongo,1,0,"",""
ball,1,33.1,United Arab Emirates,CP Rizwan,Rohan Mustafa,HN Ya France,0,0,"",""
ball,1,33.2,United Arab Emirates,CP Rizwan,Rohan Mustafa,HN Ya France,1,0,"",""
ball,1,33.3,United Arab Emirates,Rohan Mustafa,CP Rizwan,HN Ya France,1,0,"",""
ball,1,33.4,United Arab Emirates,CP Rizwan,Rohan Mustafa,HN Ya France,0,0,"",""
ball,1,33.5,United Arab Emirates,CP Rizwan,Rohan Mustafa,HN Ya France,0,0,bowled,CP Rizwan
ball,1,33.6,United Arab Emirates,Waheed Ahmed,Rohan Mustafa,HN Ya France,0,0,"",""
ball,1,34.1,United Arab Emirates,Rohan Mustafa,Waheed Ahmed,BM Scholtz,1,0,"",""
ball,1,34.2,United Arab Emirates,Waheed Ahmed,Rohan Mustafa,BM Scholtz,0,0,"",""
ball,1,34.3,United Arab Emirates,Waheed Ahmed,Rohan Mustafa,BM Scholtz,0,0,"",""
ball,1,34.4,United Arab Emirates,Waheed Ahmed,Rohan Mustafa,BM Scholtz,0,0,"",""
ball,1,34.5,United Arab Emirates,Waheed Ahmed,Rohan Mustafa,BM Scholtz,0,0,"",""
ball,1,34.6,United Arab Emirates,Waheed Ahmed,Rohan Mustafa,BM Scholtz,0,0,caught and bowled,Waheed Ahmed
ball,1,35.1,United Arab Emirates,Rohan Mustafa,Ahmed Raza,HN Ya France,1,0,"",""
ball,1,35.2,United Arab Emirates,Ahmed Raza,Rohan Mustafa,HN Ya France,0,0,"",""
ball,1,35.3,United Arab Emirates,Ahmed Raza,Rohan Mustafa,HN Ya France,1,0,"",""
ball,1,35.4,United Arab Emirates,Rohan Mustafa,Ahmed Raza,HN Ya France,0,0,"",""
ball,1,35.5,United Arab Emirates,Rohan Mustafa,Ahmed Raza,HN Ya France,1,0,"",""
ball,1,35.6,United Arab Emirates,Ahmed Raza,Rohan Mustafa,HN Ya France,1,0,"",""
ball,1,36.1,United Arab Emirates,Ahmed Raza,Rohan Mustafa,BM Scholtz,0,0,"",""
ball,1,36.2,United Arab Emirates,Ahmed Raza,Rohan Mustafa,BM Scholtz,1,0,"",""
ball,1,36.3,United Arab Emirates,Rohan Mustafa,Ahmed Raza,BM Scholtz,1,0,"",""
ball,1,36.4,United Arab Emirates,Ahmed Raza,Rohan Mustafa,BM Scholtz,0,0,"",""
ball,1,36.5,United Arab Emirates,Ahmed Raza,Rohan Mustafa,BM Scholtz,0,0,"",""
ball,1,36.6,United Arab Emirates,Ahmed Raza,Rohan Mustafa,BM Scholtz,0,0,"",""
ball,1,37.1,United Arab Emirates,Rohan Mustafa,Ahmed Raza,HN Ya France,1,0,"",""
ball,1,37.2,United Arab Emirates,Ahmed Raza,Rohan Mustafa,HN Ya France,0,0,"",""
ball,1,37.3,United Arab Emirates,Ahmed Raza,Rohan Mustafa,HN Ya France,1,0,"",""
ball,1,37.4,United Arab Emirates,Rohan Mustafa,Ahmed Raza,HN Ya France,1,0,"",""
ball,1,37.5,United Arab Emirates,Ahmed Raza,Rohan Mustafa,HN Ya France,2,0,"",""
ball,1,37.6,United Arab Emirates,Ahmed Raza,Rohan Mustafa,HN Ya France,1,0,"",""
ball,1,38.1,United Arab Emirates,Ahmed Raza,Rohan Mustafa,BM Scholtz,1,0,"",""
ball,1,38.2,United Arab Emirates,Rohan Mustafa,Ahmed Raza,BM Scholtz,1,0,"",""
ball,1,38.3,United Arab Emirates,Ahmed Raza,Rohan Mustafa,BM Scholtz,0,0,"",""
ball,1,38.4,United Arab Emirates,Ahmed Raza,Rohan Mustafa,BM Scholtz,1,0,"",""
ball,1,38.5,United Arab Emirates,Rohan Mustafa,Ahmed Raza,BM Scholtz,6,1,"",""
ball,1,38.6,United Arab Emirates,Rohan Mustafa,Ahmed Raza,BM Scholtz,4,0,"",""
ball,1,38.7,United Arab Emirates,Rohan Mustafa,Ahmed Raza,BM Scholtz,0,0,"",""
ball,1,39.1,United Arab Emirates,Ahmed Raza,Rohan Mustafa,JN Frylinck,4,0,"",""
ball,1,39.2,United Arab Emirates,Ahmed Raza,Rohan Mustafa,JN Frylinck,0,0,"",""
ball,1,39.3,United Arab Emirates,Ahmed Raza,Rohan Mustafa,JN Frylinck,0,0,"",""
ball,1,39.4,United Arab Emirates,Ahmed Raza,Rohan Mustafa,JN Frylinck,1,0,"",""
ball,1,39.5,United Arab Emirates,Rohan Mustafa,Ahmed Raza,JN Frylinck,1,0,"",""
ball,1,39.6,United Arab Emirates,Ahmed Raza,Rohan Mustafa,JN Frylinck,0,0,"",""
ball,1,40.1,United Arab Emirates,Rohan Mustafa,Ahmed Raza,BM Scholtz,0,0,"",""
ball,1,40.2,United Arab Emirates,Rohan Mustafa,Ahmed Raza,BM Scholtz,1,0,"",""
ball,1,40.3,United Arab Emirates,Ahmed Raza,Rohan Mustafa,BM Scholtz,0,0,"",""
ball,1,40.4,United Arab Emirates,Ahmed Raza,Rohan Mustafa,BM Scholtz,0,0,"",""
ball,1,40.5,United Arab Emirates,Ahmed Raza,Rohan Mustafa,BM Scholtz,1,0,"",""
ball,1,40.6,United Arab Emirates,Rohan Mustafa,Ahmed Raza,BM Scholtz,1,0,"",""
ball,1,41.1,United Arab Emirates,Rohan Mustafa,Ahmed Raza,JN Frylinck,2,0,"",""
ball,1,41.2,United Arab Emirates,Rohan Mustafa,Ahmed Raza,JN Frylinck,0,0,"",""
ball,1,41.3,United Arab Emirates,Rohan Mustafa,Ahmed Raza,JN Frylinck,1,0,"",""
ball,1,41.4,United Arab Emirates,Ahmed Raza,Rohan Mustafa,JN Frylinck,1,0,"",""
ball,1,41.5,United Arab Emirates,Rohan Mustafa,Ahmed Raza,JN Frylinck,0,1,"",""
ball,1,41.6,United Arab Emirates,Rohan Mustafa,Ahmed Raza,JN Frylinck,0,0,"",""
ball,1,41.7,United Arab Emirates,Rohan Mustafa,Ahmed Raza,JN Frylinck,0,0,"",""
ball,1,42.1,United Arab Emirates,Ahmed Raza,Rohan Mustafa,CG Williams,0,0,"",""
ball,1,42.2,United Arab Emirates,Ahmed Raza,Rohan Mustafa,CG Williams,2,0,"",""
ball,1,42.3,United Arab Emirates,Ahmed Raza,Rohan Mustafa,CG Williams,1,0,"",""
ball,1,42.4,United Arab Emirates,Rohan Mustafa,Ahmed Raza,CG Williams,0,1,"",""
ball,1,42.5,United Arab Emirates,Rohan Mustafa,Ahmed Raza,CG Williams,1,0,"",""
ball,1,42.6,United Arab Emirates,Ahmed Raza,Rohan Mustafa,CG Williams,0,0,caught,Ahmed Raza
ball,1,42.7,United Arab Emirates,KP Meiyappan,Rohan Mustafa,CG Williams,0,0,"",""
ball,1,43.1,United Arab Emirates,Rohan Mustafa,KP Meiyappan,JN Frylinck,0,1,"",""
ball,1,43.2,United Arab Emirates,Rohan Mustafa,KP Meiyappan,JN Frylinck,2,0,"",""
ball,1,43.3,United Arab Emirates,Rohan Mustafa,KP Meiyappan,JN Frylinck,0,1,"",""
ball,1,43.4,United Arab Emirates,Rohan Mustafa,KP Meiyappan,JN Frylinck,1,0,"",""
ball,1,43.5,United Arab Emirates,KP Meiyappan,Rohan Mustafa,JN Frylinck,1,0,"",""
ball,1,43.6,United Arab Emirates,Rohan Mustafa,KP Meiyappan,JN Frylinck,1,0,"",""
ball,1,43.7,United Arab Emirates,KP Meiyappan,Rohan Mustafa,JN Frylinck,0,0,"",""
ball,1,43.8,United Arab Emirates,KP Meiyappan,Rohan Mustafa,JN Frylinck,0,0,"",""
ball,1,44.1,United Arab Emirates,Rohan Mustafa,KP Meiyappan,JJ Smit,1,0,"",""
ball,1,44.2,United Arab Emirates,KP Meiyappan,Rohan Mustafa,JJ Smit,1,0,"",""
ball,1,44.3,United Arab Emirates,Rohan Mustafa,KP Meiyappan,JJ Smit,0,1,"",""
ball,1,44.4,United Arab Emirates,Rohan Mustafa,KP Meiyappan,JJ Smit,1,0,"",""
ball,1,44.5,United Arab Emirates,KP Meiyappan,Rohan Mustafa,JJ Smit,1,0,"",""
ball,1,44.6,United Arab Emirates,Rohan Mustafa,KP Meiyappan,JJ Smit,1,0,"",""
ball,1,44.7,United Arab Emirates,KP Meiyappan,Rohan Mustafa,JJ Smit,1,0,"",""
ball,1,45.1,United Arab Emirates,KP Meiyappan,Rohan Mustafa,CG Williams,1,0,"",""
ball,1,45.2,United Arab Emirates,Rohan Mustafa,KP Meiyappan,CG Williams,1,0,"",""
ball,1,45.3,United Arab Emirates,KP Meiyappan,Rohan Mustafa,CG Williams,1,0,"",""
ball,1,45.4,United Arab Emirates,Rohan Mustafa,KP Meiyappan,CG Williams,0,0,"",""
ball,1,45.5,United Arab Emirates,Rohan Mustafa,KP Meiyappan,CG Williams,1,0,"",""
ball,1,45.6,United Arab Emirates,KP Meiyappan,Rohan Mustafa,CG Williams,0,0,"",""
ball,1,46.1,United Arab Emirates,Rohan Mustafa,KP Meiyappan,JJ Smit,0,1,"",""
ball,1,46.2,United Arab Emirates,Rohan Mustafa,KP Meiyappan,JJ Smit,1,0,"",""
ball,1,46.3,United Arab Emirates,KP Meiyappan,Rohan Mustafa,JJ Smit,1,0,"",""
ball,1,46.4,United Arab Emirates,Rohan Mustafa,KP Meiyappan,JJ Smit,0,0,"",""
ball,1,46.5,United Arab Emirates,Rohan Mustafa,KP Meiyappan,JJ Smit,1,0,"",""
ball,1,46.6,United Arab Emirates,KP Meiyappan,Rohan Mustafa,JJ Smit,0,0,"",""
ball,1,46.7,United Arab Emirates,KP Meiyappan,Rohan Mustafa,JJ Smit,0,0,"",""
ball,1,47.1,United Arab Emirates,Rohan Mustafa,KP Meiyappan,CG Williams,1,0,"",""
ball,1,47.2,United Arab Emirates,KP Meiyappan,Rohan Mustafa,CG Williams,1,0,"",""
ball,1,47.3,United Arab Emirates,Rohan Mustafa,KP Meiyappan,CG Williams,2,0,"",""
ball,1,47.4,United Arab Emirates,Rohan Mustafa,KP Meiyappan,CG Williams,2,0,"",""
ball,1,47.5,United Arab Emirates,Rohan Mustafa,KP Meiyappan,CG Williams,1,0,"",""
ball,1,47.6,United Arab Emirates,KP Meiyappan,Rohan Mustafa,CG Williams,2,0,"",""
ball,1,48.1,United Arab Emirates,Rohan Mustafa,KP Meiyappan,JJ Smit,0,0,"",""
ball,1,48.2,United Arab Emirates,Rohan Mustafa,KP Meiyappan,JJ Smit,1,0,"",""
ball,1,48.3,United Arab Emirates,KP Meiyappan,Rohan Mustafa,JJ Smit,2,0,"",""
ball,1,48.4,United Arab Emirates,KP Meiyappan,Rohan Mustafa,JJ Smit,0,0,caught,KP Meiyappan
ball,1,48.5,United Arab Emirates,Rohan Mustafa,Junaid Siddique (2),JJ Smit,1,0,"",""
ball,1,48.6,United Arab Emirates,Junaid Siddique (2),Rohan Mustafa,JJ Smit,0,0,"",""
ball,1,49.1,United Arab Emirates,Rohan Mustafa,Junaid Siddique (2),JN Frylinck,2,0,"",""
ball,1,49.2,United Arab Emirates,Rohan Mustafa,Junaid Siddique (2),JN Frylinck,0,0,"",""
ball,1,49.3,United Arab Emirates,Rohan Mustafa,Junaid Siddique (2),JN Frylinck,1,0,"",""
ball,1,49.4,United Arab Emirates,Junaid Siddique (2),Rohan Mustafa,JN Frylinck,0,0,"",""
ball,1,49.5,United Arab Emirates,Junaid Siddique (2),Rohan Mustafa,JN Frylinck,0,1,"",""
ball,1,49.6,United Arab Emirates,Rohan Mustafa,Junaid Siddique (2),JN Frylinck,2,0,"",""
ball,2,0.1,Namibia,SJ Baard,ZE Green,Junaid Siddique (2),1,0,"",""
ball,2,0.2,Namibia,ZE Green,SJ Baard,Junaid Siddique (2),0,0,"",""
ball,2,0.3,Namibia,ZE Green,SJ Baard,Junaid Siddique (2),0,0,"",""
ball,2,0.4,Namibia,ZE Green,SJ Baard,Junaid Siddique (2),0,0,"",""
ball,2,0.5,Namibia,ZE Green,SJ Baard,Junaid Siddique (2),1,0,"",""
ball,2,0.6,Namibia,SJ Baard,ZE Green,Junaid Siddique (2),0,0,"",""
ball,2,1.1,Namibia,ZE Green,SJ Baard,DDP D'Silva,0,1,"",""
ball,2,1.2,Namibia,ZE Green,SJ Baard,DDP D'Silva,0,0,"",""
ball,2,1.3,Namibia,ZE Green,SJ Baard,DDP D'Silva,0,0,"",""
ball,2,1.4,Namibia,ZE Green,SJ Baard,DDP D'Silva,0,0,"",""
ball,2,1.5,Namibia,ZE Green,SJ Baard,DDP D'Silva,1,0,"",""
ball,2,1.6,Namibia,SJ Baard,ZE Green,DDP D'Silva,0,0,"",""
ball,2,1.7,Namibia,SJ Baard,ZE Green,DDP D'Silva,0,0,"",""
ball,2,2.1,Namibia,ZE Green,SJ Baard,Junaid Siddique (2),4,0,"",""
ball,2,2.2,Namibia,ZE Green,SJ Baard,Junaid Siddique (2),4,0,"",""
ball,2,2.3,Namibia,ZE Green,SJ Baard,Junaid Siddique (2),1,0,"",""
ball,2,2.4,Namibia,SJ Baard,ZE Green,Junaid Siddique (2),0,0,"",""
ball,2,2.5,Namibia,SJ Baard,ZE Green,Junaid Siddique (2),0,0,"",""
ball,2,2.6,Namibia,SJ Baard,ZE Green,Junaid Siddique (2),0,0,"",""
ball,2,3.1,Namibia,ZE Green,SJ Baard,DDP D'Silva,1,0,"",""
ball,2,3.2,Namibia,SJ Baard,ZE Green,DDP D'Silva,0,0,"",""
ball,2,3.3,Namibia,SJ Baard,ZE Green,DDP D'Silva,1,0,"",""
ball,2,3.4,Namibia,ZE Green,SJ Baard,DDP D'Silva,0,0,"",""
ball,2,3.5,Namibia,ZE Green,SJ Baard,DDP D'Silva,0,0,"",""
ball,2,3.6,Namibia,ZE Green,SJ Baard,DDP D'Silva,0,0,caught,ZE Green
ball,2,4.1,Namibia,SJ Baard,JP Kotze,Junaid Siddique (2),0,0,"",""
ball,2,4.2,Namibia,SJ Baard,JP Kotze,Junaid Siddique (2),1,0,"",""
ball,2,4.3,Namibia,JP Kotze,SJ Baard,Junaid Siddique (2),0,0,"",""
ball,2,4.4,Namibia,JP Kotze,SJ Baard,Junaid Siddique (2),0,0,"",""
ball,2,4.5,Namibia,JP Kotze,SJ Baard,Junaid Siddique (2),0,0,"",""
ball,2,4.6,Namibia,JP Kotze,SJ Baard,Junaid Siddique (2),0,0,"",""
ball,2,5.1,Namibia,SJ Baard,JP Kotze,DDP D'Silva,0,0,"",""
ball,2,5.2,Namibia,SJ Baard,JP Kotze,DDP D'Silva,2,0,"",""
ball,2,5.3,Namibia,SJ Baard,JP Kotze,DDP D'Silva,1,0,"",""
ball,2,5.4,Namibia,JP Kotze,SJ Baard,DDP D'Silva,0,0,"",""
ball,2,5.5,Namibia,JP Kotze,SJ Baard,DDP D'Silva,4,0,"",""
ball,2,5.6,Namibia,JP Kotze,SJ Baard,DDP D'Silva,0,0,"",""
ball,2,6.1,Namibia,SJ Baard,JP Kotze,Junaid Siddique (2),0,0,"",""
ball,2,6.2,Namibia,SJ Baard,JP Kotze,Junaid Siddique (2),0,0,"",""
ball,2,6.3,Namibia,SJ Baard,JP Kotze,Junaid Siddique (2),4,0,"",""
ball,2,6.4,Namibia,SJ Baard,JP Kotze,Junaid Siddique (2),0,0,"",""
ball,2,6.5,Namibia,SJ Baard,JP Kotze,Junaid Siddique (2),0,0,"",""
ball,2,6.6,Namibia,SJ Baard,JP Kotze,Junaid Siddique (2),1,0,"",""
ball,2,7.1,Namibia,SJ Baard,JP Kotze,DDP D'Silva,0,1,"",""
ball,2,7.2,Namibia,JP Kotze,SJ Baard,DDP D'Silva,0,0,"",""
ball,2,7.3,Namibia,JP Kotze,SJ Baard,DDP D'Silva,0,0,"",""
ball,2,7.4,Namibia,JP Kotze,SJ Baard,DDP D'Silva,0,0,"",""
ball,2,7.5,Namibia,JP Kotze,SJ Baard,DDP D'Silva,1,0,"",""
ball,2,7.6,Namibia,SJ Baard,JP Kotze,DDP D'Silva,0,0,"",""
ball,2,8.1,Namibia,JP Kotze,SJ Baard,Rohan Mustafa,0,0,"",""
ball,2,8.2,Namibia,JP Kotze,SJ Baard,Rohan Mustafa,0,0,"",""
ball,2,8.3,Namibia,JP Kotze,SJ Baard,Rohan Mustafa,0,0,"",""
ball,2,8.4,Namibia,JP Kotze,SJ Baard,Rohan Mustafa,4,0,"",""
ball,2,8.5,Namibia,JP Kotze,SJ Baard,Rohan Mustafa,0,0,"",""
ball,2,8.6,Namibia,JP Kotze,SJ Baard,Rohan Mustafa,0,0,"",""
ball,2,9.1,Namibia,SJ Baard,JP Kotze,DDP D'Silva,0,0,"",""
ball,2,9.2,Namibia,SJ Baard,JP Kotze,DDP D'Silva,0,0,"",""
ball,2,9.3,Namibia,SJ Baard,JP Kotze,DDP D'Silva,1,0,"",""
ball,2,9.4,Namibia,JP Kotze,SJ Baard,DDP D'Silva,4,0,"",""
ball,2,9.5,Namibia,JP Kotze,SJ Baard,DDP D'Silva,0,0,"",""
ball,2,9.6,Namibia,JP Kotze,SJ Baard,DDP D'Silva,0,0,"",""
ball,2,10.1,Namibia,SJ Baard,JP Kotze,Rohan Mustafa,0,0,"",""
ball,2,10.2,Namibia,SJ Baard,JP Kotze,Rohan Mustafa,0,0,"",""
ball,2,10.3,Namibia,SJ Baard,JP Kotze,Rohan Mustafa,1,0,"",""
ball,2,10.4,Namibia,JP Kotze,SJ Baard,Rohan Mustafa,1,0,"",""
ball,2,10.5,Namibia,SJ Baard,JP Kotze,Rohan Mustafa,1,0,"",""
ball,2,10.6,Namibia,JP Kotze,SJ Baard,Rohan Mustafa,1,0,"",""
ball,2,11.1,Namibia,JP Kotze,SJ Baard,Ahmed Raza,1,0,"",""
ball,2,11.2,Namibia,SJ Baard,JP Kotze,Ahmed Raza,0,0,"",""
ball,2,11.3,Namibia,SJ Baard,JP Kotze,Ahmed Raza,0,0,"",""
ball,2,11.4,Namibia,SJ Baard,JP Kotze,Ahmed Raza,1,0,"",""
ball,2,11.5,Namibia,JP Kotze,SJ Baard,Ahmed Raza,0,0,"",""
ball,2,11.6,Namibia,JP Kotze,SJ Baard,Ahmed Raza,1,0,"",""
ball,2,12.1,Namibia,JP Kotze,SJ Baard,Rohan Mustafa,4,0,"",""
ball,2,12.2,Namibia,JP Kotze,SJ Baard,Rohan Mustafa,1,0,"",""
ball,2,12.3,Namibia,SJ Baard,JP Kotze,Rohan Mustafa,1,0,"",""
ball,2,12.4,Namibia,JP Kotze,SJ Baard,Rohan Mustafa,0,0,"",""
ball,2,12.5,Namibia,JP Kotze,SJ Baard,Rohan Mustafa,0,0,"",""
ball,2,12.6,Namibia,JP Kotze,SJ Baard,Rohan Mustafa,0,0,"",""
ball,2,13.1,Namibia,SJ Baard,JP Kotze,Ahmed Raza,1,0,"",""
ball,2,13.2,Namibia,JP Kotze,SJ Baard,Ahmed Raza,1,0,"",""
ball,2,13.3,Namibia,SJ Baard,JP Kotze,Ahmed Raza,0,0,"",""
ball,2,13.4,Namibia,SJ Baard,JP Kotze,Ahmed Raza,0,0,"",""
ball,2,13.5,Namibia,SJ Baard,JP Kotze,Ahmed Raza,0,0,"",""
ball,2,13.6,Namibia,SJ Baard,JP Kotze,Ahmed Raza,0,0,"",""
ball,2,14.1,Namibia,JP Kotze,SJ Baard,Rohan Mustafa,0,0,"",""
ball,2,14.2,Namibia,JP Kotze,SJ Baard,Rohan Mustafa,4,0,"",""
ball,2,14.3,Namibia,JP Kotze,SJ Baard,Rohan Mustafa,0,0,"",""
ball,2,14.4,Namibia,JP Kotze,SJ Baard,Rohan Mustafa,0,0,lbw,JP Kotze
ball,2,14.5,Namibia,MG Erasmus,SJ Baard,Rohan Mustafa,0,0,"",""
ball,2,14.6,Namibia,MG Erasmus,SJ Baard,Rohan Mustafa,1,0,"",""
ball,2,15.1,Namibia,MG Erasmus,SJ Baard,Ahmed Raza,0,0,"",""
ball,2,15.2,Namibia,MG Erasmus,SJ Baard,Ahmed Raza,0,0,"",""
ball,2,15.3,Namibia,MG Erasmus,SJ Baard,Ahmed Raza,0,0,"",""
ball,2,15.4,Namibia,MG Erasmus,SJ Baard,Ahmed Raza,0,0,"",""
ball,2,15.5,Namibia,MG Erasmus,SJ Baard,Ahmed Raza,0,0,"",""
ball,2,15.6,Namibia,MG Erasmus,SJ Baard,Ahmed Raza,0,0,"",""
ball,2,16.1,Namibia,SJ Baard,MG Erasmus,Junaid Siddique (2),0,0,"",""
ball,2,16.2,Namibia,SJ Baard,MG Erasmus,Junaid Siddique (2),1,0,"",""
ball,2,16.3,Namibia,MG Erasmus,SJ Baard,Junaid Siddique (2),1,0,"",""
ball,2,16.4,Namibia,SJ Baard,MG Erasmus,Junaid Siddique (2),0,0,"",""
ball,2,16.5,Namibia,SJ Baard,MG Erasmus,Junaid Siddique (2),0,0,"",""
ball,2,16.6,Namibia,SJ Baard,MG Erasmus,Junaid Siddique (2),1,0,"",""
ball,2,17.1,Namibia,SJ Baard,MG Erasmus,Ahmed Raza,0,0,"",""
ball,2,17.2,Namibia,SJ Baard,MG Erasmus,Ahmed Raza,0,0,"",""
ball,2,17.3,Namibia,SJ Baard,MG Erasmus,Ahmed Raza,0,0,"",""
ball,2,17.4,Namibia,SJ Baard,MG Erasmus,Ahmed Raza,1,0,"",""
ball,2,17.5,Namibia,MG Erasmus,SJ Baard,Ahmed Raza,0,0,"",""
ball,2,17.6,Namibia,MG Erasmus,SJ Baard,Ahmed Raza,0,0,"",""
ball,2,18.1,Namibia,SJ Baard,MG Erasmus,Junaid Siddique (2),0,0,"",""
ball,2,18.2,Namibia,SJ Baard,MG Erasmus,Junaid Siddique (2),0,0,"",""
ball,2,18.3,Namibia,SJ Baard,MG Erasmus,Junaid Siddique (2),4,0,"",""
ball,2,18.4,Namibia,SJ Baard,MG Erasmus,Junaid Siddique (2),0,0,"",""
ball,2,18.5,Namibia,SJ Baard,MG Erasmus,Junaid Siddique (2),0,0,"",""
ball,2,18.6,Namibia,SJ Baard,MG Erasmus,Junaid Siddique (2),0,0,"",""
ball,2,19.1,Namibia,MG Erasmus,SJ Baard,Ahmed Raza,1,0,"",""
ball,2,19.2,Namibia,SJ Baard,MG Erasmus,Ahmed Raza,1,0,"",""
ball,2,19.3,Namibia,MG Erasmus,SJ Baard,Ahmed Raza,1,0,"",""
ball,2,19.4,Namibia,SJ Baard,MG Erasmus,Ahmed Raza,0,0,"",""
ball,2,19.5,Namibia,SJ Baard,MG Erasmus,Ahmed Raza,1,0,"",""
ball,2,19.6,Namibia,MG Erasmus,SJ Baard,Ahmed Raza,0,0,"",""
ball,2,20.1,Namibia,SJ Baard,MG Erasmus,Junaid Siddique (2),0,1,"",""
ball,2,20.2,Namibia,SJ Baard,MG Erasmus,Junaid Siddique (2),1,0,"",""
ball,2,20.3,Namibia,MG Erasmus,SJ Baard,Junaid Siddique (2),1,0,"",""
ball,2,20.4,Namibia,SJ Baard,MG Erasmus,Junaid Siddique (2),0,0,"",""
ball,2,20.5,Namibia,SJ Baard,MG Erasmus,Junaid Siddique (2),1,0,"",""
ball,2,20.6,Namibia,MG Erasmus,SJ Baard,Junaid Siddique (2),2,0,"",""
ball,2,20.7,Namibia,MG Erasmus,SJ Baard,Junaid Siddique (2),0,0,"",""
ball,2,21.1,Namibia,SJ Baard,MG Erasmus,KP Meiyappan,0,0,"",""
ball,2,21.2,Namibia,SJ Baard,MG Erasmus,KP Meiyappan,1,0,"",""
ball,2,21.3,Namibia,MG Erasmus,SJ Baard,KP Meiyappan,4,0,"",""
ball,2,21.4,Namibia,MG Erasmus,SJ Baard,KP Meiyappan,4,0,"",""
ball,2,21.5,Namibia,MG Erasmus,SJ Baard,KP Meiyappan,1,0,"",""
ball,2,21.6,Namibia,SJ Baard,MG Erasmus,KP Meiyappan,1,0,"",""
ball,2,22.1,Namibia,SJ Baard,MG Erasmus,Waheed Ahmed,1,0,"",""
ball,2,22.2,Namibia,MG Erasmus,SJ Baard,Waheed Ahmed,1,0,"",""
ball,2,22.3,Namibia,SJ Baard,MG Erasmus,Waheed Ahmed,0,0,"",""
ball,2,22.4,Namibia,SJ Baard,MG Erasmus,Waheed Ahmed,1,0,"",""
ball,2,22.5,Namibia,MG Erasmus,SJ Baard,Waheed Ahmed,0,0,"",""
ball,2,22.6,Namibia,MG Erasmus,SJ Baard,Waheed Ahmed,1,0,"",""
ball,2,23.1,Namibia,MG Erasmus,SJ Baard,KP Meiyappan,0,0,"",""
ball,2,23.2,Namibia,MG Erasmus,SJ Baard,KP Meiyappan,1,0,"",""
ball,2,23.3,Namibia,SJ Baard,MG Erasmus,KP Meiyappan,0,0,"",""
ball,2,23.4,Namibia,SJ Baard,MG Erasmus,KP Meiyappan,0,0,bowled,SJ Baard
ball,2,23.5,Namibia,CG Williams,MG Erasmus,KP Meiyappan,1,0,"",""
ball,2,23.6,Namibia,MG Erasmus,CG Williams,KP Meiyappan,0,2,"",""
ball,2,24.1,Namibia,CG Williams,MG Erasmus,Waheed Ahmed,0,0,"",""
ball,2,24.2,Namibia,CG Williams,MG Erasmus,Waheed Ahmed,0,0,"",""
ball,2,24.3,Namibia,CG Williams,MG Erasmus,Waheed Ahmed,1,0,"",""
ball,2,24.4,Namibia,MG Erasmus,CG Williams,Waheed Ahmed,0,0,"",""
ball,2,24.5,Namibia,MG Erasmus,CG Williams,Waheed Ahmed,1,0,"",""
ball,2,24.6,Namibia,CG Williams,MG Erasmus,Waheed Ahmed,0,0,"",""
ball,2,25.1,Namibia,MG Erasmus,CG Williams,KP Meiyappan,0,0,"",""
ball,2,25.2,Namibia,MG Erasmus,CG Williams,KP Meiyappan,2,0,"",""
ball,2,25.3,Namibia,MG Erasmus,CG Williams,KP Meiyappan,0,0,"",""
ball,2,25.4,Namibia,MG Erasmus,CG Williams,KP Meiyappan,0,0,"",""
ball,2,25.5,Namibia,MG Erasmus,CG Williams,KP Meiyappan,1,0,"",""
ball,2,25.6,Namibia,CG Williams,MG Erasmus,KP Meiyappan,0,0,"",""
ball,2,26.1,Namibia,MG Erasmus,CG Williams,Waheed Ahmed,0,0,"",""
ball,2,26.2,Namibia,MG Erasmus,CG Williams,Waheed Ahmed,0,0,"",""
ball,2,26.3,Namibia,MG Erasmus,CG Williams,Waheed Ahmed,1,0,"",""
ball,2,26.4,Namibia,CG Williams,MG Erasmus,Waheed Ahmed,0,0,"",""
ball,2,26.5,Namibia,CG Williams,MG Erasmus,Waheed Ahmed,0,0,"",""
ball,2,26.6,Namibia,CG Williams,MG Erasmus,Waheed Ahmed,0,0,"",""
ball,2,27.1,Namibia,MG Erasmus,CG Williams,KP Meiyappan,0,0,"",""
ball,2,27.2,Namibia,MG Erasmus,CG Williams,KP Meiyappan,0,0,"",""
ball,2,27.3,Namibia,MG Erasmus,CG Williams,KP Meiyappan,4,0,"",""
ball,2,27.4,Namibia,MG Erasmus,CG Williams,KP Meiyappan,1,0,"",""
ball,2,27.5,Namibia,CG Williams,MG Erasmus,KP Meiyappan,0,0,"",""
ball,2,27.6,Namibia,CG Williams,MG Erasmus,KP Meiyappan,0,0,"",""
ball,2,28.1,Namibia,MG Erasmus,CG Williams,Waheed Ahmed,2,0,"",""
ball,2,28.2,Namibia,MG Erasmus,CG Williams,Waheed Ahmed,0,0,"",""
ball,2,28.3,Namibia,MG Erasmus,CG Williams,Waheed Ahmed,0,0,"",""
ball,2,28.4,Namibia,MG Erasmus,CG Williams,Waheed Ahmed,0,0,"",""
ball,2,28.5,Namibia,MG Erasmus,CG Williams,Waheed Ahmed,1,0,"",""
ball,2,28.6,Namibia,CG Williams,MG Erasmus,Waheed Ahmed,1,0,"",""
ball,2,29.1,Namibia,CG Williams,MG Erasmus,Ahmed Raza,0,0,"",""
ball,2,29.2,Namibia,CG Williams,MG Erasmus,Ahmed Raza,0,0,"",""
ball,2,29.3,Namibia,CG Williams,MG Erasmus,Ahmed Raza,0,0,"",""
ball,2,29.4,Namibia,CG Williams,MG Erasmus,Ahmed Raza,0,0,"",""
ball,2,29.5,Namibia,CG Williams,MG Erasmus,Ahmed Raza,0,0,"",""
ball,2,29.6,Namibia,CG Williams,MG Erasmus,Ahmed Raza,0,0,"",""
ball,2,30.1,Namibia,MG Erasmus,CG Williams,Waheed Ahmed,1,0,"",""
ball,2,30.2,Namibia,CG Williams,MG Erasmus,Waheed Ahmed,0,0,"",""
ball,2,30.3,Namibia,CG Williams,MG Erasmus,Waheed Ahmed,1,0,"",""
ball,2,30.4,Namibia,MG Erasmus,CG Williams,Waheed Ahmed,1,0,"",""
ball,2,30.5,Namibia,CG Williams,MG Erasmus,Waheed Ahmed,4,0,"",""
ball,2,30.6,Namibia,CG Williams,MG Erasmus,Waheed Ahmed,2,0,"",""
ball,2,31.1,Namibia,MG Erasmus,CG Williams,Ahmed Raza,4,0,"",""
ball,2,31.2,Namibia,MG Erasmus,CG Williams,Ahmed Raza,0,0,"",""
ball,2,31.3,Namibia,MG Erasmus,CG Williams,Ahmed Raza,0,0,"",""
ball,2,31.4,Namibia,MG Erasmus,CG Williams,Ahmed Raza,1,0,"",""
ball,2,31.5,Namibia,CG Williams,MG Erasmus,Ahmed Raza,1,0,"",""
ball,2,31.6,Namibia,MG Erasmus,CG Williams,Ahmed Raza,0,0,"",""
ball,2,32.1,Namibia,CG Williams,MG Erasmus,Rohan Mustafa,0,0,"",""
ball,2,32.2,Namibia,CG Williams,MG Erasmus,Rohan Mustafa,0,0,"",""
ball,2,32.3,Namibia,CG Williams,MG Erasmus,Rohan Mustafa,1,0,"",""
ball,2,32.4,Namibia,MG Erasmus,CG Williams,Rohan Mustafa,0,0,"",""
ball,2,32.5,Namibia,MG Erasmus,CG Williams,Rohan Mustafa,0,0,"",""
ball,2,32.6,Namibia,MG Erasmus,CG Williams,Rohan Mustafa,1,0,"",""
ball,2,33.1,Namibia,MG Erasmus,CG Williams,Ahmed Raza,2,0,"",""
ball,2,33.2,Namibia,MG Erasmus,CG Williams,Ahmed Raza,1,0,"",""
ball,2,33.3,Namibia,CG Williams,MG Erasmus,Ahmed Raza,0,0,"",""
ball,2,33.4,Namibia,CG Williams,MG Erasmus,Ahmed Raza,0,0,"",""
ball,2,33.5,Namibia,CG Williams,MG Erasmus,Ahmed Raza,0,0,"",""
ball,2,33.6,Namibia,CG Williams,MG Erasmus,Ahmed Raza,0,0,"",""
ball,2,34.1,Namibia,MG Erasmus,CG Williams,Rohan Mustafa,4,0,"",""
ball,2,34.2,Namibia,MG Erasmus,CG Williams,Rohan Mustafa,0,0,"",""
ball,2,34.3,Namibia,MG Erasmus,CG Williams,Rohan Mustafa,1,0,"",""
ball,2,34.4,Namibia,CG Williams,MG Erasmus,Rohan Mustafa,0,0,"",""
ball,2,34.5,Namibia,CG Williams,MG Erasmus,Rohan Mustafa,1,0,"",""
ball,2,34.6,Namibia,MG Erasmus,CG Williams,Rohan Mustafa,1,0,"",""
ball,2,35.1,Namibia,MG Erasmus,CG Williams,KP Meiyappan,0,0,"",""
ball,2,35.2,Namibia,MG Erasmus,CG Williams,KP Meiyappan,1,0,"",""
ball,2,35.3,Namibia,CG Williams,MG Erasmus,KP Meiyappan,0,0,"",""
ball,2,35.4,Namibia,CG Williams,MG Erasmus,KP Meiyappan,1,0,"",""
ball,2,35.5,Namibia,MG Erasmus,CG Williams,KP Meiyappan,0,0,"",""
ball,2,35.6,Namibia,MG Erasmus,CG Williams,KP Meiyappan,0,0,"",""
ball,2,36.1,Namibia,CG Williams,MG Erasmus,Waheed Ahmed,1,0,"",""
ball,2,36.2,Namibia,MG Erasmus,CG Williams,Waheed Ahmed,1,0,"",""
ball,2,36.3,Namibia,CG Williams,MG Erasmus,Waheed Ahmed,1,0,"",""
ball,2,36.4,Namibia,MG Erasmus,CG Williams,Waheed Ahmed,0,0,"",""
ball,2,36.5,Namibia,MG Erasmus,CG Williams,Waheed Ahmed,1,0,"",""
ball,2,36.6,Namibia,CG Williams,MG Erasmus,Waheed Ahmed,1,0,"",""
ball,2,37.1,Namibia,CG Williams,MG Erasmus,KP Meiyappan,1,0,"",""
ball,2,37.2,Namibia,MG Erasmus,CG Williams,KP Meiyappan,1,0,"",""
ball,2,37.3,Namibia,CG Williams,MG Erasmus,KP Meiyappan,0,0,"",""
ball,2,37.4,Namibia,CG Williams,MG Erasmus,KP Meiyappan,0,0,bowled,CG Williams
ball,2,37.5,Namibia,JJ Smit,MG Erasmus,KP Meiyappan,1,0,"",""
ball,2,37.6,Namibia,MG Erasmus,JJ Smit,KP Meiyappan,1,0,"",""
ball,2,38.1,Namibia,MG Erasmus,JJ Smit,Waheed Ahmed,0,0,"",""
ball,2,38.2,Namibia,MG Erasmus,JJ Smit,Waheed Ahmed,0,1,"",""
ball,2,38.3,Namibia,MG Erasmus,JJ Smit,Waheed Ahmed,1,0,"",""
ball,2,38.4,Namibia,JJ Smit,MG Erasmus,Waheed Ahmed,0,0,"",""
ball,2,38.5,Namibia,JJ Smit,MG Erasmus,Waheed Ahmed,1,0,"",""
ball,2,38.6,Namibia,MG Erasmus,JJ Smit,Waheed Ahmed,1,0,"",""
ball,2,38.7,Namibia,JJ Smit,MG Erasmus,Waheed Ahmed,0,0,"",""
ball,2,39.1,Namibia,MG Erasmus,JJ Smit,KP Meiyappan,0,1,"",""
ball,2,39.2,Namibia,MG Erasmus,JJ Smit,KP Meiyappan,0,0,caught,MG Erasmus
ball,2,39.3,Namibia,JN Frylinck,JJ Smit,KP Meiyappan,0,0,"",""
ball,2,39.4,Namibia,JN Frylinck,JJ Smit,KP Meiyappan,0,0,"",""
ball,2,39.5,Namibia,JN Frylinck,JJ Smit,KP Meiyappan,0,2,"",""
ball,2,39.6,Namibia,JN Frylinck,JJ Smit,KP Meiyappan,0,0,"",""
ball,2,39.7,Namibia,JN Frylinck,JJ Smit,KP Meiyappan,0,0,"",""
ball,2,40.1,Namibia,JJ Smit,JN Frylinck,Ahmed Raza,0,0,"",""
ball,2,40.2,Namibia,JJ Smit,JN Frylinck,Ahmed Raza,1,0,"",""
ball,2,40.3,Namibia,JN Frylinck,JJ Smit,Ahmed Raza,2,0,"",""
ball,2,40.4,Namibia,JN Frylinck,JJ Smit,Ahmed Raza,1,0,"",""
ball,2,40.5,Namibia,JJ Smit,JN Frylinck,Ahmed Raza,1,0,"",""
ball,2,40.6,Namibia,JN Frylinck,JJ Smit,Ahmed Raza,1,0,"",""
ball,2,41.1,Namibia,JN Frylinck,JJ Smit,KP Meiyappan,0,0,"",""
ball,2,41.2,Namibia,JN Frylinck,JJ Smit,KP Meiyappan,0,0,"",""
ball,2,41.3,Namibia,JN Frylinck,JJ Smit,KP Meiyappan,0,1,"",""
ball,2,41.4,Namibia,JN Frylinck,JJ Smit,KP Meiyappan,0,0,"",""
ball,2,41.5,Namibia,JN Frylinck,JJ Smit,KP Meiyappan,1,0,"",""
ball,2,41.6,Namibia,JJ Smit,JN Frylinck,KP Meiyappan,0,1,"",""
ball,2,41.7,Namibia,JJ Smit,JN Frylinck,KP Meiyappan,0,0,"",""
ball,2,41.8,Namibia,JJ Smit,JN Frylinck,KP Meiyappan,0,0,"",""
ball,2,42.1,Namibia,JN Frylinck,JJ Smit,Rohan Mustafa,0,0,"",""
ball,2,42.2,Namibia,JN Frylinck,JJ Smit,Rohan Mustafa,2,0,"",""
ball,2,42.3,Namibia,JN Frylinck,JJ Smit,Rohan Mustafa,1,0,"",""
ball,2,42.4,Namibia,JJ Smit,JN Frylinck,Rohan Mustafa,1,0,"",""
ball,2,42.5,Namibia,JN Frylinck,JJ Smit,Rohan Mustafa,1,0,"",""
ball,2,42.6,Namibia,JJ Smit,JN Frylinck,Rohan Mustafa,0,2,"",""
ball,2,42.7,Namibia,JN Frylinck,JJ Smit,Rohan Mustafa,0,0,"",""
ball,2,43.1,Namibia,JJ Smit,JN Frylinck,KP Meiyappan,1,0,"",""
ball,2,43.2,Namibia,JN Frylinck,JJ Smit,KP Meiyappan,1,0,"",""
ball,2,43.3,Namibia,JJ Smit,JN Frylinck,KP Meiyappan,0,0,"",""
ball,2,43.4,Namibia,JJ Smit,JN Frylinck,KP Meiyappan,0,0,caught,JJ Smit
ball,2,43.5,Namibia,JN Frylinck,K Birkenstock,KP Meiyappan,1,0,"",""
ball,2,43.6,Namibia,K Birkenstock,JN Frylinck,KP Meiyappan,0,3,"",""
ball,2,43.7,Namibia,K Birkenstock,JN Frylinck,KP Meiyappan,0,0,"",""
ball,2,44.1,Namibia,JN Frylinck,K Birkenstock,Rohan Mustafa,1,0,"",""
ball,2,44.2,Namibia,K Birkenstock,JN Frylinck,Rohan Mustafa,1,0,"",""
ball,2,44.3,Namibia,JN Frylinck,K Birkenstock,Rohan Mustafa,0,0,"",""
ball,2,44.4,Namibia,JN Frylinck,K Birkenstock,Rohan Mustafa,0,0,"",""
ball,2,44.5,Namibia,JN Frylinck,K Birkenstock,Rohan Mustafa,1,0,"",""
ball,2,44.6,Namibia,K Birkenstock,JN Frylinck,Rohan Mustafa,1,0,"",""
ball,2,45.1,Namibia,K Birkenstock,JN Frylinck,Junaid Siddique (2),1,0,"",""
ball,2,45.2,Namibia,JN Frylinck,K Birkenstock,Junaid Siddique (2),1,0,"",""
ball,2,45.3,Namibia,K Birkenstock,JN Frylinck,Junaid Siddique (2),4,0,"",""
ball,2,45.4,Namibia,K Birkenstock,JN Frylinck,Junaid Siddique (2),0,0,"",""
ball,2,45.5,Namibia,K Birkenstock,JN Frylinck,Junaid Siddique (2),0,1,"",""
ball,2,45.6,Namibia,JN Frylinck,K Birkenstock,Junaid Siddique (2),1,0,"",""
ball,2,46.1,Namibia,JN Frylinck,K Birkenstock,Rohan Mustafa,2,0,"",""
ball,2,46.2,Namibia,JN Frylinck,K Birkenstock,Rohan Mustafa,1,0,"",""
ball,2,46.3,Namibia,K Birkenstock,JN Frylinck,Rohan Mustafa,2,0,"",""
ball,2,46.4,Namibia,K Birkenstock,JN Frylinck,Rohan Mustafa,0,0,"",""
ball,2,46.5,Namibia,K Birkenstock,JN Frylinck,Rohan Mustafa,1,0,"",""
ball,2,46.6,Namibia,JN Frylinck,K Birkenstock,Rohan Mustafa,1,0,"",""
ball,2,47.1,Namibia,JN Frylinck,K Birkenstock,Junaid Siddique (2),1,0,"",""
ball,2,47.2,Namibia,K Birkenstock,JN Frylinck,Junaid Siddique (2),1,0,"",""
ball,2,47.3,Namibia,JN Frylinck,K Birkenstock,Junaid Siddique (2),4,0,"",""
ball,2,47.4,Namibia,JN Frylinck,K Birkenstock,Junaid Siddique (2),0,0,"",""
ball,2,47.5,Namibia,JN Frylinck,K Birkenstock,Junaid Siddique (2),1,0,"",""
ball,2,47.6,Namibia,K Birkenstock,JN Frylinck,Junaid Siddique (2),1,0,"",""
ball,2,48.1,Namibia,K Birkenstock,JN Frylinck,Rohan Mustafa,1,0,"",""
ball,2,48.2,Namibia,JN Frylinck,K Birkenstock,Rohan Mustafa,1,0,"",""
ball,2,48.3,Namibia,K Birkenstock,JN Frylinck,Rohan Mustafa,1,0,"",""
ball,2,48.4,Namibia,JN Frylinck,K Birkenstock,Rohan Mustafa,1,0,"",""
ball,2,48.5,Namibia,K Birkenstock,JN Frylinck,Rohan Mustafa,1,0,"",""
ball,2,48.6,Namibia,JN Frylinck,K Birkenstock,Rohan Mustafa,1,0,"",""
ball,2,49.1,Namibia,JN Frylinck,K Birkenstock,Junaid Siddique (2),0,0,"",""
ball,2,49.2,Namibia,JN Frylinck,K Birkenstock,Junaid Siddique (2),1,0,"",""
ball,2,49.3,Namibia,K Birkenstock,JN Frylinck,Junaid Siddique (2),0,0,run out,K Birkenstock
ball,2,49.4,Namibia,JN Frylinck,HN Ya France,Junaid Siddique (2),2,0,"",""
ball,2,49.5,Namibia,JN Frylinck,HN Ya France,Junaid Siddique (2),0,0,"",""
ball,2,49.6,Namibia,JN Frylinck,HN Ya France,Junaid Siddique (2),0,0,caught,JN Frylinck
