version,1.3.0
info,team,Sri Lanka
info,team,West Indies
info,gender,male
info,season,2019/20
info,date,2020/02/26
info,series,West Indies tour of Sri Lanka 2019/20
info,match_number,2
info,venue,"Mahinda Rajapaksa International Cricket Stadium, Sooriyawewa"
info,city,Hambantota
info,toss_winner,West Indies
info,toss_decision,field
info,player_of_match,WIA Fernando
info,umpire,LE Hannibal
info,umpire,M Erasmus
info,reserve_umpire,RR Wimalasiri
info,tv_umpire,P Wilson
info,match_referee,J Srinath
info,winner,Sri Lanka
info,winner_runs,161
ball,1,0.1,Sri Lanka,WIA Fernando,FDM Karunaratne,SS Cottrell,1,0,"",""
ball,1,0.2,Sri Lanka,FDM Karunaratne,WIA Fernando,SS Cottrell,0,0,"",""
ball,1,0.3,Sri Lanka,FDM Karunaratne,WIA Fernando,SS Cottrell,0,0,"",""
ball,1,0.4,Sri Lanka,FDM Karunaratne,WIA Fernando,SS Cottrell,0,0,"",""
ball,1,0.5,Sri Lanka,FDM Karunaratne,WIA Fernando,SS Cottrell,0,0,"",""
ball,1,0.6,Sri Lanka,FDM Karunaratne,WIA Fernando,SS Cottrell,0,0,"",""
ball,1,1.1,Sri Lanka,WIA Fernando,FDM Karunaratne,JO Holder,0,0,"",""
ball,1,1.2,Sri Lanka,WIA Fernando,FDM Karunaratne,JO Holder,0,0,"",""
ball,1,1.3,Sri Lanka,WIA Fernando,FDM Karunaratne,JO Holder,3,0,"",""
ball,1,1.4,Sri Lanka,FDM Karunaratne,WIA Fernando,JO Holder,1,0,"",""
ball,1,1.5,Sri Lanka,WIA Fernando,FDM Karunaratne,JO Holder,1,0,"",""
ball,1,1.6,Sri Lanka,FDM Karunaratne,WIA Fernando,JO Holder,0,0,"",""
ball,1,2.1,Sri Lanka,WIA Fernando,FDM Karunaratne,SS Cottrell,3,0,"",""
ball,1,2.2,Sri Lanka,FDM Karunaratne,WIA Fernando,SS Cottrell,0,0,caught,FDM Karunaratne
ball,1,2.3,Sri Lanka,MDKJ Perera,WIA Fernando,SS Cottrell,0,0,caught,MDKJ Perera
ball,1,2.4,Sri Lanka,BKG Mendis,WIA Fernando,SS Cottrell,2,0,"",""
ball,1,2.5,Sri Lanka,BKG Mendis,WIA Fernando,SS Cottrell,0,0,"",""
ball,1,2.6,Sri Lanka,BKG Mendis,WIA Fernando,SS Cottrell,0,0,"",""
ball,1,3.1,Sri Lanka,WIA Fernando,BKG Mendis,JO Holder,0,0,"",""
ball,1,3.2,Sri Lanka,WIA Fernando,BKG Mendis,JO Holder,0,0,"",""
ball,1,3.3,Sri Lanka,WIA Fernando,BKG Mendis,JO Holder,1,0,"",""
ball,1,3.4,Sri Lanka,BKG Mendis,WIA Fernando,JO Holder,0,0,"",""
ball,1,3.5,Sri Lanka,BKG Mendis,WIA Fernando,JO Holder,0,0,"",""
ball,1,3.6,Sri Lanka,BKG Mendis,WIA Fernando,JO Holder,0,1,"",""
ball,1,3.7,Sri Lanka,BKG Mendis,WIA Fernando,JO Holder,0,0,"",""
ball,1,4.1,Sri Lanka,WIA Fernando,BKG Mendis,SS Cottrell,0,0,"",""
ball,1,4.2,Sri Lanka,WIA Fernando,BKG Mendis,SS Cottrell,4,0,"",""
ball,1,4.3,Sri Lanka,WIA Fernando,BKG Mendis,SS Cottrell,0,0,"",""
ball,1,4.4,Sri Lanka,WIA Fernando,BKG Mendis,SS Cottrell,0,0,"",""
ball,1,4.5,Sri Lanka,WIA Fernando,BKG Mendis,SS Cottrell,0,0,"",""
ball,1,4.6,Sri Lanka,WIA Fernando,BKG Mendis,SS Cottrell,0,0,"",""
ball,1,5.1,Sri Lanka,BKG Mendis,WIA Fernando,JO Holder,0,0,"",""
ball,1,5.2,Sri Lanka,BKG Mendis,WIA Fernando,JO Holder,3,0,"",""
ball,1,5.3,Sri Lanka,WIA Fernando,BKG Mendis,JO Holder,2,0,"",""
ball,1,5.4,Sri Lanka,WIA Fernando,BKG Mendis,JO Holder,0,0,"",""
ball,1,5.5,Sri Lanka,WIA Fernando,BKG Mendis,JO Holder,0,0,"",""
ball,1,5.6,Sri Lanka,WIA Fernando,BKG Mendis,JO Holder,0,0,"",""
ball,1,6.1,Sri Lanka,BKG Mendis,WIA Fernando,SS Cottrell,2,0,"",""
ball,1,6.2,Sri Lanka,BKG Mendis,WIA Fernando,SS Cottrell,0,1,"",""
ball,1,6.3,Sri Lanka,BKG Mendis,WIA Fernando,SS Cottrell,0,0,"",""
ball,1,6.4,Sri Lanka,BKG Mendis,WIA Fernando,SS Cottrell,4,0,"",""
ball,1,6.5,Sri Lanka,BKG Mendis,WIA Fernando,SS Cottrell,0,0,"",""
ball,1,6.6,Sri Lanka,BKG Mendis,WIA Fernando,SS Cottrell,4,0,"",""
ball,1,6.7,Sri Lanka,BKG Mendis,WIA Fernando,SS Cottrell,0,0,"",""
ball,1,7.1,Sri Lanka,WIA Fernando,BKG Mendis,JO Holder,0,0,"",""
ball,1,7.2,Sri Lanka,WIA Fernando,BKG Mendis,JO Holder,0,0,"",""
ball,1,7.3,Sri Lanka,WIA Fernando,BKG Mendis,JO Holder,4,0,"",""
ball,1,7.4,Sri Lanka,WIA Fernando,BKG Mendis,JO Holder,0,0,"",""
ball,1,7.5,Sri Lanka,WIA Fernando,BKG Mendis,JO Holder,3,0,"",""
ball,1,7.6,Sri Lanka,BKG Mendis,WIA Fernando,JO Holder,1,0,"",""
ball,1,8.1,Sri Lanka,BKG Mendis,WIA Fernando,AS Joseph,0,0,"",""
ball,1,8.2,Sri Lanka,BKG Mendis,WIA Fernando,AS Joseph,0,0,"",""
ball,1,8.3,Sri Lanka,BKG Mendis,WIA Fernando,AS Joseph,1,0,"",""
ball,1,8.4,Sri Lanka,WIA Fernando,BKG Mendis,AS Joseph,0,0,"",""
ball,1,8.5,Sri Lanka,WIA Fernando,BKG Mendis,AS Joseph,1,0,"",""
ball,1,8.6,Sri Lanka,BKG Mendis,WIA Fernando,AS Joseph,0,0,"",""
ball,1,9.1,Sri Lanka,WIA Fernando,BKG Mendis,JO Holder,4,0,"",""
ball,1,9.2,Sri Lanka,WIA Fernando,BKG Mendis,JO Holder,1,0,"",""
ball,1,9.3,Sri Lanka,BKG Mendis,WIA Fernando,JO Holder,0,0,"",""
ball,1,9.4,Sri Lanka,BKG Mendis,WIA Fernando,JO Holder,0,0,"",""
ball,1,9.5,Sri Lanka,BKG Mendis,WIA Fernando,JO Holder,0,0,"",""
ball,1,9.6,Sri Lanka,BKG Mendis,WIA Fernando,JO Holder,0,1,"",""
ball,1,9.7,Sri Lanka,BKG Mendis,WIA Fernando,JO Holder,0,0,"",""
ball,1,10.1,Sri Lanka,WIA Fernando,BKG Mendis,AS Joseph,1,0,"",""
ball,1,10.2,Sri Lanka,BKG Mendis,WIA Fernando,AS Joseph,0,1,"",""
ball,1,10.3,Sri Lanka,BKG Mendis,WIA Fernando,AS Joseph,1,0,"",""
ball,1,10.4,Sri Lanka,WIA Fernando,BKG Mendis,AS Joseph,0,1,"",""
ball,1,10.5,Sri Lanka,WIA Fernando,BKG Mendis,AS Joseph,0,0,"",""
ball,1,10.6,Sri Lanka,WIA Fernando,BKG Mendis,AS Joseph,1,0,"",""
ball,1,10.7,Sri Lanka,BKG Mendis,WIA Fernando,AS Joseph,0,0,"",""
ball,1,10.8,Sri Lanka,BKG Mendis,WIA Fernando,AS Joseph,1,0,"",""
ball,1,11.1,Sri Lanka,BKG Mendis,WIA Fernando,FA Allen,2,0,"",""
ball,1,11.2,Sri Lanka,BKG Mendis,WIA Fernando,FA Allen,0,0,"",""
ball,1,11.3,Sri Lanka,BKG Mendis,WIA Fernando,FA Allen,2,0,"",""
ball,1,11.4,Sri Lanka,BKG Mendis,WIA Fernando,FA Allen,1,0,"",""
ball,1,11.5,Sri Lanka,WIA Fernando,BKG Mendis,FA Allen,0,0,"",""
ball,1,11.6,Sri Lanka,WIA Fernando,BKG Mendis,FA Allen,1,0,"",""
ball,1,12.1,Sri Lanka,WIA Fernando,BKG Mendis,AS Joseph,0,0,"",""
ball,1,12.2,Sri Lanka,WIA Fernando,BKG Mendis,AS Joseph,0,0,"",""
ball,1,12.3,Sri Lanka,WIA Fernando,BKG Mendis,AS Joseph,0,0,"",""
ball,1,12.4,Sri Lanka,WIA Fernando,BKG Mendis,AS Joseph,0,2,"",""
ball,1,12.5,Sri Lanka,WIA Fernando,BKG Mendis,AS Joseph,2,0,"",""
ball,1,12.6,Sri Lanka,WIA Fernando,BKG Mendis,AS Joseph,4,0,"",""
ball,1,13.1,Sri Lanka,BKG Mendis,WIA Fernando,FA Allen,0,0,"",""
ball,1,13.2,Sri Lanka,BKG Mendis,WIA Fernando,FA Allen,0,0,"",""
ball,1,13.3,Sri Lanka,BKG Mendis,WIA Fernando,FA Allen,1,0,"",""
ball,1,13.4,Sri Lanka,WIA Fernando,BKG Mendis,FA Allen,2,0,"",""
ball,1,13.5,Sri Lanka,WIA Fernando,BKG Mendis,FA Allen,0,0,"",""
ball,1,13.6,Sri Lanka,WIA Fernando,BKG Mendis,FA Allen,1,0,"",""
ball,1,14.1,Sri Lanka,WIA Fernando,BKG Mendis,AS Joseph,0,0,"",""
ball,1,14.2,Sri Lanka,WIA Fernando,BKG Mendis,AS Joseph,1,0,"",""
ball,1,14.3,Sri Lanka,BKG Mendis,WIA Fernando,AS Joseph,0,0,"",""
ball,1,14.4,Sri Lanka,BKG Mendis,WIA Fernando,AS Joseph,1,0,"",""
ball,1,14.5,Sri Lanka,WIA Fernando,BKG Mendis,AS Joseph,1,0,"",""
ball,1,14.6,Sri Lanka,BKG Mendis,WIA Fernando,AS Joseph,0,0,"",""
ball,1,15.1,Sri Lanka,WIA Fernando,BKG Mendis,FA Allen,1,0,"",""
ball,1,15.2,Sri Lanka,BKG Mendis,WIA Fernando,FA Allen,0,0,"",""
ball,1,15.3,Sri Lanka,BKG Mendis,WIA Fernando,FA Allen,1,0,"",""
ball,1,15.4,Sri Lanka,WIA Fernando,BKG Mendis,FA Allen,0,0,"",""
ball,1,15.5,Sri Lanka,WIA Fernando,BKG Mendis,FA Allen,1,0,"",""
ball,1,15.6,Sri Lanka,BKG Mendis,WIA Fernando,FA Allen,1,0,"",""
ball,1,16.1,Sri Lanka,BKG Mendis,WIA Fernando,KMA Paul,0,0,"",""
ball,1,16.2,Sri Lanka,BKG Mendis,WIA Fernando,KMA Paul,4,0,"",""
ball,1,16.3,Sri Lanka,BKG Mendis,WIA Fernando,KMA Paul,1,0,"",""
ball,1,16.4,Sri Lanka,WIA Fernando,BKG Mendis,KMA Paul,1,0,"",""
ball,1,16.5,Sri Lanka,BKG Mendis,WIA Fernando,KMA Paul,0,0,"",""
ball,1,16.6,Sri Lanka,BKG Mendis,WIA Fernando,KMA Paul,1,0,"",""
ball,1,17.1,Sri Lanka,BKG Mendis,WIA Fernando,FA Allen,1,0,"",""
ball,1,17.2,Sri Lanka,WIA Fernando,BKG Mendis,FA Allen,1,0,"",""
ball,1,17.3,Sri Lanka,BKG Mendis,WIA Fernando,FA Allen,0,0,"",""
ball,1,17.4,Sri Lanka,BKG Mendis,WIA Fernando,FA Allen,4,0,"",""
ball,1,17.5,Sri Lanka,BKG Mendis,WIA Fernando,FA Allen,0,0,"",""
ball,1,17.6,Sri Lanka,BKG Mendis,WIA Fernando,FA Allen,2,0,"",""
ball,1,18.1,Sri Lanka,WIA Fernando,BKG Mendis,KMA Paul,1,0,"",""
ball,1,18.2,Sri Lanka,BKG Mendis,WIA Fernando,KMA Paul,1,0,"",""
ball,1,18.3,Sri Lanka,WIA Fernando,BKG Mendis,KMA Paul,1,0,"",""
ball,1,18.4,Sri Lanka,BKG Mendis,WIA Fernando,KMA Paul,0,0,"",""
ball,1,18.5,Sri Lanka,BKG Mendis,WIA Fernando,KMA Paul,1,0,"",""
ball,1,18.6,Sri Lanka,WIA Fernando,BKG Mendis,KMA Paul,1,0,"",""
ball,1,19.1,Sri Lanka,WIA Fernando,BKG Mendis,RL Chase,0,0,"",""
ball,1,19.2,Sri Lanka,WIA Fernando,BKG Mendis,RL Chase,0,0,"",""
ball,1,19.3,Sri Lanka,WIA Fernando,BKG Mendis,RL Chase,2,0,"",""
ball,1,19.4,Sri Lanka,WIA Fernando,BKG Mendis,RL Chase,1,0,"",""
ball,1,19.5,Sri Lanka,BKG Mendis,WIA Fernando,RL Chase,0,0,"",""
ball,1,19.6,Sri Lanka,BKG Mendis,WIA Fernando,RL Chase,4,0,"",""
ball,1,20.1,Sri Lanka,WIA Fernando,BKG Mendis,KMA Paul,1,0,"",""
ball,1,20.2,Sri Lanka,BKG Mendis,WIA Fernando,KMA Paul,4,0,"",""
ball,1,20.3,Sri Lanka,BKG Mendis,WIA Fernando,KMA Paul,2,0,"",""
ball,1,20.4,Sri Lanka,BKG Mendis,WIA Fernando,KMA Paul,0,0,"",""
ball,1,20.5,Sri Lanka,BKG Mendis,WIA Fernando,KMA Paul,0,1,"",""
ball,1,20.6,Sri Lanka,BKG Mendis,WIA Fernando,KMA Paul,1,0,"",""
ball,1,20.7,Sri Lanka,WIA Fernando,BKG Mendis,KMA Paul,1,0,"",""
ball,1,21.1,Sri Lanka,WIA Fernando,BKG Mendis,RL Chase,1,0,"",""
ball,1,21.2,Sri Lanka,BKG Mendis,WIA Fernando,RL Chase,1,0,"",""
ball,1,21.3,Sri Lanka,WIA Fernando,BKG Mendis,RL Chase,0,0,"",""
ball,1,21.4,Sri Lanka,WIA Fernando,BKG Mendis,RL Chase,1,0,"",""
ball,1,21.5,Sri Lanka,BKG Mendis,WIA Fernando,RL Chase,0,0,"",""
ball,1,21.6,Sri Lanka,BKG Mendis,WIA Fernando,RL Chase,0,0,"",""
ball,1,22.1,Sri Lanka,WIA Fernando,BKG Mendis,JO Holder,0,0,"",""
ball,1,22.2,Sri Lanka,WIA Fernando,BKG Mendis,JO Holder,1,0,"",""
ball,1,22.3,Sri Lanka,BKG Mendis,WIA Fernando,JO Holder,1,0,"",""
ball,1,22.4,Sri Lanka,WIA Fernando,BKG Mendis,JO Holder,2,0,"",""
ball,1,22.5,Sri Lanka,WIA Fernando,BKG Mendis,JO Holder,0,0,"",""
ball,1,22.6,Sri Lanka,WIA Fernando,BKG Mendis,JO Holder,0,0,"",""
ball,1,23.1,Sri Lanka,BKG Mendis,WIA Fernando,RL Chase,0,0,"",""
ball,1,23.2,Sri Lanka,BKG Mendis,WIA Fernando,RL Chase,0,0,"",""
ball,1,23.3,Sri Lanka,BKG Mendis,WIA Fernando,RL Chase,1,0,"",""
ball,1,23.4,Sri Lanka,WIA Fernando,BKG Mendis,RL Chase,1,0,"",""
ball,1,23.5,Sri Lanka,BKG Mendis,WIA Fernando,RL Chase,1,0,"",""
ball,1,23.6,Sri Lanka,WIA Fernando,BKG Mendis,RL Chase,1,0,"",""
ball,1,24.1,Sri Lanka,WIA Fernando,BKG Mendis,JO Holder,4,0,"",""
ball,1,24.2,Sri Lanka,WIA Fernando,BKG Mendis,JO Holder,1,0,"",""
ball,1,24.3,Sri Lanka,BKG Mendis,WIA Fernando,JO Holder,4,0,"",""
ball,1,24.4,Sri Lanka,BKG Mendis,WIA Fernando,JO Holder,1,0,"",""
ball,1,24.5,Sri Lanka,WIA Fernando,BKG Mendis,JO Holder,0,0,"",""
ball,1,24.6,Sri Lanka,WIA Fernando,BKG Mendis,JO Holder,1,0,"",""
ball,1,25.1,Sri Lanka,WIA Fernando,BKG Mendis,FA Allen,1,0,"",""
ball,1,25.2,Sri Lanka,BKG Mendis,WIA Fernando,FA Allen,0,0,"",""
ball,1,25.3,Sri Lanka,BKG Mendis,WIA Fernando,FA Allen,0,0,"",""
ball,1,25.4,Sri Lanka,BKG Mendis,WIA Fernando,FA Allen,4,0,"",""
ball,1,25.5,Sri Lanka,BKG Mendis,WIA Fernando,FA Allen,0,0,"",""
ball,1,25.6,Sri Lanka,BKG Mendis,WIA Fernando,FA Allen,4,0,"",""
ball,1,26.1,Sri Lanka,WIA Fernando,BKG Mendis,AS Joseph,1,0,"",""
ball,1,26.2,Sri Lanka,BKG Mendis,WIA Fernando,AS Joseph,1,0,"",""
ball,1,26.3,Sri Lanka,WIA Fernando,BKG Mendis,AS Joseph,0,0,"",""
ball,1,26.4,Sri Lanka,WIA Fernando,BKG Mendis,AS Joseph,0,0,"",""
ball,1,26.5,Sri Lanka,WIA Fernando,BKG Mendis,AS Joseph,0,1,"",""
ball,1,26.6,Sri Lanka,WIA Fernando,BKG Mendis,AS Joseph,2,0,"",""
ball,1,26.7,Sri Lanka,WIA Fernando,BKG Mendis,AS Joseph,1,0,"",""
ball,1,27.1,Sri Lanka,WIA Fernando,BKG Mendis,FA Allen,1,0,"",""
ball,1,27.2,Sri Lanka,BKG Mendis,WIA Fernando,FA Allen,0,0,"",""
ball,1,27.3,Sri Lanka,BKG Mendis,WIA Fernando,FA Allen,1,0,"",""
ball,1,27.4,Sri Lanka,WIA Fernando,BKG Mendis,FA Allen,0,0,"",""
ball,1,27.5,Sri Lanka,WIA Fernando,BKG Mendis,FA Allen,1,0,"",""
ball,1,27.6,Sri Lanka,BKG Mendis,WIA Fernando,FA Allen,3,0,"",""
ball,1,28.1,Sri Lanka,BKG Mendis,WIA Fernando,AS Joseph,1,0,"",""
ball,1,28.2,Sri Lanka,WIA Fernando,BKG Mendis,AS Joseph,4,0,"",""
ball,1,28.3,Sri Lanka,WIA Fernando,BKG Mendis,AS Joseph,1,0,"",""
ball,1,28.4,Sri Lanka,BKG Mendis,WIA Fernando,AS Joseph,1,0,"",""
ball,1,28.5,Sri Lanka,WIA Fernando,BKG Mendis,AS Joseph,0,0,"",""
ball,1,28.6,Sri Lanka,WIA Fernando,BKG Mendis,AS Joseph,3,0,"",""
ball,1,29.1,Sri Lanka,WIA Fernando,BKG Mendis,RL Chase,1,0,"",""
ball,1,29.2,Sri Lanka,BKG Mendis,WIA Fernando,RL Chase,0,0,"",""
ball,1,29.3,Sri Lanka,BKG Mendis,WIA Fernando,RL Chase,1,0,"",""
ball,1,29.4,Sri Lanka,WIA Fernando,BKG Mendis,RL Chase,0,0,"",""
ball,1,29.5,Sri Lanka,WIA Fernando,BKG Mendis,RL Chase,1,0,"",""
ball,1,29.6,Sri Lanka,BKG Mendis,WIA Fernando,RL Chase,1,0,"",""
ball,1,30.1,Sri Lanka,BKG Mendis,WIA Fernando,KA Pollard,0,0,"",""
ball,1,30.2,Sri Lanka,BKG Mendis,WIA Fernando,KA Pollard,1,0,"",""
ball,1,30.3,Sri Lanka,WIA Fernando,BKG Mendis,KA Pollard,0,0,"",""
ball,1,30.4,Sri Lanka,WIA Fernando,BKG Mendis,KA Pollard,0,0,"",""
ball,1,30.5,Sri Lanka,WIA Fernando,BKG Mendis,KA Pollard,1,0,"",""
ball,1,30.6,Sri Lanka,BKG Mendis,WIA Fernando,KA Pollard,1,0,"",""
ball,1,31.1,Sri Lanka,BKG Mendis,WIA Fernando,RL Chase,0,0,"",""
ball,1,31.2,Sri Lanka,BKG Mendis,WIA Fernando,RL Chase,2,0,"",""
ball,1,31.3,Sri Lanka,BKG Mendis,WIA Fernando,RL Chase,1,0,"",""
ball,1,31.4,Sri Lanka,WIA Fernando,BKG Mendis,RL Chase,1,0,"",""
ball,1,31.5,Sri Lanka,BKG Mendis,WIA Fernando,RL Chase,2,0,"",""
ball,1,31.6,Sri Lanka,BKG Mendis,WIA Fernando,RL Chase,0,0,"",""
ball,1,32.1,Sri Lanka,WIA Fernando,BKG Mendis,KA Pollard,0,0,"",""
ball,1,32.2,Sri Lanka,WIA Fernando,BKG Mendis,KA Pollard,1,0,"",""
ball,1,32.3,Sri Lanka,BKG Mendis,WIA Fernando,KA Pollard,2,0,"",""
ball,1,32.4,Sri Lanka,BKG Mendis,WIA Fernando,KA Pollard,0,0,"",""
ball,1,32.5,Sri Lanka,BKG Mendis,WIA Fernando,KA Pollard,0,1,"",""
ball,1,32.6,Sri Lanka,BKG Mendis,WIA Fernando,KA Pollard,0,0,"",""
ball,1,32.7,Sri Lanka,BKG Mendis,WIA Fernando,KA Pollard,3,0,"",""
ball,1,33.1,Sri Lanka,BKG Mendis,WIA Fernando,RL Chase,1,0,"",""
ball,1,33.2,Sri Lanka,WIA Fernando,BKG Mendis,RL Chase,1,0,"",""
ball,1,33.3,Sri Lanka,BKG Mendis,WIA Fernando,RL Chase,1,0,"",""
ball,1,33.4,Sri Lanka,WIA Fernando,BKG Mendis,RL Chase,2,0,"",""
ball,1,33.5,Sri Lanka,WIA Fernando,BKG Mendis,RL Chase,1,0,"",""
ball,1,33.6,Sri Lanka,BKG Mendis,WIA Fernando,RL Chase,1,0,"",""
ball,1,34.1,Sri Lanka,BKG Mendis,WIA Fernando,SS Cottrell,0,0,"",""
ball,1,34.2,Sri Lanka,BKG Mendis,WIA Fernando,SS Cottrell,1,0,"",""
ball,1,34.3,Sri Lanka,WIA Fernando,BKG Mendis,SS Cottrell,1,0,"",""
ball,1,34.4,Sri Lanka,BKG Mendis,WIA Fernando,SS Cottrell,1,0,"",""
ball,1,34.5,Sri Lanka,WIA Fernando,BKG Mendis,SS Cottrell,0,0,"",""
ball,1,34.6,Sri Lanka,WIA Fernando,BKG Mendis,SS Cottrell,1,0,"",""
ball,1,35.1,Sri Lanka,WIA Fernando,BKG Mendis,KMA Paul,1,0,"",""
ball,1,35.2,Sri Lanka,BKG Mendis,WIA Fernando,KMA Paul,0,0,"",""
ball,1,35.3,Sri Lanka,BKG Mendis,WIA Fernando,KMA Paul,1,0,"",""
ball,1,35.4,Sri Lanka,WIA Fernando,BKG Mendis,KMA Paul,1,0,"",""
ball,1,35.5,Sri Lanka,BKG Mendis,WIA Fernando,KMA Paul,1,0,"",""
ball,1,35.6,Sri Lanka,WIA Fernando,BKG Mendis,KMA Paul,0,0,"",""
ball,1,36.1,Sri Lanka,BKG Mendis,WIA Fernando,SS Cottrell,0,0,"",""
ball,1,36.2,Sri Lanka,BKG Mendis,WIA Fernando,SS Cottrell,0,0,"",""
ball,1,36.3,Sri Lanka,BKG Mendis,WIA Fernando,SS Cottrell,1,0,"",""
ball,1,36.4,Sri Lanka,WIA Fernando,BKG Mendis,SS Cottrell,1,0,"",""
ball,1,36.5,Sri Lanka,BKG Mendis,WIA Fernando,SS Cottrell,1,0,"",""
ball,1,36.6,Sri Lanka,WIA Fernando,BKG Mendis,SS Cottrell,1,0,"",""
ball,1,37.1,Sri Lanka,WIA Fernando,BKG Mendis,KMA Paul,1,0,"",""
ball,1,37.2,Sri Lanka,BKG Mendis,WIA Fernando,KMA Paul,0,0,"",""
ball,1,37.3,Sri Lanka,BKG Mendis,WIA Fernando,KMA Paul,1,0,"",""
ball,1,37.4,Sri Lanka,WIA Fernando,BKG Mendis,KMA Paul,1,0,"",""
ball,1,37.5,Sri Lanka,BKG Mendis,WIA Fernando,KMA Paul,1,0,"",""
ball,1,37.6,Sri Lanka,WIA Fernando,BKG Mendis,KMA Paul,1,0,"",""
ball,1,38.1,Sri Lanka,WIA Fernando,BKG Mendis,SS Cottrell,0,0,"",""
ball,1,38.2,Sri Lanka,WIA Fernando,BKG Mendis,SS Cottrell,0,3,"",""
ball,1,38.3,Sri Lanka,WIA Fernando,BKG Mendis,SS Cottrell,1,0,"",""
ball,1,38.4,Sri Lanka,BKG Mendis,WIA Fernando,SS Cottrell,0,0,"",""
ball,1,38.5,Sri Lanka,BKG Mendis,WIA Fernando,SS Cottrell,4,0,"",""
ball,1,38.6,Sri Lanka,BKG Mendis,WIA Fernando,SS Cottrell,4,0,"",""
ball,1,38.7,Sri Lanka,BKG Mendis,WIA Fernando,SS Cottrell,1,0,"",""
ball,1,39.1,Sri Lanka,BKG Mendis,WIA Fernando,KA Pollard,4,0,"",""
ball,1,39.2,Sri Lanka,BKG Mendis,WIA Fernando,KA Pollard,1,0,"",""
ball,1,39.3,Sri Lanka,WIA Fernando,BKG Mendis,KA Pollard,4,0,"",""
ball,1,39.4,Sri Lanka,WIA Fernando,BKG Mendis,KA Pollard,4,0,"",""
ball,1,39.5,Sri Lanka,WIA Fernando,BKG Mendis,KA Pollard,4,0,"",""
ball,1,39.6,Sri Lanka,WIA Fernando,BKG Mendis,KA Pollard,2,0,"",""
ball,1,40.1,Sri Lanka,BKG Mendis,WIA Fernando,AS Joseph,2,0,"",""
ball,1,40.2,Sri Lanka,BKG Mendis,WIA Fernando,AS Joseph,0,0,caught,BKG Mendis
ball,1,40.3,Sri Lanka,WIA Fernando,NLTC Perera,AS Joseph,1,0,"",""
ball,1,40.4,Sri Lanka,NLTC Perera,WIA Fernando,AS Joseph,1,0,"",""
ball,1,40.5,Sri Lanka,WIA Fernando,NLTC Perera,AS Joseph,1,0,"",""
ball,1,40.6,Sri Lanka,NLTC Perera,WIA Fernando,AS Joseph,0,0,"",""
ball,1,41.1,Sri Lanka,WIA Fernando,NLTC Perera,JO Holder,1,0,"",""
ball,1,41.2,Sri Lanka,NLTC Perera,WIA Fernando,JO Holder,4,0,"",""
ball,1,41.3,Sri Lanka,NLTC Perera,WIA Fernando,JO Holder,1,0,"",""
ball,1,41.4,Sri Lanka,WIA Fernando,NLTC Perera,JO Holder,4,0,"",""
ball,1,41.5,Sri Lanka,WIA Fernando,NLTC Perera,JO Holder,2,0,"",""
ball,1,41.6,Sri Lanka,WIA Fernando,NLTC Perera,JO Holder,1,1,"",""
ball,1,41.7,Sri Lanka,NLTC Perera,WIA Fernando,JO Holder,4,0,"",""
ball,1,42.1,Sri Lanka,WIA Fernando,NLTC Perera,AS Joseph,2,0,"",""
ball,1,42.2,Sri Lanka,WIA Fernando,NLTC Perera,AS Joseph,0,0,caught,WIA Fernando
ball,1,42.3,Sri Lanka,NLTC Perera,AD Mathews,AS Joseph,1,0,"",""
ball,1,42.4,Sri Lanka,AD Mathews,NLTC Perera,AS Joseph,1,0,"",""
ball,1,42.5,Sri Lanka,NLTC Perera,AD Mathews,AS Joseph,1,0,"",""
ball,1,42.6,Sri Lanka,AD Mathews,NLTC Perera,AS Joseph,0,0,bowled,AD Mathews
ball,1,43.1,Sri Lanka,NLTC Perera,DM de Silva,KMA Paul,4,0,"",""
ball,1,43.2,Sri Lanka,NLTC Perera,DM de Silva,KMA Paul,1,0,"",""
ball,1,43.3,Sri Lanka,DM de Silva,NLTC Perera,KMA Paul,4,0,"",""
ball,1,43.4,Sri Lanka,DM de Silva,NLTC Perera,KMA Paul,3,0,"",""
ball,1,43.5,Sri Lanka,NLTC Perera,DM de Silva,KMA Paul,2,0,"",""
ball,1,43.6,Sri Lanka,NLTC Perera,DM de Silva,KMA Paul,1,0,"",""
ball,1,44.1,Sri Lanka,NLTC Perera,DM de Silva,AS Joseph,4,0,"",""
ball,1,44.2,Sri Lanka,NLTC Perera,DM de Silva,AS Joseph,1,0,"",""
ball,1,44.3,Sri Lanka,DM de Silva,NLTC Perera,AS Joseph,1,0,"",""
ball,1,44.4,Sri Lanka,NLTC Perera,DM de Silva,AS Joseph,0,0,"",""
ball,1,44.5,Sri Lanka,NLTC Perera,DM de Silva,AS Joseph,0,0,"",""
ball,1,44.6,Sri Lanka,NLTC Perera,DM de Silva,AS Joseph,1,0,"",""
ball,1,45.1,Sri Lanka,NLTC Perera,DM de Silva,SS Cottrell,2,0,"",""
ball,1,45.2,Sri Lanka,NLTC Perera,DM de Silva,SS Cottrell,1,0,"",""
ball,1,45.3,Sri Lanka,DM de Silva,NLTC Perera,SS Cottrell,4,0,"",""
ball,1,45.4,Sri Lanka,DM de Silva,NLTC Perera,SS Cottrell,0,0,bowled,DM de Silva
ball,1,45.5,Sri Lanka,PWH de Silva,NLTC Perera,SS Cottrell,0,0,"",""
ball,1,45.6,Sri Lanka,PWH de Silva,NLTC Perera,SS Cottrell,4,0,"",""
ball,1,46.1,Sri Lanka,NLTC Perera,PWH de Silva,AS Joseph,2,0,"",""
ball,1,46.2,Sri Lanka,NLTC Perera,PWH de Silva,AS Joseph,1,0,"",""
ball,1,46.3,Sri Lanka,PWH de Silva,NLTC Perera,AS Joseph,1,0,"",""
ball,1,46.4,Sri Lanka,NLTC Perera,PWH de Silva,AS Joseph,2,0,"",""
ball,1,46.5,Sri Lanka,NLTC Perera,PWH de Silva,AS Joseph,0,0,"",""
ball,1,46.6,Sri Lanka,NLTC Perera,PWH de Silva,AS Joseph,1,0,"",""
ball,1,47.1,Sri Lanka,NLTC Perera,PWH de Silva,SS Cottrell,1,0,"",""
ball,1,47.2,Sri Lanka,PWH de Silva,NLTC Perera,SS Cottrell,1,0,"",""
ball,1,47.3,Sri Lanka,NLTC Perera,PWH de Silva,SS Cottrell,0,0,bowled,NLTC Perera
ball,1,47.4,Sri Lanka,I Udana,PWH de Silva,SS Cottrell,0,0,"",""
ball,1,47.5,Sri Lanka,I Udana,PWH de Silva,SS Cottrell,0,0,"",""
ball,1,47.6,Sri Lanka,I Udana,PWH de Silva,SS Cottrell,0,0,"",""
ball,1,48.1,Sri Lanka,PWH de Silva,I Udana,KMA Paul,4,0,"",""
ball,1,48.2,Sri Lanka,PWH de Silva,I Udana,KMA Paul,2,0,"",""
ball,1,48.3,Sri Lanka,PWH de Silva,I Udana,KMA Paul,1,0,"",""
ball,1,48.4,Sri Lanka,I Udana,PWH de Silva,KMA Paul,2,0,"",""
ball,1,48.5,Sri Lanka,I Udana,PWH de Silva,KMA Paul,4,0,"",""
ball,1,48.6,Sri Lanka,I Udana,PWH de Silva,KMA Paul,3,0,"",""
ball,1,49.1,Sri Lanka,I Udana,PWH de Silva,SS Cottrell,4,0,"",""
ball,1,49.2,Sri Lanka,I Udana,PWH de Silva,SS Cottrell,3,0,"",""
ball,1,49.3,Sri Lanka,PWH de Silva,I Udana,SS Cottrell,4,0,"",""
ball,1,49.4,Sri Lanka,PWH de Silva,I Udana,SS Cottrell,0,1,"",""
ball,1,49.5,Sri Lanka,I Udana,PWH de Silva,SS Cottrell,1,0,"",""
ball,1,49.6,Sri Lanka,PWH de Silva,I Udana,SS Cottrell,0,0,run out,PWH de Silva
ball,2,0.1,West Indies,SD Hope,SW Ambris,N Pradeep,2,0,"",""
ball,2,0.2,West Indies,SD Hope,SW Ambris,N Pradeep,0,0,"",""
ball,2,0.3,West Indies,SD Hope,SW Ambris,N Pradeep,0,0,"",""
ball,2,0.4,West Indies,SD Hope,SW Ambris,N Pradeep,2,0,"",""
ball,2,0.5,West Indies,SD Hope,SW Ambris,N Pradeep,0,0,"",""
ball,2,0.6,West Indies,SD Hope,SW Ambris,N Pradeep,0,0,"",""
ball,2,1.1,West Indies,SW Ambris,SD Hope,NLTC Perera,1,0,"",""
ball,2,1.2,West Indies,SD Hope,SW Ambris,NLTC Perera,0,0,"",""
ball,2,1.3,West Indies,SD Hope,SW Ambris,NLTC Perera,0,0,"",""
ball,2,1.4,West Indies,SD Hope,SW Ambris,NLTC Perera,0,0,"",""
ball,2,1.5,West Indies,SD Hope,SW Ambris,NLTC Perera,0,0,"",""
ball,2,1.6,West Indies,SD Hope,SW Ambris,NLTC Perera,1,0,"",""
ball,2,2.1,West Indies,SD Hope,SW Ambris,N Pradeep,1,0,"",""
ball,2,2.2,West Indies,SW Ambris,SD Hope,N Pradeep,0,0,"",""
ball,2,2.3,West Indies,SW Ambris,SD Hope,N Pradeep,0,0,"",""
ball,2,2.4,West Indies,SW Ambris,SD Hope,N Pradeep,0,1,"",""
ball,2,2.5,West Indies,SW Ambris,SD Hope,N Pradeep,0,0,"",""
ball,2,2.6,West Indies,SW Ambris,SD Hope,N Pradeep,1,0,"",""
ball,2,2.7,West Indies,SD Hope,SW Ambris,N Pradeep,1,0,"",""
ball,2,3.1,West Indies,SD Hope,SW Ambris,NLTC Perera,0,0,"",""
ball,2,3.2,West Indies,SD Hope,SW Ambris,NLTC Perera,0,0,"",""
ball,2,3.3,West Indies,SD Hope,SW Ambris,NLTC Perera,0,0,"",""
ball,2,3.4,West Indies,SD Hope,SW Ambris,NLTC Perera,0,0,"",""
ball,2,3.5,West Indies,SD Hope,SW Ambris,NLTC Perera,4,0,"",""
ball,2,3.6,West Indies,SD Hope,SW Ambris,NLTC Perera,1,0,"",""
ball,2,4.1,West Indies,SD Hope,SW Ambris,N Pradeep,4,0,"",""
ball,2,4.2,West Indies,SD Hope,SW Ambris,N Pradeep,1,0,"",""
ball,2,4.3,West Indies,SW Ambris,SD Hope,N Pradeep,0,0,"",""
ball,2,4.4,West Indies,SW Ambris,SD Hope,N Pradeep,4,0,"",""
ball,2,4.5,West Indies,SW Ambris,SD Hope,N Pradeep,0,0,"",""
ball,2,4.6,West Indies,SW Ambris,SD Hope,N Pradeep,0,0,"",""
ball,2,5.1,West Indies,SD Hope,SW Ambris,NLTC Perera,0,0,"",""
ball,2,5.2,West Indies,SD Hope,SW Ambris,NLTC Perera,0,0,"",""
ball,2,5.3,West Indies,SD Hope,SW Ambris,NLTC Perera,3,0,"",""
ball,2,5.4,West Indies,SW Ambris,SD Hope,NLTC Perera,0,0,"",""
ball,2,5.5,West Indies,SW Ambris,SD Hope,NLTC Perera,1,0,"",""
ball,2,5.6,West Indies,SD Hope,SW Ambris,NLTC Perera,1,0,"",""
ball,2,6.1,West Indies,SD Hope,SW Ambris,N Pradeep,4,0,"",""
ball,2,6.2,West Indies,SD Hope,SW Ambris,N Pradeep,0,0,"",""
ball,2,6.3,West Indies,SD Hope,SW Ambris,N Pradeep,4,0,"",""
ball,2,6.4,West Indies,SD Hope,SW Ambris,N Pradeep,2,0,"",""
ball,2,6.5,West Indies,SD Hope,SW Ambris,N Pradeep,1,0,"",""
ball,2,6.6,West Indies,SW Ambris,SD Hope,N Pradeep,0,0,"",""
ball,2,7.1,West Indies,SD Hope,SW Ambris,NLTC Perera,0,0,"",""
ball,2,7.2,West Indies,SD Hope,SW Ambris,NLTC Perera,0,0,"",""
ball,2,7.3,West Indies,SD Hope,SW Ambris,NLTC Perera,0,0,"",""
ball,2,7.4,West Indies,SD Hope,SW Ambris,NLTC Perera,1,0,"",""
ball,2,7.5,West Indies,SW Ambris,SD Hope,NLTC Perera,3,0,"",""
ball,2,7.6,West Indies,SD Hope,SW Ambris,NLTC Perera,0,0,"",""
ball,2,8.1,West Indies,SW Ambris,SD Hope,I Udana,1,0,"",""
ball,2,8.2,West Indies,SD Hope,SW Ambris,I Udana,0,0,"",""
ball,2,8.3,West Indies,SD Hope,SW Ambris,I Udana,4,0,"",""
ball,2,8.4,West Indies,SD Hope,SW Ambris,I Udana,3,0,"",""
ball,2,8.5,West Indies,SW Ambris,SD Hope,I Udana,0,0,"",""
ball,2,8.6,West Indies,SW Ambris,SD Hope,I Udana,0,0,"",""
ball,2,9.1,West Indies,SD Hope,SW Ambris,NLTC Perera,0,0,"",""
ball,2,9.2,West Indies,SD Hope,SW Ambris,NLTC Perera,1,0,"",""
ball,2,9.3,West Indies,SW Ambris,SD Hope,NLTC Perera,1,0,"",""
ball,2,9.4,West Indies,SD Hope,SW Ambris,NLTC Perera,0,0,"",""
ball,2,9.5,West Indies,SD Hope,SW Ambris,NLTC Perera,0,0,"",""
ball,2,9.6,West Indies,SD Hope,SW Ambris,NLTC Perera,0,0,"",""
ball,2,10.1,West Indies,SW Ambris,SD Hope,I Udana,1,0,"",""
ball,2,10.2,West Indies,SD Hope,SW Ambris,I Udana,0,0,"",""
ball,2,10.3,West Indies,SD Hope,SW Ambris,I Udana,1,0,"",""
ball,2,10.4,West Indies,SW Ambris,SD Hope,I Udana,1,0,"",""
ball,2,10.5,West Indies,SD Hope,SW Ambris,I Udana,1,0,"",""
ball,2,10.6,West Indies,SW Ambris,SD Hope,I Udana,0,0,"",""
ball,2,11.1,West Indies,SD Hope,SW Ambris,AD Mathews,1,0,"",""
ball,2,11.2,West Indies,SW Ambris,SD Hope,AD Mathews,0,0,"",""
ball,2,11.3,West Indies,SW Ambris,SD Hope,AD Mathews,1,0,"",""
ball,2,11.4,West Indies,SD Hope,SW Ambris,AD Mathews,0,0,"",""
ball,2,11.5,West Indies,SD Hope,SW Ambris,AD Mathews,1,0,"",""
ball,2,11.6,West Indies,SW Ambris,SD Hope,AD Mathews,1,0,"",""
ball,2,12.1,West Indies,SW Ambris,SD Hope,I Udana,0,1,"",""
ball,2,12.2,West Indies,SW Ambris,SD Hope,I Udana,1,0,"",""
ball,2,12.3,West Indies,SD Hope,SW Ambris,I Udana,0,0,run out,SW Ambris
ball,2,12.4,West Indies,SD Hope,DM Bravo,I Udana,0,0,"",""
ball,2,12.5,West Indies,SD Hope,DM Bravo,I Udana,1,0,"",""
ball,2,12.6,West Indies,DM Bravo,SD Hope,I Udana,0,0,"",""
ball,2,12.7,West Indies,DM Bravo,SD Hope,I Udana,0,0,"",""
ball,2,13.1,West Indies,SD Hope,DM Bravo,AD Mathews,0,0,"",""
ball,2,13.2,West Indies,SD Hope,DM Bravo,AD Mathews,1,0,"",""
ball,2,13.3,West Indies,DM Bravo,SD Hope,AD Mathews,4,0,"",""
ball,2,13.4,West Indies,DM Bravo,SD Hope,AD Mathews,1,0,"",""
ball,2,13.5,West Indies,SD Hope,DM Bravo,AD Mathews,0,0,"",""
ball,2,13.6,West Indies,SD Hope,DM Bravo,AD Mathews,0,0,"",""
ball,2,14.1,West Indies,DM Bravo,SD Hope,I Udana,0,0,"",""
ball,2,14.2,West Indies,DM Bravo,SD Hope,I Udana,0,0,"",""
ball,2,14.3,West Indies,DM Bravo,SD Hope,I Udana,3,0,"",""
ball,2,14.4,West Indies,SD Hope,DM Bravo,I Udana,1,0,"",""
ball,2,14.5,West Indies,DM Bravo,SD Hope,I Udana,0,0,"",""
ball,2,14.6,West Indies,DM Bravo,SD Hope,I Udana,2,0,"",""
ball,2,15.1,West Indies,SD Hope,DM Bravo,AD Mathews,0,0,"",""
ball,2,15.2,West Indies,SD Hope,DM Bravo,AD Mathews,0,0,"",""
ball,2,15.3,West Indies,SD Hope,DM Bravo,AD Mathews,0,0,"",""
ball,2,15.4,West Indies,SD Hope,DM Bravo,AD Mathews,1,0,"",""
ball,2,15.5,West Indies,DM Bravo,SD Hope,AD Mathews,0,0,"",""
ball,2,15.6,West Indies,DM Bravo,SD Hope,AD Mathews,1,0,"",""
ball,2,16.1,West Indies,DM Bravo,SD Hope,PWH de Silva,0,0,"",""
ball,2,16.2,West Indies,DM Bravo,SD Hope,PWH de Silva,1,0,"",""
ball,2,16.3,West Indies,SD Hope,DM Bravo,PWH de Silva,1,0,"",""
ball,2,16.4,West Indies,DM Bravo,SD Hope,PWH de Silva,1,0,"",""
ball,2,16.5,West Indies,SD Hope,DM Bravo,PWH de Silva,0,0,"",""
ball,2,16.6,West Indies,SD Hope,DM Bravo,PWH de Silva,1,0,"",""
ball,2,17.1,West Indies,SD Hope,DM Bravo,AD Mathews,0,0,caught,SD Hope
ball,2,17.2,West Indies,RL Chase,DM Bravo,AD Mathews,0,0,"",""
ball,2,17.3,West Indies,RL Chase,DM Bravo,AD Mathews,0,0,"",""
ball,2,17.4,West Indies,RL Chase,DM Bravo,AD Mathews,1,0,"",""
ball,2,17.5,West Indies,DM Bravo,RL Chase,AD Mathews,0,0,"",""
ball,2,17.6,West Indies,DM Bravo,RL Chase,AD Mathews,1,0,"",""
ball,2,18.1,West Indies,DM Bravo,RL Chase,PWH de Silva,0,0,"",""
ball,2,18.2,West Indies,DM Bravo,RL Chase,PWH de Silva,0,0,"",""
ball,2,18.3,West Indies,DM Bravo,RL Chase,PWH de Silva,0,0,"",""
ball,2,18.4,West Indies,DM Bravo,RL Chase,PWH de Silva,0,0,"",""
ball,2,18.5,West Indies,DM Bravo,RL Chase,PWH de Silva,1,0,"",""
ball,2,18.6,West Indies,RL Chase,DM Bravo,PWH de Silva,1,0,"",""
ball,2,19.1,West Indies,RL Chase,DM Bravo,AD Mathews,1,0,"",""
ball,2,19.2,West Indies,DM Bravo,RL Chase,AD Mathews,1,0,"",""
ball,2,19.3,West Indies,RL Chase,DM Bravo,AD Mathews,0,0,"",""
ball,2,19.4,West Indies,RL Chase,DM Bravo,AD Mathews,0,0,"",""
ball,2,19.5,West Indies,RL Chase,DM Bravo,AD Mathews,0,0,"",""
ball,2,19.6,West Indies,RL Chase,DM Bravo,AD Mathews,4,0,"",""
ball,2,20.1,West Indies,DM Bravo,RL Chase,PWH de Silva,0,0,caught,DM Bravo
ball,2,20.2,West Indies,N Pooran,RL Chase,PWH de Silva,0,0,"",""
ball,2,20.3,West Indies,N Pooran,RL Chase,PWH de Silva,1,0,"",""
ball,2,20.4,West Indies,RL Chase,N Pooran,PWH de Silva,0,0,"",""
ball,2,20.5,West Indies,RL Chase,N Pooran,PWH de Silva,0,0,"",""
ball,2,20.6,West Indies,RL Chase,N Pooran,PWH de Silva,1,0,"",""
ball,2,21.1,West Indies,RL Chase,N Pooran,PADLR Sandakan,1,0,"",""
ball,2,21.2,West Indies,N Pooran,RL Chase,PADLR Sandakan,0,0,"",""
ball,2,21.3,West Indies,N Pooran,RL Chase,PADLR Sandakan,0,0,"",""
ball,2,21.4,West Indies,N Pooran,RL Chase,PADLR Sandakan,0,0,"",""
ball,2,21.5,West Indies,N Pooran,RL Chase,PADLR Sandakan,1,0,"",""
ball,2,21.6,West Indies,RL Chase,N Pooran,PADLR Sandakan,0,0,"",""
ball,2,22.1,West Indies,N Pooran,RL Chase,PWH de Silva,1,0,"",""
ball,2,22.2,West Indies,RL Chase,N Pooran,PWH de Silva,0,0,"",""
ball,2,22.3,West Indies,RL Chase,N Pooran,PWH de Silva,0,0,"",""
ball,2,22.4,West Indies,RL Chase,N Pooran,PWH de Silva,2,0,"",""
ball,2,22.5,West Indies,RL Chase,N Pooran,PWH de Silva,1,0,"",""
ball,2,22.6,West Indies,N Pooran,RL Chase,PWH de Silva,0,1,"",""
ball,2,23.1,West Indies,N Pooran,RL Chase,PADLR Sandakan,1,0,"",""
ball,2,23.2,West Indies,RL Chase,N Pooran,PADLR Sandakan,0,3,"",""
ball,2,23.3,West Indies,RL Chase,N Pooran,PADLR Sandakan,1,0,"",""
ball,2,23.4,West Indies,N Pooran,RL Chase,PADLR Sandakan,0,0,"",""
ball,2,23.5,West Indies,N Pooran,RL Chase,PADLR Sandakan,1,0,"",""
ball,2,23.6,West Indies,RL Chase,N Pooran,PADLR Sandakan,1,0,"",""
ball,2,23.7,West Indies,N Pooran,RL Chase,PADLR Sandakan,0,0,"",""
ball,2,24.1,West Indies,RL Chase,N Pooran,PWH de Silva,1,0,"",""
ball,2,24.2,West Indies,N Pooran,RL Chase,PWH de Silva,0,0,"",""
ball,2,24.3,West Indies,N Pooran,RL Chase,PWH de Silva,0,0,"",""
ball,2,24.4,West Indies,N Pooran,RL Chase,PWH de Silva,1,0,"",""
ball,2,24.5,West Indies,RL Chase,N Pooran,PWH de Silva,0,0,"",""
ball,2,24.6,West Indies,RL Chase,N Pooran,PWH de Silva,1,0,"",""
ball,2,25.1,West Indies,RL Chase,N Pooran,PADLR Sandakan,1,0,"",""
ball,2,25.2,West Indies,N Pooran,RL Chase,PADLR Sandakan,0,0,"",""
ball,2,25.3,West Indies,N Pooran,RL Chase,PADLR Sandakan,3,0,"",""
ball,2,25.4,West Indies,RL Chase,N Pooran,PADLR Sandakan,0,0,"",""
ball,2,25.5,West Indies,RL Chase,N Pooran,PADLR Sandakan,1,0,"",""
ball,2,25.6,West Indies,N Pooran,RL Chase,PADLR Sandakan,0,0,"",""
ball,2,26.1,West Indies,RL Chase,N Pooran,PWH de Silva,1,0,"",""
ball,2,26.2,West Indies,N Pooran,RL Chase,PWH de Silva,0,0,"",""
ball,2,26.3,West Indies,N Pooran,RL Chase,PWH de Silva,0,0,"",""
ball,2,26.4,West Indies,N Pooran,RL Chase,PWH de Silva,1,0,"",""
ball,2,26.5,West Indies,RL Chase,N Pooran,PWH de Silva,1,0,"",""
ball,2,26.6,West Indies,N Pooran,RL Chase,PWH de Silva,1,0,"",""
ball,2,27.1,West Indies,N Pooran,RL Chase,PADLR Sandakan,4,0,"",""
ball,2,27.2,West Indies,N Pooran,RL Chase,PADLR Sandakan,0,0,"",""
ball,2,27.3,West Indies,N Pooran,RL Chase,PADLR Sandakan,4,0,"",""
ball,2,27.4,West Indies,N Pooran,RL Chase,PADLR Sandakan,1,0,"",""
ball,2,27.5,West Indies,RL Chase,N Pooran,PADLR Sandakan,0,0,"",""
ball,2,27.6,West Indies,RL Chase,N Pooran,PADLR Sandakan,0,0,bowled,RL Chase
ball,2,28.1,West Indies,N Pooran,KA Pollard,PWH de Silva,1,0,"",""
ball,2,28.2,West Indies,KA Pollard,N Pooran,PWH de Silva,0,0,bowled,KA Pollard
ball,2,28.3,West Indies,JO Holder,N Pooran,PWH de Silva,0,0,"",""
ball,2,28.4,West Indies,JO Holder,N Pooran,PWH de Silva,0,0,"",""
ball,2,28.5,West Indies,JO Holder,N Pooran,PWH de Silva,0,0,"",""
ball,2,28.6,West Indies,JO Holder,N Pooran,PWH de Silva,1,0,"",""
ball,2,29.1,West Indies,JO Holder,N Pooran,PADLR Sandakan,1,0,"",""
ball,2,29.2,West Indies,N Pooran,JO Holder,PADLR Sandakan,0,0,"",""
ball,2,29.3,West Indies,N Pooran,JO Holder,PADLR Sandakan,0,0,"",""
ball,2,29.4,West Indies,N Pooran,JO Holder,PADLR Sandakan,2,0,"",""
ball,2,29.5,West Indies,N Pooran,JO Holder,PADLR Sandakan,0,0,"",""
ball,2,29.6,West Indies,N Pooran,JO Holder,PADLR Sandakan,0,0,"",""
ball,2,30.1,West Indies,JO Holder,N Pooran,PWH de Silva,0,0,"",""
ball,2,30.2,West Indies,JO Holder,N Pooran,PWH de Silva,1,0,"",""
ball,2,30.3,West Indies,N Pooran,JO Holder,PWH de Silva,0,0,"",""
ball,2,30.4,West Indies,N Pooran,JO Holder,PWH de Silva,1,0,"",""
ball,2,30.5,West Indies,JO Holder,N Pooran,PWH de Silva,0,0,bowled,JO Holder
ball,2,30.6,West Indies,KMA Paul,N Pooran,PWH de Silva,0,0,"",""
ball,2,31.1,West Indies,N Pooran,KMA Paul,PADLR Sandakan,4,0,"",""
ball,2,31.2,West Indies,N Pooran,KMA Paul,PADLR Sandakan,1,0,"",""
ball,2,31.3,West Indies,KMA Paul,N Pooran,PADLR Sandakan,0,0,"",""
ball,2,31.4,West Indies,KMA Paul,N Pooran,PADLR Sandakan,0,0,"",""
ball,2,31.5,West Indies,KMA Paul,N Pooran,PADLR Sandakan,0,0,"",""
ball,2,31.6,West Indies,KMA Paul,N Pooran,PADLR Sandakan,0,0,"",""
ball,2,32.1,West Indies,N Pooran,KMA Paul,PWH de Silva,0,0,"",""
ball,2,32.2,West Indies,N Pooran,KMA Paul,PWH de Silva,1,0,"",""
ball,2,32.3,West Indies,KMA Paul,N Pooran,PWH de Silva,0,0,"",""
ball,2,32.4,West Indies,KMA Paul,N Pooran,PWH de Silva,0,0,"",""
ball,2,32.5,West Indies,KMA Paul,N Pooran,PWH de Silva,4,0,"",""
ball,2,32.6,West Indies,KMA Paul,N Pooran,PWH de Silva,1,0,"",""
ball,2,33.1,West Indies,KMA Paul,N Pooran,PADLR Sandakan,2,0,"",""
ball,2,33.2,West Indies,KMA Paul,N Pooran,PADLR Sandakan,4,0,"",""
ball,2,33.3,West Indies,KMA Paul,N Pooran,PADLR Sandakan,0,0,"",""
ball,2,33.4,West Indies,KMA Paul,N Pooran,PADLR Sandakan,0,0,"",""
ball,2,33.5,West Indies,KMA Paul,N Pooran,PADLR Sandakan,2,0,"",""
ball,2,33.6,West Indies,KMA Paul,N Pooran,PADLR Sandakan,0,0,"",""
ball,2,34.1,West Indies,N Pooran,KMA Paul,PWH de Silva,0,0,"",""
ball,2,34.2,West Indies,N Pooran,KMA Paul,PWH de Silva,1,0,"",""
ball,2,34.3,West Indies,KMA Paul,N Pooran,PWH de Silva,0,0,"",""
ball,2,34.4,West Indies,KMA Paul,N Pooran,PWH de Silva,0,0,"",""
ball,2,34.5,West Indies,KMA Paul,N Pooran,PWH de Silva,0,0,"",""
ball,2,34.6,West Indies,KMA Paul,N Pooran,PWH de Silva,0,0,"",""
ball,2,35.1,West Indies,N Pooran,KMA Paul,PADLR Sandakan,0,1,"",""
ball,2,35.2,West Indies,N Pooran,KMA Paul,PADLR Sandakan,0,0,caught,N Pooran
ball,2,35.3,West Indies,KMA Paul,FA Allen,PADLR Sandakan,1,0,"",""
ball,2,35.4,West Indies,FA Allen,KMA Paul,PADLR Sandakan,0,0,"",""
ball,2,35.5,West Indies,FA Allen,KMA Paul,PADLR Sandakan,1,0,"",""
ball,2,35.6,West Indies,KMA Paul,FA Allen,PADLR Sandakan,2,0,"",""
ball,2,35.7,West Indies,KMA Paul,FA Allen,PADLR Sandakan,0,0,"",""
ball,2,36.1,West Indies,FA Allen,KMA Paul,N Pradeep,4,0,"",""
ball,2,36.2,West Indies,FA Allen,KMA Paul,N Pradeep,0,0,"",""
ball,2,36.3,West Indies,FA Allen,KMA Paul,N Pradeep,0,0,"",""
ball,2,36.4,West Indies,FA Allen,KMA Paul,N Pradeep,0,0,"",""
ball,2,36.5,West Indies,FA Allen,KMA Paul,N Pradeep,0,0,"",""
ball,2,36.6,West Indies,FA Allen,KMA Paul,N Pradeep,1,0,"",""
ball,2,37.1,West Indies,FA Allen,KMA Paul,PADLR Sandakan,0,0,"",""
ball,2,37.2,West Indies,FA Allen,KMA Paul,PADLR Sandakan,4,1,"",""
ball,2,37.3,West Indies,FA Allen,KMA Paul,PADLR Sandakan,1,0,"",""
ball,2,37.4,West Indies,KMA Paul,FA Allen,PADLR Sandakan,0,0,"",""
ball,2,37.5,West Indies,KMA Paul,FA Allen,PADLR Sandakan,1,0,"",""
ball,2,37.6,West Indies,FA Allen,KMA Paul,PADLR Sandakan,0,0,"",""
ball,2,37.7,West Indies,FA Allen,KMA Paul,PADLR Sandakan,6,0,"",""
ball,2,38.1,West Indies,KMA Paul,FA Allen,N Pradeep,0,0,"",""
ball,2,38.2,West Indies,KMA Paul,FA Allen,N Pradeep,4,0,"",""
ball,2,38.3,West Indies,KMA Paul,FA Allen,N Pradeep,0,0,bowled,KMA Paul
ball,2,38.4,West Indies,AS Joseph,FA Allen,N Pradeep,0,0,"",""
ball,2,38.5,West Indies,AS Joseph,FA Allen,N Pradeep,0,0,"",""
ball,2,38.6,West Indies,AS Joseph,FA Allen,N Pradeep,0,0,bowled,AS Joseph
ball,2,39.1,West Indies,FA Allen,SS Cottrell,PADLR Sandakan,0,0,caught,FA Allen
