version,1.3.0
info,team,Nepal
info,team,Oman
info,gender,male
info,season,2019/20
info,date,2020/02/05
info,competition,ICC Men's Cricket World Cup League 2
info,match_number,25
info,venue,Tribhuvan University International Cricket Ground
info,city,Kirtipur
info,toss_winner,Nepal
info,toss_decision,field
info,player_of_match,Mohammad Nadeem
info,umpire,C Shamshuddin
info,umpire,BB Pradhan
info,reserve_umpire,DN Subedi
info,match_referee,Neeyamur Rashid
info,winner,Oman
info,winner_runs,18
ball,1,0.1,Oman,Jatinder Singh,Khawar Ali,Karan KC,0,0,"",""
ball,1,0.2,Oman,Jatinder Singh,Khawar Ali,Karan KC,0,0,"",""
ball,1,0.3,Oman,Jatinder Singh,Khawar Ali,Karan KC,0,0,"",""
ball,1,0.4,Oman,Jatinder Singh,Khawar Ali,Karan KC,4,0,"",""
ball,1,0.5,Oman,Jatinder Singh,Khawar Ali,Karan KC,0,0,"",""
ball,1,0.6,Oman,Jatinder Singh,Khawar Ali,Karan KC,0,0,bowled,Jatinder Singh
ball,1,1.1,Oman,Khawar Ali,Aqib Ilyas,A Bohara,0,0,"",""
ball,1,1.2,Oman,Khawar Ali,Aqib Ilyas,A Bohara,0,0,"",""
ball,1,1.3,Oman,Khawar Ali,Aqib Ilyas,A Bohara,0,0,"",""
ball,1,1.4,Oman,Khawar Ali,Aqib Ilyas,A Bohara,0,0,"",""
ball,1,1.5,Oman,Khawar Ali,Aqib Ilyas,A Bohara,0,0,"",""
ball,1,1.6,Oman,Khawar Ali,Aqib Ilyas,A Bohara,0,0,"",""
ball,1,2.1,Oman,Aqib Ilyas,Khawar Ali,Karan KC,0,0,"",""
ball,1,2.2,Oman,Aqib Ilyas,Khawar Ali,Karan KC,0,0,"",""
ball,1,2.3,Oman,Aqib Ilyas,Khawar Ali,Karan KC,0,0,"",""
ball,1,2.4,Oman,Aqib Ilyas,Khawar Ali,Karan KC,1,0,"",""
ball,1,2.5,Oman,Khawar Ali,Aqib Ilyas,Karan KC,0,0,"",""
ball,1,2.6,Oman,Khawar Ali,Aqib Ilyas,Karan KC,0,0,"",""
ball,1,3.1,Oman,Aqib Ilyas,Khawar Ali,A Bohara,0,0,"",""
ball,1,3.2,Oman,Aqib Ilyas,Khawar Ali,A Bohara,4,0,"",""
ball,1,3.3,Oman,Aqib Ilyas,Khawar Ali,A Bohara,0,0,"",""
ball,1,3.4,Oman,Aqib Ilyas,Khawar Ali,A Bohara,1,0,"",""
ball,1,3.5,Oman,Khawar Ali,Aqib Ilyas,A Bohara,0,0,"",""
ball,1,3.6,Oman,Khawar Ali,Aqib Ilyas,A Bohara,0,0,"",""
ball,1,4.1,Oman,Aqib Ilyas,Khawar Ali,Karan KC,0,0,"",""
ball,1,4.2,Oman,Aqib Ilyas,Khawar Ali,Karan KC,0,0,"",""
ball,1,4.3,Oman,Aqib Ilyas,Khawar Ali,Karan KC,0,0,"",""
ball,1,4.4,Oman,Aqib Ilyas,Khawar Ali,Karan KC,0,0,"",""
ball,1,4.5,Oman,Aqib Ilyas,Khawar Ali,Karan KC,0,0,"",""
ball,1,4.6,Oman,Aqib Ilyas,Khawar Ali,Karan KC,0,0,"",""
ball,1,5.1,Oman,Khawar Ali,Aqib Ilyas,A Bohara,1,0,"",""
ball,1,5.2,Oman,Aqib Ilyas,Khawar Ali,A Bohara,0,0,"",""
ball,1,5.3,Oman,Aqib Ilyas,Khawar Ali,A Bohara,0,0,"",""
ball,1,5.4,Oman,Aqib Ilyas,Khawar Ali,A Bohara,0,0,"",""
ball,1,5.5,Oman,Aqib Ilyas,Khawar Ali,A Bohara,4,0,"",""
ball,1,5.6,Oman,Aqib Ilyas,Khawar Ali,A Bohara,0,0,"",""
ball,1,6.1,Oman,Khawar Ali,Aqib Ilyas,Karan KC,0,0,"",""
ball,1,6.2,Oman,Khawar Ali,Aqib Ilyas,Karan KC,0,0,"",""
ball,1,6.3,Oman,Khawar Ali,Aqib Ilyas,Karan KC,4,0,"",""
ball,1,6.4,Oman,Khawar Ali,Aqib Ilyas,Karan KC,0,0,caught,Khawar Ali
ball,1,6.5,Oman,Zeeshan Maqsood,Aqib Ilyas,Karan KC,0,0,"",""
ball,1,6.6,Oman,Zeeshan Maqsood,Aqib Ilyas,Karan KC,0,0,"",""
ball,1,7.1,Oman,Aqib Ilyas,Zeeshan Maqsood,S Lamichhane,2,0,"",""
ball,1,7.2,Oman,Aqib Ilyas,Zeeshan Maqsood,S Lamichhane,0,0,"",""
ball,1,7.3,Oman,Aqib Ilyas,Zeeshan Maqsood,S Lamichhane,1,0,"",""
ball,1,7.4,Oman,Zeeshan Maqsood,Aqib Ilyas,S Lamichhane,0,0,"",""
ball,1,7.5,Oman,Zeeshan Maqsood,Aqib Ilyas,S Lamichhane,0,0,"",""
ball,1,7.6,Oman,Zeeshan Maqsood,Aqib Ilyas,S Lamichhane,0,0,"",""
ball,1,8.1,Oman,Aqib Ilyas,Zeeshan Maqsood,Karan KC,1,0,"",""
ball,1,8.2,Oman,Zeeshan Maqsood,Aqib Ilyas,Karan KC,0,0,"",""
ball,1,8.3,Oman,Zeeshan Maqsood,Aqib Ilyas,Karan KC,0,0,"",""
ball,1,8.4,Oman,Zeeshan Maqsood,Aqib Ilyas,Karan KC,0,0,"",""
ball,1,8.5,Oman,Zeeshan Maqsood,Aqib Ilyas,Karan KC,4,0,"",""
ball,1,8.6,Oman,Zeeshan Maqsood,Aqib Ilyas,Karan KC,1,0,"",""
ball,1,9.1,Oman,Zeeshan Maqsood,Aqib Ilyas,S Lamichhane,0,0,"",""
ball,1,9.2,Oman,Zeeshan Maqsood,Aqib Ilyas,S Lamichhane,4,0,"",""
ball,1,9.3,Oman,Zeeshan Maqsood,Aqib Ilyas,S Lamichhane,0,0,"",""
ball,1,9.4,Oman,Zeeshan Maqsood,Aqib Ilyas,S Lamichhane,0,0,"",""
ball,1,9.5,Oman,Zeeshan Maqsood,Aqib Ilyas,S Lamichhane,0,0,"",""
ball,1,9.6,Oman,Zeeshan Maqsood,Aqib Ilyas,S Lamichhane,0,0,"",""
ball,1,10.1,Oman,Aqib Ilyas,Zeeshan Maqsood,A Bohara,0,0,"",""
ball,1,10.2,Oman,Aqib Ilyas,Zeeshan Maqsood,A Bohara,0,0,"",""
ball,1,10.3,Oman,Aqib Ilyas,Zeeshan Maqsood,A Bohara,0,0,"",""
ball,1,10.4,Oman,Aqib Ilyas,Zeeshan Maqsood,A Bohara,0,0,"",""
ball,1,10.5,Oman,Aqib Ilyas,Zeeshan Maqsood,A Bohara,1,0,"",""
ball,1,10.6,Oman,Zeeshan Maqsood,Aqib Ilyas,A Bohara,0,0,"",""
ball,1,11.1,Oman,Aqib Ilyas,Zeeshan Maqsood,S Lamichhane,0,0,"",""
ball,1,11.2,Oman,Aqib Ilyas,Zeeshan Maqsood,S Lamichhane,0,0,"",""
ball,1,11.3,Oman,Aqib Ilyas,Zeeshan Maqsood,S Lamichhane,0,5,"",""
ball,1,11.4,Oman,Aqib Ilyas,Zeeshan Maqsood,S Lamichhane,1,0,"",""
ball,1,11.5,Oman,Zeeshan Maqsood,Aqib Ilyas,S Lamichhane,0,0,"",""
ball,1,11.6,Oman,Zeeshan Maqsood,Aqib Ilyas,S Lamichhane,0,0,"",""
ball,1,11.7,Oman,Zeeshan Maqsood,Aqib Ilyas,S Lamichhane,0,0,"",""
ball,1,12.1,Oman,Aqib Ilyas,Zeeshan Maqsood,A Bohara,0,0,"",""
ball,1,12.2,Oman,Aqib Ilyas,Zeeshan Maqsood,A Bohara,0,0,"",""
ball,1,12.3,Oman,Aqib Ilyas,Zeeshan Maqsood,A Bohara,0,0,run out,Aqib Ilyas
ball,1,12.4,Oman,Zeeshan Maqsood,Mohammad Nadeem,A Bohara,0,0,"",""
ball,1,12.5,Oman,Zeeshan Maqsood,Mohammad Nadeem,A Bohara,0,0,"",""
ball,1,12.6,Oman,Zeeshan Maqsood,Mohammad Nadeem,A Bohara,0,0,"",""
ball,1,13.1,Oman,Mohammad Nadeem,Zeeshan Maqsood,S Lamichhane,0,0,"",""
ball,1,13.2,Oman,Mohammad Nadeem,Zeeshan Maqsood,S Lamichhane,0,0,"",""
ball,1,13.3,Oman,Mohammad Nadeem,Zeeshan Maqsood,S Lamichhane,0,0,"",""
ball,1,13.4,Oman,Mohammad Nadeem,Zeeshan Maqsood,S Lamichhane,4,0,"",""
ball,1,13.5,Oman,Mohammad Nadeem,Zeeshan Maqsood,S Lamichhane,0,0,"",""
ball,1,13.6,Oman,Mohammad Nadeem,Zeeshan Maqsood,S Lamichhane,0,0,"",""
ball,1,14.1,Oman,Zeeshan Maqsood,Mohammad Nadeem,A Bohara,0,0,"",""
ball,1,14.2,Oman,Zeeshan Maqsood,Mohammad Nadeem,A Bohara,1,0,"",""
ball,1,14.3,Oman,Mohammad Nadeem,Zeeshan Maqsood,A Bohara,0,0,"",""
ball,1,14.4,Oman,Mohammad Nadeem,Zeeshan Maqsood,A Bohara,0,0,"",""
ball,1,14.5,Oman,Mohammad Nadeem,Zeeshan Maqsood,A Bohara,0,0,"",""
ball,1,14.6,Oman,Mohammad Nadeem,Zeeshan Maqsood,A Bohara,0,0,"",""
ball,1,15.1,Oman,Zeeshan Maqsood,Mohammad Nadeem,P Khadka,0,0,"",""
ball,1,15.2,Oman,Zeeshan Maqsood,Mohammad Nadeem,P Khadka,0,0,"",""
ball,1,15.3,Oman,Zeeshan Maqsood,Mohammad Nadeem,P Khadka,0,0,"",""
ball,1,15.4,Oman,Zeeshan Maqsood,Mohammad Nadeem,P Khadka,0,0,"",""
ball,1,15.5,Oman,Zeeshan Maqsood,Mohammad Nadeem,P Khadka,0,0,"",""
ball,1,15.6,Oman,Zeeshan Maqsood,Mohammad Nadeem,P Khadka,0,0,"",""
ball,1,16.1,Oman,Mohammad Nadeem,Zeeshan Maqsood,S Bhari,0,0,"",""
ball,1,16.2,Oman,Mohammad Nadeem,Zeeshan Maqsood,S Bhari,0,0,"",""
ball,1,16.3,Oman,Mohammad Nadeem,Zeeshan Maqsood,S Bhari,1,0,"",""
ball,1,16.4,Oman,Zeeshan Maqsood,Mohammad Nadeem,S Bhari,0,0,"",""
ball,1,16.5,Oman,Zeeshan Maqsood,Mohammad Nadeem,S Bhari,2,0,"",""
ball,1,16.6,Oman,Zeeshan Maqsood,Mohammad Nadeem,S Bhari,0,0,"",""
ball,1,17.1,Oman,Mohammad Nadeem,Zeeshan Maqsood,P Khadka,1,0,"",""
ball,1,17.2,Oman,Zeeshan Maqsood,Mohammad Nadeem,P Khadka,4,0,"",""
ball,1,17.3,Oman,Zeeshan Maqsood,Mohammad Nadeem,P Khadka,0,0,"",""
ball,1,17.4,Oman,Zeeshan Maqsood,Mohammad Nadeem,P Khadka,4,0,"",""
ball,1,17.5,Oman,Zeeshan Maqsood,Mohammad Nadeem,P Khadka,0,0,"",""
ball,1,17.6,Oman,Zeeshan Maqsood,Mohammad Nadeem,P Khadka,0,0,"",""
ball,1,18.1,Oman,Mohammad Nadeem,Zeeshan Maqsood,S Bhari,0,0,"",""
ball,1,18.2,Oman,Mohammad Nadeem,Zeeshan Maqsood,S Bhari,0,0,"",""
ball,1,18.3,Oman,Mohammad Nadeem,Zeeshan Maqsood,S Bhari,1,0,"",""
ball,1,18.4,Oman,Zeeshan Maqsood,Mohammad Nadeem,S Bhari,0,0,lbw,Zeeshan Maqsood
ball,1,18.5,Oman,Suraj Kumar,Mohammad Nadeem,S Bhari,0,0,"",""
ball,1,18.6,Oman,Suraj Kumar,Mohammad Nadeem,S Bhari,0,0,caught,Suraj Kumar
ball,1,19.1,Oman,Mohammad Nadeem,Sandeep Goud,S Lamichhane,1,0,"",""
ball,1,19.2,Oman,Sandeep Goud,Mohammad Nadeem,S Lamichhane,0,0,"",""
ball,1,19.3,Oman,Sandeep Goud,Mohammad Nadeem,S Lamichhane,0,0,"",""
ball,1,19.4,Oman,Sandeep Goud,Mohammad Nadeem,S Lamichhane,0,0,"",""
ball,1,19.5,Oman,Sandeep Goud,Mohammad Nadeem,S Lamichhane,0,0,"",""
ball,1,19.6,Oman,Sandeep Goud,Mohammad Nadeem,S Lamichhane,0,0,"",""
ball,1,20.1,Oman,Mohammad Nadeem,Sandeep Goud,S Bhari,1,0,"",""
ball,1,20.2,Oman,Sandeep Goud,Mohammad Nadeem,S Bhari,0,0,"",""
ball,1,20.3,Oman,Sandeep Goud,Mohammad Nadeem,S Bhari,0,0,"",""
ball,1,20.4,Oman,Sandeep Goud,Mohammad Nadeem,S Bhari,0,0,"",""
ball,1,20.5,Oman,Sandeep Goud,Mohammad Nadeem,S Bhari,0,0,"",""
ball,1,20.6,Oman,Sandeep Goud,Mohammad Nadeem,S Bhari,0,0,"",""
ball,1,21.1,Oman,Mohammad Nadeem,Sandeep Goud,S Lamichhane,0,1,"",""
ball,1,21.2,Oman,Sandeep Goud,Mohammad Nadeem,S Lamichhane,0,0,"",""
ball,1,21.3,Oman,Sandeep Goud,Mohammad Nadeem,S Lamichhane,0,0,"",""
ball,1,21.4,Oman,Sandeep Goud,Mohammad Nadeem,S Lamichhane,0,0,"",""
ball,1,21.5,Oman,Sandeep Goud,Mohammad Nadeem,S Lamichhane,0,0,"",""
ball,1,21.6,Oman,Sandeep Goud,Mohammad Nadeem,S Lamichhane,0,0,"",""
ball,1,22.1,Oman,Mohammad Nadeem,Sandeep Goud,S Bhari,0,0,"",""
ball,1,22.2,Oman,Mohammad Nadeem,Sandeep Goud,S Bhari,0,0,"",""
ball,1,22.3,Oman,Mohammad Nadeem,Sandeep Goud,S Bhari,1,0,"",""
ball,1,22.4,Oman,Sandeep Goud,Mohammad Nadeem,S Bhari,0,0,"",""
ball,1,22.5,Oman,Sandeep Goud,Mohammad Nadeem,S Bhari,0,0,"",""
ball,1,22.6,Oman,Sandeep Goud,Mohammad Nadeem,S Bhari,0,0,"",""
ball,1,23.1,Oman,Mohammad Nadeem,Sandeep Goud,P Khadka,1,0,"",""
ball,1,23.2,Oman,Sandeep Goud,Mohammad Nadeem,P Khadka,1,0,"",""
ball,1,23.3,Oman,Mohammad Nadeem,Sandeep Goud,P Khadka,1,0,"",""
ball,1,23.4,Oman,Sandeep Goud,Mohammad Nadeem,P Khadka,0,0,"",""
ball,1,23.5,Oman,Sandeep Goud,Mohammad Nadeem,P Khadka,0,0,"",""
ball,1,23.6,Oman,Sandeep Goud,Mohammad Nadeem,P Khadka,4,0,"",""
ball,1,24.1,Oman,Mohammad Nadeem,Sandeep Goud,S Bhari,0,0,"",""
ball,1,24.2,Oman,Mohammad Nadeem,Sandeep Goud,S Bhari,1,0,"",""
ball,1,24.3,Oman,Sandeep Goud,Mohammad Nadeem,S Bhari,0,0,"",""
ball,1,24.4,Oman,Sandeep Goud,Mohammad Nadeem,S Bhari,0,0,"",""
ball,1,24.5,Oman,Sandeep Goud,Mohammad Nadeem,S Bhari,0,0,"",""
ball,1,24.6,Oman,Sandeep Goud,Mohammad Nadeem,S Bhari,0,0,"",""
ball,1,25.1,Oman,Mohammad Nadeem,Sandeep Goud,P Khadka,1,0,"",""
ball,1,25.2,Oman,Sandeep Goud,Mohammad Nadeem,P Khadka,1,0,"",""
ball,1,25.3,Oman,Mohammad Nadeem,Sandeep Goud,P Khadka,0,0,"",""
ball,1,25.4,Oman,Mohammad Nadeem,Sandeep Goud,P Khadka,0,0,"",""
ball,1,25.5,Oman,Mohammad Nadeem,Sandeep Goud,P Khadka,1,0,"",""
ball,1,25.6,Oman,Sandeep Goud,Mohammad Nadeem,P Khadka,1,0,"",""
ball,1,26.1,Oman,Sandeep Goud,Mohammad Nadeem,S Bhari,0,0,"",""
ball,1,26.2,Oman,Sandeep Goud,Mohammad Nadeem,S Bhari,0,0,"",""
ball,1,26.3,Oman,Sandeep Goud,Mohammad Nadeem,S Bhari,0,0,"",""
ball,1,26.4,Oman,Sandeep Goud,Mohammad Nadeem,S Bhari,0,0,"",""
ball,1,26.5,Oman,Sandeep Goud,Mohammad Nadeem,S Bhari,0,0,"",""
ball,1,26.6,Oman,Sandeep Goud,Mohammad Nadeem,S Bhari,0,0,"",""
ball,1,27.1,Oman,Mohammad Nadeem,Sandeep Goud,P Khadka,1,0,"",""
ball,1,27.2,Oman,Sandeep Goud,Mohammad Nadeem,P Khadka,1,0,"",""
ball,1,27.3,Oman,Mohammad Nadeem,Sandeep Goud,P Khadka,0,0,"",""
ball,1,27.4,Oman,Mohammad Nadeem,Sandeep Goud,P Khadka,1,0,"",""
ball,1,27.5,Oman,Sandeep Goud,Mohammad Nadeem,P Khadka,0,0,"",""
ball,1,27.6,Oman,Sandeep Goud,Mohammad Nadeem,P Khadka,1,0,"",""
ball,1,28.1,Oman,Sandeep Goud,Mohammad Nadeem,S Bhari,0,0,"",""
ball,1,28.2,Oman,Sandeep Goud,Mohammad Nadeem,S Bhari,0,0,"",""
ball,1,28.3,Oman,Sandeep Goud,Mohammad Nadeem,S Bhari,1,0,"",""
ball,1,28.4,Oman,Mohammad Nadeem,Sandeep Goud,S Bhari,2,0,"",""
ball,1,28.5,Oman,Mohammad Nadeem,Sandeep Goud,S Bhari,0,0,"",""
ball,1,28.6,Oman,Mohammad Nadeem,Sandeep Goud,S Bhari,0,0,"",""
ball,1,29.1,Oman,Sandeep Goud,Mohammad Nadeem,P Khadka,1,0,"",""
ball,1,29.2,Oman,Mohammad Nadeem,Sandeep Goud,P Khadka,0,0,"",""
ball,1,29.3,Oman,Mohammad Nadeem,Sandeep Goud,P Khadka,0,0,"",""
ball,1,29.4,Oman,Mohammad Nadeem,Sandeep Goud,P Khadka,0,0,"",""
ball,1,29.5,Oman,Mohammad Nadeem,Sandeep Goud,P Khadka,0,0,"",""
ball,1,29.6,Oman,Mohammad Nadeem,Sandeep Goud,P Khadka,0,0,"",""
ball,1,30.1,Oman,Sandeep Goud,Mohammad Nadeem,Karan KC,0,0,"",""
ball,1,30.2,Oman,Sandeep Goud,Mohammad Nadeem,Karan KC,0,0,"",""
ball,1,30.3,Oman,Sandeep Goud,Mohammad Nadeem,Karan KC,1,0,"",""
ball,1,30.4,Oman,Mohammad Nadeem,Sandeep Goud,Karan KC,0,0,"",""
ball,1,30.5,Oman,Mohammad Nadeem,Sandeep Goud,Karan KC,4,0,"",""
ball,1,30.6,Oman,Mohammad Nadeem,Sandeep Goud,Karan KC,0,0,"",""
ball,1,31.1,Oman,Sandeep Goud,Mohammad Nadeem,P Khadka,1,0,"",""
ball,1,31.2,Oman,Mohammad Nadeem,Sandeep Goud,P Khadka,0,0,"",""
ball,1,31.3,Oman,Mohammad Nadeem,Sandeep Goud,P Khadka,4,0,"",""
ball,1,31.4,Oman,Mohammad Nadeem,Sandeep Goud,P Khadka,0,0,"",""
ball,1,31.5,Oman,Mohammad Nadeem,Sandeep Goud,P Khadka,0,0,"",""
ball,1,31.6,Oman,Mohammad Nadeem,Sandeep Goud,P Khadka,0,0,"",""
ball,1,32.1,Oman,Sandeep Goud,Mohammad Nadeem,Karan KC,4,0,"",""
ball,1,32.2,Oman,Sandeep Goud,Mohammad Nadeem,Karan KC,0,0,"",""
ball,1,32.3,Oman,Sandeep Goud,Mohammad Nadeem,Karan KC,0,0,"",""
ball,1,32.4,Oman,Sandeep Goud,Mohammad Nadeem,Karan KC,0,0,"",""
ball,1,32.5,Oman,Sandeep Goud,Mohammad Nadeem,Karan KC,0,0,"",""
ball,1,32.6,Oman,Sandeep Goud,Mohammad Nadeem,Karan KC,0,0,"",""
ball,1,33.1,Oman,Mohammad Nadeem,Sandeep Goud,DS Airee,0,0,"",""
ball,1,33.2,Oman,Mohammad Nadeem,Sandeep Goud,DS Airee,0,0,"",""
ball,1,33.3,Oman,Mohammad Nadeem,Sandeep Goud,DS Airee,1,0,"",""
ball,1,33.4,Oman,Sandeep Goud,Mohammad Nadeem,DS Airee,0,0,"",""
ball,1,33.5,Oman,Sandeep Goud,Mohammad Nadeem,DS Airee,0,0,"",""
ball,1,33.6,Oman,Sandeep Goud,Mohammad Nadeem,DS Airee,0,0,"",""
ball,1,34.1,Oman,Mohammad Nadeem,Sandeep Goud,S Lamichhane,1,0,"",""
ball,1,34.2,Oman,Sandeep Goud,Mohammad Nadeem,S Lamichhane,0,0,"",""
ball,1,34.3,Oman,Sandeep Goud,Mohammad Nadeem,S Lamichhane,0,0,"",""
ball,1,34.4,Oman,Sandeep Goud,Mohammad Nadeem,S Lamichhane,0,0,"",""
ball,1,34.5,Oman,Sandeep Goud,Mohammad Nadeem,S Lamichhane,1,0,"",""
ball,1,34.6,Oman,Mohammad Nadeem,Sandeep Goud,S Lamichhane,1,0,"",""
ball,1,35.1,Oman,Mohammad Nadeem,Sandeep Goud,DS Airee,0,0,"",""
ball,1,35.2,Oman,Mohammad Nadeem,Sandeep Goud,DS Airee,1,0,"",""
ball,1,35.3,Oman,Sandeep Goud,Mohammad Nadeem,DS Airee,6,0,"",""
ball,1,35.4,Oman,Sandeep Goud,Mohammad Nadeem,DS Airee,0,0,"",""
ball,1,35.5,Oman,Sandeep Goud,Mohammad Nadeem,DS Airee,0,0,"",""
ball,1,35.6,Oman,Sandeep Goud,Mohammad Nadeem,DS Airee,0,0,"",""
ball,1,36.1,Oman,Mohammad Nadeem,Sandeep Goud,S Bhari,0,0,"",""
ball,1,36.2,Oman,Mohammad Nadeem,Sandeep Goud,S Bhari,1,0,"",""
ball,1,36.3,Oman,Sandeep Goud,Mohammad Nadeem,S Bhari,1,0,"",""
ball,1,36.4,Oman,Mohammad Nadeem,Sandeep Goud,S Bhari,0,0,"",""
ball,1,36.5,Oman,Mohammad Nadeem,Sandeep Goud,S Bhari,0,0,"",""
ball,1,36.6,Oman,Mohammad Nadeem,Sandeep Goud,S Bhari,0,0,"",""
ball,1,37.1,Oman,Sandeep Goud,Mohammad Nadeem,DS Airee,0,0,"",""
ball,1,37.2,Oman,Sandeep Goud,Mohammad Nadeem,DS Airee,4,0,"",""
ball,1,37.3,Oman,Sandeep Goud,Mohammad Nadeem,DS Airee,1,0,"",""
ball,1,37.4,Oman,Mohammad Nadeem,Sandeep Goud,DS Airee,1,0,"",""
ball,1,37.5,Oman,Sandeep Goud,Mohammad Nadeem,DS Airee,0,0,"",""
ball,1,37.6,Oman,Sandeep Goud,Mohammad Nadeem,DS Airee,3,0,"",""
ball,1,38.1,Oman,Sandeep Goud,Mohammad Nadeem,S Bhari,0,0,"",""
ball,1,38.2,Oman,Sandeep Goud,Mohammad Nadeem,S Bhari,0,0,"",""
ball,1,38.3,Oman,Sandeep Goud,Mohammad Nadeem,S Bhari,0,0,"",""
ball,1,38.4,Oman,Sandeep Goud,Mohammad Nadeem,S Bhari,0,0,stumped,Sandeep Goud
ball,1,38.5,Oman,Badal Singh,Mohammad Nadeem,S Bhari,1,0,"",""
ball,1,38.6,Oman,Mohammad Nadeem,Badal Singh,S Bhari,0,0,"",""
ball,1,39.1,Oman,Badal Singh,Mohammad Nadeem,DS Airee,0,0,"",""
ball,1,39.2,Oman,Badal Singh,Mohammad Nadeem,DS Airee,1,0,"",""
ball,1,39.3,Oman,Mohammad Nadeem,Badal Singh,DS Airee,0,0,"",""
ball,1,39.4,Oman,Mohammad Nadeem,Badal Singh,DS Airee,1,0,"",""
ball,1,39.5,Oman,Badal Singh,Mohammad Nadeem,DS Airee,1,0,"",""
ball,1,39.6,Oman,Mohammad Nadeem,Badal Singh,DS Airee,0,0,"",""
ball,1,40.1,Oman,Badal Singh,Mohammad Nadeem,S Bhari,0,0,"",""
ball,1,40.2,Oman,Badal Singh,Mohammad Nadeem,S Bhari,0,0,"",""
ball,1,40.3,Oman,Badal Singh,Mohammad Nadeem,S Bhari,0,0,"",""
ball,1,40.4,Oman,Badal Singh,Mohammad Nadeem,S Bhari,0,0,"",""
ball,1,40.5,Oman,Badal Singh,Mohammad Nadeem,S Bhari,1,0,"",""
ball,1,40.6,Oman,Mohammad Nadeem,Badal Singh,S Bhari,0,0,"",""
ball,1,41.1,Oman,Badal Singh,Mohammad Nadeem,DS Airee,0,0,"",""
ball,1,41.2,Oman,Badal Singh,Mohammad Nadeem,DS Airee,1,0,"",""
ball,1,41.3,Oman,Mohammad Nadeem,Badal Singh,DS Airee,1,0,"",""
ball,1,41.4,Oman,Badal Singh,Mohammad Nadeem,DS Airee,0,0,caught,Badal Singh
ball,1,41.5,Oman,Naseem Khushi,Mohammad Nadeem,DS Airee,0,0,"",""
ball,1,41.6,Oman,Naseem Khushi,Mohammad Nadeem,DS Airee,0,0,"",""
ball,1,42.1,Oman,Mohammad Nadeem,Naseem Khushi,S Lamichhane,0,0,"",""
ball,1,42.2,Oman,Mohammad Nadeem,Naseem Khushi,S Lamichhane,1,0,"",""
ball,1,42.3,Oman,Naseem Khushi,Mohammad Nadeem,S Lamichhane,0,0,"",""
ball,1,42.4,Oman,Naseem Khushi,Mohammad Nadeem,S Lamichhane,6,0,"",""
ball,1,42.5,Oman,Naseem Khushi,Mohammad Nadeem,S Lamichhane,1,0,"",""
ball,1,42.6,Oman,Mohammad Nadeem,Naseem Khushi,S Lamichhane,0,0,"",""
ball,1,43.1,Oman,Naseem Khushi,Mohammad Nadeem,A Bohara,1,0,"",""
ball,1,43.2,Oman,Mohammad Nadeem,Naseem Khushi,A Bohara,0,0,"",""
ball,1,43.3,Oman,Mohammad Nadeem,Naseem Khushi,A Bohara,1,0,"",""
ball,1,43.4,Oman,Naseem Khushi,Mohammad Nadeem,A Bohara,0,0,"",""
ball,1,43.5,Oman,Naseem Khushi,Mohammad Nadeem,A Bohara,1,0,"",""
ball,1,43.6,Oman,Mohammad Nadeem,Naseem Khushi,A Bohara,1,0,"",""
ball,1,44.1,Oman,Mohammad Nadeem,Naseem Khushi,S Lamichhane,0,0,"",""
ball,1,44.2,Oman,Mohammad Nadeem,Naseem Khushi,S Lamichhane,4,0,"",""
ball,1,44.3,Oman,Mohammad Nadeem,Naseem Khushi,S Lamichhane,0,0,"",""
ball,1,44.4,Oman,Mohammad Nadeem,Naseem Khushi,S Lamichhane,0,0,"",""
ball,1,44.5,Oman,Mohammad Nadeem,Naseem Khushi,S Lamichhane,1,0,"",""
ball,1,44.6,Oman,Naseem Khushi,Mohammad Nadeem,S Lamichhane,0,0,"",""
ball,1,45.1,Oman,Mohammad Nadeem,Naseem Khushi,A Bohara,1,0,"",""
ball,1,45.2,Oman,Naseem Khushi,Mohammad Nadeem,A Bohara,2,0,"",""
ball,1,45.3,Oman,Naseem Khushi,Mohammad Nadeem,A Bohara,6,0,"",""
ball,1,45.4,Oman,Naseem Khushi,Mohammad Nadeem,A Bohara,1,0,"",""
ball,1,45.5,Oman,Mohammad Nadeem,Naseem Khushi,A Bohara,0,0,"",""
ball,1,45.6,Oman,Mohammad Nadeem,Naseem Khushi,A Bohara,4,0,"",""
ball,1,46.1,Oman,Naseem Khushi,Mohammad Nadeem,S Lamichhane,4,0,"",""
ball,1,46.2,Oman,Naseem Khushi,Mohammad Nadeem,S Lamichhane,1,0,"",""
ball,1,46.3,Oman,Mohammad Nadeem,Naseem Khushi,S Lamichhane,1,0,"",""
ball,1,46.4,Oman,Naseem Khushi,Mohammad Nadeem,S Lamichhane,0,0,"",""
ball,1,46.5,Oman,Naseem Khushi,Mohammad Nadeem,S Lamichhane,4,0,"",""
ball,1,46.6,Oman,Naseem Khushi,Mohammad Nadeem,S Lamichhane,1,0,"",""
ball,1,47.1,Oman,Naseem Khushi,Mohammad Nadeem,Karan KC,0,0,caught,Naseem Khushi
ball,1,47.2,Oman,Kaleemullah,Mohammad Nadeem,Karan KC,1,0,"",""
ball,1,47.3,Oman,Mohammad Nadeem,Kaleemullah,Karan KC,1,0,"",""
ball,1,47.4,Oman,Kaleemullah,Mohammad Nadeem,Karan KC,0,0,caught,Kaleemullah
ball,1,47.5,Oman,Bilal Khan,Mohammad Nadeem,Karan KC,0,1,"",""
ball,1,47.6,Oman,Bilal Khan,Mohammad Nadeem,Karan KC,0,1,"",""
ball,1,47.7,Oman,Bilal Khan,Mohammad Nadeem,Karan KC,1,0,"",""
ball,1,47.8,Oman,Mohammad Nadeem,Bilal Khan,Karan KC,1,0,"",""
ball,1,48.1,Oman,Mohammad Nadeem,Bilal Khan,A Bohara,6,0,"",""
ball,1,48.2,Oman,Mohammad Nadeem,Bilal Khan,A Bohara,0,0,"",""
ball,1,48.3,Oman,Mohammad Nadeem,Bilal Khan,A Bohara,0,0,"",""
ball,1,48.4,Oman,Mohammad Nadeem,Bilal Khan,A Bohara,2,0,"",""
ball,1,48.5,Oman,Mohammad Nadeem,Bilal Khan,A Bohara,0,0,"",""
ball,1,48.6,Oman,Mohammad Nadeem,Bilal Khan,A Bohara,0,0,"",""
ball,1,49.1,Oman,Bilal Khan,Mohammad Nadeem,Karan KC,6,0,"",""
ball,1,49.2,Oman,Bilal Khan,Mohammad Nadeem,Karan KC,1,0,"",""
ball,1,49.3,Oman,Mohammad Nadeem,Bilal Khan,Karan KC,0,0,"",""
ball,1,49.4,Oman,Mohammad Nadeem,Bilal Khan,Karan KC,2,0,"",""
ball,1,49.5,Oman,Mohammad Nadeem,Bilal Khan,Karan KC,6,0,"",""
ball,1,49.6,Oman,Mohammad Nadeem,Bilal Khan,Karan KC,2,0,"",""
ball,2,0.1,Nepal,P Khadka,G Malla,Bilal Khan,0,0,"",""
ball,2,0.2,Nepal,P Khadka,G Malla,Bilal Khan,0,0,"",""
ball,2,0.3,Nepal,P Khadka,G Malla,Bilal Khan,0,0,"",""
ball,2,0.4,Nepal,P Khadka,G Malla,Bilal Khan,0,0,"",""
ball,2,0.5,Nepal,P Khadka,G Malla,Bilal Khan,0,0,"",""
ball,2,0.6,Nepal,P Khadka,G Malla,Bilal Khan,0,0,"",""
ball,2,1.1,Nepal,G Malla,P Khadka,Kaleemullah,0,0,"",""
ball,2,1.2,Nepal,G Malla,P Khadka,Kaleemullah,0,0,"",""
ball,2,1.3,Nepal,G Malla,P Khadka,Kaleemullah,0,0,"",""
ball,2,1.4,Nepal,G Malla,P Khadka,Kaleemullah,0,0,"",""
ball,2,1.5,Nepal,G Malla,P Khadka,Kaleemullah,0,0,"",""
ball,2,1.6,Nepal,G Malla,P Khadka,Kaleemullah,0,0,"",""
ball,2,2.1,Nepal,P Khadka,G Malla,Bilal Khan,0,0,"",""
ball,2,2.2,Nepal,P Khadka,G Malla,Bilal Khan,1,0,"",""
ball,2,2.3,Nepal,G Malla,P Khadka,Bilal Khan,1,0,"",""
ball,2,2.4,Nepal,P Khadka,G Malla,Bilal Khan,2,0,"",""
ball,2,2.5,Nepal,P Khadka,G Malla,Bilal Khan,0,0,"",""
ball,2,2.6,Nepal,P Khadka,G Malla,Bilal Khan,0,0,"",""
ball,2,3.1,Nepal,G Malla,P Khadka,Kaleemullah,0,0,"",""
ball,2,3.2,Nepal,G Malla,P Khadka,Kaleemullah,0,0,"",""
ball,2,3.3,Nepal,G Malla,P Khadka,Kaleemullah,0,0,"",""
ball,2,3.4,Nepal,G Malla,P Khadka,Kaleemullah,0,0,"",""
ball,2,3.5,Nepal,G Malla,P Khadka,Kaleemullah,0,0,caught,G Malla
ball,2,3.6,Nepal,S Vesawkar,P Khadka,Kaleemullah,0,0,"",""
ball,2,4.1,Nepal,P Khadka,S Vesawkar,Bilal Khan,0,0,"",""
ball,2,4.2,Nepal,P Khadka,S Vesawkar,Bilal Khan,0,0,"",""
ball,2,4.3,Nepal,P Khadka,S Vesawkar,Bilal Khan,0,0,caught,P Khadka
ball,2,4.4,Nepal,DS Airee,S Vesawkar,Bilal Khan,0,0,"",""
ball,2,4.5,Nepal,DS Airee,S Vesawkar,Bilal Khan,0,0,"",""
ball,2,4.6,Nepal,DS Airee,S Vesawkar,Bilal Khan,0,0,"",""
ball,2,5.1,Nepal,S Vesawkar,DS Airee,Kaleemullah,0,0,"",""
ball,2,5.2,Nepal,S Vesawkar,DS Airee,Kaleemullah,0,0,"",""
ball,2,5.3,Nepal,S Vesawkar,DS Airee,Kaleemullah,0,0,"",""
ball,2,5.4,Nepal,S Vesawkar,DS Airee,Kaleemullah,0,0,"",""
ball,2,5.5,Nepal,S Vesawkar,DS Airee,Kaleemullah,0,0,"",""
ball,2,5.6,Nepal,S Vesawkar,DS Airee,Kaleemullah,0,0,"",""
ball,2,6.1,Nepal,DS Airee,S Vesawkar,Bilal Khan,4,0,"",""
ball,2,6.2,Nepal,DS Airee,S Vesawkar,Bilal Khan,0,0,"",""
ball,2,6.3,Nepal,DS Airee,S Vesawkar,Bilal Khan,1,0,"",""
ball,2,6.4,Nepal,S Vesawkar,DS Airee,Bilal Khan,0,0,"",""
ball,2,6.5,Nepal,S Vesawkar,DS Airee,Bilal Khan,0,0,"",""
ball,2,6.6,Nepal,S Vesawkar,DS Airee,Bilal Khan,0,0,"",""
ball,2,7.1,Nepal,DS Airee,S Vesawkar,Kaleemullah,1,0,"",""
ball,2,7.2,Nepal,S Vesawkar,DS Airee,Kaleemullah,1,0,"",""
ball,2,7.3,Nepal,DS Airee,S Vesawkar,Kaleemullah,0,0,"",""
ball,2,7.4,Nepal,DS Airee,S Vesawkar,Kaleemullah,0,0,"",""
ball,2,7.5,Nepal,DS Airee,S Vesawkar,Kaleemullah,0,0,"",""
ball,2,7.6,Nepal,DS Airee,S Vesawkar,Kaleemullah,0,1,"",""
ball,2,7.7,Nepal,DS Airee,S Vesawkar,Kaleemullah,0,0,"",""
ball,2,8.1,Nepal,S Vesawkar,DS Airee,Bilal Khan,1,0,"",""
ball,2,8.2,Nepal,DS Airee,S Vesawkar,Bilal Khan,0,1,"",""
ball,2,8.3,Nepal,DS Airee,S Vesawkar,Bilal Khan,0,0,"",""
ball,2,8.4,Nepal,DS Airee,S Vesawkar,Bilal Khan,0,0,"",""
ball,2,8.5,Nepal,DS Airee,S Vesawkar,Bilal Khan,4,0,"",""
ball,2,8.6,Nepal,DS Airee,S Vesawkar,Bilal Khan,0,0,"",""
ball,2,8.7,Nepal,DS Airee,S Vesawkar,Bilal Khan,0,0,"",""
ball,2,9.1,Nepal,S Vesawkar,DS Airee,Kaleemullah,0,0,"",""
ball,2,9.2,Nepal,S Vesawkar,DS Airee,Kaleemullah,0,0,"",""
ball,2,9.3,Nepal,S Vesawkar,DS Airee,Kaleemullah,4,0,"",""
ball,2,9.4,Nepal,S Vesawkar,DS Airee,Kaleemullah,0,0,"",""
ball,2,9.5,Nepal,S Vesawkar,DS Airee,Kaleemullah,0,0,"",""
ball,2,9.6,Nepal,S Vesawkar,DS Airee,Kaleemullah,0,0,"",""
ball,2,10.1,Nepal,DS Airee,S Vesawkar,Badal Singh,0,0,"",""
ball,2,10.2,Nepal,DS Airee,S Vesawkar,Badal Singh,0,0,"",""
ball,2,10.3,Nepal,DS Airee,S Vesawkar,Badal Singh,0,0,"",""
ball,2,10.4,Nepal,DS Airee,S Vesawkar,Badal Singh,0,0,"",""
ball,2,10.5,Nepal,DS Airee,S Vesawkar,Badal Singh,4,0,"",""
ball,2,10.6,Nepal,DS Airee,S Vesawkar,Badal Singh,2,0,"",""
ball,2,11.1,Nepal,S Vesawkar,DS Airee,Kaleemullah,0,0,"",""
ball,2,11.2,Nepal,S Vesawkar,DS Airee,Kaleemullah,0,0,"",""
ball,2,11.3,Nepal,S Vesawkar,DS Airee,Kaleemullah,0,0,"",""
ball,2,11.4,Nepal,S Vesawkar,DS Airee,Kaleemullah,0,0,"",""
ball,2,11.5,Nepal,S Vesawkar,DS Airee,Kaleemullah,0,0,"",""
ball,2,11.6,Nepal,S Vesawkar,DS Airee,Kaleemullah,2,0,"",""
ball,2,12.1,Nepal,DS Airee,S Vesawkar,Badal Singh,0,0,"",""
ball,2,12.2,Nepal,DS Airee,S Vesawkar,Badal Singh,4,0,"",""
ball,2,12.3,Nepal,DS Airee,S Vesawkar,Badal Singh,0,0,"",""
ball,2,12.4,Nepal,DS Airee,S Vesawkar,Badal Singh,0,0,"",""
ball,2,12.5,Nepal,DS Airee,S Vesawkar,Badal Singh,1,0,"",""
ball,2,12.6,Nepal,S Vesawkar,DS Airee,Badal Singh,0,0,"",""
ball,2,13.1,Nepal,DS Airee,S Vesawkar,Zeeshan Maqsood,0,0,"",""
ball,2,13.2,Nepal,DS Airee,S Vesawkar,Zeeshan Maqsood,1,0,"",""
ball,2,13.3,Nepal,S Vesawkar,DS Airee,Zeeshan Maqsood,0,0,"",""
ball,2,13.4,Nepal,S Vesawkar,DS Airee,Zeeshan Maqsood,4,0,"",""
ball,2,13.5,Nepal,S Vesawkar,DS Airee,Zeeshan Maqsood,4,0,"",""
ball,2,13.6,Nepal,S Vesawkar,DS Airee,Zeeshan Maqsood,0,0,"",""
ball,2,14.1,Nepal,DS Airee,S Vesawkar,Badal Singh,1,0,"",""
ball,2,14.2,Nepal,S Vesawkar,DS Airee,Badal Singh,1,0,"",""
ball,2,14.3,Nepal,DS Airee,S Vesawkar,Badal Singh,0,0,"",""
ball,2,14.4,Nepal,DS Airee,S Vesawkar,Badal Singh,1,0,"",""
ball,2,14.5,Nepal,S Vesawkar,DS Airee,Badal Singh,0,0,"",""
ball,2,14.6,Nepal,S Vesawkar,DS Airee,Badal Singh,1,0,"",""
ball,2,15.1,Nepal,S Vesawkar,DS Airee,Zeeshan Maqsood,2,0,"",""
ball,2,15.2,Nepal,S Vesawkar,DS Airee,Zeeshan Maqsood,1,0,"",""
ball,2,15.3,Nepal,DS Airee,S Vesawkar,Zeeshan Maqsood,0,0,"",""
ball,2,15.4,Nepal,DS Airee,S Vesawkar,Zeeshan Maqsood,0,0,"",""
ball,2,15.5,Nepal,DS Airee,S Vesawkar,Zeeshan Maqsood,0,0,"",""
ball,2,15.6,Nepal,DS Airee,S Vesawkar,Zeeshan Maqsood,0,0,"",""
ball,2,16.1,Nepal,S Vesawkar,DS Airee,Badal Singh,0,0,"",""
ball,2,16.2,Nepal,S Vesawkar,DS Airee,Badal Singh,0,0,"",""
ball,2,16.3,Nepal,S Vesawkar,DS Airee,Badal Singh,1,0,"",""
ball,2,16.4,Nepal,DS Airee,S Vesawkar,Badal Singh,6,0,"",""
ball,2,16.5,Nepal,DS Airee,S Vesawkar,Badal Singh,4,0,"",""
ball,2,16.6,Nepal,DS Airee,S Vesawkar,Badal Singh,1,0,"",""
ball,2,17.1,Nepal,DS Airee,S Vesawkar,Zeeshan Maqsood,0,0,"",""
ball,2,17.2,Nepal,DS Airee,S Vesawkar,Zeeshan Maqsood,0,0,"",""
ball,2,17.3,Nepal,DS Airee,S Vesawkar,Zeeshan Maqsood,0,0,"",""
ball,2,17.4,Nepal,DS Airee,S Vesawkar,Zeeshan Maqsood,0,0,"",""
ball,2,17.5,Nepal,DS Airee,S Vesawkar,Zeeshan Maqsood,0,0,"",""
ball,2,17.6,Nepal,DS Airee,S Vesawkar,Zeeshan Maqsood,0,0,"",""
ball,2,18.1,Nepal,S Vesawkar,DS Airee,Mohammad Nadeem,0,0,"",""
ball,2,18.2,Nepal,S Vesawkar,DS Airee,Mohammad Nadeem,1,0,"",""
ball,2,18.3,Nepal,DS Airee,S Vesawkar,Mohammad Nadeem,0,0,"",""
ball,2,18.4,Nepal,DS Airee,S Vesawkar,Mohammad Nadeem,0,0,"",""
ball,2,18.5,Nepal,DS Airee,S Vesawkar,Mohammad Nadeem,0,0,"",""
ball,2,18.6,Nepal,DS Airee,S Vesawkar,Mohammad Nadeem,1,0,"",""
ball,2,19.1,Nepal,DS Airee,S Vesawkar,Zeeshan Maqsood,0,0,"",""
ball,2,19.2,Nepal,DS Airee,S Vesawkar,Zeeshan Maqsood,0,0,"",""
ball,2,19.3,Nepal,DS Airee,S Vesawkar,Zeeshan Maqsood,0,0,"",""
ball,2,19.4,Nepal,DS Airee,S Vesawkar,Zeeshan Maqsood,0,0,"",""
ball,2,19.5,Nepal,DS Airee,S Vesawkar,Zeeshan Maqsood,0,0,"",""
ball,2,19.6,Nepal,DS Airee,S Vesawkar,Zeeshan Maqsood,0,0,"",""
ball,2,20.1,Nepal,S Vesawkar,DS Airee,Mohammad Nadeem,1,0,"",""
ball,2,20.2,Nepal,DS Airee,S Vesawkar,Mohammad Nadeem,0,0,"",""
ball,2,20.3,Nepal,DS Airee,S Vesawkar,Mohammad Nadeem,0,0,lbw,DS Airee
ball,2,20.4,Nepal,Aarif Sheikh,S Vesawkar,Mohammad Nadeem,0,0,"",""
ball,2,20.5,Nepal,Aarif Sheikh,S Vesawkar,Mohammad Nadeem,1,0,"",""
ball,2,20.6,Nepal,S Vesawkar,Aarif Sheikh,Mohammad Nadeem,0,0,"",""
ball,2,21.1,Nepal,Aarif Sheikh,S Vesawkar,Zeeshan Maqsood,4,0,"",""
ball,2,21.2,Nepal,Aarif Sheikh,S Vesawkar,Zeeshan Maqsood,0,0,"",""
ball,2,21.3,Nepal,Aarif Sheikh,S Vesawkar,Zeeshan Maqsood,0,0,"",""
ball,2,21.4,Nepal,Aarif Sheikh,S Vesawkar,Zeeshan Maqsood,0,0,"",""
ball,2,21.5,Nepal,Aarif Sheikh,S Vesawkar,Zeeshan Maqsood,0,0,"",""
ball,2,21.6,Nepal,Aarif Sheikh,S Vesawkar,Zeeshan Maqsood,0,0,"",""
ball,2,22.1,Nepal,S Vesawkar,Aarif Sheikh,Mohammad Nadeem,0,0,"",""
ball,2,22.2,Nepal,S Vesawkar,Aarif Sheikh,Mohammad Nadeem,0,0,"",""
ball,2,22.3,Nepal,S Vesawkar,Aarif Sheikh,Mohammad Nadeem,0,0,"",""
ball,2,22.4,Nepal,S Vesawkar,Aarif Sheikh,Mohammad Nadeem,0,0,"",""
ball,2,22.5,Nepal,S Vesawkar,Aarif Sheikh,Mohammad Nadeem,1,0,"",""
ball,2,22.6,Nepal,Aarif Sheikh,S Vesawkar,Mohammad Nadeem,1,0,"",""
ball,2,23.1,Nepal,Aarif Sheikh,S Vesawkar,Zeeshan Maqsood,0,0,caught and bowled,Aarif Sheikh
ball,2,23.2,Nepal,RK Paudel,S Vesawkar,Zeeshan Maqsood,0,0,caught,RK Paudel
ball,2,23.3,Nepal,B Bhandari,S Vesawkar,Zeeshan Maqsood,0,0,"",""
ball,2,23.4,Nepal,B Bhandari,S Vesawkar,Zeeshan Maqsood,0,0,"",""
ball,2,23.5,Nepal,B Bhandari,S Vesawkar,Zeeshan Maqsood,1,0,"",""
ball,2,23.6,Nepal,S Vesawkar,B Bhandari,Zeeshan Maqsood,0,0,"",""
ball,2,24.1,Nepal,B Bhandari,S Vesawkar,Mohammad Nadeem,1,0,"",""
ball,2,24.2,Nepal,S Vesawkar,B Bhandari,Mohammad Nadeem,1,0,"",""
ball,2,24.3,Nepal,B Bhandari,S Vesawkar,Mohammad Nadeem,1,0,"",""
ball,2,24.4,Nepal,S Vesawkar,B Bhandari,Mohammad Nadeem,0,0,"",""
ball,2,24.5,Nepal,S Vesawkar,B Bhandari,Mohammad Nadeem,0,0,"",""
ball,2,24.6,Nepal,S Vesawkar,B Bhandari,Mohammad Nadeem,1,0,"",""
ball,2,25.1,Nepal,S Vesawkar,B Bhandari,Zeeshan Maqsood,4,0,"",""
ball,2,25.2,Nepal,S Vesawkar,B Bhandari,Zeeshan Maqsood,0,0,"",""
ball,2,25.3,Nepal,S Vesawkar,B Bhandari,Zeeshan Maqsood,0,0,"",""
ball,2,25.4,Nepal,S Vesawkar,B Bhandari,Zeeshan Maqsood,1,0,"",""
ball,2,25.5,Nepal,B Bhandari,S Vesawkar,Zeeshan Maqsood,2,0,"",""
ball,2,25.6,Nepal,B Bhandari,S Vesawkar,Zeeshan Maqsood,0,0,"",""
ball,2,26.1,Nepal,S Vesawkar,B Bhandari,Khawar Ali,1,0,"",""
ball,2,26.2,Nepal,B Bhandari,S Vesawkar,Khawar Ali,4,0,"",""
ball,2,26.3,Nepal,B Bhandari,S Vesawkar,Khawar Ali,1,0,"",""
ball,2,26.4,Nepal,S Vesawkar,B Bhandari,Khawar Ali,0,0,"",""
ball,2,26.5,Nepal,S Vesawkar,B Bhandari,Khawar Ali,1,0,"",""
ball,2,26.6,Nepal,B Bhandari,S Vesawkar,Khawar Ali,2,0,"",""
ball,2,27.1,Nepal,S Vesawkar,B Bhandari,Zeeshan Maqsood,0,0,"",""
ball,2,27.2,Nepal,S Vesawkar,B Bhandari,Zeeshan Maqsood,0,0,"",""
ball,2,27.3,Nepal,S Vesawkar,B Bhandari,Zeeshan Maqsood,0,0,"",""
ball,2,27.4,Nepal,S Vesawkar,B Bhandari,Zeeshan Maqsood,1,0,"",""
ball,2,27.5,Nepal,B Bhandari,S Vesawkar,Zeeshan Maqsood,4,0,"",""
ball,2,27.6,Nepal,B Bhandari,S Vesawkar,Zeeshan Maqsood,0,0,"",""
ball,2,28.1,Nepal,S Vesawkar,B Bhandari,Badal Singh,0,0,"",""
ball,2,28.2,Nepal,S Vesawkar,B Bhandari,Badal Singh,1,0,"",""
ball,2,28.3,Nepal,B Bhandari,S Vesawkar,Badal Singh,0,0,"",""
ball,2,28.4,Nepal,B Bhandari,S Vesawkar,Badal Singh,1,0,"",""
ball,2,28.5,Nepal,S Vesawkar,B Bhandari,Badal Singh,0,0,"",""
ball,2,28.6,Nepal,S Vesawkar,B Bhandari,Badal Singh,1,0,"",""
ball,2,29.1,Nepal,S Vesawkar,B Bhandari,Khawar Ali,0,0,"",""
ball,2,29.2,Nepal,S Vesawkar,B Bhandari,Khawar Ali,0,0,"",""
ball,2,29.3,Nepal,S Vesawkar,B Bhandari,Khawar Ali,0,0,"",""
ball,2,29.4,Nepal,S Vesawkar,B Bhandari,Khawar Ali,0,0,"",""
ball,2,29.5,Nepal,S Vesawkar,B Bhandari,Khawar Ali,0,1,"",""
ball,2,29.6,Nepal,S Vesawkar,B Bhandari,Khawar Ali,0,0,"",""
ball,2,29.7,Nepal,S Vesawkar,B Bhandari,Khawar Ali,1,0,"",""
ball,2,30.1,Nepal,S Vesawkar,B Bhandari,Badal Singh,0,0,"",""
ball,2,30.2,Nepal,S Vesawkar,B Bhandari,Badal Singh,1,0,"",""
ball,2,30.3,Nepal,B Bhandari,S Vesawkar,Badal Singh,6,0,"",""
ball,2,30.4,Nepal,B Bhandari,S Vesawkar,Badal Singh,1,0,"",""
ball,2,30.5,Nepal,S Vesawkar,B Bhandari,Badal Singh,0,0,"",""
ball,2,30.6,Nepal,S Vesawkar,B Bhandari,Badal Singh,0,0,"",""
ball,2,31.1,Nepal,B Bhandari,S Vesawkar,Khawar Ali,1,0,"",""
ball,2,31.2,Nepal,S Vesawkar,B Bhandari,Khawar Ali,0,0,"",""
ball,2,31.3,Nepal,S Vesawkar,B Bhandari,Khawar Ali,1,0,"",""
ball,2,31.4,Nepal,B Bhandari,S Vesawkar,Khawar Ali,0,0,"",""
ball,2,31.5,Nepal,B Bhandari,S Vesawkar,Khawar Ali,0,0,"",""
ball,2,31.6,Nepal,B Bhandari,S Vesawkar,Khawar Ali,0,0,"",""
ball,2,32.1,Nepal,S Vesawkar,B Bhandari,Bilal Khan,1,0,"",""
ball,2,32.2,Nepal,B Bhandari,S Vesawkar,Bilal Khan,0,0,"",""
ball,2,32.3,Nepal,B Bhandari,S Vesawkar,Bilal Khan,0,0,"",""
ball,2,32.4,Nepal,B Bhandari,S Vesawkar,Bilal Khan,0,0,"",""
ball,2,32.5,Nepal,B Bhandari,S Vesawkar,Bilal Khan,1,0,"",""
ball,2,32.6,Nepal,S Vesawkar,B Bhandari,Bilal Khan,0,0,"",""
ball,2,33.1,Nepal,B Bhandari,S Vesawkar,Khawar Ali,0,0,caught,B Bhandari
ball,2,33.2,Nepal,Karan KC,S Vesawkar,Khawar Ali,0,0,"",""
ball,2,33.3,Nepal,Karan KC,S Vesawkar,Khawar Ali,0,0,"",""
ball,2,33.4,Nepal,Karan KC,S Vesawkar,Khawar Ali,0,0,"",""
ball,2,33.5,Nepal,Karan KC,S Vesawkar,Khawar Ali,0,0,"",""
ball,2,33.6,Nepal,Karan KC,S Vesawkar,Khawar Ali,0,0,"",""
ball,2,34.1,Nepal,S Vesawkar,Karan KC,Bilal Khan,0,0,"",""
ball,2,34.2,Nepal,S Vesawkar,Karan KC,Bilal Khan,0,1,"",""
ball,2,34.3,Nepal,S Vesawkar,Karan KC,Bilal Khan,0,0,"",""
ball,2,34.4,Nepal,S Vesawkar,Karan KC,Bilal Khan,4,0,"",""
ball,2,34.5,Nepal,S Vesawkar,Karan KC,Bilal Khan,0,0,"",""
ball,2,34.6,Nepal,S Vesawkar,Karan KC,Bilal Khan,1,0,"",""
ball,2,34.7,Nepal,Karan KC,S Vesawkar,Bilal Khan,0,0,"",""
ball,2,35.1,Nepal,S Vesawkar,Karan KC,Khawar Ali,0,0,"",""
ball,2,35.2,Nepal,S Vesawkar,Karan KC,Khawar Ali,0,0,"",""
ball,2,35.3,Nepal,S Vesawkar,Karan KC,Khawar Ali,0,0,"",""
ball,2,35.4,Nepal,S Vesawkar,Karan KC,Khawar Ali,0,0,"",""
ball,2,35.5,Nepal,S Vesawkar,Karan KC,Khawar Ali,1,0,"",""
ball,2,35.6,Nepal,Karan KC,S Vesawkar,Khawar Ali,0,0,"",""
ball,2,36.1,Nepal,S Vesawkar,Karan KC,Kaleemullah,0,0,"",""
ball,2,36.2,Nepal,S Vesawkar,Karan KC,Kaleemullah,0,0,"",""
ball,2,36.3,Nepal,S Vesawkar,Karan KC,Kaleemullah,1,0,"",""
ball,2,36.4,Nepal,Karan KC,S Vesawkar,Kaleemullah,0,0,caught,Karan KC
ball,2,36.5,Nepal,S Lamichhane,S Vesawkar,Kaleemullah,0,0,"",""
ball,2,36.6,Nepal,S Lamichhane,S Vesawkar,Kaleemullah,2,0,"",""
ball,2,37.1,Nepal,S Vesawkar,S Lamichhane,Khawar Ali,1,0,"",""
ball,2,37.2,Nepal,S Lamichhane,S Vesawkar,Khawar Ali,0,0,"",""
ball,2,37.3,Nepal,S Lamichhane,S Vesawkar,Khawar Ali,1,0,"",""
ball,2,37.4,Nepal,S Vesawkar,S Lamichhane,Khawar Ali,0,0,"",""
ball,2,37.5,Nepal,S Vesawkar,S Lamichhane,Khawar Ali,1,0,"",""
ball,2,37.6,Nepal,S Lamichhane,S Vesawkar,Khawar Ali,0,0,"",""
ball,2,38.1,Nepal,S Vesawkar,S Lamichhane,Kaleemullah,1,0,"",""
ball,2,38.2,Nepal,S Lamichhane,S Vesawkar,Kaleemullah,1,0,"",""
ball,2,38.3,Nepal,S Vesawkar,S Lamichhane,Kaleemullah,0,0,"",""
ball,2,38.4,Nepal,S Vesawkar,S Lamichhane,Kaleemullah,0,0,"",""
ball,2,38.5,Nepal,S Vesawkar,S Lamichhane,Kaleemullah,0,1,"",""
ball,2,38.6,Nepal,S Vesawkar,S Lamichhane,Kaleemullah,1,0,"",""
ball,2,38.7,Nepal,S Lamichhane,S Vesawkar,Kaleemullah,6,0,"",""
ball,2,39.1,Nepal,S Vesawkar,S Lamichhane,Khawar Ali,0,0,"",""
ball,2,39.2,Nepal,S Vesawkar,S Lamichhane,Khawar Ali,0,0,"",""
ball,2,39.3,Nepal,S Vesawkar,S Lamichhane,Khawar Ali,0,0,"",""
ball,2,39.4,Nepal,S Vesawkar,S Lamichhane,Khawar Ali,1,0,"",""
ball,2,39.5,Nepal,S Lamichhane,S Vesawkar,Khawar Ali,0,0,"",""
ball,2,39.6,Nepal,S Lamichhane,S Vesawkar,Khawar Ali,4,0,"",""
ball,2,40.1,Nepal,S Vesawkar,S Lamichhane,Bilal Khan,0,1,"",""
ball,2,40.2,Nepal,S Vesawkar,S Lamichhane,Bilal Khan,1,0,"",""
ball,2,40.3,Nepal,S Lamichhane,S Vesawkar,Bilal Khan,0,0,"",""
ball,2,40.4,Nepal,S Lamichhane,S Vesawkar,Bilal Khan,1,0,"",""
ball,2,40.5,Nepal,S Vesawkar,S Lamichhane,Bilal Khan,1,0,"",""
ball,2,40.6,Nepal,S Lamichhane,S Vesawkar,Bilal Khan,1,0,"",""
ball,2,40.7,Nepal,S Vesawkar,S Lamichhane,Bilal Khan,0,0,"",""
ball,2,41.1,Nepal,S Lamichhane,S Vesawkar,Khawar Ali,0,0,"",""
ball,2,41.2,Nepal,S Lamichhane,S Vesawkar,Khawar Ali,4,0,"",""
ball,2,41.3,Nepal,S Lamichhane,S Vesawkar,Khawar Ali,0,0,"",""
ball,2,41.4,Nepal,S Lamichhane,S Vesawkar,Khawar Ali,2,0,"",""
ball,2,41.5,Nepal,S Lamichhane,S Vesawkar,Khawar Ali,4,0,"",""
ball,2,41.6,Nepal,S Lamichhane,S Vesawkar,Khawar Ali,1,0,"",""
ball,2,42.1,Nepal,S Lamichhane,S Vesawkar,Zeeshan Maqsood,0,0,"",""
ball,2,42.2,Nepal,S Lamichhane,S Vesawkar,Zeeshan Maqsood,0,0,"",""
ball,2,42.3,Nepal,S Lamichhane,S Vesawkar,Zeeshan Maqsood,0,0,"",""
ball,2,42.4,Nepal,S Lamichhane,S Vesawkar,Zeeshan Maqsood,0,2,"",""
ball,2,42.5,Nepal,S Lamichhane,S Vesawkar,Zeeshan Maqsood,0,0,"",""
ball,2,42.6,Nepal,S Lamichhane,S Vesawkar,Zeeshan Maqsood,0,0,"",""
ball,2,43.1,Nepal,S Vesawkar,S Lamichhane,Aqib Ilyas,0,0,bowled,S Vesawkar
ball,2,43.2,Nepal,S Bhari,S Lamichhane,Aqib Ilyas,0,0,"",""
ball,2,43.3,Nepal,S Bhari,S Lamichhane,Aqib Ilyas,1,0,"",""
ball,2,43.4,Nepal,S Lamichhane,S Bhari,Aqib Ilyas,0,0,"",""
ball,2,43.5,Nepal,S Lamichhane,S Bhari,Aqib Ilyas,1,0,"",""
ball,2,43.6,Nepal,S Bhari,S Lamichhane,Aqib Ilyas,0,0,"",""
ball,2,44.1,Nepal,S Lamichhane,S Bhari,Zeeshan Maqsood,0,0,caught,S Lamichhane
ball,2,44.2,Nepal,A Bohara,S Bhari,Zeeshan Maqsood,1,0,"",""
ball,2,44.3,Nepal,S Bhari,A Bohara,Zeeshan Maqsood,0,0,"",""
ball,2,44.4,Nepal,S Bhari,A Bohara,Zeeshan Maqsood,0,0,"",""
ball,2,44.5,Nepal,S Bhari,A Bohara,Zeeshan Maqsood,0,0,"",""
ball,2,44.6,Nepal,S Bhari,A Bohara,Zeeshan Maqsood,0,0,"",""
ball,2,45.1,Nepal,A Bohara,S Bhari,Aqib Ilyas,2,0,"",""
ball,2,45.2,Nepal,A Bohara,S Bhari,Aqib Ilyas,0,0,"",""
ball,2,45.3,Nepal,A Bohara,S Bhari,Aqib Ilyas,0,0,"",""
ball,2,45.4,Nepal,A Bohara,S Bhari,Aqib Ilyas,2,0,"",""
ball,2,45.5,Nepal,A Bohara,S Bhari,Aqib Ilyas,2,0,"",""
ball,2,45.6,Nepal,A Bohara,S Bhari,Aqib Ilyas,0,0,"",""
ball,2,46.1,Nepal,S Bhari,A Bohara,Bilal Khan,4,0,"",""
ball,2,46.2,Nepal,S Bhari,A Bohara,Bilal Khan,1,0,"",""
ball,2,46.3,Nepal,A Bohara,S Bhari,Bilal Khan,1,0,"",""
ball,2,46.4,Nepal,S Bhari,A Bohara,Bilal Khan,2,0,"",""
ball,2,46.5,Nepal,S Bhari,A Bohara,Bilal Khan,0,0,caught,S Bhari
