version,1.3.0
info,team,Nepal
info,team,United States of America
info,gender,male
info,season,2019/20
info,date,2020/02/08
info,competition,ICC Men's Cricket World Cup League 2
info,match_number,27
info,venue,Tribhuvan University International Cricket Ground
info,city,Kirtipur
info,toss_winner,United States of America
info,toss_decision,field
info,player_of_match,Karan KC
info,umpire,C Shamshuddin
info,umpire,BB Pradhan
info,reserve_umpire,DN Subedi
info,match_referee,Neeyamur Rashid
info,winner,Nepal
info,winner_runs,35
ball,1,0.1,Nepal,SP Khakurel,G Malla,EH Hutchinson,0,0,"",""
ball,1,0.2,Nepal,SP Khakurel,G Malla,EH Hutchinson,0,0,"",""
ball,1,0.3,Nepal,SP Khakurel,G Malla,EH Hutchinson,0,0,"",""
ball,1,0.4,Nepal,SP Khakurel,G Malla,EH Hutchinson,0,0,"",""
ball,1,0.5,Nepal,SP Khakurel,G Malla,EH Hutchinson,0,1,"",""
ball,1,0.6,Nepal,SP Khakurel,G Malla,EH Hutchinson,1,0,"",""
ball,1,0.7,Nepal,G Malla,SP Khakurel,EH Hutchinson,0,0,"",""
ball,1,1.1,Nepal,SP Khakurel,G Malla,J Theron,1,0,"",""
ball,1,1.2,Nepal,G Malla,SP Khakurel,J Theron,0,0,"",""
ball,1,1.3,Nepal,G Malla,SP Khakurel,J Theron,0,0,"",""
ball,1,1.4,Nepal,G Malla,SP Khakurel,J Theron,0,0,"",""
ball,1,1.5,Nepal,G Malla,SP Khakurel,J Theron,1,0,"",""
ball,1,1.6,Nepal,SP Khakurel,G Malla,J Theron,1,0,"",""
ball,1,2.1,Nepal,SP Khakurel,G Malla,EH Hutchinson,0,0,"",""
ball,1,2.2,Nepal,SP Khakurel,G Malla,EH Hutchinson,0,1,"",""
ball,1,2.3,Nepal,G Malla,SP Khakurel,EH Hutchinson,0,0,"",""
ball,1,2.4,Nepal,G Malla,SP Khakurel,EH Hutchinson,0,0,"",""
ball,1,2.5,Nepal,G Malla,SP Khakurel,EH Hutchinson,0,0,"",""
ball,1,2.6,Nepal,G Malla,SP Khakurel,EH Hutchinson,0,0,"",""
ball,1,3.1,Nepal,SP Khakurel,G Malla,J Theron,0,0,caught,SP Khakurel
ball,1,3.2,Nepal,P Khadka,G Malla,J Theron,1,0,"",""
ball,1,3.3,Nepal,G Malla,P Khadka,J Theron,0,0,"",""
ball,1,3.4,Nepal,G Malla,P Khadka,J Theron,2,0,"",""
ball,1,3.5,Nepal,G Malla,P Khadka,J Theron,1,0,"",""
ball,1,3.6,Nepal,P Khadka,G Malla,J Theron,0,0,"",""
ball,1,4.1,Nepal,G Malla,P Khadka,EH Hutchinson,0,0,"",""
ball,1,4.2,Nepal,G Malla,P Khadka,EH Hutchinson,0,0,"",""
ball,1,4.3,Nepal,G Malla,P Khadka,EH Hutchinson,0,0,"",""
ball,1,4.4,Nepal,G Malla,P Khadka,EH Hutchinson,0,0,"",""
ball,1,4.5,Nepal,G Malla,P Khadka,EH Hutchinson,4,0,"",""
ball,1,4.6,Nepal,G Malla,P Khadka,EH Hutchinson,0,0,"",""
ball,1,5.1,Nepal,P Khadka,G Malla,J Theron,2,0,"",""
ball,1,5.2,Nepal,P Khadka,G Malla,J Theron,0,0,"",""
ball,1,5.3,Nepal,P Khadka,G Malla,J Theron,0,0,"",""
ball,1,5.4,Nepal,P Khadka,G Malla,J Theron,0,0,"",""
ball,1,5.5,Nepal,P Khadka,G Malla,J Theron,0,0,"",""
ball,1,5.6,Nepal,P Khadka,G Malla,J Theron,3,0,"",""
ball,1,6.1,Nepal,P Khadka,G Malla,EH Hutchinson,0,0,"",""
ball,1,6.2,Nepal,P Khadka,G Malla,EH Hutchinson,0,0,"",""
ball,1,6.3,Nepal,P Khadka,G Malla,EH Hutchinson,1,0,"",""
ball,1,6.4,Nepal,G Malla,P Khadka,EH Hutchinson,0,0,"",""
ball,1,6.5,Nepal,G Malla,P Khadka,EH Hutchinson,0,0,"",""
ball,1,6.6,Nepal,G Malla,P Khadka,EH Hutchinson,0,0,"",""
ball,1,7.1,Nepal,P Khadka,G Malla,J Theron,0,0,"",""
ball,1,7.2,Nepal,P Khadka,G Malla,J Theron,0,0,"",""
ball,1,7.3,Nepal,P Khadka,G Malla,J Theron,0,0,"",""
ball,1,7.4,Nepal,P Khadka,G Malla,J Theron,0,0,"",""
ball,1,7.5,Nepal,P Khadka,G Malla,J Theron,0,0,"",""
ball,1,7.6,Nepal,P Khadka,G Malla,J Theron,0,0,"",""
ball,1,8.1,Nepal,G Malla,P Khadka,EH Hutchinson,0,1,"",""
ball,1,8.2,Nepal,P Khadka,G Malla,EH Hutchinson,0,0,"",""
ball,1,8.3,Nepal,P Khadka,G Malla,EH Hutchinson,0,0,"",""
ball,1,8.4,Nepal,P Khadka,G Malla,EH Hutchinson,4,0,"",""
ball,1,8.5,Nepal,P Khadka,G Malla,EH Hutchinson,0,0,"",""
ball,1,8.6,Nepal,P Khadka,G Malla,EH Hutchinson,0,0,"",""
ball,1,9.1,Nepal,G Malla,P Khadka,J Theron,0,0,"",""
ball,1,9.2,Nepal,G Malla,P Khadka,J Theron,0,0,"",""
ball,1,9.3,Nepal,G Malla,P Khadka,J Theron,4,0,"",""
ball,1,9.4,Nepal,G Malla,P Khadka,J Theron,0,0,"",""
ball,1,9.5,Nepal,G Malla,P Khadka,J Theron,4,0,"",""
ball,1,9.6,Nepal,G Malla,P Khadka,J Theron,0,1,"",""
ball,1,9.7,Nepal,G Malla,P Khadka,J Theron,0,0,"",""
ball,1,10.1,Nepal,P Khadka,G Malla,SN Netravalkar,0,0,"",""
ball,1,10.2,Nepal,P Khadka,G Malla,SN Netravalkar,0,0,"",""
ball,1,10.3,Nepal,P Khadka,G Malla,SN Netravalkar,1,0,"",""
ball,1,10.4,Nepal,G Malla,P Khadka,SN Netravalkar,0,0,"",""
ball,1,10.5,Nepal,G Malla,P Khadka,SN Netravalkar,0,0,"",""
ball,1,10.6,Nepal,G Malla,P Khadka,SN Netravalkar,0,0,"",""
ball,1,11.1,Nepal,P Khadka,G Malla,CAH Stevenson,0,0,"",""
ball,1,11.2,Nepal,P Khadka,G Malla,CAH Stevenson,0,0,"",""
ball,1,11.3,Nepal,P Khadka,G Malla,CAH Stevenson,4,0,"",""
ball,1,11.4,Nepal,P Khadka,G Malla,CAH Stevenson,0,0,"",""
ball,1,11.5,Nepal,P Khadka,G Malla,CAH Stevenson,0,0,"",""
ball,1,11.6,Nepal,P Khadka,G Malla,CAH Stevenson,0,0,"",""
ball,1,12.1,Nepal,G Malla,P Khadka,SN Netravalkar,0,0,"",""
ball,1,12.2,Nepal,G Malla,P Khadka,SN Netravalkar,4,0,"",""
ball,1,12.3,Nepal,G Malla,P Khadka,SN Netravalkar,0,0,"",""
ball,1,12.4,Nepal,G Malla,P Khadka,SN Netravalkar,0,0,"",""
ball,1,12.5,Nepal,G Malla,P Khadka,SN Netravalkar,0,0,"",""
ball,1,12.6,Nepal,G Malla,P Khadka,SN Netravalkar,0,0,"",""
ball,1,13.1,Nepal,P Khadka,G Malla,CAH Stevenson,1,0,"",""
ball,1,13.2,Nepal,G Malla,P Khadka,CAH Stevenson,1,0,"",""
ball,1,13.3,Nepal,P Khadka,G Malla,CAH Stevenson,0,0,"",""
ball,1,13.4,Nepal,P Khadka,G Malla,CAH Stevenson,1,0,"",""
ball,1,13.5,Nepal,G Malla,P Khadka,CAH Stevenson,0,0,caught,G Malla
ball,1,13.6,Nepal,DS Airee,P Khadka,CAH Stevenson,0,0,"",""
ball,1,14.1,Nepal,P Khadka,DS Airee,SN Netravalkar,0,0,"",""
ball,1,14.2,Nepal,P Khadka,DS Airee,SN Netravalkar,0,0,"",""
ball,1,14.3,Nepal,P Khadka,DS Airee,SN Netravalkar,0,0,"",""
ball,1,14.4,Nepal,P Khadka,DS Airee,SN Netravalkar,0,0,"",""
ball,1,14.5,Nepal,P Khadka,DS Airee,SN Netravalkar,0,0,"",""
ball,1,14.6,Nepal,P Khadka,DS Airee,SN Netravalkar,1,0,"",""
ball,1,15.1,Nepal,P Khadka,DS Airee,CAH Stevenson,0,0,"",""
ball,1,15.2,Nepal,P Khadka,DS Airee,CAH Stevenson,0,0,"",""
ball,1,15.3,Nepal,P Khadka,DS Airee,CAH Stevenson,0,0,"",""
ball,1,15.4,Nepal,P Khadka,DS Airee,CAH Stevenson,0,0,"",""
ball,1,15.5,Nepal,P Khadka,DS Airee,CAH Stevenson,0,0,"",""
ball,1,15.6,Nepal,P Khadka,DS Airee,CAH Stevenson,0,0,"",""
ball,1,16.1,Nepal,DS Airee,P Khadka,SN Netravalkar,0,0,caught,DS Airee
ball,1,16.2,Nepal,Aarif Sheikh,P Khadka,SN Netravalkar,0,0,"",""
ball,1,16.3,Nepal,Aarif Sheikh,P Khadka,SN Netravalkar,0,0,"",""
ball,1,16.4,Nepal,Aarif Sheikh,P Khadka,SN Netravalkar,0,0,"",""
ball,1,16.5,Nepal,Aarif Sheikh,P Khadka,SN Netravalkar,0,0,"",""
ball,1,16.6,Nepal,Aarif Sheikh,P Khadka,SN Netravalkar,0,0,"",""
ball,1,17.1,Nepal,P Khadka,Aarif Sheikh,CAH Stevenson,0,0,"",""
ball,1,17.2,Nepal,P Khadka,Aarif Sheikh,CAH Stevenson,0,0,"",""
ball,1,17.3,Nepal,P Khadka,Aarif Sheikh,CAH Stevenson,0,0,"",""
ball,1,17.4,Nepal,P Khadka,Aarif Sheikh,CAH Stevenson,0,0,"",""
ball,1,17.5,Nepal,P Khadka,Aarif Sheikh,CAH Stevenson,0,0,"",""
ball,1,17.6,Nepal,P Khadka,Aarif Sheikh,CAH Stevenson,0,0,caught,P Khadka
ball,1,18.1,Nepal,Aarif Sheikh,Kushal Malla,SN Netravalkar,0,0,"",""
ball,1,18.2,Nepal,Aarif Sheikh,Kushal Malla,SN Netravalkar,0,0,"",""
ball,1,18.3,Nepal,Aarif Sheikh,Kushal Malla,SN Netravalkar,0,0,"",""
ball,1,18.4,Nepal,Aarif Sheikh,Kushal Malla,SN Netravalkar,0,0,"",""
ball,1,18.5,Nepal,Aarif Sheikh,Kushal Malla,SN Netravalkar,1,0,"",""
ball,1,18.6,Nepal,Kushal Malla,Aarif Sheikh,SN Netravalkar,0,0,"",""
ball,1,19.1,Nepal,Aarif Sheikh,Kushal Malla,CAH Stevenson,1,0,"",""
ball,1,19.2,Nepal,Kushal Malla,Aarif Sheikh,CAH Stevenson,0,0,"",""
ball,1,19.3,Nepal,Kushal Malla,Aarif Sheikh,CAH Stevenson,0,0,"",""
ball,1,19.4,Nepal,Kushal Malla,Aarif Sheikh,CAH Stevenson,0,0,"",""
ball,1,19.5,Nepal,Kushal Malla,Aarif Sheikh,CAH Stevenson,0,0,"",""
ball,1,19.6,Nepal,Kushal Malla,Aarif Sheikh,CAH Stevenson,0,0,"",""
ball,1,20.1,Nepal,Aarif Sheikh,Kushal Malla,SN Netravalkar,0,0,"",""
ball,1,20.2,Nepal,Aarif Sheikh,Kushal Malla,SN Netravalkar,0,0,"",""
ball,1,20.3,Nepal,Aarif Sheikh,Kushal Malla,SN Netravalkar,0,0,"",""
ball,1,20.4,Nepal,Aarif Sheikh,Kushal Malla,SN Netravalkar,0,0,"",""
ball,1,20.5,Nepal,Aarif Sheikh,Kushal Malla,SN Netravalkar,0,0,caught,Aarif Sheikh
ball,1,20.6,Nepal,B Bhandari,Kushal Malla,SN Netravalkar,0,0,"",""
ball,1,21.1,Nepal,Kushal Malla,B Bhandari,CAH Stevenson,1,0,"",""
ball,1,21.2,Nepal,B Bhandari,Kushal Malla,CAH Stevenson,0,0,"",""
ball,1,21.3,Nepal,B Bhandari,Kushal Malla,CAH Stevenson,1,0,"",""
ball,1,21.4,Nepal,Kushal Malla,B Bhandari,CAH Stevenson,4,0,"",""
ball,1,21.5,Nepal,Kushal Malla,B Bhandari,CAH Stevenson,6,0,"",""
ball,1,21.6,Nepal,Kushal Malla,B Bhandari,CAH Stevenson,0,0,"",""
ball,1,22.1,Nepal,B Bhandari,Kushal Malla,SN Netravalkar,1,0,"",""
ball,1,22.2,Nepal,Kushal Malla,B Bhandari,SN Netravalkar,1,0,"",""
ball,1,22.3,Nepal,B Bhandari,Kushal Malla,SN Netravalkar,0,0,"",""
ball,1,22.4,Nepal,B Bhandari,Kushal Malla,SN Netravalkar,0,0,"",""
ball,1,22.5,Nepal,B Bhandari,Kushal Malla,SN Netravalkar,0,0,"",""
ball,1,22.6,Nepal,B Bhandari,Kushal Malla,SN Netravalkar,0,0,"",""
ball,1,23.1,Nepal,Kushal Malla,B Bhandari,CAH Stevenson,0,0,"",""
ball,1,23.2,Nepal,Kushal Malla,B Bhandari,CAH Stevenson,0,0,"",""
ball,1,23.3,Nepal,Kushal Malla,B Bhandari,CAH Stevenson,1,0,"",""
ball,1,23.4,Nepal,B Bhandari,Kushal Malla,CAH Stevenson,0,0,"",""
ball,1,23.5,Nepal,B Bhandari,Kushal Malla,CAH Stevenson,0,0,"",""
ball,1,23.6,Nepal,B Bhandari,Kushal Malla,CAH Stevenson,0,0,"",""
ball,1,24.1,Nepal,Kushal Malla,B Bhandari,SN Netravalkar,0,0,"",""
ball,1,24.2,Nepal,Kushal Malla,B Bhandari,SN Netravalkar,0,0,"",""
ball,1,24.3,Nepal,Kushal Malla,B Bhandari,SN Netravalkar,6,0,"",""
ball,1,24.4,Nepal,Kushal Malla,B Bhandari,SN Netravalkar,0,0,"",""
ball,1,24.5,Nepal,Kushal Malla,B Bhandari,SN Netravalkar,2,0,"",""
ball,1,24.6,Nepal,Kushal Malla,B Bhandari,SN Netravalkar,0,0,"",""
ball,1,25.1,Nepal,B Bhandari,Kushal Malla,Steven Ryan Taylor,0,0,"",""
ball,1,25.2,Nepal,B Bhandari,Kushal Malla,Steven Ryan Taylor,4,0,"",""
ball,1,25.3,Nepal,B Bhandari,Kushal Malla,Steven Ryan Taylor,1,0,"",""
ball,1,25.4,Nepal,Kushal Malla,B Bhandari,Steven Ryan Taylor,4,0,"",""
ball,1,25.5,Nepal,Kushal Malla,B Bhandari,Steven Ryan Taylor,0,0,"",""
ball,1,25.6,Nepal,Kushal Malla,B Bhandari,Steven Ryan Taylor,0,0,"",""
ball,1,26.1,Nepal,B Bhandari,Kushal Malla,IG Holland,0,0,"",""
ball,1,26.2,Nepal,B Bhandari,Kushal Malla,IG Holland,1,0,"",""
ball,1,26.3,Nepal,Kushal Malla,B Bhandari,IG Holland,0,0,"",""
ball,1,26.4,Nepal,Kushal Malla,B Bhandari,IG Holland,1,0,"",""
ball,1,26.5,Nepal,B Bhandari,Kushal Malla,IG Holland,1,0,"",""
ball,1,26.6,Nepal,Kushal Malla,B Bhandari,IG Holland,0,0,"",""
ball,1,27.1,Nepal,B Bhandari,Kushal Malla,Steven Ryan Taylor,6,0,"",""
ball,1,27.2,Nepal,B Bhandari,Kushal Malla,Steven Ryan Taylor,0,0,"",""
ball,1,27.3,Nepal,B Bhandari,Kushal Malla,Steven Ryan Taylor,0,0,"",""
ball,1,27.4,Nepal,B Bhandari,Kushal Malla,Steven Ryan Taylor,1,0,"",""
ball,1,27.5,Nepal,Kushal Malla,B Bhandari,Steven Ryan Taylor,0,1,"",""
ball,1,27.6,Nepal,B Bhandari,Kushal Malla,Steven Ryan Taylor,1,0,"",""
ball,1,28.1,Nepal,B Bhandari,Kushal Malla,IG Holland,0,0,"",""
ball,1,28.2,Nepal,B Bhandari,Kushal Malla,IG Holland,1,0,"",""
ball,1,28.3,Nepal,Kushal Malla,B Bhandari,IG Holland,1,0,"",""
ball,1,28.4,Nepal,B Bhandari,Kushal Malla,IG Holland,0,0,"",""
ball,1,28.5,Nepal,B Bhandari,Kushal Malla,IG Holland,1,0,"",""
ball,1,28.6,Nepal,Kushal Malla,B Bhandari,IG Holland,0,0,"",""
ball,1,29.1,Nepal,B Bhandari,Kushal Malla,J Theron,0,0,"",""
ball,1,29.2,Nepal,B Bhandari,Kushal Malla,J Theron,2,0,"",""
ball,1,29.3,Nepal,B Bhandari,Kushal Malla,J Theron,0,0,"",""
ball,1,29.4,Nepal,B Bhandari,Kushal Malla,J Theron,0,0,"",""
ball,1,29.5,Nepal,B Bhandari,Kushal Malla,J Theron,4,0,"",""
ball,1,29.6,Nepal,B Bhandari,Kushal Malla,J Theron,0,0,"",""
ball,1,30.1,Nepal,Kushal Malla,B Bhandari,IG Holland,0,0,"",""
ball,1,30.2,Nepal,Kushal Malla,B Bhandari,IG Holland,0,0,"",""
ball,1,30.3,Nepal,Kushal Malla,B Bhandari,IG Holland,1,0,"",""
ball,1,30.4,Nepal,B Bhandari,Kushal Malla,IG Holland,1,0,"",""
ball,1,30.5,Nepal,Kushal Malla,B Bhandari,IG Holland,4,0,"",""
ball,1,30.6,Nepal,Kushal Malla,B Bhandari,IG Holland,1,0,"",""
ball,1,31.1,Nepal,Kushal Malla,B Bhandari,J Theron,1,0,"",""
ball,1,31.2,Nepal,B Bhandari,Kushal Malla,J Theron,1,0,"",""
ball,1,31.3,Nepal,Kushal Malla,B Bhandari,J Theron,4,0,"",""
ball,1,31.4,Nepal,Kushal Malla,B Bhandari,J Theron,0,0,"",""
ball,1,31.5,Nepal,Kushal Malla,B Bhandari,J Theron,1,0,"",""
ball,1,31.6,Nepal,B Bhandari,Kushal Malla,J Theron,0,0,"",""
ball,1,32.1,Nepal,Kushal Malla,B Bhandari,IG Holland,1,0,"",""
ball,1,32.2,Nepal,B Bhandari,Kushal Malla,IG Holland,1,0,"",""
ball,1,32.3,Nepal,Kushal Malla,B Bhandari,IG Holland,6,0,"",""
ball,1,32.4,Nepal,Kushal Malla,B Bhandari,IG Holland,0,0,"",""
ball,1,32.5,Nepal,Kushal Malla,B Bhandari,IG Holland,1,0,"",""
ball,1,32.6,Nepal,B Bhandari,Kushal Malla,IG Holland,0,0,"",""
ball,1,33.1,Nepal,Kushal Malla,B Bhandari,K Gore,0,0,"",""
ball,1,33.2,Nepal,Kushal Malla,B Bhandari,K Gore,1,0,"",""
ball,1,33.3,Nepal,B Bhandari,Kushal Malla,K Gore,0,0,"",""
ball,1,33.4,Nepal,B Bhandari,Kushal Malla,K Gore,1,0,"",""
ball,1,33.5,Nepal,Kushal Malla,B Bhandari,K Gore,0,0,"",""
ball,1,33.6,Nepal,Kushal Malla,B Bhandari,K Gore,1,0,"",""
ball,1,34.1,Nepal,Kushal Malla,B Bhandari,IG Holland,0,0,"",""
ball,1,34.2,Nepal,Kushal Malla,B Bhandari,IG Holland,0,0,"",""
ball,1,34.3,Nepal,Kushal Malla,B Bhandari,IG Holland,1,0,"",""
ball,1,34.4,Nepal,B Bhandari,Kushal Malla,IG Holland,0,0,"",""
ball,1,34.5,Nepal,B Bhandari,Kushal Malla,IG Holland,0,0,"",""
ball,1,34.6,Nepal,B Bhandari,Kushal Malla,IG Holland,4,0,"",""
ball,1,35.1,Nepal,Kushal Malla,B Bhandari,K Gore,0,0,"",""
ball,1,35.2,Nepal,Kushal Malla,B Bhandari,K Gore,0,0,caught,Kushal Malla
ball,1,35.3,Nepal,Karan KC,B Bhandari,K Gore,0,0,"",""
ball,1,35.4,Nepal,Karan KC,B Bhandari,K Gore,1,0,"",""
ball,1,35.5,Nepal,B Bhandari,Karan KC,K Gore,1,1,"",""
ball,1,35.6,Nepal,Karan KC,B Bhandari,K Gore,4,0,"",""
ball,1,35.7,Nepal,Karan KC,B Bhandari,K Gore,1,0,"",""
ball,1,36.1,Nepal,Karan KC,B Bhandari,IG Holland,0,0,"",""
ball,1,36.2,Nepal,Karan KC,B Bhandari,IG Holland,0,0,"",""
ball,1,36.3,Nepal,Karan KC,B Bhandari,IG Holland,0,0,"",""
ball,1,36.4,Nepal,Karan KC,B Bhandari,IG Holland,0,0,"",""
ball,1,36.5,Nepal,Karan KC,B Bhandari,IG Holland,0,0,"",""
ball,1,36.6,Nepal,Karan KC,B Bhandari,IG Holland,0,0,"",""
ball,1,37.1,Nepal,B Bhandari,Karan KC,CAH Stevenson,0,0,"",""
ball,1,37.2,Nepal,B Bhandari,Karan KC,CAH Stevenson,0,0,"",""
ball,1,37.3,Nepal,B Bhandari,Karan KC,CAH Stevenson,0,0,"",""
ball,1,37.4,Nepal,B Bhandari,Karan KC,CAH Stevenson,1,0,"",""
ball,1,37.5,Nepal,Karan KC,B Bhandari,CAH Stevenson,0,0,"",""
ball,1,37.6,Nepal,Karan KC,B Bhandari,CAH Stevenson,0,0,"",""
ball,1,38.1,Nepal,B Bhandari,Karan KC,IG Holland,1,0,"",""
ball,1,38.2,Nepal,Karan KC,B Bhandari,IG Holland,0,0,"",""
ball,1,38.3,Nepal,Karan KC,B Bhandari,IG Holland,4,0,"",""
ball,1,38.4,Nepal,Karan KC,B Bhandari,IG Holland,0,0,"",""
ball,1,38.5,Nepal,Karan KC,B Bhandari,IG Holland,1,0,"",""
ball,1,38.6,Nepal,B Bhandari,Karan KC,IG Holland,4,0,"",""
ball,1,39.1,Nepal,Karan KC,B Bhandari,CAH Stevenson,0,0,"",""
ball,1,39.2,Nepal,Karan KC,B Bhandari,CAH Stevenson,0,0,"",""
ball,1,39.3,Nepal,Karan KC,B Bhandari,CAH Stevenson,1,0,"",""
ball,1,39.4,Nepal,B Bhandari,Karan KC,CAH Stevenson,1,0,"",""
ball,1,39.5,Nepal,Karan KC,B Bhandari,CAH Stevenson,0,0,"",""
ball,1,39.6,Nepal,Karan KC,B Bhandari,CAH Stevenson,0,0,caught,Karan KC
ball,1,40.1,Nepal,B Bhandari,S Lamichhane,EH Hutchinson,1,0,"",""
ball,1,40.2,Nepal,S Lamichhane,B Bhandari,EH Hutchinson,0,0,"",""
ball,1,40.3,Nepal,S Lamichhane,B Bhandari,EH Hutchinson,0,0,caught,S Lamichhane
ball,1,40.4,Nepal,B Bhandari,S Bhari,EH Hutchinson,0,0,"",""
ball,1,40.5,Nepal,B Bhandari,S Bhari,EH Hutchinson,1,0,"",""
ball,1,40.6,Nepal,S Bhari,B Bhandari,EH Hutchinson,0,0,"",""
ball,1,41.1,Nepal,B Bhandari,S Bhari,CAH Stevenson,0,0,"",""
ball,1,41.2,Nepal,B Bhandari,S Bhari,CAH Stevenson,1,0,"",""
ball,1,41.3,Nepal,S Bhari,B Bhandari,CAH Stevenson,4,0,"",""
ball,1,41.4,Nepal,S Bhari,B Bhandari,CAH Stevenson,0,0,"",""
ball,1,41.5,Nepal,S Bhari,B Bhandari,CAH Stevenson,0,0,"",""
ball,1,41.6,Nepal,S Bhari,B Bhandari,CAH Stevenson,1,0,"",""
ball,1,42.1,Nepal,S Bhari,B Bhandari,EH Hutchinson,0,0,"",""
ball,1,42.2,Nepal,S Bhari,B Bhandari,EH Hutchinson,0,0,"",""
ball,1,42.3,Nepal,S Bhari,B Bhandari,EH Hutchinson,1,0,"",""
ball,1,42.4,Nepal,B Bhandari,S Bhari,EH Hutchinson,0,0,"",""
ball,1,42.5,Nepal,B Bhandari,S Bhari,EH Hutchinson,0,1,"",""
ball,1,42.6,Nepal,S Bhari,B Bhandari,EH Hutchinson,0,0,"",""
ball,1,43.1,Nepal,B Bhandari,S Bhari,J Theron,0,0,"",""
ball,1,43.2,Nepal,B Bhandari,S Bhari,J Theron,0,0,"",""
ball,1,43.3,Nepal,B Bhandari,S Bhari,J Theron,1,0,"",""
ball,1,43.4,Nepal,S Bhari,B Bhandari,J Theron,0,0,"",""
ball,1,43.5,Nepal,S Bhari,B Bhandari,J Theron,1,0,"",""
ball,1,43.6,Nepal,B Bhandari,S Bhari,J Theron,1,0,"",""
ball,1,44.1,Nepal,B Bhandari,S Bhari,EH Hutchinson,4,0,"",""
ball,1,44.2,Nepal,B Bhandari,S Bhari,EH Hutchinson,0,0,"",""
ball,1,44.3,Nepal,B Bhandari,S Bhari,EH Hutchinson,0,0,"",""
ball,1,44.4,Nepal,B Bhandari,S Bhari,EH Hutchinson,1,0,"",""
ball,1,44.5,Nepal,S Bhari,B Bhandari,EH Hutchinson,0,1,"",""
ball,1,44.6,Nepal,S Bhari,B Bhandari,EH Hutchinson,0,0,"",""
ball,1,44.7,Nepal,S Bhari,B Bhandari,EH Hutchinson,0,0,"",""
ball,1,45.1,Nepal,B Bhandari,S Bhari,J Theron,0,0,"",""
ball,1,45.2,Nepal,B Bhandari,S Bhari,J Theron,0,0,"",""
ball,1,45.3,Nepal,B Bhandari,S Bhari,J Theron,0,0,"",""
ball,1,45.4,Nepal,B Bhandari,S Bhari,J Theron,2,0,"",""
ball,1,45.5,Nepal,B Bhandari,S Bhari,J Theron,0,0,"",""
ball,1,45.6,Nepal,B Bhandari,S Bhari,J Theron,1,0,"",""
ball,1,46.1,Nepal,B Bhandari,S Bhari,SN Netravalkar,0,0,"",""
ball,1,46.2,Nepal,B Bhandari,S Bhari,SN Netravalkar,4,0,"",""
ball,1,46.3,Nepal,B Bhandari,S Bhari,SN Netravalkar,0,0,"",""
ball,1,46.4,Nepal,B Bhandari,S Bhari,SN Netravalkar,0,0,"",""
ball,1,46.5,Nepal,B Bhandari,S Bhari,SN Netravalkar,1,0,"",""
ball,1,46.6,Nepal,S Bhari,B Bhandari,SN Netravalkar,0,0,"",""
ball,1,47.1,Nepal,B Bhandari,S Bhari,J Theron,0,0,"",""
ball,1,47.2,Nepal,B Bhandari,S Bhari,J Theron,0,0,"",""
ball,1,47.3,Nepal,B Bhandari,S Bhari,J Theron,0,0,caught,B Bhandari
ball,1,47.4,Nepal,A Bohara,S Bhari,J Theron,0,0,"",""
ball,1,47.5,Nepal,A Bohara,S Bhari,J Theron,0,0,"",""
ball,1,47.6,Nepal,A Bohara,S Bhari,J Theron,1,0,"",""
ball,1,48.1,Nepal,A Bohara,S Bhari,SN Netravalkar,1,0,"",""
ball,1,48.2,Nepal,S Bhari,A Bohara,SN Netravalkar,0,0,"",""
ball,1,48.3,Nepal,S Bhari,A Bohara,SN Netravalkar,1,0,"",""
ball,1,48.4,Nepal,A Bohara,S Bhari,SN Netravalkar,1,0,"",""
ball,1,48.5,Nepal,S Bhari,A Bohara,SN Netravalkar,1,0,"",""
ball,1,48.6,Nepal,A Bohara,S Bhari,SN Netravalkar,2,0,"",""
ball,1,49.1,Nepal,S Bhari,A Bohara,IG Holland,2,0,"",""
ball,1,49.2,Nepal,S Bhari,A Bohara,IG Holland,0,0,caught,S Bhari
ball,2,0.1,United States of America,XM Marshall,Aaron Jones,Karan KC,1,0,"",""
ball,2,0.2,United States of America,Aaron Jones,XM Marshall,Karan KC,0,0,"",""
ball,2,0.3,United States of America,Aaron Jones,XM Marshall,Karan KC,0,0,"",""
ball,2,0.4,United States of America,Aaron Jones,XM Marshall,Karan KC,0,0,"",""
ball,2,0.5,United States of America,Aaron Jones,XM Marshall,Karan KC,0,0,"",""
ball,2,0.6,United States of America,Aaron Jones,XM Marshall,Karan KC,1,0,"",""
ball,2,1.1,United States of America,Aaron Jones,XM Marshall,S Lamichhane,0,0,"",""
ball,2,1.2,United States of America,Aaron Jones,XM Marshall,S Lamichhane,0,0,"",""
ball,2,1.3,United States of America,Aaron Jones,XM Marshall,S Lamichhane,4,0,"",""
ball,2,1.4,United States of America,Aaron Jones,XM Marshall,S Lamichhane,0,0,lbw,Aaron Jones
ball,2,1.5,United States of America,Steven Ryan Taylor,XM Marshall,S Lamichhane,0,0,"",""
ball,2,1.6,United States of America,Steven Ryan Taylor,XM Marshall,S Lamichhane,0,0,"",""
ball,2,2.1,United States of America,XM Marshall,Steven Ryan Taylor,Karan KC,1,0,"",""
ball,2,2.2,United States of America,Steven Ryan Taylor,XM Marshall,Karan KC,0,0,"",""
ball,2,2.3,United States of America,Steven Ryan Taylor,XM Marshall,Karan KC,0,0,"",""
ball,2,2.4,United States of America,Steven Ryan Taylor,XM Marshall,Karan KC,0,0,caught,Steven Ryan Taylor
ball,2,2.5,United States of America,MD Patel,XM Marshall,Karan KC,0,2,"",""
ball,2,2.6,United States of America,XM Marshall,MD Patel,Karan KC,0,0,"",""
ball,2,2.7,United States of America,XM Marshall,MD Patel,Karan KC,0,0,caught,XM Marshall
ball,2,3.1,United States of America,MD Patel,IG Holland,S Lamichhane,4,0,"",""
ball,2,3.2,United States of America,MD Patel,IG Holland,S Lamichhane,0,0,"",""
ball,2,3.3,United States of America,MD Patel,IG Holland,S Lamichhane,0,0,"",""
ball,2,3.4,United States of America,MD Patel,IG Holland,S Lamichhane,0,0,lbw,MD Patel
ball,2,3.5,United States of America,Akshay Homraj,IG Holland,S Lamichhane,0,0,"",""
ball,2,3.6,United States of America,Akshay Homraj,IG Holland,S Lamichhane,0,0,"",""
ball,2,4.1,United States of America,IG Holland,Akshay Homraj,Karan KC,0,0,"",""
ball,2,4.2,United States of America,IG Holland,Akshay Homraj,Karan KC,0,0,"",""
ball,2,4.3,United States of America,IG Holland,Akshay Homraj,Karan KC,1,0,"",""
ball,2,4.4,United States of America,Akshay Homraj,IG Holland,Karan KC,0,0,"",""
ball,2,4.5,United States of America,Akshay Homraj,IG Holland,Karan KC,0,0,"",""
ball,2,4.6,United States of America,Akshay Homraj,IG Holland,Karan KC,0,0,"",""
ball,2,5.1,United States of America,IG Holland,Akshay Homraj,S Lamichhane,0,0,"",""
ball,2,5.2,United States of America,IG Holland,Akshay Homraj,S Lamichhane,0,0,"",""
ball,2,5.3,United States of America,IG Holland,Akshay Homraj,S Lamichhane,0,0,"",""
ball,2,5.4,United States of America,IG Holland,Akshay Homraj,S Lamichhane,0,0,"",""
ball,2,5.5,United States of America,IG Holland,Akshay Homraj,S Lamichhane,0,0,"",""
ball,2,5.6,United States of America,IG Holland,Akshay Homraj,S Lamichhane,0,1,"",""
ball,2,5.7,United States of America,IG Holland,Akshay Homraj,S Lamichhane,4,0,"",""
ball,2,6.1,United States of America,Akshay Homraj,IG Holland,Karan KC,4,0,"",""
ball,2,6.2,United States of America,Akshay Homraj,IG Holland,Karan KC,0,0,"",""
ball,2,6.3,United States of America,Akshay Homraj,IG Holland,Karan KC,0,0,"",""
ball,2,6.4,United States of America,Akshay Homraj,IG Holland,Karan KC,0,0,"",""
ball,2,6.5,United States of America,Akshay Homraj,IG Holland,Karan KC,0,0,"",""
ball,2,6.6,United States of America,Akshay Homraj,IG Holland,Karan KC,0,0,"",""
ball,2,7.1,United States of America,IG Holland,Akshay Homraj,S Lamichhane,0,0,"",""
ball,2,7.2,United States of America,IG Holland,Akshay Homraj,S Lamichhane,0,0,"",""
ball,2,7.3,United States of America,IG Holland,Akshay Homraj,S Lamichhane,1,0,"",""
ball,2,7.4,United States of America,Akshay Homraj,IG Holland,S Lamichhane,0,0,"",""
ball,2,7.5,United States of America,Akshay Homraj,IG Holland,S Lamichhane,0,0,"",""
ball,2,7.6,United States of America,Akshay Homraj,IG Holland,S Lamichhane,0,0,"",""
ball,2,8.1,United States of America,IG Holland,Akshay Homraj,Karan KC,0,0,"",""
ball,2,8.2,United States of America,IG Holland,Akshay Homraj,Karan KC,0,0,"",""
ball,2,8.3,United States of America,IG Holland,Akshay Homraj,Karan KC,0,0,"",""
ball,2,8.4,United States of America,IG Holland,Akshay Homraj,Karan KC,0,0,"",""
ball,2,8.5,United States of America,IG Holland,Akshay Homraj,Karan KC,0,0,"",""
ball,2,8.6,United States of America,IG Holland,Akshay Homraj,Karan KC,1,0,"",""
ball,2,9.1,United States of America,IG Holland,Akshay Homraj,S Lamichhane,1,0,"",""
ball,2,9.2,United States of America,Akshay Homraj,IG Holland,S Lamichhane,0,0,"",""
ball,2,9.3,United States of America,Akshay Homraj,IG Holland,S Lamichhane,0,0,"",""
ball,2,9.4,United States of America,Akshay Homraj,IG Holland,S Lamichhane,0,0,"",""
ball,2,9.5,United States of America,Akshay Homraj,IG Holland,S Lamichhane,1,0,"",""
ball,2,9.6,United States of America,IG Holland,Akshay Homraj,S Lamichhane,0,0,"",""
ball,2,10.1,United States of America,Akshay Homraj,IG Holland,S Bhari,0,0,caught,Akshay Homraj
ball,2,10.2,United States of America,K Gore,IG Holland,S Bhari,0,0,"",""
ball,2,10.3,United States of America,K Gore,IG Holland,S Bhari,0,0,"",""
ball,2,10.4,United States of America,K Gore,IG Holland,S Bhari,0,0,"",""
ball,2,10.5,United States of America,K Gore,IG Holland,S Bhari,0,0,"",""
ball,2,10.6,United States of America,K Gore,IG Holland,S Bhari,0,0,"",""
ball,2,11.1,United States of America,IG Holland,K Gore,S Lamichhane,1,0,"",""
ball,2,11.2,United States of America,K Gore,IG Holland,S Lamichhane,0,0,"",""
ball,2,11.3,United States of America,K Gore,IG Holland,S Lamichhane,2,0,"",""
ball,2,11.4,United States of America,K Gore,IG Holland,S Lamichhane,0,0,"",""
ball,2,11.5,United States of America,K Gore,IG Holland,S Lamichhane,0,0,"",""
ball,2,11.6,United States of America,K Gore,IG Holland,S Lamichhane,0,0,"",""
ball,2,12.1,United States of America,IG Holland,K Gore,S Bhari,0,0,"",""
ball,2,12.2,United States of America,IG Holland,K Gore,S Bhari,0,0,"",""
ball,2,12.3,United States of America,IG Holland,K Gore,S Bhari,0,0,"",""
ball,2,12.4,United States of America,IG Holland,K Gore,S Bhari,0,0,"",""
ball,2,12.5,United States of America,IG Holland,K Gore,S Bhari,0,0,"",""
ball,2,12.6,United States of America,IG Holland,K Gore,S Bhari,0,5,"",""
ball,2,12.7,United States of America,IG Holland,K Gore,S Bhari,3,0,"",""
ball,2,13.1,United States of America,IG Holland,K Gore,Kushal Malla,0,0,"",""
ball,2,13.2,United States of America,IG Holland,K Gore,Kushal Malla,0,0,"",""
ball,2,13.3,United States of America,IG Holland,K Gore,Kushal Malla,0,0,"",""
ball,2,13.4,United States of America,IG Holland,K Gore,Kushal Malla,0,0,"",""
ball,2,13.5,United States of America,IG Holland,K Gore,Kushal Malla,0,0,"",""
ball,2,13.6,United States of America,IG Holland,K Gore,Kushal Malla,0,0,"",""
ball,2,14.1,United States of America,K Gore,IG Holland,S Bhari,2,0,"",""
ball,2,14.2,United States of America,K Gore,IG Holland,S Bhari,1,0,"",""
ball,2,14.3,United States of America,IG Holland,K Gore,S Bhari,2,0,"",""
ball,2,14.4,United States of America,IG Holland,K Gore,S Bhari,1,0,"",""
ball,2,14.5,United States of America,K Gore,IG Holland,S Bhari,2,0,"",""
ball,2,14.6,United States of America,K Gore,IG Holland,S Bhari,0,0,"",""
ball,2,15.1,United States of America,IG Holland,K Gore,Kushal Malla,0,0,"",""
ball,2,15.2,United States of America,IG Holland,K Gore,Kushal Malla,1,0,"",""
ball,2,15.3,United States of America,K Gore,IG Holland,Kushal Malla,0,0,"",""
ball,2,15.4,United States of America,K Gore,IG Holland,Kushal Malla,1,0,"",""
ball,2,15.5,United States of America,IG Holland,K Gore,Kushal Malla,0,0,"",""
ball,2,15.6,United States of America,IG Holland,K Gore,Kushal Malla,0,0,"",""
ball,2,16.1,United States of America,K Gore,IG Holland,S Bhari,0,0,"",""
ball,2,16.2,United States of America,K Gore,IG Holland,S Bhari,2,0,"",""
ball,2,16.3,United States of America,K Gore,IG Holland,S Bhari,0,0,"",""
ball,2,16.4,United States of America,K Gore,IG Holland,S Bhari,0,0,caught,K Gore
ball,2,16.5,United States of America,EH Hutchinson,IG Holland,S Bhari,0,0,"",""
ball,2,16.6,United States of America,EH Hutchinson,IG Holland,S Bhari,0,2,"",""
ball,2,17.1,United States of America,IG Holland,EH Hutchinson,Kushal Malla,0,0,"",""
ball,2,17.2,United States of America,IG Holland,EH Hutchinson,Kushal Malla,1,0,"",""
ball,2,17.3,United States of America,EH Hutchinson,IG Holland,Kushal Malla,0,0,"",""
ball,2,17.4,United States of America,EH Hutchinson,IG Holland,Kushal Malla,0,0,"",""
ball,2,17.5,United States of America,EH Hutchinson,IG Holland,Kushal Malla,0,0,"",""
ball,2,17.6,United States of America,EH Hutchinson,IG Holland,Kushal Malla,0,0,"",""
ball,2,18.1,United States of America,IG Holland,EH Hutchinson,S Bhari,1,0,"",""
ball,2,18.2,United States of America,EH Hutchinson,IG Holland,S Bhari,0,0,"",""
ball,2,18.3,United States of America,EH Hutchinson,IG Holland,S Bhari,1,0,"",""
ball,2,18.4,United States of America,IG Holland,EH Hutchinson,S Bhari,0,0,"",""
ball,2,18.5,United States of America,IG Holland,EH Hutchinson,S Bhari,1,0,"",""
ball,2,18.6,United States of America,EH Hutchinson,IG Holland,S Bhari,0,0,"",""
ball,2,19.1,United States of America,IG Holland,EH Hutchinson,Kushal Malla,0,0,"",""
ball,2,19.2,United States of America,IG Holland,EH Hutchinson,Kushal Malla,0,0,"",""
ball,2,19.3,United States of America,IG Holland,EH Hutchinson,Kushal Malla,1,0,"",""
ball,2,19.4,United States of America,EH Hutchinson,IG Holland,Kushal Malla,1,0,"",""
ball,2,19.5,United States of America,IG Holland,EH Hutchinson,Kushal Malla,0,0,"",""
ball,2,19.6,United States of America,IG Holland,EH Hutchinson,Kushal Malla,1,0,"",""
ball,2,20.1,United States of America,IG Holland,EH Hutchinson,S Bhari,1,0,"",""
ball,2,20.2,United States of America,EH Hutchinson,IG Holland,S Bhari,1,0,"",""
ball,2,20.3,United States of America,IG Holland,EH Hutchinson,S Bhari,0,0,"",""
ball,2,20.4,United States of America,IG Holland,EH Hutchinson,S Bhari,4,0,"",""
ball,2,20.5,United States of America,IG Holland,EH Hutchinson,S Bhari,0,0,"",""
ball,2,20.6,United States of America,IG Holland,EH Hutchinson,S Bhari,0,0,"",""
ball,2,21.1,United States of America,EH Hutchinson,IG Holland,Kushal Malla,0,0,bowled,EH Hutchinson
ball,2,21.2,United States of America,CAH Stevenson,IG Holland,Kushal Malla,0,0,"",""
ball,2,21.3,United States of America,CAH Stevenson,IG Holland,Kushal Malla,0,0,"",""
ball,2,21.4,United States of America,CAH Stevenson,IG Holland,Kushal Malla,1,0,"",""
ball,2,21.5,United States of America,IG Holland,CAH Stevenson,Kushal Malla,0,0,"",""
ball,2,21.6,United States of America,IG Holland,CAH Stevenson,Kushal Malla,1,0,"",""
ball,2,22.1,United States of America,IG Holland,CAH Stevenson,S Lamichhane,0,0,"",""
ball,2,22.2,United States of America,IG Holland,CAH Stevenson,S Lamichhane,0,0,"",""
ball,2,22.3,United States of America,IG Holland,CAH Stevenson,S Lamichhane,0,0,"",""
ball,2,22.4,United States of America,IG Holland,CAH Stevenson,S Lamichhane,2,0,"",""
ball,2,22.5,United States of America,IG Holland,CAH Stevenson,S Lamichhane,0,0,"",""
ball,2,22.6,United States of America,IG Holland,CAH Stevenson,S Lamichhane,0,0,"",""
ball,2,23.1,United States of America,CAH Stevenson,IG Holland,Kushal Malla,0,0,"",""
ball,2,23.2,United States of America,CAH Stevenson,IG Holland,Kushal Malla,1,0,"",""
ball,2,23.3,United States of America,IG Holland,CAH Stevenson,Kushal Malla,0,0,"",""
ball,2,23.4,United States of America,IG Holland,CAH Stevenson,Kushal Malla,0,0,"",""
ball,2,23.5,United States of America,IG Holland,CAH Stevenson,Kushal Malla,1,0,"",""
ball,2,23.6,United States of America,CAH Stevenson,IG Holland,Kushal Malla,0,0,"",""
ball,2,24.1,United States of America,IG Holland,CAH Stevenson,S Bhari,3,0,"",""
ball,2,24.2,United States of America,CAH Stevenson,IG Holland,S Bhari,0,0,"",""
ball,2,24.3,United States of America,CAH Stevenson,IG Holland,S Bhari,0,0,"",""
ball,2,24.4,United States of America,CAH Stevenson,IG Holland,S Bhari,0,0,"",""
ball,2,24.5,United States of America,CAH Stevenson,IG Holland,S Bhari,0,0,"",""
ball,2,24.6,United States of America,CAH Stevenson,IG Holland,S Bhari,1,0,"",""
ball,2,25.1,United States of America,CAH Stevenson,IG Holland,S Lamichhane,0,0,"",""
ball,2,25.2,United States of America,CAH Stevenson,IG Holland,S Lamichhane,0,0,"",""
ball,2,25.3,United States of America,CAH Stevenson,IG Holland,S Lamichhane,0,0,"",""
ball,2,25.4,United States of America,CAH Stevenson,IG Holland,S Lamichhane,0,0,"",""
ball,2,25.5,United States of America,CAH Stevenson,IG Holland,S Lamichhane,0,0,"",""
ball,2,25.6,United States of America,CAH Stevenson,IG Holland,S Lamichhane,0,0,"",""
ball,2,26.1,United States of America,IG Holland,CAH Stevenson,A Bohara,1,0,"",""
ball,2,26.2,United States of America,CAH Stevenson,IG Holland,A Bohara,1,0,"",""
ball,2,26.3,United States of America,IG Holland,CAH Stevenson,A Bohara,0,0,"",""
ball,2,26.4,United States of America,IG Holland,CAH Stevenson,A Bohara,0,0,"",""
ball,2,26.5,United States of America,IG Holland,CAH Stevenson,A Bohara,0,0,"",""
ball,2,26.6,United States of America,IG Holland,CAH Stevenson,A Bohara,1,0,"",""
ball,2,27.1,United States of America,IG Holland,CAH Stevenson,Kushal Malla,0,0,"",""
ball,2,27.2,United States of America,IG Holland,CAH Stevenson,Kushal Malla,0,0,"",""
ball,2,27.3,United States of America,IG Holland,CAH Stevenson,Kushal Malla,4,0,"",""
ball,2,27.4,United States of America,IG Holland,CAH Stevenson,Kushal Malla,1,0,"",""
ball,2,27.5,United States of America,CAH Stevenson,IG Holland,Kushal Malla,4,0,"",""
ball,2,27.6,United States of America,CAH Stevenson,IG Holland,Kushal Malla,0,0,"",""
ball,2,28.1,United States of America,IG Holland,CAH Stevenson,A Bohara,0,0,"",""
ball,2,28.2,United States of America,IG Holland,CAH Stevenson,A Bohara,2,0,"",""
ball,2,28.3,United States of America,IG Holland,CAH Stevenson,A Bohara,0,0,"",""
ball,2,28.4,United States of America,IG Holland,CAH Stevenson,A Bohara,4,0,"",""
ball,2,28.5,United States of America,IG Holland,CAH Stevenson,A Bohara,4,0,"",""
ball,2,28.6,United States of America,IG Holland,CAH Stevenson,A Bohara,0,0,"",""
ball,2,29.1,United States of America,CAH Stevenson,IG Holland,P Khadka,0,0,"",""
ball,2,29.2,United States of America,CAH Stevenson,IG Holland,P Khadka,0,0,"",""
ball,2,29.3,United States of America,CAH Stevenson,IG Holland,P Khadka,4,0,"",""
ball,2,29.4,United States of America,CAH Stevenson,IG Holland,P Khadka,0,0,"",""
ball,2,29.5,United States of America,CAH Stevenson,IG Holland,P Khadka,0,0,"",""
ball,2,29.6,United States of America,CAH Stevenson,IG Holland,P Khadka,0,0,"",""
ball,2,30.1,United States of America,IG Holland,CAH Stevenson,S Bhari,1,0,"",""
ball,2,30.2,United States of America,CAH Stevenson,IG Holland,S Bhari,0,0,"",""
ball,2,30.3,United States of America,CAH Stevenson,IG Holland,S Bhari,0,0,"",""
ball,2,30.4,United States of America,CAH Stevenson,IG Holland,S Bhari,1,0,"",""
ball,2,30.5,United States of America,IG Holland,CAH Stevenson,S Bhari,2,0,"",""
ball,2,30.6,United States of America,IG Holland,CAH Stevenson,S Bhari,0,0,"",""
ball,2,31.1,United States of America,CAH Stevenson,IG Holland,P Khadka,0,0,"",""
ball,2,31.2,United States of America,CAH Stevenson,IG Holland,P Khadka,0,0,"",""
ball,2,31.3,United States of America,CAH Stevenson,IG Holland,P Khadka,0,0,"",""
ball,2,31.4,United States of America,CAH Stevenson,IG Holland,P Khadka,1,0,"",""
ball,2,31.5,United States of America,IG Holland,CAH Stevenson,P Khadka,1,0,"",""
ball,2,31.6,United States of America,CAH Stevenson,IG Holland,P Khadka,0,0,"",""
ball,2,32.1,United States of America,IG Holland,CAH Stevenson,S Bhari,1,0,"",""
ball,2,32.2,United States of America,CAH Stevenson,IG Holland,S Bhari,4,0,"",""
ball,2,32.3,United States of America,CAH Stevenson,IG Holland,S Bhari,1,0,"",""
ball,2,32.4,United States of America,IG Holland,CAH Stevenson,S Bhari,1,0,"",""
ball,2,32.5,United States of America,CAH Stevenson,IG Holland,S Bhari,0,0,caught,CAH Stevenson
ball,2,32.6,United States of America,J Theron,IG Holland,S Bhari,0,0,"",""
ball,2,33.1,United States of America,IG Holland,J Theron,P Khadka,0,0,"",""
ball,2,33.2,United States of America,IG Holland,J Theron,P Khadka,4,0,"",""
ball,2,33.3,United States of America,IG Holland,J Theron,P Khadka,1,0,"",""
ball,2,33.4,United States of America,J Theron,IG Holland,P Khadka,0,0,"",""
ball,2,33.5,United States of America,J Theron,IG Holland,P Khadka,1,0,"",""
ball,2,33.6,United States of America,IG Holland,J Theron,P Khadka,1,0,"",""
ball,2,34.1,United States of America,IG Holland,J Theron,S Bhari,0,0,"",""
ball,2,34.2,United States of America,IG Holland,J Theron,S Bhari,0,0,"",""
ball,2,34.3,United States of America,IG Holland,J Theron,S Bhari,0,0,"",""
ball,2,34.4,United States of America,IG Holland,J Theron,S Bhari,0,0,"",""
ball,2,34.5,United States of America,IG Holland,J Theron,S Bhari,0,0,"",""
ball,2,34.6,United States of America,IG Holland,J Theron,S Bhari,1,0,"",""
ball,2,35.1,United States of America,IG Holland,J Theron,P Khadka,0,0,"",""
ball,2,35.2,United States of America,IG Holland,J Theron,P Khadka,1,0,"",""
ball,2,35.3,United States of America,J Theron,IG Holland,P Khadka,0,0,"",""
ball,2,35.4,United States of America,J Theron,IG Holland,P Khadka,0,0,"",""
ball,2,35.5,United States of America,J Theron,IG Holland,P Khadka,1,0,"",""
ball,2,35.6,United States of America,IG Holland,J Theron,P Khadka,0,0,"",""
ball,2,36.1,United States of America,J Theron,IG Holland,S Lamichhane,0,0,"",""
ball,2,36.2,United States of America,J Theron,IG Holland,S Lamichhane,0,0,"",""
ball,2,36.3,United States of America,J Theron,IG Holland,S Lamichhane,0,0,"",""
ball,2,36.4,United States of America,J Theron,IG Holland,S Lamichhane,0,0,"",""
ball,2,36.5,United States of America,J Theron,IG Holland,S Lamichhane,0,0,"",""
ball,2,36.6,United States of America,J Theron,IG Holland,S Lamichhane,0,0,"",""
ball,2,37.1,United States of America,IG Holland,J Theron,P Khadka,0,0,"",""
ball,2,37.2,United States of America,IG Holland,J Theron,P Khadka,1,0,"",""
ball,2,37.3,United States of America,J Theron,IG Holland,P Khadka,4,0,"",""
ball,2,37.4,United States of America,J Theron,IG Holland,P Khadka,0,0,"",""
ball,2,37.5,United States of America,J Theron,IG Holland,P Khadka,0,0,"",""
ball,2,37.6,United States of America,J Theron,IG Holland,P Khadka,0,0,"",""
ball,2,38.1,United States of America,IG Holland,J Theron,S Lamichhane,0,0,"",""
ball,2,38.2,United States of America,IG Holland,J Theron,S Lamichhane,1,0,"",""
ball,2,38.3,United States of America,J Theron,IG Holland,S Lamichhane,0,0,"",""
ball,2,38.4,United States of America,J Theron,IG Holland,S Lamichhane,0,0,"",""
ball,2,38.5,United States of America,J Theron,IG Holland,S Lamichhane,0,0,"",""
ball,2,38.6,United States of America,J Theron,IG Holland,S Lamichhane,0,5,"",""
ball,2,38.7,United States of America,J Theron,IG Holland,S Lamichhane,0,0,"",""
ball,2,39.1,United States of America,IG Holland,J Theron,Kushal Malla,0,0,"",""
ball,2,39.2,United States of America,IG Holland,J Theron,Kushal Malla,2,0,"",""
ball,2,39.3,United States of America,IG Holland,J Theron,Kushal Malla,3,0,"",""
ball,2,39.4,United States of America,J Theron,IG Holland,Kushal Malla,0,0,"",""
ball,2,39.5,United States of America,J Theron,IG Holland,Kushal Malla,0,0,"",""
ball,2,39.6,United States of America,J Theron,IG Holland,Kushal Malla,0,0,"",""
ball,2,40.1,United States of America,IG Holland,J Theron,Karan KC,4,0,"",""
ball,2,40.2,United States of America,IG Holland,J Theron,Karan KC,0,0,"",""
ball,2,40.3,United States of America,IG Holland,J Theron,Karan KC,0,0,"",""
ball,2,40.4,United States of America,IG Holland,J Theron,Karan KC,0,0,caught,IG Holland
ball,2,40.5,United States of America,SN Netravalkar,J Theron,Karan KC,0,0,"",""
ball,2,40.6,United States of America,SN Netravalkar,J Theron,Karan KC,0,0,"",""
ball,2,41.1,United States of America,J Theron,SN Netravalkar,Kushal Malla,1,0,"",""
ball,2,41.2,United States of America,SN Netravalkar,J Theron,Kushal Malla,1,0,"",""
ball,2,41.3,United States of America,J Theron,SN Netravalkar,Kushal Malla,0,1,"",""
ball,2,41.4,United States of America,SN Netravalkar,J Theron,Kushal Malla,0,4,"",""
ball,2,41.5,United States of America,SN Netravalkar,J Theron,Kushal Malla,0,0,"",""
ball,2,41.6,United States of America,SN Netravalkar,J Theron,Kushal Malla,0,0,"",""
ball,2,42.1,United States of America,J Theron,SN Netravalkar,Karan KC,0,0,"",""
ball,2,42.2,United States of America,J Theron,SN Netravalkar,Karan KC,0,0,"",""
ball,2,42.3,United States of America,J Theron,SN Netravalkar,Karan KC,0,0,"",""
ball,2,42.4,United States of America,J Theron,SN Netravalkar,Karan KC,0,0,"",""
ball,2,42.5,United States of America,J Theron,SN Netravalkar,Karan KC,0,0,"",""
ball,2,42.6,United States of America,J Theron,SN Netravalkar,Karan KC,0,0,"",""
ball,2,43.1,United States of America,SN Netravalkar,J Theron,Kushal Malla,1,0,"",""
ball,2,43.2,United States of America,J Theron,SN Netravalkar,Kushal Malla,0,0,"",""
ball,2,43.3,United States of America,J Theron,SN Netravalkar,Kushal Malla,1,0,"",""
ball,2,43.4,United States of America,SN Netravalkar,J Theron,Kushal Malla,1,0,"",""
ball,2,43.5,United States of America,J Theron,SN Netravalkar,Kushal Malla,0,0,"",""
ball,2,43.6,United States of America,J Theron,SN Netravalkar,Kushal Malla,1,0,"",""
ball,2,44.1,United States of America,J Theron,SN Netravalkar,Karan KC,0,0,caught,J Theron
