version,1.3.0
info,team,Oman
info,team,United States of America
info,gender,male
info,season,2019/20
info,date,2020/02/06
info,competition,ICC Men's Cricket World Cup League 2
info,match_number,26
info,venue,Tribhuvan University International Cricket Ground
info,city,Kirtipur
info,toss_winner,Oman
info,toss_decision,field
info,player_of_match,Mohammad Nadeem
info,umpire,DN Subedi
info,umpire,BB Pradhan
info,reserve_umpire,C Shamshuddin
info,match_referee,Neeyamur Rashid
info,winner,Oman
info,winner_wickets,6
ball,1,0.1,United States of America,XM Marshall,Aaron Jones,Bilal Khan,4,0,"",""
ball,1,0.2,United States of America,XM Marshall,Aaron Jones,Bilal Khan,0,0,"",""
ball,1,0.3,United States of America,XM Marshall,Aaron Jones,Bilal Khan,0,0,"",""
ball,1,0.4,United States of America,XM Marshall,Aaron Jones,Bilal Khan,0,0,"",""
ball,1,0.5,United States of America,XM Marshall,Aaron Jones,Bilal Khan,0,0,"",""
ball,1,0.6,United States of America,XM Marshall,Aaron Jones,Bilal Khan,0,0,"",""
ball,1,1.1,United States of America,Aaron Jones,XM Marshall,Kaleemullah,0,0,"",""
ball,1,1.2,United States of America,Aaron Jones,XM Marshall,Kaleemullah,0,0,"",""
ball,1,1.3,United States of America,Aaron Jones,XM Marshall,Kaleemullah,0,0,"",""
ball,1,1.4,United States of America,Aaron Jones,XM Marshall,Kaleemullah,0,0,"",""
ball,1,1.5,United States of America,Aaron Jones,XM Marshall,Kaleemullah,2,0,"",""
ball,1,1.6,United States of America,Aaron Jones,XM Marshall,Kaleemullah,1,0,"",""
ball,1,2.1,United States of America,Aaron Jones,XM Marshall,Bilal Khan,0,0,"",""
ball,1,2.2,United States of America,Aaron Jones,XM Marshall,Bilal Khan,0,0,"",""
ball,1,2.3,United States of America,Aaron Jones,XM Marshall,Bilal Khan,0,0,"",""
ball,1,2.4,United States of America,Aaron Jones,XM Marshall,Bilal Khan,0,0,"",""
ball,1,2.5,United States of America,Aaron Jones,XM Marshall,Bilal Khan,0,0,"",""
ball,1,2.6,United States of America,Aaron Jones,XM Marshall,Bilal Khan,0,0,"",""
ball,1,3.1,United States of America,XM Marshall,Aaron Jones,Kaleemullah,0,0,"",""
ball,1,3.2,United States of America,XM Marshall,Aaron Jones,Kaleemullah,0,0,"",""
ball,1,3.3,United States of America,XM Marshall,Aaron Jones,Kaleemullah,0,0,"",""
ball,1,3.4,United States of America,XM Marshall,Aaron Jones,Kaleemullah,0,0,"",""
ball,1,3.5,United States of America,XM Marshall,Aaron Jones,Kaleemullah,0,0,"",""
ball,1,3.6,United States of America,XM Marshall,Aaron Jones,Kaleemullah,0,0,"",""
ball,1,4.1,United States of America,Aaron Jones,XM Marshall,Bilal Khan,0,1,"",""
ball,1,4.2,United States of America,XM Marshall,Aaron Jones,Bilal Khan,1,0,"",""
ball,1,4.3,United States of America,Aaron Jones,XM Marshall,Bilal Khan,0,0,"",""
ball,1,4.4,United States of America,Aaron Jones,XM Marshall,Bilal Khan,0,0,"",""
ball,1,4.5,United States of America,Aaron Jones,XM Marshall,Bilal Khan,0,0,"",""
ball,1,4.6,United States of America,Aaron Jones,XM Marshall,Bilal Khan,2,0,"",""
ball,1,5.1,United States of America,XM Marshall,Aaron Jones,Kaleemullah,0,0,"",""
ball,1,5.2,United States of America,XM Marshall,Aaron Jones,Kaleemullah,2,0,"",""
ball,1,5.3,United States of America,XM Marshall,Aaron Jones,Kaleemullah,0,0,"",""
ball,1,5.4,United States of America,XM Marshall,Aaron Jones,Kaleemullah,1,0,"",""
ball,1,5.5,United States of America,Aaron Jones,XM Marshall,Kaleemullah,0,0,"",""
ball,1,5.6,United States of America,Aaron Jones,XM Marshall,Kaleemullah,0,0,"",""
ball,1,6.1,United States of America,XM Marshall,Aaron Jones,Bilal Khan,0,0,"",""
ball,1,6.2,United States of America,XM Marshall,Aaron Jones,Bilal Khan,0,0,"",""
ball,1,6.3,United States of America,XM Marshall,Aaron Jones,Bilal Khan,0,0,"",""
ball,1,6.4,United States of America,XM Marshall,Aaron Jones,Bilal Khan,4,0,"",""
ball,1,6.5,United States of America,XM Marshall,Aaron Jones,Bilal Khan,0,0,"",""
ball,1,6.6,United States of America,XM Marshall,Aaron Jones,Bilal Khan,0,0,"",""
ball,1,7.1,United States of America,Aaron Jones,XM Marshall,Kaleemullah,0,0,"",""
ball,1,7.2,United States of America,Aaron Jones,XM Marshall,Kaleemullah,0,0,"",""
ball,1,7.3,United States of America,Aaron Jones,XM Marshall,Kaleemullah,0,0,"",""
ball,1,7.4,United States of America,Aaron Jones,XM Marshall,Kaleemullah,1,0,"",""
ball,1,7.5,United States of America,XM Marshall,Aaron Jones,Kaleemullah,0,0,"",""
ball,1,7.6,United States of America,XM Marshall,Aaron Jones,Kaleemullah,1,0,"",""
ball,1,8.1,United States of America,XM Marshall,Aaron Jones,Mohammad Nadeem,0,0,"",""
ball,1,8.2,United States of America,XM Marshall,Aaron Jones,Mohammad Nadeem,0,0,lbw,XM Marshall
ball,1,8.3,United States of America,Steven Ryan Taylor,Aaron Jones,Mohammad Nadeem,4,0,"",""
ball,1,8.4,United States of America,Steven Ryan Taylor,Aaron Jones,Mohammad Nadeem,0,1,"",""
ball,1,8.5,United States of America,Aaron Jones,Steven Ryan Taylor,Mohammad Nadeem,0,0,"",""
ball,1,8.6,United States of America,Aaron Jones,Steven Ryan Taylor,Mohammad Nadeem,4,0,"",""
ball,1,9.1,United States of America,Steven Ryan Taylor,Aaron Jones,Bilal Khan,0,0,"",""
ball,1,9.2,United States of America,Steven Ryan Taylor,Aaron Jones,Bilal Khan,0,0,"",""
ball,1,9.3,United States of America,Steven Ryan Taylor,Aaron Jones,Bilal Khan,0,0,"",""
ball,1,9.4,United States of America,Steven Ryan Taylor,Aaron Jones,Bilal Khan,0,0,lbw,Steven Ryan Taylor
ball,1,9.5,United States of America,MD Patel,Aaron Jones,Bilal Khan,0,0,"",""
ball,1,9.6,United States of America,MD Patel,Aaron Jones,Bilal Khan,1,0,"",""
ball,1,10.1,United States of America,MD Patel,Aaron Jones,Mohammad Nadeem,0,0,"",""
ball,1,10.2,United States of America,MD Patel,Aaron Jones,Mohammad Nadeem,0,0,"",""
ball,1,10.3,United States of America,MD Patel,Aaron Jones,Mohammad Nadeem,0,0,"",""
ball,1,10.4,United States of America,MD Patel,Aaron Jones,Mohammad Nadeem,4,0,"",""
ball,1,10.5,United States of America,MD Patel,Aaron Jones,Mohammad Nadeem,1,0,"",""
ball,1,10.6,United States of America,Aaron Jones,MD Patel,Mohammad Nadeem,0,0,"",""
ball,1,11.1,United States of America,MD Patel,Aaron Jones,Bilal Khan,0,0,"",""
ball,1,11.2,United States of America,MD Patel,Aaron Jones,Bilal Khan,4,0,"",""
ball,1,11.3,United States of America,MD Patel,Aaron Jones,Bilal Khan,0,0,"",""
ball,1,11.4,United States of America,MD Patel,Aaron Jones,Bilal Khan,0,0,"",""
ball,1,11.5,United States of America,MD Patel,Aaron Jones,Bilal Khan,0,0,"",""
ball,1,11.6,United States of America,MD Patel,Aaron Jones,Bilal Khan,0,0,"",""
ball,1,12.1,United States of America,Aaron Jones,MD Patel,Mohammad Nadeem,1,0,"",""
ball,1,12.2,United States of America,MD Patel,Aaron Jones,Mohammad Nadeem,1,0,"",""
ball,1,12.3,United States of America,Aaron Jones,MD Patel,Mohammad Nadeem,0,1,"",""
ball,1,12.4,United States of America,Aaron Jones,MD Patel,Mohammad Nadeem,1,0,"",""
ball,1,12.5,United States of America,MD Patel,Aaron Jones,Mohammad Nadeem,4,0,"",""
ball,1,12.6,United States of America,MD Patel,Aaron Jones,Mohammad Nadeem,1,0,"",""
ball,1,12.7,United States of America,Aaron Jones,MD Patel,Mohammad Nadeem,0,0,bowled,Aaron Jones
ball,1,13.1,United States of America,MD Patel,IG Holland,Zeeshan Maqsood,0,0,"",""
ball,1,13.2,United States of America,MD Patel,IG Holland,Zeeshan Maqsood,0,0,"",""
ball,1,13.3,United States of America,MD Patel,IG Holland,Zeeshan Maqsood,0,0,"",""
ball,1,13.4,United States of America,MD Patel,IG Holland,Zeeshan Maqsood,0,0,"",""
ball,1,13.5,United States of America,MD Patel,IG Holland,Zeeshan Maqsood,0,0,"",""
ball,1,13.6,United States of America,MD Patel,IG Holland,Zeeshan Maqsood,0,0,"",""
ball,1,14.1,United States of America,IG Holland,MD Patel,Mohammad Nadeem,1,0,"",""
ball,1,14.2,United States of America,MD Patel,IG Holland,Mohammad Nadeem,1,0,"",""
ball,1,14.3,United States of America,IG Holland,MD Patel,Mohammad Nadeem,1,0,"",""
ball,1,14.4,United States of America,MD Patel,IG Holland,Mohammad Nadeem,1,0,"",""
ball,1,14.5,United States of America,IG Holland,MD Patel,Mohammad Nadeem,0,0,"",""
ball,1,14.6,United States of America,IG Holland,MD Patel,Mohammad Nadeem,0,0,"",""
ball,1,15.1,United States of America,MD Patel,IG Holland,Zeeshan Maqsood,0,0,"",""
ball,1,15.2,United States of America,MD Patel,IG Holland,Zeeshan Maqsood,0,0,"",""
ball,1,15.3,United States of America,MD Patel,IG Holland,Zeeshan Maqsood,1,0,"",""
ball,1,15.4,United States of America,IG Holland,MD Patel,Zeeshan Maqsood,1,0,"",""
ball,1,15.5,United States of America,MD Patel,IG Holland,Zeeshan Maqsood,0,0,caught,MD Patel
ball,1,15.6,United States of America,Akshay Homraj,IG Holland,Zeeshan Maqsood,0,0,"",""
ball,1,16.1,United States of America,IG Holland,Akshay Homraj,Khawar Ali,2,0,"",""
ball,1,16.2,United States of America,IG Holland,Akshay Homraj,Khawar Ali,4,0,"",""
ball,1,16.3,United States of America,IG Holland,Akshay Homraj,Khawar Ali,0,0,"",""
ball,1,16.4,United States of America,IG Holland,Akshay Homraj,Khawar Ali,0,0,"",""
ball,1,16.5,United States of America,IG Holland,Akshay Homraj,Khawar Ali,1,0,"",""
ball,1,16.6,United States of America,Akshay Homraj,IG Holland,Khawar Ali,0,0,"",""
ball,1,17.1,United States of America,IG Holland,Akshay Homraj,Zeeshan Maqsood,0,0,"",""
ball,1,17.2,United States of America,IG Holland,Akshay Homraj,Zeeshan Maqsood,1,0,"",""
ball,1,17.3,United States of America,Akshay Homraj,IG Holland,Zeeshan Maqsood,0,0,"",""
ball,1,17.4,United States of America,Akshay Homraj,IG Holland,Zeeshan Maqsood,1,0,"",""
ball,1,17.5,United States of America,IG Holland,Akshay Homraj,Zeeshan Maqsood,0,0,"",""
ball,1,17.6,United States of America,IG Holland,Akshay Homraj,Zeeshan Maqsood,0,0,"",""
ball,1,18.1,United States of America,Akshay Homraj,IG Holland,Khawar Ali,0,0,"",""
ball,1,18.2,United States of America,Akshay Homraj,IG Holland,Khawar Ali,0,0,"",""
ball,1,18.3,United States of America,Akshay Homraj,IG Holland,Khawar Ali,0,0,"",""
ball,1,18.4,United States of America,Akshay Homraj,IG Holland,Khawar Ali,0,0,"",""
ball,1,18.5,United States of America,Akshay Homraj,IG Holland,Khawar Ali,0,0,"",""
ball,1,18.6,United States of America,Akshay Homraj,IG Holland,Khawar Ali,1,0,"",""
ball,1,19.1,United States of America,Akshay Homraj,IG Holland,Zeeshan Maqsood,0,0,"",""
ball,1,19.2,United States of America,Akshay Homraj,IG Holland,Zeeshan Maqsood,1,0,"",""
ball,1,19.3,United States of America,IG Holland,Akshay Homraj,Zeeshan Maqsood,2,0,"",""
ball,1,19.4,United States of America,IG Holland,Akshay Homraj,Zeeshan Maqsood,0,0,"",""
ball,1,19.5,United States of America,IG Holland,Akshay Homraj,Zeeshan Maqsood,0,0,"",""
ball,1,19.6,United States of America,IG Holland,Akshay Homraj,Zeeshan Maqsood,0,0,"",""
ball,1,20.1,United States of America,Akshay Homraj,IG Holland,Khawar Ali,0,0,"",""
ball,1,20.2,United States of America,Akshay Homraj,IG Holland,Khawar Ali,1,0,"",""
ball,1,20.3,United States of America,IG Holland,Akshay Homraj,Khawar Ali,2,0,"",""
ball,1,20.4,United States of America,IG Holland,Akshay Homraj,Khawar Ali,2,0,"",""
ball,1,20.5,United States of America,IG Holland,Akshay Homraj,Khawar Ali,0,0,"",""
ball,1,20.6,United States of America,IG Holland,Akshay Homraj,Khawar Ali,0,0,"",""
ball,1,21.1,United States of America,Akshay Homraj,IG Holland,Zeeshan Maqsood,0,0,"",""
ball,1,21.2,United States of America,Akshay Homraj,IG Holland,Zeeshan Maqsood,0,0,"",""
ball,1,21.3,United States of America,Akshay Homraj,IG Holland,Zeeshan Maqsood,2,0,"",""
ball,1,21.4,United States of America,Akshay Homraj,IG Holland,Zeeshan Maqsood,4,0,"",""
ball,1,21.5,United States of America,Akshay Homraj,IG Holland,Zeeshan Maqsood,0,0,"",""
ball,1,21.6,United States of America,Akshay Homraj,IG Holland,Zeeshan Maqsood,0,0,"",""
ball,1,22.1,United States of America,IG Holland,Akshay Homraj,Khawar Ali,0,0,"",""
ball,1,22.2,United States of America,IG Holland,Akshay Homraj,Khawar Ali,0,0,"",""
ball,1,22.3,United States of America,IG Holland,Akshay Homraj,Khawar Ali,0,0,"",""
ball,1,22.4,United States of America,IG Holland,Akshay Homraj,Khawar Ali,0,0,"",""
ball,1,22.5,United States of America,IG Holland,Akshay Homraj,Khawar Ali,2,0,"",""
ball,1,22.6,United States of America,IG Holland,Akshay Homraj,Khawar Ali,0,0,"",""
ball,1,23.1,United States of America,Akshay Homraj,IG Holland,Zeeshan Maqsood,0,0,"",""
ball,1,23.2,United States of America,Akshay Homraj,IG Holland,Zeeshan Maqsood,0,0,"",""
ball,1,23.3,United States of America,Akshay Homraj,IG Holland,Zeeshan Maqsood,1,0,"",""
ball,1,23.4,United States of America,IG Holland,Akshay Homraj,Zeeshan Maqsood,0,0,"",""
ball,1,23.5,United States of America,IG Holland,Akshay Homraj,Zeeshan Maqsood,1,0,"",""
ball,1,23.6,United States of America,Akshay Homraj,IG Holland,Zeeshan Maqsood,0,0,"",""
ball,1,24.1,United States of America,IG Holland,Akshay Homraj,Jay Odedra,0,0,"",""
ball,1,24.2,United States of America,IG Holland,Akshay Homraj,Jay Odedra,0,0,"",""
ball,1,24.3,United States of America,IG Holland,Akshay Homraj,Jay Odedra,4,0,"",""
ball,1,24.4,United States of America,IG Holland,Akshay Homraj,Jay Odedra,4,0,"",""
ball,1,24.5,United States of America,IG Holland,Akshay Homraj,Jay Odedra,1,0,"",""
ball,1,24.6,United States of America,Akshay Homraj,IG Holland,Jay Odedra,0,0,"",""
ball,1,25.1,United States of America,IG Holland,Akshay Homraj,Khawar Ali,1,0,"",""
ball,1,25.2,United States of America,Akshay Homraj,IG Holland,Khawar Ali,0,0,"",""
ball,1,25.3,United States of America,Akshay Homraj,IG Holland,Khawar Ali,0,0,"",""
ball,1,25.4,United States of America,Akshay Homraj,IG Holland,Khawar Ali,0,0,"",""
ball,1,25.5,United States of America,Akshay Homraj,IG Holland,Khawar Ali,0,0,"",""
ball,1,25.6,United States of America,Akshay Homraj,IG Holland,Khawar Ali,0,0,"",""
ball,1,26.1,United States of America,IG Holland,Akshay Homraj,Jay Odedra,0,0,"",""
ball,1,26.2,United States of America,IG Holland,Akshay Homraj,Jay Odedra,0,0,"",""
ball,1,26.3,United States of America,IG Holland,Akshay Homraj,Jay Odedra,1,0,"",""
ball,1,26.4,United States of America,Akshay Homraj,IG Holland,Jay Odedra,2,0,"",""
ball,1,26.5,United States of America,Akshay Homraj,IG Holland,Jay Odedra,0,0,"",""
ball,1,26.6,United States of America,Akshay Homraj,IG Holland,Jay Odedra,0,0,"",""
ball,1,27.1,United States of America,IG Holland,Akshay Homraj,Khawar Ali,2,0,"",""
ball,1,27.2,United States of America,IG Holland,Akshay Homraj,Khawar Ali,0,0,"",""
ball,1,27.3,United States of America,IG Holland,Akshay Homraj,Khawar Ali,1,0,"",""
ball,1,27.4,United States of America,Akshay Homraj,IG Holland,Khawar Ali,0,0,"",""
ball,1,27.5,United States of America,Akshay Homraj,IG Holland,Khawar Ali,0,0,"",""
ball,1,27.6,United States of America,Akshay Homraj,IG Holland,Khawar Ali,2,0,"",""
ball,1,28.1,United States of America,IG Holland,Akshay Homraj,Jay Odedra,0,0,"",""
ball,1,28.2,United States of America,IG Holland,Akshay Homraj,Jay Odedra,0,0,"",""
ball,1,28.3,United States of America,IG Holland,Akshay Homraj,Jay Odedra,0,0,"",""
ball,1,28.4,United States of America,IG Holland,Akshay Homraj,Jay Odedra,1,0,"",""
ball,1,28.5,United States of America,Akshay Homraj,IG Holland,Jay Odedra,0,0,"",""
ball,1,28.6,United States of America,Akshay Homraj,IG Holland,Jay Odedra,6,0,"",""
ball,1,29.1,United States of America,IG Holland,Akshay Homraj,Khawar Ali,1,0,"",""
ball,1,29.2,United States of America,Akshay Homraj,IG Holland,Khawar Ali,4,0,"",""
ball,1,29.3,United States of America,Akshay Homraj,IG Holland,Khawar Ali,4,0,"",""
ball,1,29.4,United States of America,Akshay Homraj,IG Holland,Khawar Ali,1,0,"",""
ball,1,29.5,United States of America,IG Holland,Akshay Homraj,Khawar Ali,1,0,"",""
ball,1,29.6,United States of America,Akshay Homraj,IG Holland,Khawar Ali,1,0,"",""
ball,1,30.1,United States of America,Akshay Homraj,IG Holland,Bilal Khan,6,0,"",""
ball,1,30.2,United States of America,Akshay Homraj,IG Holland,Bilal Khan,2,0,"",""
ball,1,30.3,United States of America,Akshay Homraj,IG Holland,Bilal Khan,1,0,"",""
ball,1,30.4,United States of America,IG Holland,Akshay Homraj,Bilal Khan,1,0,"",""
ball,1,30.5,United States of America,Akshay Homraj,IG Holland,Bilal Khan,1,0,"",""
ball,1,30.6,United States of America,IG Holland,Akshay Homraj,Bilal Khan,0,0,"",""
ball,1,31.1,United States of America,Akshay Homraj,IG Holland,Zeeshan Maqsood,1,0,"",""
ball,1,31.2,United States of America,IG Holland,Akshay Homraj,Zeeshan Maqsood,0,0,"",""
ball,1,31.3,United States of America,IG Holland,Akshay Homraj,Zeeshan Maqsood,1,0,"",""
ball,1,31.4,United States of America,Akshay Homraj,IG Holland,Zeeshan Maqsood,0,0,"",""
ball,1,31.5,United States of America,Akshay Homraj,IG Holland,Zeeshan Maqsood,1,0,"",""
ball,1,31.6,United States of America,IG Holland,Akshay Homraj,Zeeshan Maqsood,0,0,"",""
ball,1,32.1,United States of America,Akshay Homraj,IG Holland,Kaleemullah,0,1,"",""
ball,1,32.2,United States of America,Akshay Homraj,IG Holland,Kaleemullah,0,0,"",""
ball,1,32.3,United States of America,Akshay Homraj,IG Holland,Kaleemullah,1,0,"",""
ball,1,32.4,United States of America,IG Holland,Akshay Homraj,Kaleemullah,1,0,"",""
ball,1,32.5,United States of America,Akshay Homraj,IG Holland,Kaleemullah,0,0,"",""
ball,1,32.6,United States of America,Akshay Homraj,IG Holland,Kaleemullah,0,0,bowled,Akshay Homraj
ball,1,32.7,United States of America,EH Hutchinson,IG Holland,Kaleemullah,0,0,"",""
ball,1,33.1,United States of America,IG Holland,EH Hutchinson,Zeeshan Maqsood,1,0,"",""
ball,1,33.2,United States of America,EH Hutchinson,IG Holland,Zeeshan Maqsood,1,0,"",""
ball,1,33.3,United States of America,IG Holland,EH Hutchinson,Zeeshan Maqsood,0,0,"",""
ball,1,33.4,United States of America,IG Holland,EH Hutchinson,Zeeshan Maqsood,0,0,"",""
ball,1,33.5,United States of America,IG Holland,EH Hutchinson,Zeeshan Maqsood,1,0,"",""
ball,1,33.6,United States of America,EH Hutchinson,IG Holland,Zeeshan Maqsood,0,0,bowled,EH Hutchinson
ball,1,34.1,United States of America,IG Holland,TK Patel,Kaleemullah,0,0,"",""
ball,1,34.2,United States of America,IG Holland,TK Patel,Kaleemullah,0,0,"",""
ball,1,34.3,United States of America,IG Holland,TK Patel,Kaleemullah,4,0,"",""
ball,1,34.4,United States of America,IG Holland,TK Patel,Kaleemullah,1,0,"",""
ball,1,34.5,United States of America,TK Patel,IG Holland,Kaleemullah,0,0,"",""
ball,1,34.6,United States of America,TK Patel,IG Holland,Kaleemullah,0,0,"",""
ball,1,35.1,United States of America,IG Holland,TK Patel,Zeeshan Maqsood,1,0,"",""
ball,1,35.2,United States of America,TK Patel,IG Holland,Zeeshan Maqsood,0,0,"",""
ball,1,35.3,United States of America,TK Patel,IG Holland,Zeeshan Maqsood,0,0,"",""
ball,1,35.4,United States of America,TK Patel,IG Holland,Zeeshan Maqsood,0,0,"",""
ball,1,35.5,United States of America,TK Patel,IG Holland,Zeeshan Maqsood,1,0,"",""
ball,1,35.6,United States of America,IG Holland,TK Patel,Zeeshan Maqsood,4,0,"",""
ball,1,36.1,United States of America,TK Patel,IG Holland,Kaleemullah,0,0,"",""
ball,1,36.2,United States of America,TK Patel,IG Holland,Kaleemullah,0,0,"",""
ball,1,36.3,United States of America,TK Patel,IG Holland,Kaleemullah,0,0,"",""
ball,1,36.4,United States of America,TK Patel,IG Holland,Kaleemullah,1,0,"",""
ball,1,36.5,United States of America,IG Holland,TK Patel,Kaleemullah,0,0,"",""
ball,1,36.6,United States of America,IG Holland,TK Patel,Kaleemullah,0,0,"",""
ball,1,37.1,United States of America,TK Patel,IG Holland,Zeeshan Maqsood,0,0,"",""
ball,1,37.2,United States of America,TK Patel,IG Holland,Zeeshan Maqsood,0,0,"",""
ball,1,37.3,United States of America,TK Patel,IG Holland,Zeeshan Maqsood,1,0,"",""
ball,1,37.4,United States of America,IG Holland,TK Patel,Zeeshan Maqsood,0,0,"",""
ball,1,37.5,United States of America,IG Holland,TK Patel,Zeeshan Maqsood,1,0,"",""
ball,1,37.6,United States of America,TK Patel,IG Holland,Zeeshan Maqsood,0,0,"",""
ball,1,38.1,United States of America,IG Holland,TK Patel,Kaleemullah,0,0,"",""
ball,1,38.2,United States of America,IG Holland,TK Patel,Kaleemullah,4,0,"",""
ball,1,38.3,United States of America,IG Holland,TK Patel,Kaleemullah,0,0,"",""
ball,1,38.4,United States of America,IG Holland,TK Patel,Kaleemullah,0,0,"",""
ball,1,38.5,United States of America,IG Holland,TK Patel,Kaleemullah,1,0,"",""
ball,1,38.6,United States of America,TK Patel,IG Holland,Kaleemullah,0,0,"",""
ball,1,39.1,United States of America,IG Holland,TK Patel,Aqib Ilyas,1,0,"",""
ball,1,39.2,United States of America,TK Patel,IG Holland,Aqib Ilyas,0,0,"",""
ball,1,39.3,United States of America,TK Patel,IG Holland,Aqib Ilyas,0,0,"",""
ball,1,39.4,United States of America,TK Patel,IG Holland,Aqib Ilyas,0,0,"",""
ball,1,39.5,United States of America,TK Patel,IG Holland,Aqib Ilyas,0,0,"",""
ball,1,39.6,United States of America,TK Patel,IG Holland,Aqib Ilyas,1,0,"",""
ball,1,40.1,United States of America,TK Patel,IG Holland,Mohammad Nadeem,0,0,"",""
ball,1,40.2,United States of America,TK Patel,IG Holland,Mohammad Nadeem,0,0,"",""
ball,1,40.3,United States of America,TK Patel,IG Holland,Mohammad Nadeem,1,0,"",""
ball,1,40.4,United States of America,IG Holland,TK Patel,Mohammad Nadeem,4,0,"",""
ball,1,40.5,United States of America,IG Holland,TK Patel,Mohammad Nadeem,1,0,"",""
ball,1,40.6,United States of America,TK Patel,IG Holland,Mohammad Nadeem,0,0,"",""
ball,1,41.1,United States of America,IG Holland,TK Patel,Aqib Ilyas,0,1,"",""
ball,1,41.2,United States of America,IG Holland,TK Patel,Aqib Ilyas,1,0,"",""
ball,1,41.3,United States of America,TK Patel,IG Holland,Aqib Ilyas,1,0,"",""
ball,1,41.4,United States of America,IG Holland,TK Patel,Aqib Ilyas,0,0,bowled,IG Holland
ball,1,41.5,United States of America,K Gore,TK Patel,Aqib Ilyas,0,0,"",""
ball,1,41.6,United States of America,K Gore,TK Patel,Aqib Ilyas,0,0,"",""
ball,1,41.7,United States of America,K Gore,TK Patel,Aqib Ilyas,0,0,"",""
ball,1,42.1,United States of America,TK Patel,K Gore,Mohammad Nadeem,0,0,"",""
ball,1,42.2,United States of America,TK Patel,K Gore,Mohammad Nadeem,1,0,"",""
ball,1,42.3,United States of America,K Gore,TK Patel,Mohammad Nadeem,1,0,"",""
ball,1,42.4,United States of America,TK Patel,K Gore,Mohammad Nadeem,1,0,"",""
ball,1,42.5,United States of America,K Gore,TK Patel,Mohammad Nadeem,0,0,"",""
ball,1,42.6,United States of America,K Gore,TK Patel,Mohammad Nadeem,1,0,"",""
ball,1,43.1,United States of America,K Gore,TK Patel,Aqib Ilyas,0,0,"",""
ball,1,43.2,United States of America,K Gore,TK Patel,Aqib Ilyas,1,0,"",""
ball,1,43.3,United States of America,TK Patel,K Gore,Aqib Ilyas,0,0,"",""
ball,1,43.4,United States of America,TK Patel,K Gore,Aqib Ilyas,1,0,"",""
ball,1,43.5,United States of America,K Gore,TK Patel,Aqib Ilyas,0,2,"",""
ball,1,43.6,United States of America,K Gore,TK Patel,Aqib Ilyas,1,0,"",""
ball,1,44.1,United States of America,K Gore,TK Patel,Mohammad Nadeem,1,0,"",""
ball,1,44.2,United States of America,TK Patel,K Gore,Mohammad Nadeem,1,0,"",""
ball,1,44.3,United States of America,K Gore,TK Patel,Mohammad Nadeem,1,0,"",""
ball,1,44.4,United States of America,TK Patel,K Gore,Mohammad Nadeem,1,0,"",""
ball,1,44.5,United States of America,K Gore,TK Patel,Mohammad Nadeem,0,0,"",""
ball,1,44.6,United States of America,K Gore,TK Patel,Mohammad Nadeem,0,0,bowled,K Gore
ball,1,45.1,United States of America,TK Patel,J Theron,Aqib Ilyas,1,0,"",""
ball,1,45.2,United States of America,J Theron,TK Patel,Aqib Ilyas,2,0,"",""
ball,1,45.3,United States of America,J Theron,TK Patel,Aqib Ilyas,0,0,"",""
ball,1,45.4,United States of America,J Theron,TK Patel,Aqib Ilyas,0,0,"",""
ball,1,45.5,United States of America,J Theron,TK Patel,Aqib Ilyas,1,0,"",""
ball,1,45.6,United States of America,TK Patel,J Theron,Aqib Ilyas,1,0,"",""
ball,1,46.1,United States of America,TK Patel,J Theron,Mohammad Nadeem,1,0,"",""
ball,1,46.2,United States of America,J Theron,TK Patel,Mohammad Nadeem,0,0,"",""
ball,1,46.3,United States of America,J Theron,TK Patel,Mohammad Nadeem,1,0,"",""
ball,1,46.4,United States of America,TK Patel,J Theron,Mohammad Nadeem,0,0,"",""
ball,1,46.5,United States of America,TK Patel,J Theron,Mohammad Nadeem,1,0,"",""
ball,1,46.6,United States of America,J Theron,TK Patel,Mohammad Nadeem,0,1,"",""
ball,1,47.1,United States of America,J Theron,TK Patel,Bilal Khan,0,0,"",""
ball,1,47.2,United States of America,J Theron,TK Patel,Bilal Khan,0,0,"",""
ball,1,47.3,United States of America,J Theron,TK Patel,Bilal Khan,1,0,"",""
ball,1,47.4,United States of America,TK Patel,J Theron,Bilal Khan,0,0,"",""
ball,1,47.5,United States of America,TK Patel,J Theron,Bilal Khan,1,0,"",""
ball,1,47.6,United States of America,J Theron,TK Patel,Bilal Khan,4,0,"",""
ball,1,48.1,United States of America,TK Patel,J Theron,Aqib Ilyas,0,0,caught,TK Patel
ball,1,48.2,United States of America,SN Netravalkar,J Theron,Aqib Ilyas,0,0,"",""
ball,1,48.3,United States of America,SN Netravalkar,J Theron,Aqib Ilyas,0,0,"",""
ball,1,48.4,United States of America,SN Netravalkar,J Theron,Aqib Ilyas,0,0,"",""
ball,1,48.5,United States of America,SN Netravalkar,J Theron,Aqib Ilyas,6,0,"",""
ball,1,48.6,United States of America,SN Netravalkar,J Theron,Aqib Ilyas,1,0,"",""
ball,1,49.1,United States of America,SN Netravalkar,J Theron,Bilal Khan,2,0,"",""
ball,1,49.2,United States of America,SN Netravalkar,J Theron,Bilal Khan,1,0,"",""
ball,1,49.3,United States of America,J Theron,SN Netravalkar,Bilal Khan,1,0,"",""
ball,1,49.4,United States of America,SN Netravalkar,J Theron,Bilal Khan,4,0,"",""
ball,1,49.5,United States of America,SN Netravalkar,J Theron,Bilal Khan,0,1,"",""
ball,1,49.6,United States of America,J Theron,SN Netravalkar,Bilal Khan,0,0,bowled,J Theron
ball,2,0.1,Oman,Jatinder Singh,Khawar Ali,SN Netravalkar,0,0,"",""
ball,2,0.2,Oman,Jatinder Singh,Khawar Ali,SN Netravalkar,2,0,"",""
ball,2,0.3,Oman,Jatinder Singh,Khawar Ali,SN Netravalkar,0,0,"",""
ball,2,0.4,Oman,Jatinder Singh,Khawar Ali,SN Netravalkar,0,0,"",""
ball,2,0.5,Oman,Jatinder Singh,Khawar Ali,SN Netravalkar,0,0,"",""
ball,2,0.6,Oman,Jatinder Singh,Khawar Ali,SN Netravalkar,0,0,"",""
ball,2,1.1,Oman,Khawar Ali,Jatinder Singh,J Theron,0,0,"",""
ball,2,1.2,Oman,Khawar Ali,Jatinder Singh,J Theron,0,0,"",""
ball,2,1.3,Oman,Khawar Ali,Jatinder Singh,J Theron,0,0,"",""
ball,2,1.4,Oman,Khawar Ali,Jatinder Singh,J Theron,0,0,"",""
ball,2,1.5,Oman,Khawar Ali,Jatinder Singh,J Theron,0,0,"",""
ball,2,1.6,Oman,Khawar Ali,Jatinder Singh,J Theron,0,0,"",""
ball,2,2.1,Oman,Jatinder Singh,Khawar Ali,SN Netravalkar,0,0,"",""
ball,2,2.2,Oman,Jatinder Singh,Khawar Ali,SN Netravalkar,2,0,"",""
ball,2,2.3,Oman,Jatinder Singh,Khawar Ali,SN Netravalkar,0,0,caught,Jatinder Singh
ball,2,2.4,Oman,Aqib Ilyas,Khawar Ali,SN Netravalkar,0,0,"",""
ball,2,2.5,Oman,Aqib Ilyas,Khawar Ali,SN Netravalkar,1,0,"",""
ball,2,2.6,Oman,Khawar Ali,Aqib Ilyas,SN Netravalkar,0,0,"",""
ball,2,3.1,Oman,Aqib Ilyas,Khawar Ali,J Theron,0,0,"",""
ball,2,3.2,Oman,Aqib Ilyas,Khawar Ali,J Theron,0,0,"",""
ball,2,3.3,Oman,Aqib Ilyas,Khawar Ali,J Theron,0,0,"",""
ball,2,3.4,Oman,Aqib Ilyas,Khawar Ali,J Theron,0,0,"",""
ball,2,3.5,Oman,Aqib Ilyas,Khawar Ali,J Theron,0,0,"",""
ball,2,3.6,Oman,Aqib Ilyas,Khawar Ali,J Theron,0,0,"",""
ball,2,4.1,Oman,Khawar Ali,Aqib Ilyas,SN Netravalkar,0,0,"",""
ball,2,4.2,Oman,Khawar Ali,Aqib Ilyas,SN Netravalkar,0,0,"",""
ball,2,4.3,Oman,Khawar Ali,Aqib Ilyas,SN Netravalkar,0,0,"",""
ball,2,4.4,Oman,Khawar Ali,Aqib Ilyas,SN Netravalkar,0,0,"",""
ball,2,4.5,Oman,Khawar Ali,Aqib Ilyas,SN Netravalkar,4,0,"",""
ball,2,4.6,Oman,Khawar Ali,Aqib Ilyas,SN Netravalkar,4,0,"",""
ball,2,5.1,Oman,Aqib Ilyas,Khawar Ali,J Theron,1,0,"",""
ball,2,5.2,Oman,Khawar Ali,Aqib Ilyas,J Theron,0,0,"",""
ball,2,5.3,Oman,Khawar Ali,Aqib Ilyas,J Theron,0,0,"",""
ball,2,5.4,Oman,Khawar Ali,Aqib Ilyas,J Theron,1,0,"",""
ball,2,5.5,Oman,Aqib Ilyas,Khawar Ali,J Theron,6,0,"",""
ball,2,5.6,Oman,Aqib Ilyas,Khawar Ali,J Theron,4,0,"",""
ball,2,6.1,Oman,Khawar Ali,Aqib Ilyas,EH Hutchinson,0,1,"",""
ball,2,6.2,Oman,Aqib Ilyas,Khawar Ali,EH Hutchinson,0,0,"",""
ball,2,6.3,Oman,Aqib Ilyas,Khawar Ali,EH Hutchinson,0,1,"",""
ball,2,6.4,Oman,Khawar Ali,Aqib Ilyas,EH Hutchinson,0,0,"",""
ball,2,6.5,Oman,Khawar Ali,Aqib Ilyas,EH Hutchinson,0,0,"",""
ball,2,6.6,Oman,Khawar Ali,Aqib Ilyas,EH Hutchinson,0,0,"",""
ball,2,7.1,Oman,Aqib Ilyas,Khawar Ali,J Theron,0,0,"",""
ball,2,7.2,Oman,Aqib Ilyas,Khawar Ali,J Theron,2,0,"",""
ball,2,7.3,Oman,Aqib Ilyas,Khawar Ali,J Theron,0,0,"",""
ball,2,7.4,Oman,Aqib Ilyas,Khawar Ali,J Theron,0,0,"",""
ball,2,7.5,Oman,Aqib Ilyas,Khawar Ali,J Theron,0,0,"",""
ball,2,7.6,Oman,Aqib Ilyas,Khawar Ali,J Theron,1,0,"",""
ball,2,8.1,Oman,Aqib Ilyas,Khawar Ali,EH Hutchinson,0,0,"",""
ball,2,8.2,Oman,Aqib Ilyas,Khawar Ali,EH Hutchinson,1,0,"",""
ball,2,8.3,Oman,Khawar Ali,Aqib Ilyas,EH Hutchinson,4,0,"",""
ball,2,8.4,Oman,Khawar Ali,Aqib Ilyas,EH Hutchinson,1,0,"",""
ball,2,8.5,Oman,Aqib Ilyas,Khawar Ali,EH Hutchinson,0,0,"",""
ball,2,8.6,Oman,Aqib Ilyas,Khawar Ali,EH Hutchinson,0,0,"",""
ball,2,9.1,Oman,Khawar Ali,Aqib Ilyas,J Theron,0,0,"",""
ball,2,9.2,Oman,Khawar Ali,Aqib Ilyas,J Theron,1,0,"",""
ball,2,9.3,Oman,Aqib Ilyas,Khawar Ali,J Theron,0,0,"",""
ball,2,9.4,Oman,Aqib Ilyas,Khawar Ali,J Theron,0,0,"",""
ball,2,9.5,Oman,Aqib Ilyas,Khawar Ali,J Theron,4,0,"",""
ball,2,9.6,Oman,Aqib Ilyas,Khawar Ali,J Theron,0,1,"",""
ball,2,9.7,Oman,Aqib Ilyas,Khawar Ali,J Theron,0,0,"",""
ball,2,10.1,Oman,Khawar Ali,Aqib Ilyas,EH Hutchinson,1,0,"",""
ball,2,10.2,Oman,Aqib Ilyas,Khawar Ali,EH Hutchinson,0,0,"",""
ball,2,10.3,Oman,Aqib Ilyas,Khawar Ali,EH Hutchinson,3,0,"",""
ball,2,10.4,Oman,Khawar Ali,Aqib Ilyas,EH Hutchinson,0,0,"",""
ball,2,10.5,Oman,Khawar Ali,Aqib Ilyas,EH Hutchinson,1,0,"",""
ball,2,10.6,Oman,Aqib Ilyas,Khawar Ali,EH Hutchinson,1,0,"",""
ball,2,11.1,Oman,Aqib Ilyas,Khawar Ali,K Gore,0,0,"",""
ball,2,11.2,Oman,Aqib Ilyas,Khawar Ali,K Gore,2,0,"",""
ball,2,11.3,Oman,Aqib Ilyas,Khawar Ali,K Gore,1,0,"",""
ball,2,11.4,Oman,Khawar Ali,Aqib Ilyas,K Gore,0,0,"",""
ball,2,11.5,Oman,Khawar Ali,Aqib Ilyas,K Gore,1,0,"",""
ball,2,11.6,Oman,Aqib Ilyas,Khawar Ali,K Gore,0,0,"",""
ball,2,12.1,Oman,Khawar Ali,Aqib Ilyas,EH Hutchinson,0,0,"",""
ball,2,12.2,Oman,Khawar Ali,Aqib Ilyas,EH Hutchinson,0,0,"",""
ball,2,12.3,Oman,Khawar Ali,Aqib Ilyas,EH Hutchinson,2,0,"",""
ball,2,12.4,Oman,Khawar Ali,Aqib Ilyas,EH Hutchinson,0,0,"",""
ball,2,12.5,Oman,Khawar Ali,Aqib Ilyas,EH Hutchinson,4,0,"",""
ball,2,12.6,Oman,Khawar Ali,Aqib Ilyas,EH Hutchinson,0,0,"",""
ball,2,13.1,Oman,Aqib Ilyas,Khawar Ali,K Gore,0,0,"",""
ball,2,13.2,Oman,Aqib Ilyas,Khawar Ali,K Gore,0,0,"",""
ball,2,13.3,Oman,Aqib Ilyas,Khawar Ali,K Gore,0,0,"",""
ball,2,13.4,Oman,Aqib Ilyas,Khawar Ali,K Gore,0,0,"",""
ball,2,13.5,Oman,Aqib Ilyas,Khawar Ali,K Gore,1,0,"",""
ball,2,13.6,Oman,Khawar Ali,Aqib Ilyas,K Gore,1,0,"",""
ball,2,14.1,Oman,Khawar Ali,Aqib Ilyas,IG Holland,1,0,"",""
ball,2,14.2,Oman,Aqib Ilyas,Khawar Ali,IG Holland,0,0,"",""
ball,2,14.3,Oman,Aqib Ilyas,Khawar Ali,IG Holland,1,0,"",""
ball,2,14.4,Oman,Khawar Ali,Aqib Ilyas,IG Holland,0,0,"",""
ball,2,14.5,Oman,Khawar Ali,Aqib Ilyas,IG Holland,0,0,"",""
ball,2,14.6,Oman,Khawar Ali,Aqib Ilyas,IG Holland,0,0,"",""
ball,2,15.1,Oman,Aqib Ilyas,Khawar Ali,K Gore,0,0,"",""
ball,2,15.2,Oman,Aqib Ilyas,Khawar Ali,K Gore,1,0,"",""
ball,2,15.3,Oman,Khawar Ali,Aqib Ilyas,K Gore,4,0,"",""
ball,2,15.4,Oman,Khawar Ali,Aqib Ilyas,K Gore,0,0,"",""
ball,2,15.5,Oman,Khawar Ali,Aqib Ilyas,K Gore,0,0,"",""
ball,2,15.6,Oman,Khawar Ali,Aqib Ilyas,K Gore,0,0,"",""
ball,2,16.1,Oman,Aqib Ilyas,Khawar Ali,IG Holland,1,0,"",""
ball,2,16.2,Oman,Khawar Ali,Aqib Ilyas,IG Holland,1,0,"",""
ball,2,16.3,Oman,Aqib Ilyas,Khawar Ali,IG Holland,0,0,"",""
ball,2,16.4,Oman,Aqib Ilyas,Khawar Ali,IG Holland,1,0,"",""
ball,2,16.5,Oman,Khawar Ali,Aqib Ilyas,IG Holland,0,0,"",""
ball,2,16.6,Oman,Khawar Ali,Aqib Ilyas,IG Holland,0,0,"",""
ball,2,17.1,Oman,Aqib Ilyas,Khawar Ali,TK Patel,0,0,"",""
ball,2,17.2,Oman,Aqib Ilyas,Khawar Ali,TK Patel,0,0,"",""
ball,2,17.3,Oman,Aqib Ilyas,Khawar Ali,TK Patel,0,0,"",""
ball,2,17.4,Oman,Aqib Ilyas,Khawar Ali,TK Patel,0,0,"",""
ball,2,17.5,Oman,Aqib Ilyas,Khawar Ali,TK Patel,0,0,"",""
ball,2,17.6,Oman,Aqib Ilyas,Khawar Ali,TK Patel,0,0,"",""
ball,2,18.1,Oman,Khawar Ali,Aqib Ilyas,IG Holland,0,0,"",""
ball,2,18.2,Oman,Khawar Ali,Aqib Ilyas,IG Holland,0,0,"",""
ball,2,18.3,Oman,Khawar Ali,Aqib Ilyas,IG Holland,0,0,"",""
ball,2,18.4,Oman,Khawar Ali,Aqib Ilyas,IG Holland,0,0,lbw,Khawar Ali
ball,2,18.5,Oman,Zeeshan Maqsood,Aqib Ilyas,IG Holland,0,0,"",""
ball,2,18.6,Oman,Zeeshan Maqsood,Aqib Ilyas,IG Holland,4,0,"",""
ball,2,19.1,Oman,Aqib Ilyas,Zeeshan Maqsood,TK Patel,0,0,"",""
ball,2,19.2,Oman,Aqib Ilyas,Zeeshan Maqsood,TK Patel,0,0,"",""
ball,2,19.3,Oman,Aqib Ilyas,Zeeshan Maqsood,TK Patel,0,0,"",""
ball,2,19.4,Oman,Aqib Ilyas,Zeeshan Maqsood,TK Patel,1,0,"",""
ball,2,19.5,Oman,Zeeshan Maqsood,Aqib Ilyas,TK Patel,1,0,"",""
ball,2,19.6,Oman,Aqib Ilyas,Zeeshan Maqsood,TK Patel,1,0,"",""
ball,2,20.1,Oman,Aqib Ilyas,Zeeshan Maqsood,IG Holland,2,0,"",""
ball,2,20.2,Oman,Aqib Ilyas,Zeeshan Maqsood,IG Holland,1,0,"",""
ball,2,20.3,Oman,Zeeshan Maqsood,Aqib Ilyas,IG Holland,1,0,"",""
ball,2,20.4,Oman,Aqib Ilyas,Zeeshan Maqsood,IG Holland,0,0,"",""
ball,2,20.5,Oman,Aqib Ilyas,Zeeshan Maqsood,IG Holland,1,0,"",""
ball,2,20.6,Oman,Zeeshan Maqsood,Aqib Ilyas,IG Holland,1,0,"",""
ball,2,21.1,Oman,Zeeshan Maqsood,Aqib Ilyas,Steven Ryan Taylor,4,0,"",""
ball,2,21.2,Oman,Zeeshan Maqsood,Aqib Ilyas,Steven Ryan Taylor,0,0,caught,Zeeshan Maqsood
ball,2,21.3,Oman,Mohammad Nadeem,Aqib Ilyas,Steven Ryan Taylor,0,0,"",""
ball,2,21.4,Oman,Mohammad Nadeem,Aqib Ilyas,Steven Ryan Taylor,0,0,"",""
ball,2,21.5,Oman,Mohammad Nadeem,Aqib Ilyas,Steven Ryan Taylor,0,0,"",""
ball,2,21.6,Oman,Mohammad Nadeem,Aqib Ilyas,Steven Ryan Taylor,2,0,"",""
ball,2,22.1,Oman,Aqib Ilyas,Mohammad Nadeem,K Gore,1,0,"",""
ball,2,22.2,Oman,Mohammad Nadeem,Aqib Ilyas,K Gore,1,0,"",""
ball,2,22.3,Oman,Aqib Ilyas,Mohammad Nadeem,K Gore,0,0,"",""
ball,2,22.4,Oman,Aqib Ilyas,Mohammad Nadeem,K Gore,0,0,"",""
ball,2,22.5,Oman,Aqib Ilyas,Mohammad Nadeem,K Gore,0,0,"",""
ball,2,22.6,Oman,Aqib Ilyas,Mohammad Nadeem,K Gore,0,0,"",""
ball,2,23.1,Oman,Mohammad Nadeem,Aqib Ilyas,Steven Ryan Taylor,0,0,"",""
ball,2,23.2,Oman,Mohammad Nadeem,Aqib Ilyas,Steven Ryan Taylor,0,0,"",""
ball,2,23.3,Oman,Mohammad Nadeem,Aqib Ilyas,Steven Ryan Taylor,0,0,"",""
ball,2,23.4,Oman,Mohammad Nadeem,Aqib Ilyas,Steven Ryan Taylor,4,0,"",""
ball,2,23.5,Oman,Mohammad Nadeem,Aqib Ilyas,Steven Ryan Taylor,0,0,"",""
ball,2,23.6,Oman,Mohammad Nadeem,Aqib Ilyas,Steven Ryan Taylor,0,0,"",""
ball,2,24.1,Oman,Aqib Ilyas,Mohammad Nadeem,K Gore,0,0,"",""
ball,2,24.2,Oman,Aqib Ilyas,Mohammad Nadeem,K Gore,1,0,"",""
ball,2,24.3,Oman,Mohammad Nadeem,Aqib Ilyas,K Gore,0,0,"",""
ball,2,24.4,Oman,Mohammad Nadeem,Aqib Ilyas,K Gore,1,0,"",""
ball,2,24.5,Oman,Aqib Ilyas,Mohammad Nadeem,K Gore,1,0,"",""
ball,2,24.6,Oman,Mohammad Nadeem,Aqib Ilyas,K Gore,0,0,"",""
ball,2,25.1,Oman,Aqib Ilyas,Mohammad Nadeem,Steven Ryan Taylor,0,0,"",""
ball,2,25.2,Oman,Aqib Ilyas,Mohammad Nadeem,Steven Ryan Taylor,0,1,"",""
ball,2,25.3,Oman,Aqib Ilyas,Mohammad Nadeem,Steven Ryan Taylor,0,0,"",""
ball,2,25.4,Oman,Aqib Ilyas,Mohammad Nadeem,Steven Ryan Taylor,1,0,"",""
ball,2,25.5,Oman,Mohammad Nadeem,Aqib Ilyas,Steven Ryan Taylor,4,0,"",""
ball,2,25.6,Oman,Mohammad Nadeem,Aqib Ilyas,Steven Ryan Taylor,0,0,"",""
ball,2,25.7,Oman,Mohammad Nadeem,Aqib Ilyas,Steven Ryan Taylor,0,0,"",""
ball,2,26.1,Oman,Aqib Ilyas,Mohammad Nadeem,K Gore,1,0,"",""
ball,2,26.2,Oman,Mohammad Nadeem,Aqib Ilyas,K Gore,1,0,"",""
ball,2,26.3,Oman,Aqib Ilyas,Mohammad Nadeem,K Gore,0,0,"",""
ball,2,26.4,Oman,Aqib Ilyas,Mohammad Nadeem,K Gore,0,0,"",""
ball,2,26.5,Oman,Aqib Ilyas,Mohammad Nadeem,K Gore,1,0,"",""
ball,2,26.6,Oman,Mohammad Nadeem,Aqib Ilyas,K Gore,0,0,"",""
ball,2,27.1,Oman,Aqib Ilyas,Mohammad Nadeem,TK Patel,0,0,"",""
ball,2,27.2,Oman,Aqib Ilyas,Mohammad Nadeem,TK Patel,6,0,"",""
ball,2,27.3,Oman,Aqib Ilyas,Mohammad Nadeem,TK Patel,1,0,"",""
ball,2,27.4,Oman,Mohammad Nadeem,Aqib Ilyas,TK Patel,2,0,"",""
ball,2,27.5,Oman,Mohammad Nadeem,Aqib Ilyas,TK Patel,0,0,"",""
ball,2,27.6,Oman,Mohammad Nadeem,Aqib Ilyas,TK Patel,0,0,"",""
ball,2,28.1,Oman,Aqib Ilyas,Mohammad Nadeem,SN Netravalkar,1,0,"",""
ball,2,28.2,Oman,Mohammad Nadeem,Aqib Ilyas,SN Netravalkar,0,0,"",""
ball,2,28.3,Oman,Mohammad Nadeem,Aqib Ilyas,SN Netravalkar,0,0,"",""
ball,2,28.4,Oman,Mohammad Nadeem,Aqib Ilyas,SN Netravalkar,1,0,"",""
ball,2,28.5,Oman,Aqib Ilyas,Mohammad Nadeem,SN Netravalkar,0,0,"",""
ball,2,28.6,Oman,Aqib Ilyas,Mohammad Nadeem,SN Netravalkar,0,0,"",""
ball,2,29.1,Oman,Mohammad Nadeem,Aqib Ilyas,TK Patel,0,0,"",""
ball,2,29.2,Oman,Mohammad Nadeem,Aqib Ilyas,TK Patel,1,0,"",""
ball,2,29.3,Oman,Aqib Ilyas,Mohammad Nadeem,TK Patel,0,0,"",""
ball,2,29.4,Oman,Aqib Ilyas,Mohammad Nadeem,TK Patel,1,0,"",""
ball,2,29.5,Oman,Mohammad Nadeem,Aqib Ilyas,TK Patel,0,0,"",""
ball,2,29.6,Oman,Mohammad Nadeem,Aqib Ilyas,TK Patel,1,0,"",""
ball,2,30.1,Oman,Mohammad Nadeem,Aqib Ilyas,SN Netravalkar,0,0,"",""
ball,2,30.2,Oman,Mohammad Nadeem,Aqib Ilyas,SN Netravalkar,0,0,"",""
ball,2,30.3,Oman,Mohammad Nadeem,Aqib Ilyas,SN Netravalkar,1,0,"",""
ball,2,30.4,Oman,Aqib Ilyas,Mohammad Nadeem,SN Netravalkar,0,0,"",""
ball,2,30.5,Oman,Aqib Ilyas,Mohammad Nadeem,SN Netravalkar,0,0,"",""
ball,2,30.6,Oman,Aqib Ilyas,Mohammad Nadeem,SN Netravalkar,1,0,"",""
ball,2,31.1,Oman,Aqib Ilyas,Mohammad Nadeem,Steven Ryan Taylor,4,0,"",""
ball,2,31.2,Oman,Aqib Ilyas,Mohammad Nadeem,Steven Ryan Taylor,0,0,"",""
ball,2,31.3,Oman,Aqib Ilyas,Mohammad Nadeem,Steven Ryan Taylor,0,0,"",""
ball,2,31.4,Oman,Aqib Ilyas,Mohammad Nadeem,Steven Ryan Taylor,0,0,"",""
ball,2,31.5,Oman,Aqib Ilyas,Mohammad Nadeem,Steven Ryan Taylor,0,0,"",""
ball,2,31.6,Oman,Aqib Ilyas,Mohammad Nadeem,Steven Ryan Taylor,0,0,"",""
ball,2,32.1,Oman,Mohammad Nadeem,Aqib Ilyas,SN Netravalkar,0,0,"",""
ball,2,32.2,Oman,Mohammad Nadeem,Aqib Ilyas,SN Netravalkar,0,0,"",""
ball,2,32.3,Oman,Mohammad Nadeem,Aqib Ilyas,SN Netravalkar,0,0,"",""
ball,2,32.4,Oman,Mohammad Nadeem,Aqib Ilyas,SN Netravalkar,0,0,"",""
ball,2,32.5,Oman,Mohammad Nadeem,Aqib Ilyas,SN Netravalkar,0,0,"",""
ball,2,32.6,Oman,Mohammad Nadeem,Aqib Ilyas,SN Netravalkar,1,0,"",""
ball,2,33.1,Oman,Mohammad Nadeem,Aqib Ilyas,Steven Ryan Taylor,2,0,"",""
ball,2,33.2,Oman,Mohammad Nadeem,Aqib Ilyas,Steven Ryan Taylor,0,0,"",""
ball,2,33.3,Oman,Mohammad Nadeem,Aqib Ilyas,Steven Ryan Taylor,1,0,"",""
ball,2,33.4,Oman,Aqib Ilyas,Mohammad Nadeem,Steven Ryan Taylor,0,0,"",""
ball,2,33.5,Oman,Aqib Ilyas,Mohammad Nadeem,Steven Ryan Taylor,4,0,"",""
ball,2,33.6,Oman,Aqib Ilyas,Mohammad Nadeem,Steven Ryan Taylor,0,0,"",""
ball,2,34.1,Oman,Mohammad Nadeem,Aqib Ilyas,SN Netravalkar,1,0,"",""
ball,2,34.2,Oman,Aqib Ilyas,Mohammad Nadeem,SN Netravalkar,0,0,"",""
ball,2,34.3,Oman,Aqib Ilyas,Mohammad Nadeem,SN Netravalkar,0,0,"",""
ball,2,34.4,Oman,Aqib Ilyas,Mohammad Nadeem,SN Netravalkar,0,0,"",""
ball,2,34.5,Oman,Aqib Ilyas,Mohammad Nadeem,SN Netravalkar,1,0,"",""
ball,2,34.6,Oman,Mohammad Nadeem,Aqib Ilyas,SN Netravalkar,1,0,"",""
ball,2,35.1,Oman,Mohammad Nadeem,Aqib Ilyas,Steven Ryan Taylor,1,0,"",""
ball,2,35.2,Oman,Aqib Ilyas,Mohammad Nadeem,Steven Ryan Taylor,1,0,"",""
ball,2,35.3,Oman,Mohammad Nadeem,Aqib Ilyas,Steven Ryan Taylor,1,0,"",""
ball,2,35.4,Oman,Aqib Ilyas,Mohammad Nadeem,Steven Ryan Taylor,4,0,"",""
ball,2,35.5,Oman,Aqib Ilyas,Mohammad Nadeem,Steven Ryan Taylor,0,0,"",""
ball,2,35.6,Oman,Aqib Ilyas,Mohammad Nadeem,Steven Ryan Taylor,0,0,"",""
ball,2,36.1,Oman,Mohammad Nadeem,Aqib Ilyas,IG Holland,0,0,"",""
ball,2,36.2,Oman,Mohammad Nadeem,Aqib Ilyas,IG Holland,0,0,"",""
ball,2,36.3,Oman,Mohammad Nadeem,Aqib Ilyas,IG Holland,1,0,"",""
ball,2,36.4,Oman,Aqib Ilyas,Mohammad Nadeem,IG Holland,0,0,"",""
ball,2,36.5,Oman,Aqib Ilyas,Mohammad Nadeem,IG Holland,0,0,"",""
ball,2,36.6,Oman,Aqib Ilyas,Mohammad Nadeem,IG Holland,4,0,"",""
ball,2,37.1,Oman,Mohammad Nadeem,Aqib Ilyas,J Theron,1,0,"",""
ball,2,37.2,Oman,Aqib Ilyas,Mohammad Nadeem,J Theron,0,0,"",""
ball,2,37.3,Oman,Aqib Ilyas,Mohammad Nadeem,J Theron,0,0,"",""
ball,2,37.4,Oman,Aqib Ilyas,Mohammad Nadeem,J Theron,0,0,bowled,Aqib Ilyas
ball,2,37.5,Oman,Suraj Kumar,Mohammad Nadeem,J Theron,0,0,"",""
ball,2,37.6,Oman,Suraj Kumar,Mohammad Nadeem,J Theron,0,0,"",""
ball,2,38.1,Oman,Mohammad Nadeem,Suraj Kumar,IG Holland,0,0,"",""
ball,2,38.2,Oman,Mohammad Nadeem,Suraj Kumar,IG Holland,0,0,"",""
ball,2,38.3,Oman,Mohammad Nadeem,Suraj Kumar,IG Holland,0,0,"",""
ball,2,38.4,Oman,Mohammad Nadeem,Suraj Kumar,IG Holland,1,0,"",""
ball,2,38.5,Oman,Suraj Kumar,Mohammad Nadeem,IG Holland,0,0,"",""
ball,2,38.6,Oman,Suraj Kumar,Mohammad Nadeem,IG Holland,0,0,"",""
ball,2,39.1,Oman,Mohammad Nadeem,Suraj Kumar,J Theron,1,0,"",""
ball,2,39.2,Oman,Suraj Kumar,Mohammad Nadeem,J Theron,1,0,"",""
ball,2,39.3,Oman,Mohammad Nadeem,Suraj Kumar,J Theron,0,0,"",""
ball,2,39.4,Oman,Mohammad Nadeem,Suraj Kumar,J Theron,0,0,"",""
ball,2,39.5,Oman,Mohammad Nadeem,Suraj Kumar,J Theron,0,1,"",""
ball,2,39.6,Oman,Mohammad Nadeem,Suraj Kumar,J Theron,0,0,"",""
ball,2,39.7,Oman,Mohammad Nadeem,Suraj Kumar,J Theron,0,0,"",""
ball,2,40.1,Oman,Suraj Kumar,Mohammad Nadeem,IG Holland,0,0,"",""
ball,2,40.2,Oman,Suraj Kumar,Mohammad Nadeem,IG Holland,0,0,"",""
ball,2,40.3,Oman,Suraj Kumar,Mohammad Nadeem,IG Holland,1,0,"",""
ball,2,40.4,Oman,Mohammad Nadeem,Suraj Kumar,IG Holland,2,0,"",""
ball,2,40.5,Oman,Mohammad Nadeem,Suraj Kumar,IG Holland,1,0,"",""
ball,2,40.6,Oman,Suraj Kumar,Mohammad Nadeem,IG Holland,0,0,"",""
ball,2,41.1,Oman,Mohammad Nadeem,Suraj Kumar,J Theron,0,0,"",""
ball,2,41.2,Oman,Mohammad Nadeem,Suraj Kumar,J Theron,1,0,"",""
ball,2,41.3,Oman,Suraj Kumar,Mohammad Nadeem,J Theron,0,0,"",""
ball,2,41.4,Oman,Suraj Kumar,Mohammad Nadeem,J Theron,6,0,"",""
ball,2,41.5,Oman,Suraj Kumar,Mohammad Nadeem,J Theron,0,0,"",""
ball,2,41.6,Oman,Suraj Kumar,Mohammad Nadeem,J Theron,1,0,"",""
ball,2,42.1,Oman,Suraj Kumar,Mohammad Nadeem,SN Netravalkar,1,0,"",""
ball,2,42.2,Oman,Mohammad Nadeem,Suraj Kumar,SN Netravalkar,0,0,"",""
ball,2,42.3,Oman,Mohammad Nadeem,Suraj Kumar,SN Netravalkar,1,0,"",""
ball,2,42.4,Oman,Suraj Kumar,Mohammad Nadeem,SN Netravalkar,0,0,"",""
ball,2,42.5,Oman,Suraj Kumar,Mohammad Nadeem,SN Netravalkar,0,0,"",""
ball,2,42.6,Oman,Suraj Kumar,Mohammad Nadeem,SN Netravalkar,0,0,"",""
ball,2,43.1,Oman,Mohammad Nadeem,Suraj Kumar,IG Holland,1,0,"",""
ball,2,43.2,Oman,Suraj Kumar,Mohammad Nadeem,IG Holland,1,0,"",""
ball,2,43.3,Oman,Mohammad Nadeem,Suraj Kumar,IG Holland,0,0,"",""
ball,2,43.4,Oman,Mohammad Nadeem,Suraj Kumar,IG Holland,0,0,"",""
ball,2,43.5,Oman,Mohammad Nadeem,Suraj Kumar,IG Holland,1,0,"",""
ball,2,43.6,Oman,Suraj Kumar,Mohammad Nadeem,IG Holland,1,0,"",""
ball,2,44.1,Oman,Suraj Kumar,Mohammad Nadeem,SN Netravalkar,1,0,"",""
ball,2,44.2,Oman,Mohammad Nadeem,Suraj Kumar,SN Netravalkar,6,0,"",""
ball,2,44.3,Oman,Mohammad Nadeem,Suraj Kumar,SN Netravalkar,0,1,"",""
ball,2,44.4,Oman,Suraj Kumar,Mohammad Nadeem,SN Netravalkar,1,0,"",""
ball,2,44.5,Oman,Mohammad Nadeem,Suraj Kumar,SN Netravalkar,1,0,"",""
ball,2,44.6,Oman,Suraj Kumar,Mohammad Nadeem,SN Netravalkar,4,0,"",""
ball,2,45.1,Oman,Mohammad Nadeem,Suraj Kumar,J Theron,0,0,"",""
ball,2,45.2,Oman,Mohammad Nadeem,Suraj Kumar,J Theron,1,0,"",""
ball,2,45.3,Oman,Suraj Kumar,Mohammad Nadeem,J Theron,1,0,"",""
ball,2,45.4,Oman,Mohammad Nadeem,Suraj Kumar,J Theron,1,0,"",""
ball,2,45.5,Oman,Suraj Kumar,Mohammad Nadeem,J Theron,0,0,"",""
ball,2,45.6,Oman,Suraj Kumar,Mohammad Nadeem,J Theron,0,1,"",""
ball,2,45.7,Oman,Suraj Kumar,Mohammad Nadeem,J Theron,0,0,"",""
ball,2,46.1,Oman,Mohammad Nadeem,Suraj Kumar,IG Holland,0,0,"",""
ball,2,46.2,Oman,Mohammad Nadeem,Suraj Kumar,IG Holland,0,1,"",""
ball,2,46.3,Oman,Suraj Kumar,Mohammad Nadeem,IG Holland,4,0,"",""
ball,2,46.4,Oman,Suraj Kumar,Mohammad Nadeem,IG Holland,1,0,"",""
ball,2,46.5,Oman,Mohammad Nadeem,Suraj Kumar,IG Holland,2,0,"",""
ball,2,46.6,Oman,Mohammad Nadeem,Suraj Kumar,IG Holland,1,0,"",""
ball,2,47.1,Oman,Mohammad Nadeem,Suraj Kumar,J Theron,1,0,"",""
ball,2,47.2,Oman,Suraj Kumar,Mohammad Nadeem,J Theron,1,0,"",""
ball,2,47.3,Oman,Mohammad Nadeem,Suraj Kumar,J Theron,1,0,"",""
ball,2,47.4,Oman,Suraj Kumar,Mohammad Nadeem,J Theron,0,0,"",""
ball,2,47.5,Oman,Suraj Kumar,Mohammad Nadeem,J Theron,1,0,"",""
ball,2,47.6,Oman,Mohammad Nadeem,Suraj Kumar,J Theron,0,0,"",""
ball,2,48.1,Oman,Suraj Kumar,Mohammad Nadeem,SN Netravalkar,1,0,"",""
ball,2,48.2,Oman,Mohammad Nadeem,Suraj Kumar,SN Netravalkar,1,0,"",""
ball,2,48.3,Oman,Suraj Kumar,Mohammad Nadeem,SN Netravalkar,1,0,"",""
ball,2,48.4,Oman,Mohammad Nadeem,Suraj Kumar,SN Netravalkar,0,0,"",""
ball,2,48.5,Oman,Mohammad Nadeem,Suraj Kumar,SN Netravalkar,1,0,"",""
ball,2,48.6,Oman,Suraj Kumar,Mohammad Nadeem,SN Netravalkar,2,0,"",""
ball,2,49.1,Oman,Mohammad Nadeem,Suraj Kumar,IG Holland,1,0,"",""
ball,2,49.2,Oman,Suraj Kumar,Mohammad Nadeem,IG Holland,2,0,"",""
ball,2,49.3,Oman,Suraj Kumar,Mohammad Nadeem,IG Holland,1,0,"",""
